stage,test,array,modality,pair,contrast,manner,n_matched_per_class,acc,acc_sd,dprime,p_perm,mean_per,sessions,partitions_used,input_layer_from,class_a,class_b,n_per_class,n_features_in,n_available_min_class,clf,n_splits,n_repeats,n_perm,chance,n_features_used,skipped,partitions,positions,comparator
stage2,T3_modality,6v,vocal,P/B,laryngeal,stop,65,0.6876923076923077,0.087245826946202,0.9803456235467414,,0.18548153846153848,t12.2022.07.29,t12.2022.07.29/test:17;t12.2022.07.29/train:113,t12.2022.07.27,B,P,65,256,65,lda,5,10,0,0.5,30,,held_out,all,primary_0729
stage2,T3_modality,6v,nonvocal,P/B,laryngeal,stop,65,0.63,0.08422637852974973,0.6649631295506915,,0.26087923076923075,t12.2022.06.23;t12.2022.08.18;t12.2022.08.23;t12.2022.08.25,t12.2022.06.23/test:2;t12.2022.06.23/train:45;t12.2022.08.18/test:3;t12.2022.08.18/train:22;t12.2022.08.23/test:3;t12.2022.08.23/train:32;t12.2022.08.25/train:23,t12.2022.06.21;t12.2022.08.13,B,P,65,256,65,lda,5,10,0,0.5,30,,held_out,all,primary_0729
stage2,T3_modality,6v,vocal,T/D,laryngeal,stop,140,0.6171428571428571,0.05311231841434658,0.5973771273564832,,0.18592,t12.2022.07.29,t12.2022.07.29/test:42;t12.2022.07.29/train:238,t12.2022.07.27,D,T,140,256,140,lda,5,10,0,0.5,30,,held_out,all,primary_0729
stage2,T3_modality,6v,nonvocal,T/D,laryngeal,stop,140,0.5367857142857143,0.04992468817925574,0.18454621235462243,,0.26510964285714284,t12.2022.06.23;t12.2022.08.18;t12.2022.08.23;t12.2022.08.25,t12.2022.06.23/test:5;t12.2022.06.23/train:69;t12.2022.08.18/test:4;t12.2022.08.18/train:65;t12.2022.08.23/test:7;t12.2022.08.23/train:60;t12.2022.08.25/test:7;t12.2022.08.25/train:63,t12.2022.06.21;t12.2022.08.13,D,T,140,256,140,lda,5,10,0,0.5,30,,held_out,all,primary_0729
stage2,T3_modality,6v,vocal,K/G,laryngeal,stop,35,0.6814285714285714,0.09390616245454168,0.9715573360177907,,0.18608285714285713,t12.2022.07.29,t12.2022.07.29/test:11;t12.2022.07.29/train:59,t12.2022.07.27,G,K,35,256,35,lda,5,10,0,0.5,30,,held_out,all,primary_0729
stage2,T3_modality,6v,nonvocal,K/G,laryngeal,stop,35,0.4514285714285714,0.13660609243293625,-0.24447697829308374,,0.26261142857142855,t12.2022.06.23;t12.2022.08.18;t12.2022.08.23;t12.2022.08.25,t12.2022.06.23/test:2;t12.2022.06.23/train:19;t12.2022.08.18/test:2;t12.2022.08.18/train:16;t12.2022.08.23/test:1;t12.2022.08.23/train:18;t12.2022.08.25/test:1;t12.2022.08.25/train:11,t12.2022.06.21;t12.2022.08.13,G,K,35,256,35,lda,5,10,0,0.5,30,,held_out,all,primary_0729
stage2,T3_modality,6v,vocal,F/V,laryngeal,fricative,69,0.5933862433862435,0.07107053122190143,0.478333396892066,,0.18580434782608696,t12.2022.07.29,t12.2022.07.29/test:20;t12.2022.07.29/train:118,t12.2022.07.27,F,V,69,256,69,lda,5,10,0,0.5,30,,held_out,all,primary_0729
stage2,T3_modality,6v,nonvocal,F/V,laryngeal,fricative,69,0.5761111111111111,0.08677579762040855,0.38393729785960495,,0.26396594202898555,t12.2022.06.23;t12.2022.08.18;t12.2022.08.23;t12.2022.08.25,t12.2022.06.23/test:2;t12.2022.06.23/train:33;t12.2022.08.18/test:2;t12.2022.08.18/train:39;t12.2022.08.23/test:3;t12.2022.08.23/train:25;t12.2022.08.25/test:4;t12.2022.08.25/train:30,t12.2022.06.21;t12.2022.08.13,F,V,69,256,69,lda,5,10,0,0.5,30,,held_out,all,primary_0729
stage2,T3_modality,6v,vocal,S/Z,laryngeal,fricative,86,0.5981848739495799,0.07017895754064335,0.49865976871943374,,0.1866093023255814,t12.2022.07.29,t12.2022.07.29/test:31;t12.2022.07.29/train:141,t12.2022.07.27,S,Z,86,256,86,lda,5,10,0,0.5,30,,held_out,all,primary_0729
stage2,T3_modality,6v,nonvocal,S/Z,laryngeal,fricative,86,0.6385546218487395,0.08611533134731818,0.707703865539256,,0.2629883720930233,t12.2022.06.23;t12.2022.08.18;t12.2022.08.23;t12.2022.08.25,t12.2022.06.23/test:2;t12.2022.06.23/train:54;t12.2022.08.18/test:5;t12.2022.08.18/train:31;t12.2022.08.23/test:6;t12.2022.08.23/train:35;t12.2022.08.25/test:4;t12.2022.08.25/train:35,t12.2022.06.21;t12.2022.08.13,S,Z,86,256,86,lda,5,10,0,0.5,30,,held_out,all,primary_0729
stage2,T3_modality,6v,vocal,SH/ZH,laryngeal,fricative,12,0.42700000000000005,0.20837706207737938,-0.37582593462829045,,0.1863,t12.2022.07.29,t12.2022.07.29/test:4;t12.2022.07.29/train:20,t12.2022.07.27,SH,ZH,12,256,12,lda,5,10,0,0.5,23,,held_out,all,primary_0729
stage2,T3_modality,6v,nonvocal,SH/ZH,laryngeal,fricative,12,0.41900000000000004,0.19567575220246375,-0.39673208021008505,,0.2602791666666667,t12.2022.06.23;t12.2022.08.18;t12.2022.08.23;t12.2022.08.25,t12.2022.06.23/train:7;t12.2022.08.18/test:1;t12.2022.08.18/train:7;t12.2022.08.23/train:4;t12.2022.08.25/train:5,t12.2022.06.21;t12.2022.08.13,SH,ZH,12,256,12,lda,5,10,0,0.5,23,,held_out,all,primary_0729
stage2,T3_modality,6v,vocal,TH/DH,laryngeal,fricative,28,0.7463636363636365,0.11097116990896413,1.3263502653642871,,0.18453571428571428,t12.2022.07.29,t12.2022.07.29/test:5;t12.2022.07.29/train:51,t12.2022.07.27,DH,TH,28,256,28,lda,5,10,0,0.5,30,,held_out,all,primary_0729
stage2,T3_modality,6v,nonvocal,TH/DH,laryngeal,fricative,28,0.68,0.13659542589886456,0.9518465882998866,,0.26917142857142856,t12.2022.06.23;t12.2022.08.18;t12.2022.08.23;t12.2022.08.25,t12.2022.06.23/test:1;t12.2022.06.23/train:11;t12.2022.08.18/test:1;t12.2022.08.18/train:11;t12.2022.08.23/test:1;t12.2022.08.23/train:16;t12.2022.08.25/test:2;t12.2022.08.25/train:13,t12.2022.06.21;t12.2022.08.13,DH,TH,28,256,28,lda,5,10,0,0.5,30,,held_out,all,primary_0729
stage2,T3_modality,6v,vocal,P/T,place,stop,74,0.8195862068965516,0.06431441134308637,1.834555982953186,,0.1851189189189189,t12.2022.07.29,t12.2022.07.29/test:17;t12.2022.07.29/train:131,t12.2022.07.27,P,T,74,256,74,lda,5,10,0,0.5,30,,held_out,all,primary_0729
stage2,T3_modality,6v,nonvocal,P/T,place,stop,74,0.7256321839080457,0.08267692327662601,1.198373749871231,,0.261422972972973,t12.2022.06.23;t12.2022.08.18;t12.2022.08.23;t12.2022.08.25,t12.2022.06.23/test:2;t12.2022.06.23/train:40;t12.2022.08.18/test:5;t12.2022.08.18/train:39;t12.2022.08.23/test:3;t12.2022.08.23/train:31;t12.2022.08.25/test:2;t12.2022.08.25/train:26,t12.2022.06.21;t12.2022.08.13,P,T,74,256,74,lda,5,10,0,0.5,30,,held_out,all,primary_0729
stage2,T3_modality,6v,vocal,T/K,place,stop,132,0.7040493468795355,0.04376362960560974,1.0719507954557272,,0.18526363636363635,t12.2022.07.29,t12.2022.07.29/test:32;t12.2022.07.29/train:232,t12.2022.07.27,K,T,132,256,132,lda,5,10,0,0.5,30,,held_out,all,primary_0729
stage2,T3_modality,6v,nonvocal,T/K,place,stop,132,0.6123584905660377,0.0631186944117193,0.571259614527337,,0.2632685606060606,t12.2022.06.23;t12.2022.08.18;t12.2022.08.23;t12.2022.08.25,t12.2022.06.23/test:6;t12.2022.06.23/train:80;t12.2022.08.18/test:6;t12.2022.08.18/train:48;t12.2022.08.23/test:7;t12.2022.08.23/train:65;t12.2022.08.25/test:6;t12.2022.08.25/train:46,t12.2022.06.21;t12.2022.08.13,K,T,132,256,132,lda,5,10,0,0.5,30,,held_out,all,primary_0729
stage2,T3_modality,6v,vocal,B/D,place,stop,65,0.8284615384615384,0.05558191353692347,1.8941807006335503,,0.1860076923076923,t12.2022.07.29,t12.2022.07.29/test:20;t12.2022.07.29/train:110,t12.2022.07.27,B,D,65,256,65,lda,5,10,0,0.5,30,,held_out,all,primary_0729
stage2,T3_modality,6v,nonvocal,B/D,place,stop,65,0.6846153846153845,0.07378202343558031,0.9644641025149767,,0.2640653846153846,t12.2022.06.23;t12.2022.08.18;t12.2022.08.23;t12.2022.08.25,t12.2022.06.23/train:29;t12.2022.08.18/test:3;t12.2022.08.18/train:29;t12.2022.08.23/test:5;t12.2022.08.23/train:38;t12.2022.08.25/test:2;t12.2022.08.25/train:24,t12.2022.06.21;t12.2022.08.13,B,D,65,256,65,lda,5,10,0,0.5,30,,held_out,all,primary_0729
stage2,T3_modality,6v,vocal,D/G,place,stop,35,0.6557142857142857,0.12346196638178554,0.816451543669428,,0.18478,t12.2022.07.29,t12.2022.07.29/test:7;t12.2022.07.29/train:63,t12.2022.07.27,D,G,35,256,35,lda,5,10,0,0.5,30,,held_out,all,primary_0729
stage2,T3_modality,6v,nonvocal,D/G,place,stop,35,0.5114285714285713,0.14732997810689988,0.0571622433300521,,0.26035857142857144,t12.2022.06.23;t12.2022.08.18;t12.2022.08.23;t12.2022.08.25,t12.2022.06.23/train:17;t12.2022.08.18/test:1;t12.2022.08.18/train:24;t12.2022.08.23/test:1;t12.2022.08.23/train:14;t12.2022.08.25/test:1;t12.2022.08.25/train:12,t12.2022.06.21;t12.2022.08.13,D,G,35,256,35,lda,5,10,0,0.5,30,,held_out,all,primary_0729
stage2,T3_modality,6v,vocal,F/S,place,fricative,69,0.6401851851851852,0.0832894358219428,0.7151266383245578,,0.18613478260869565,t12.2022.07.29,t12.2022.07.29/test:22;t12.2022.07.29/train:116,t12.2022.07.27,F,S,69,256,69,lda,5,10,0,0.5,30,,held_out,all,primary_0729
stage2,T3_modality,6v,nonvocal,F/S,place,fricative,69,0.6043650793650794,0.08408797887819602,0.5328044069270583,,0.268118115942029,t12.2022.06.23;t12.2022.08.18;t12.2022.08.23;t12.2022.08.25,t12.2022.06.23/test:2;t12.2022.06.23/train:27;t12.2022.08.18/train:35;t12.2022.08.23/test:2;t12.2022.08.23/train:29;t12.2022.08.25/test:3;t12.2022.08.25/train:40,t12.2022.06.21;t12.2022.08.13,F,S,69,256,69,lda,5,10,0,0.5,30,,held_out,all,primary_0729
stage2,T3_modality,6v,vocal,F/TH,place,fricative,28,0.7236363636363636,0.11732635215895643,1.1906233440187546,,0.18575714285714287,t12.2022.07.29,t12.2022.07.29/test:8;t12.2022.07.29/train:48,t12.2022.07.27,F,TH,28,256,28,lda,5,10,0,0.5,30,,held_out,all,primary_0729
stage2,T3_modality,6v,nonvocal,F/TH,place,fricative,28,0.6068181818181818,0.12626994928258808,0.5470592335272633,,0.26739107142857144,t12.2022.06.23;t12.2022.08.18;t12.2022.08.23;t12.2022.08.25,t12.2022.06.23/train:9;t12.2022.08.18/test:1;t12.2022.08.18/train:16;t12.2022.08.23/test:3;t12.2022.08.23/train:8;t12.2022.08.25/test:2;t12.2022.08.25/train:17,t12.2022.06.21;t12.2022.08.13,F,TH,28,256,28,lda,5,10,0,0.5,30,,held_out,all,primary_0729
stage2,T3_modality,6v,vocal,S/SH,place,fricative,12,0.417,0.2180848458742606,-0.44974743766847125,,0.1863,t12.2022.07.29,t12.2022.07.29/test:4;t12.2022.07.29/train:20,t12.2022.07.27,S,SH,12,256,12,lda,5,10,0,0.5,23,,held_out,all,primary_0729
stage2,T3_modality,6v,nonvocal,S/SH,place,fricative,12,0.49,0.19493588689617927,-0.08304817483510525,,0.262475,t12.2022.06.23;t12.2022.08.18;t12.2022.08.23;t12.2022.08.25,t12.2022.06.23/train:8;t12.2022.08.18/test:1;t12.2022.08.18/train:6;t12.2022.08.23/train:3;t12.2022.08.25/test:1;t12.2022.08.25/train:5,t12.2022.06.21;t12.2022.08.13,S,SH,12,256,12,lda,5,10,0,0.5,23,,held_out,all,primary_0729
stage2,T3_modality,6v,vocal,V/Z,place,fricative,77,0.6812688172043011,0.07547838414025937,0.9406250733501073,,0.1870896103896104,t12.2022.07.29,t12.2022.07.29/test:31;t12.2022.07.29/train:123,t12.2022.07.27,V,Z,77,256,77,lda,5,10,0,0.5,30,,held_out,all,primary_0729
stage2,T3_modality,6v,nonvocal,V/Z,place,fricative,77,0.6533118279569892,0.06292338248872519,0.7876112185867813,,0.2624577922077922,t12.2022.06.23;t12.2022.08.18;t12.2022.08.23;t12.2022.08.25,t12.2022.06.23/test:5;t12.2022.06.23/train:46;t12.2022.08.18/test:3;t12.2022.08.18/train:33;t12.2022.08.23/test:5;t12.2022.08.23/train:29;t12.2022.08.25/test:3;t12.2022.08.25/train:30,t12.2022.06.21;t12.2022.08.13,V,Z,77,256,77,lda,5,10,0,0.5,30,,held_out,all,primary_0729
stage2,T3_modality,6v,vocal,M/N,place,nasal,131,0.7886502177068215,0.038298820570113204,1.6012992074761703,,0.18598091603053438,t12.2022.07.29,t12.2022.07.29/test:40;t12.2022.07.29/train:222,t12.2022.07.27,M,N,131,256,131,lda,5,10,0,0.5,30,,held_out,all,primary_0729
stage2,T3_modality,6v,nonvocal,M/N,place,nasal,131,0.6904934687953557,0.051520114741213416,0.9994516364497734,,0.2654530534351145,t12.2022.06.23;t12.2022.08.18;t12.2022.08.23;t12.2022.08.25,t12.2022.06.23/test:5;t12.2022.06.23/train:62;t12.2022.08.18/test:7;t12.2022.08.18/train:56;t12.2022.08.23/test:4;t12.2022.08.23/train:67;t12.2022.08.25/test:3;t12.2022.08.25/train:58,t12.2022.06.21;t12.2022.08.13,M,N,131,256,131,lda,5,10,0,0.5,30,,held_out,all,primary_0729
stage2,T3_modality,6v_sup,vocal,P/B,laryngeal,stop,65,0.6346153846153847,0.10554171333855572,0.6874277425574524,,0.18565692307692305,t12.2022.07.29,t12.2022.07.29/test:18;t12.2022.07.29/train:112,t12.2022.07.27,B,P,65,128,65,lda,5,10,0,0.5,30,,held_out,all,primary_0729
stage2,T3_modality,6v_sup,nonvocal,P/B,laryngeal,stop,65,0.53,0.08575801927413251,0.1513589629830606,,0.26382769230769226,t12.2022.06.23;t12.2022.08.18;t12.2022.08.23;t12.2022.08.25,t12.2022.06.23/test:3;t12.2022.06.23/train:35;t12.2022.08.18/test:2;t12.2022.08.18/train:30;t12.2022.08.23/test:2;t12.2022.08.23/train:29;t12.2022.08.25/test:2;t12.2022.08.25/train:27,t12.2022.06.21;t12.2022.08.13,B,P,65,128,65,lda,5,10,0,0.5,30,,held_out,all,primary_0729
stage2,T3_modality,6v_sup,vocal,T/D,laryngeal,stop,140,0.5617857142857143,0.06052596845274644,0.3113119699801736,,0.18592,t12.2022.07.29,t12.2022.07.29/test:42;t12.2022.07.29/train:238,t12.2022.07.27,D,T,140,128,140,lda,5,10,0,0.5,30,,held_out,all,primary_0729
stage2,T3_modality,6v_sup,nonvocal,T/D,laryngeal,stop,140,0.5757142857142857,0.056306377642903874,0.3820695274845008,,0.2662960714285714,t12.2022.06.23;t12.2022.08.18;t12.2022.08.23;t12.2022.08.25,t12.2022.06.23/test:10;t12.2022.06.23/train:67;t12.2022.08.18/test:2;t12.2022.08.18/train:58;t12.2022.08.23/test:3;t12.2022.08.23/train:67;t12.2022.08.25/train:73,t12.2022.06.21;t12.2022.08.13,D,T,140,128,140,lda,5,10,0,0.5,30,,held_out,all,primary_0729
stage2,T3_modality,6v_sup,vocal,K/G,laryngeal,stop,35,0.5985714285714285,0.11770769745779724,0.5108176652072212,,0.1864085714285714,t12.2022.07.29,t12.2022.07.29/test:12;t12.2022.07.29/train:58,t12.2022.07.27,G,K,35,128,35,lda,5,10,0,0.5,30,,held_out,all,primary_0729
stage2,T3_modality,6v_sup,nonvocal,K/G,laryngeal,stop,35,0.5571428571428572,0.11952286093343936,0.286902745732825,,0.25948714285714286,t12.2022.06.23;t12.2022.08.18;t12.2022.08.23;t12.2022.08.25,t12.2022.06.23/train:21;t12.2022.08.18/test:1;t12.2022.08.18/train:18;t12.2022.08.23/test:2;t12.2022.08.23/train:16;t12.2022.08.25/train:12,t12.2022.06.21;t12.2022.08.13,G,K,35,128,35,lda,5,10,0,0.5,30,,held_out,all,primary_0729
stage2,T3_modality,6v_sup,vocal,F/V,laryngeal,fricative,69,0.6163492063492063,0.07677427351433652,0.6032573261915827,,0.1859695652173913,t12.2022.07.29,t12.2022.07.29/test:21;t12.2022.07.29/train:117,t12.2022.07.27,F,V,69,128,69,lda,5,10,0,0.5,30,,held_out,all,primary_0729
stage2,T3_modality,6v_sup,nonvocal,F/V,laryngeal,fricative,69,0.6778042328042326,0.08474618634353549,0.9203600573361312,,0.2619702898550724,t12.2022.06.23;t12.2022.08.18;t12.2022.08.23;t12.2022.08.25,t12.2022.06.23/test:5;t12.2022.06.23/train:41;t12.2022.08.18/test:1;t12.2022.08.18/train:36;t12.2022.08.23/train:29;t12.2022.08.25/test:2;t12.2022.08.25/train:24,t12.2022.06.21;t12.2022.08.13,F,V,69,128,69,lda,5,10,0,0.5,30,,held_out,all,primary_0729
stage2,T3_modality,6v_sup,vocal,S/Z,laryngeal,fricative,86,0.555563025210084,0.07006803920425864,0.2815709649860122,,0.18700697674418604,t12.2022.07.29,t12.2022.07.29/test:34;t12.2022.07.29/train:138,t12.2022.07.27,S,Z,86,128,86,lda,5,10,0,0.5,30,,held_out,all,primary_0729
stage2,T3_modality,6v_sup,nonvocal,S/Z,laryngeal,fricative,86,0.6288067226890758,0.08979903493959275,0.6550089093564013,,0.2671220930232558,t12.2022.06.23;t12.2022.08.18;t12.2022.08.23;t12.2022.08.25,t12.2022.06.23/test:4;t12.2022.06.23/train:49;t12.2022.08.18/test:3;t12.2022.08.18/train:28;t12.2022.08.23/test:2;t12.2022.08.23/train:33;t12.2022.08.25/test:2;t12.2022.08.25/train:51,t12.2022.06.21;t12.2022.08.13,S,Z,86,128,86,lda,5,10,0,0.5,30,,held_out,all,primary_0729
stage2,T3_modality,6v_sup,vocal,SH/ZH,laryngeal,fricative,12,0.33399999999999996,0.1671645895517349,-0.8574216299496945,,0.18535000000000001,t12.2022.07.29,t12.2022.07.29/test:3;t12.2022.07.29/train:21,t12.2022.07.27,SH,ZH,12,128,12,lda,5,10,0,0.5,23,,held_out,all,primary_0729
stage2,T3_modality,6v_sup,nonvocal,SH/ZH,laryngeal,fricative,12,0.44500000000000006,0.20838665984174704,-0.2963253765637292,,0.259225,t12.2022.06.23;t12.2022.08.18;t12.2022.08.23;t12.2022.08.25,t12.2022.06.23/test:1;t12.2022.06.23/train:9;t12.2022.08.18/test:1;t12.2022.08.18/train:5;t12.2022.08.23/train:4;t12.2022.08.25/train:4,t12.2022.06.21;t12.2022.08.13,SH,ZH,12,128,12,lda,5,10,0,0.5,23,,held_out,all,primary_0729
stage2,T3_modality,6v_sup,vocal,TH/DH,laryngeal,fricative,28,0.6172727272727273,0.13674391420324836,0.6060900545951432,,0.18494285714285713,t12.2022.07.29,t12.2022.07.29/test:6;t12.2022.07.29/train:50,t12.2022.07.27,DH,TH,28,128,28,lda,5,10,0,0.5,30,,held_out,all,primary_0729
stage2,T3_modality,6v_sup,nonvocal,TH/DH,laryngeal,fricative,28,0.4774242424242425,0.13350961143404955,-0.10730565001131084,,0.263475,t12.2022.06.23;t12.2022.08.18;t12.2022.08.23;t12.2022.08.25,t12.2022.06.23/train:16;t12.2022.08.18/test:2;t12.2022.08.18/train:10;t12.2022.08.23/test:2;t12.2022.08.23/train:12;t12.2022.08.25/train:14,t12.2022.06.21;t12.2022.08.13,DH,TH,28,128,28,lda,5,10,0,0.5,30,,held_out,all,primary_0729
stage2,T3_modality,6v_sup,vocal,P/T,place,stop,74,0.7369195402298853,0.06787865417367708,1.270240142383026,,0.18573513513513512,t12.2022.07.29,t12.2022.07.29/test:21;t12.2022.07.29/train:127,t12.2022.07.27,P,T,74,128,74,lda,5,10,0,0.5,30,,held_out,all,primary_0729
stage2,T3_modality,6v_sup,nonvocal,P/T,place,stop,74,0.6357471264367816,0.07521642706033405,0.6946684556357168,,0.2629121621621622,t12.2022.06.23;t12.2022.08.18;t12.2022.08.23;t12.2022.08.25,t12.2022.06.23/test:2;t12.2022.06.23/train:45;t12.2022.08.18/test:4;t12.2022.08.18/train:28;t12.2022.08.23/test:3;t12.2022.08.23/train:36;t12.2022.08.25/test:2;t12.2022.08.25/train:28,t12.2022.06.21;t12.2022.08.13,P,T,74,128,74,lda,5,10,0,0.5,30,,held_out,all,primary_0729
stage2,T3_modality,6v_sup,vocal,T/K,place,stop,132,0.6192743105950653,0.05444267013074325,0.6069072856266808,,0.1856090909090909,t12.2022.07.29,t12.2022.07.29/test:36;t12.2022.07.29/train:228,t12.2022.07.27,K,T,132,128,132,lda,5,10,0,0.5,30,,held_out,all,primary_0729
stage2,T3_modality,6v_sup,nonvocal,T/K,place,stop,132,0.609542815674891,0.061145275408526,0.5554427784696454,,0.2652200757575758,t12.2022.06.23;t12.2022.08.18;t12.2022.08.23;t12.2022.08.25,t12.2022.06.23/test:5;t12.2022.06.23/train:71;t12.2022.08.18/test:6;t12.2022.08.18/train:51;t12.2022.08.23/test:4;t12.2022.08.23/train:64;t12.2022.08.25/test:4;t12.2022.08.25/train:59,t12.2022.06.21;t12.2022.08.13,K,T,132,128,132,lda,5,10,0,0.5,30,,held_out,all,primary_0729
stage2,T3_modality,6v_sup,vocal,B/D,place,stop,65,0.7230769230769232,0.07653749516204769,1.1855742427287126,,0.1860076923076923,t12.2022.07.29,t12.2022.07.29/test:20;t12.2022.07.29/train:110,t12.2022.07.27,B,D,65,128,65,lda,5,10,0,0.5,30,,held_out,all,primary_0729
stage2,T3_modality,6v_sup,nonvocal,B/D,place,stop,65,0.6869230769230767,0.07845022542875504,0.9733349772714981,,0.2627,t12.2022.06.23;t12.2022.08.18;t12.2022.08.23;t12.2022.08.25,t12.2022.06.23/test:3;t12.2022.06.23/train:29;t12.2022.08.18/test:2;t12.2022.08.18/train:33;t12.2022.08.23/test:6;t12.2022.08.23/train:31;t12.2022.08.25/test:1;t12.2022.08.25/train:25,t12.2022.06.21;t12.2022.08.13,B,D,65,128,65,lda,5,10,0,0.5,30,,held_out,all,primary_0729
stage2,T3_modality,6v_sup,vocal,D/G,place,stop,35,0.7399999999999999,0.09120508399721351,1.2953077958994998,,0.1867342857142857,t12.2022.07.29,t12.2022.07.29/test:13;t12.2022.07.29/train:57,t12.2022.07.27,D,G,35,128,35,lda,5,10,0,0.5,30,,held_out,all,primary_0729
stage2,T3_modality,6v_sup,nonvocal,D/G,place,stop,35,0.5414285714285714,0.12129404312644207,0.20818193354664644,,0.2631342857142857,t12.2022.06.23;t12.2022.08.18;t12.2022.08.23;t12.2022.08.25,t12.2022.06.23/test:1;t12.2022.06.23/train:17;t12.2022.08.18/test:1;t12.2022.08.18/train:18;t12.2022.08.23/test:2;t12.2022.08.23/train:16;t12.2022.08.25/test:1;t12.2022.08.25/train:14,t12.2022.06.21;t12.2022.08.13,D,G,35,128,35,lda,5,10,0,0.5,30,,held_out,all,primary_0729
stage2,T3_modality,6v_sup,vocal,F/S,place,fricative,69,0.6092592592592593,0.07902085846368921,0.5573700801859263,,0.1859695652173913,t12.2022.07.29,t12.2022.07.29/test:21;t12.2022.07.29/train:117,t12.2022.07.27,F,S,69,128,69,lda,5,10,0,0.5,30,,held_out,all,primary_0729
stage2,T3_modality,6v_sup,nonvocal,F/S,place,fricative,69,0.5413227513227512,0.07676543055900988,0.20721687323007576,,0.26567608695652173,t12.2022.06.23;t12.2022.08.18;t12.2022.08.23;t12.2022.08.25,t12.2022.06.23/test:1;t12.2022.06.23/train:33;t12.2022.08.18/train:35;t12.2022.08.23/test:3;t12.2022.08.23/train:26;t12.2022.08.25/test:3;t12.2022.08.25/train:37,t12.2022.06.21;t12.2022.08.13,F,S,69,128,69,lda,5,10,0,0.5,30,,held_out,all,primary_0729
stage2,T3_modality,6v_sup,vocal,F/TH,place,fricative,28,0.6737878787878787,0.1012707369733518,0.898141066506464,,0.18412857142857142,t12.2022.07.29,t12.2022.07.29/test:4;t12.2022.07.29/train:52,t12.2022.07.27,F,TH,28,128,28,lda,5,10,0,0.5,30,,held_out,all,primary_0729
stage2,T3_modality,6v_sup,nonvocal,F/TH,place,fricative,28,0.5709090909090908,0.12021139934548103,0.34975795008933164,,0.2713017857142857,t12.2022.06.23;t12.2022.08.18;t12.2022.08.23;t12.2022.08.25,t12.2022.06.23/train:13;t12.2022.08.18/test:1;t12.2022.08.18/train:6;t12.2022.08.23/test:1;t12.2022.08.23/train:18;t12.2022.08.25/test:2;t12.2022.08.25/train:15,t12.2022.06.21;t12.2022.08.13,F,TH,28,128,28,lda,5,10,0,0.5,30,,held_out,all,primary_0729
stage2,T3_modality,6v_sup,vocal,S/SH,place,fricative,12,0.48200000000000004,0.21604629133590791,-0.10667620648286516,,0.18535000000000001,t12.2022.07.29,t12.2022.07.29/test:3;t12.2022.07.29/train:21,t12.2022.07.27,S,SH,12,128,12,lda,5,10,0,0.5,23,,held_out,all,primary_0729
stage2,T3_modality,6v_sup,nonvocal,S/SH,place,fricative,12,0.49700000000000005,0.19960210419732552,-0.020806790455740354,,0.2697916666666667,t12.2022.06.23;t12.2022.08.18;t12.2022.08.23;t12.2022.08.25,t12.2022.06.23/test:3;t12.2022.06.23/train:3;t12.2022.08.18/test:1;t12.2022.08.18/train:3;t12.2022.08.23/test:2;t12.2022.08.23/train:6;t12.2022.08.25/train:6,t12.2022.06.21;t12.2022.08.13,S,SH,12,128,12,lda,5,10,0,0.5,23,,held_out,all,primary_0729
stage2,T3_modality,6v_sup,vocal,V/Z,place,fricative,77,0.6694408602150537,0.07276101522816447,0.876487615566097,,0.18664545454545456,t12.2022.07.29,t12.2022.07.29/test:28;t12.2022.07.29/train:126,t12.2022.07.27,V,Z,77,128,77,lda,5,10,0,0.5,30,,held_out,all,primary_0729
stage2,T3_modality,6v_sup,nonvocal,V/Z,place,fricative,77,0.6066236559139785,0.07123162409361442,0.5407748929609827,,0.2635279220779221,t12.2022.06.23;t12.2022.08.18;t12.2022.08.23;t12.2022.08.25,t12.2022.06.23/test:3;t12.2022.06.23/train:39;t12.2022.08.18/test:5;t12.2022.08.18/train:39;t12.2022.08.23/test:5;t12.2022.08.23/train:27;t12.2022.08.25/test:5;t12.2022.08.25/train:31,t12.2022.06.21;t12.2022.08.13,V,Z,77,128,77,lda,5,10,0,0.5,30,,held_out,all,primary_0729
stage2,T3_modality,6v_sup,vocal,M/N,place,nasal,131,0.7386502177068215,0.05373807413920936,1.2799180134485235,,0.18650305343511453,t12.2022.07.29,t12.2022.07.29/test:46;t12.2022.07.29/train:216,t12.2022.07.27,M,N,131,128,131,lda,5,10,0,0.5,30,,held_out,all,primary_0729
stage2,T3_modality,6v_sup,nonvocal,M/N,place,nasal,131,0.6289985486211901,0.054374684379639805,0.6579329333233696,,0.26599503816793896,t12.2022.06.23;t12.2022.08.18;t12.2022.08.23;t12.2022.08.25,t12.2022.06.23/test:6;t12.2022.06.23/train:60;t12.2022.08.18/test:10;t12.2022.08.18/train:61;t12.2022.08.23/test:2;t12.2022.08.23/train:55;t12.2022.08.25/test:4;t12.2022.08.25/train:64,t12.2022.06.21;t12.2022.08.13,M,N,131,128,131,lda,5,10,0,0.5,30,,held_out,all,primary_0729
stage2,T3_modality,6v_inf,vocal,P/B,laryngeal,stop,65,0.6330769230769231,0.07224629144266809,0.6808818572672032,,0.18565692307692305,t12.2022.07.29,t12.2022.07.29/test:18;t12.2022.07.29/train:112,t12.2022.07.27,B,P,65,128,65,lda,5,10,0,0.5,30,,held_out,all,primary_0729
stage2,T3_modality,6v_inf,nonvocal,P/B,laryngeal,stop,65,0.6007692307692308,0.08387437774793652,0.5103208172829049,,0.26535,t12.2022.06.23;t12.2022.08.18;t12.2022.08.23;t12.2022.08.25,t12.2022.06.23/test:1;t12.2022.06.23/train:35;t12.2022.08.18/test:3;t12.2022.08.18/train:27;t12.2022.08.23/train:33;t12.2022.08.25/test:2;t12.2022.08.25/train:29,t12.2022.06.21;t12.2022.08.13,B,P,65,128,65,lda,5,10,0,0.5,30,,held_out,all,primary_0729
stage2,T3_modality,6v_inf,vocal,T/D,laryngeal,stop,140,0.6321428571428571,0.06691069283998284,0.674714140804652,,0.18543142857142858,t12.2022.07.29,t12.2022.07.29/test:36;t12.2022.07.29/train:244,t12.2022.07.27,D,T,140,128,140,lda,5,10,0,0.5,30,,held_out,all,primary_0729
stage2,T3_modality,6v_inf,nonvocal,T/D,laryngeal,stop,140,0.5614285714285714,0.06259278826555932,0.3090125073993142,,0.26362107142857144,t12.2022.06.23;t12.2022.08.18;t12.2022.08.23;t12.2022.08.25,t12.2022.06.23/test:5;t12.2022.06.23/train:77;t12.2022.08.18/test:7;t12.2022.08.18/train:60;t12.2022.08.23/test:6;t12.2022.08.23/train:61;t12.2022.08.25/test:3;t12.2022.08.25/train:61,t12.2022.06.21;t12.2022.08.13,D,T,140,128,140,lda,5,10,0,0.5,30,,held_out,all,primary_0729
stage2,T3_modality,6v_inf,vocal,K/G,laryngeal,stop,35,0.6128571428571429,0.11256744010338235,0.5841571817924185,,0.1844542857142857,t12.2022.07.29,t12.2022.07.29/test:6;t12.2022.07.29/train:64,t12.2022.07.27,G,K,35,128,35,lda,5,10,0,0.5,30,,held_out,all,primary_0729
stage2,T3_modality,6v_inf,nonvocal,K/G,laryngeal,stop,35,0.3971428571428571,0.09493284414763513,-0.5236425712674887,,0.2611542857142857,t12.2022.06.23;t12.2022.08.18;t12.2022.08.23;t12.2022.08.25,t12.2022.06.23/train:22;t12.2022.08.18/train:15;t12.2022.08.23/test:1;t12.2022.08.23/train:22;t12.2022.08.25/test:1;t12.2022.08.25/train:9,t12.2022.06.21;t12.2022.08.13,G,K,35,128,35,lda,5,10,0,0.5,30,,held_out,all,primary_0729
stage2,T3_modality,6v_inf,vocal,F/V,laryngeal,fricative,69,0.5861904761904762,0.08623663426680767,0.4353013955487658,,0.1859695652173913,t12.2022.07.29,t12.2022.07.29/test:21;t12.2022.07.29/train:117,t12.2022.07.27,F,V,69,128,69,lda,5,10,0,0.5,30,,held_out,all,primary_0729
stage2,T3_modality,6v_inf,nonvocal,F/V,laryngeal,fricative,69,0.523068783068783,0.09614033244615759,0.11615334596500675,,0.2617427536231884,t12.2022.06.23;t12.2022.08.18;t12.2022.08.23;t12.2022.08.25,t12.2022.06.23/test:1;t12.2022.06.23/train:37;t12.2022.08.18/train:39;t12.2022.08.23/test:4;t12.2022.08.23/train:26;t12.2022.08.25/test:2;t12.2022.08.25/train:29,t12.2022.06.21;t12.2022.08.13,F,V,69,128,69,lda,5,10,0,0.5,30,,held_out,all,primary_0729
stage2,T3_modality,6v_inf,vocal,S/Z,laryngeal,fricative,86,0.5965210084033613,0.07092576564797821,0.48808597074514576,,0.18727209302325581,t12.2022.07.29,t12.2022.07.29/test:36;t12.2022.07.29/train:136,t12.2022.07.27,S,Z,86,128,86,lda,5,10,0,0.5,30,,held_out,all,primary_0729
stage2,T3_modality,6v_inf,nonvocal,S/Z,laryngeal,fricative,86,0.5006218487394957,0.07715344025829579,0.0029228299486165205,,0.2628813953488372,t12.2022.06.23;t12.2022.08.18;t12.2022.08.23;t12.2022.08.25,t12.2022.06.23/test:5;t12.2022.06.23/train:41;t12.2022.08.18/test:3;t12.2022.08.18/train:45;t12.2022.08.23/test:5;t12.2022.08.23/train:34;t12.2022.08.25/train:39,t12.2022.06.21;t12.2022.08.13,S,Z,86,128,86,lda,5,10,0,0.5,30,,held_out,all,primary_0729
stage2,T3_modality,6v_inf,vocal,SH/ZH,laryngeal,fricative,12,0.4610000000000001,0.20549695861496345,-0.21426098768309051,,0.18725,t12.2022.07.29,t12.2022.07.29/test:5;t12.2022.07.29/train:19,t12.2022.07.27,SH,ZH,12,128,12,lda,5,10,0,0.5,23,,held_out,all,primary_0729
stage2,T3_modality,6v_inf,nonvocal,SH/ZH,laryngeal,fricative,12,0.45799999999999996,0.21756838005555862,-0.2312040635458459,,0.2594125,t12.2022.06.23;t12.2022.08.18;t12.2022.08.23;t12.2022.08.25,t12.2022.06.23/test:1;t12.2022.06.23/train:9;t12.2022.08.18/test:2;t12.2022.08.18/train:5;t12.2022.08.23/train:2;t12.2022.08.25/train:5,t12.2022.06.21;t12.2022.08.13,SH,ZH,12,128,12,lda,5,10,0,0.5,23,,held_out,all,primary_0729
stage2,T3_modality,6v_inf,vocal,TH/DH,laryngeal,fricative,28,0.7539393939393939,0.08579343933682522,1.388611952427652,,0.18575714285714287,t12.2022.07.29,t12.2022.07.29/test:8;t12.2022.07.29/train:48,t12.2022.07.27,DH,TH,28,128,28,lda,5,10,0,0.5,30,,held_out,all,primary_0729
stage2,T3_modality,6v_inf,nonvocal,TH/DH,laryngeal,fricative,28,0.6565151515151516,0.12744045585604702,0.8127603341427951,,0.2662267857142857,t12.2022.06.23;t12.2022.08.18;t12.2022.08.23;t12.2022.08.25,t12.2022.06.23/test:1;t12.2022.06.23/train:14;t12.2022.08.18/test:1;t12.2022.08.18/train:14;t12.2022.08.23/train:11;t12.2022.08.25/test:2;t12.2022.08.25/train:13,t12.2022.06.21;t12.2022.08.13,DH,TH,28,128,28,lda,5,10,0,0.5,30,,held_out,all,primary_0729
stage2,T3_modality,6v_inf,vocal,P/T,place,stop,74,0.759080459770115,0.06485163000767115,1.4098612574673455,,0.1858891891891892,t12.2022.07.29,t12.2022.07.29/test:22;t12.2022.07.29/train:126,t12.2022.07.27,P,T,74,128,74,lda,5,10,0,0.5,30,,held_out,all,primary_0729
stage2,T3_modality,6v_inf,nonvocal,P/T,place,stop,74,0.6658160919540229,0.08478515276709554,0.8541091999405493,,0.2670141891891892,t12.2022.06.23;t12.2022.08.18;t12.2022.08.23;t12.2022.08.25,t12.2022.06.23/test:2;t12.2022.06.23/train:37;t12.2022.08.18/test:4;t12.2022.08.18/train:23;t12.2022.08.23/test:2;t12.2022.08.23/train:45;t12.2022.08.25/test:2;t12.2022.08.25/train:33,t12.2022.06.21;t12.2022.08.13,P,T,74,128,74,lda,5,10,0,0.5,30,,held_out,all,primary_0729
stage2,T3_modality,6v_inf,vocal,T/K,place,stop,132,0.6301814223512336,0.06284496601103833,0.6655604971785563,,0.18517727272727272,t12.2022.07.29,t12.2022.07.29/test:31;t12.2022.07.29/train:233,t12.2022.07.27,K,T,132,128,132,lda,5,10,0,0.5,30,,held_out,all,primary_0729
stage2,T3_modality,6v_inf,nonvocal,T/K,place,stop,132,0.6443396226415093,0.05596938049106873,0.7394645196560261,,0.2630363636363637,t12.2022.06.23;t12.2022.08.18;t12.2022.08.23;t12.2022.08.25,t12.2022.06.23/test:9;t12.2022.06.23/train:74;t12.2022.08.18/test:5;t12.2022.08.18/train:61;t12.2022.08.23/test:8;t12.2022.08.23/train:48;t12.2022.08.25/test:6;t12.2022.08.25/train:53,t12.2022.06.21;t12.2022.08.13,K,T,132,128,132,lda,5,10,0,0.5,30,,held_out,all,primary_0729
stage2,T3_modality,6v_inf,vocal,B/D,place,stop,65,0.6792307692307691,0.09023637598161763,0.9311220464920322,,0.18565692307692305,t12.2022.07.29,t12.2022.07.29/test:18;t12.2022.07.29/train:112,t12.2022.07.27,B,D,65,128,65,lda,5,10,0,0.5,30,,held_out,all,primary_0729
stage2,T3_modality,6v_inf,nonvocal,B/D,place,stop,65,0.7146153846153847,0.08807272411892238,1.1407405128560788,,0.2655276923076923,t12.2022.06.23;t12.2022.08.18;t12.2022.08.23;t12.2022.08.25,t12.2022.06.23/train:34;t12.2022.08.18/test:5;t12.2022.08.18/train:25;t12.2022.08.23/test:5;t12.2022.08.23/train:21;t12.2022.08.25/test:2;t12.2022.08.25/train:38,t12.2022.06.21;t12.2022.08.13,B,D,65,128,65,lda,5,10,0,0.5,30,,held_out,all,primary_0729
stage2,T3_modality,6v_inf,vocal,D/G,place,stop,35,0.64,0.10297612166251485,0.717784191327244,,0.18478,t12.2022.07.29,t12.2022.07.29/test:7;t12.2022.07.29/train:63,t12.2022.07.27,D,G,35,128,35,lda,5,10,0,0.5,30,,held_out,all,primary_0729
stage2,T3_modality,6v_inf,nonvocal,D/G,place,stop,35,0.6657142857142857,0.10540495283255268,0.8538607737038861,,0.26454,t12.2022.06.23;t12.2022.08.18;t12.2022.08.23;t12.2022.08.25,t12.2022.06.23/train:17;t12.2022.08.18/test:1;t12.2022.08.18/train:16;t12.2022.08.23/test:2;t12.2022.08.23/train:17;t12.2022.08.25/test:1;t12.2022.08.25/train:16,t12.2022.06.21;t12.2022.08.13,D,G,35,128,35,lda,5,10,0,0.5,30,,held_out,all,primary_0729
stage2,T3_modality,6v_inf,vocal,F/S,place,fricative,69,0.5979629629629629,0.0799784105201143,0.5020102563151501,,0.18630000000000002,t12.2022.07.29,t12.2022.07.29/test:23;t12.2022.07.29/train:115,t12.2022.07.27,F,S,69,128,69,lda,5,10,0,0.5,30,,held_out,all,primary_0729
stage2,T3_modality,6v_inf,nonvocal,F/S,place,fricative,69,0.5347619047619047,0.08851095961679102,0.17435274137411771,,0.26332971014492756,t12.2022.06.23;t12.2022.08.18;t12.2022.08.23;t12.2022.08.25,t12.2022.06.23/test:4;t12.2022.06.23/train:33;t12.2022.08.18/test:4;t12.2022.08.18/train:35;t12.2022.08.23/test:3;t12.2022.08.23/train:31;t12.2022.08.25/test:2;t12.2022.08.25/train:26,t12.2022.06.21;t12.2022.08.13,F,S,69,128,69,lda,5,10,0,0.5,30,,held_out,all,primary_0729
stage2,T3_modality,6v_inf,vocal,F/TH,place,fricative,28,0.6613636363636364,0.11758054113980387,0.8257422715377427,,0.18535,t12.2022.07.29,t12.2022.07.29/test:7;t12.2022.07.29/train:49,t12.2022.07.27,F,TH,28,128,28,lda,5,10,0,0.5,30,,held_out,all,primary_0729
stage2,T3_modality,6v_inf,nonvocal,F/TH,place,fricative,28,0.5587878787878788,0.1252138666310334,0.2954707584387393,,0.26478035714285714,t12.2022.06.23;t12.2022.08.18;t12.2022.08.23;t12.2022.08.25,t12.2022.06.23/train:9;t12.2022.08.18/test:2;t12.2022.08.18/train:17;t12.2022.08.23/test:3;t12.2022.08.23/train:9;t12.2022.08.25/test:1;t12.2022.08.25/train:15,t12.2022.06.21;t12.2022.08.13,F,TH,28,128,28,lda,5,10,0,0.5,30,,held_out,all,primary_0729
stage2,T3_modality,6v_inf,vocal,S/SH,place,fricative,12,0.489,0.20329535164385829,-0.04147045064852918,,0.1863,t12.2022.07.29,t12.2022.07.29/test:4;t12.2022.07.29/train:20,t12.2022.07.27,S,SH,12,128,12,lda,5,10,0,0.5,23,,held_out,all,primary_0729
stage2,T3_modality,6v_inf,nonvocal,S/SH,place,fricative,12,0.5189999999999999,0.24635137507227356,0.08511086419178635,,0.260175,t12.2022.06.23;t12.2022.08.18;t12.2022.08.23;t12.2022.08.25,t12.2022.06.23/test:2;t12.2022.06.23/train:6;t12.2022.08.18/test:1;t12.2022.08.18/train:8;t12.2022.08.23/train:3;t12.2022.08.25/train:4,t12.2022.06.21;t12.2022.08.13,S,SH,12,128,12,lda,5,10,0,0.5,23,,held_out,all,primary_0729
stage2,T3_modality,6v_inf,vocal,V/Z,place,fricative,77,0.6024086021505376,0.10049399547422219,0.5207610323198071,,0.1867935064935065,t12.2022.07.29,t12.2022.07.29/test:29;t12.2022.07.29/train:125,t12.2022.07.27,V,Z,77,128,77,lda,5,10,0,0.5,30,,held_out,all,primary_0729
stage2,T3_modality,6v_inf,nonvocal,V/Z,place,fricative,77,0.7336344086021505,0.0714868728585692,1.246650713899081,,0.26414155844155845,t12.2022.06.23;t12.2022.08.18;t12.2022.08.23;t12.2022.08.25,t12.2022.06.23/test:5;t12.2022.06.23/train:34;t12.2022.08.18/test:2;t12.2022.08.18/train:39;t12.2022.08.23/test:5;t12.2022.08.23/train:33;t12.2022.08.25/test:1;t12.2022.08.25/train:35,t12.2022.06.21;t12.2022.08.13,V,Z,77,128,77,lda,5,10,0,0.5,30,,held_out,all,primary_0729
stage2,T3_modality,6v_inf,vocal,M/N,place,nasal,131,0.728976777939042,0.050808127281031026,1.2240392248789975,,0.18632900763358778,t12.2022.07.29,t12.2022.07.29/test:44;t12.2022.07.29/train:218,t12.2022.07.27,M,N,131,128,131,lda,5,10,0,0.5,30,,held_out,all,primary_0729
stage2,T3_modality,6v_inf,nonvocal,M/N,place,nasal,131,0.689833091436865,0.062074603392875086,0.9925896478837224,,0.2686141221374046,t12.2022.06.23;t12.2022.08.18;t12.2022.08.23;t12.2022.08.25,t12.2022.06.23/test:3;t12.2022.06.23/train:46;t12.2022.08.18/test:9;t12.2022.08.18/train:55;t12.2022.08.23/test:8;t12.2022.08.23/train:67;t12.2022.08.25/test:7;t12.2022.08.25/train:67,t12.2022.06.21;t12.2022.08.13,M,N,131,128,131,lda,5,10,0,0.5,30,,held_out,all,primary_0729
stage2,T3_modality,6v,vocal,P/B,laryngeal,stop,65,0.6876923076923077,0.087245826946202,0.9803456235467414,,0.18548153846153848,t12.2022.07.29,t12.2022.07.29/test:17;t12.2022.07.29/train:113,t12.2022.07.27,B,P,65,256,65,lda,5,10,0,0.5,30,,held_out,all,primary_0729_no0825
stage2,T3_modality,6v,nonvocal,P/B,laryngeal,stop,65,0.6815384615384616,0.07846153846153847,0.9425264709813705,,0.25334384615384614,t12.2022.06.23;t12.2022.08.18;t12.2022.08.23,t12.2022.06.23/test:3;t12.2022.06.23/train:51;t12.2022.08.18/test:1;t12.2022.08.18/train:35;t12.2022.08.23/test:1;t12.2022.08.23/train:39,t12.2022.06.21;t12.2022.08.13,B,P,65,256,65,lda,5,10,0,0.5,30,,held_out,all,primary_0729_no0825
stage2,T3_modality,6v,vocal,T/D,laryngeal,stop,140,0.6171428571428571,0.05311231841434658,0.5973771273564832,,0.18592,t12.2022.07.29,t12.2022.07.29/test:42;t12.2022.07.29/train:238,t12.2022.07.27,D,T,140,256,140,lda,5,10,0,0.5,30,,held_out,all,primary_0729_no0825
stage2,T3_modality,6v,nonvocal,T/D,laryngeal,stop,140,0.5064285714285715,0.05865847190756517,0.03220899283662191,,0.25310000000000005,t12.2022.06.23;t12.2022.08.18;t12.2022.08.23,t12.2022.06.23/test:7;t12.2022.06.23/train:91;t12.2022.08.18/test:6;t12.2022.08.18/train:87;t12.2022.08.23/test:10;t12.2022.08.23/train:79,t12.2022.06.21;t12.2022.08.13,D,T,140,256,140,lda,5,10,0,0.5,30,,held_out,all,primary_0729_no0825
stage2,T3_modality,6v,vocal,K/G,laryngeal,stop,35,0.6814285714285714,0.09390616245454168,0.9715573360177907,,0.18608285714285713,t12.2022.07.29,t12.2022.07.29/test:11;t12.2022.07.29/train:59,t12.2022.07.27,G,K,35,256,35,lda,5,10,0,0.5,30,,held_out,all,primary_0729_no0825
stage2,T3_modality,6v,nonvocal,K/G,laryngeal,stop,35,0.6171428571428571,0.11845949966644503,0.5942385520109534,,0.2539157142857143,t12.2022.06.23;t12.2022.08.18;t12.2022.08.23,t12.2022.06.23/test:2;t12.2022.06.23/train:24;t12.2022.08.18/test:2;t12.2022.08.18/train:19;t12.2022.08.23/test:2;t12.2022.08.23/train:21,t12.2022.06.21;t12.2022.08.13,G,K,35,256,35,lda,5,10,0,0.5,30,,held_out,all,primary_0729_no0825
stage2,T3_modality,6v,vocal,F/V,laryngeal,fricative,69,0.5933862433862435,0.07107053122190143,0.478333396892066,,0.18580434782608696,t12.2022.07.29,t12.2022.07.29/test:20;t12.2022.07.29/train:118,t12.2022.07.27,F,V,69,256,69,lda,5,10,0,0.5,30,,held_out,all,primary_0729_no0825
stage2,T3_modality,6v,nonvocal,F/V,laryngeal,fricative,69,0.6862433862433862,0.0840279274395907,0.9719542491075326,,0.25380434782608696,t12.2022.06.23;t12.2022.08.18;t12.2022.08.23,t12.2022.06.23/test:4;t12.2022.06.23/train:41;t12.2022.08.18/test:2;t12.2022.08.18/train:49;t12.2022.08.23/test:2;t12.2022.08.23/train:40,t12.2022.06.21;t12.2022.08.13,F,V,69,256,69,lda,5,10,0,0.5,30,,held_out,all,primary_0729_no0825
stage2,T3_modality,6v,vocal,S/Z,laryngeal,fricative,86,0.5981848739495799,0.07017895754064335,0.49865976871943374,,0.1866093023255814,t12.2022.07.29,t12.2022.07.29/test:31;t12.2022.07.29/train:141,t12.2022.07.27,S,Z,86,256,86,lda,5,10,0,0.5,30,,held_out,all,primary_0729_no0825
stage2,T3_modality,6v,nonvocal,S/Z,laryngeal,fricative,86,0.508689075630252,0.06269416925709802,0.04368633575185396,,0.25087732558139536,t12.2022.06.23;t12.2022.08.18;t12.2022.08.23,t12.2022.06.23/test:3;t12.2022.06.23/train:69;t12.2022.08.18/test:1;t12.2022.08.18/train:54;t12.2022.08.23/test:4;t12.2022.08.23/train:41,t12.2022.06.21;t12.2022.08.13,S,Z,86,256,86,lda,5,10,0,0.5,30,,held_out,all,primary_0729_no0825
stage2,T3_modality,6v,vocal,SH/ZH,laryngeal,fricative,12,0.42700000000000005,0.20837706207737938,-0.37582593462829045,,0.1863,t12.2022.07.29,t12.2022.07.29/test:4;t12.2022.07.29/train:20,t12.2022.07.27,SH,ZH,12,256,12,lda,5,10,0,0.5,23,,held_out,all,primary_0729_no0825
stage2,T3_modality,6v,nonvocal,SH/ZH,laryngeal,fricative,12,0.434,0.2331179958733345,-0.3341673291436005,,0.25109583333333335,t12.2022.06.23;t12.2022.08.18;t12.2022.08.23,t12.2022.06.23/train:9;t12.2022.08.18/test:1;t12.2022.08.18/train:7;t12.2022.08.23/test:1;t12.2022.08.23/train:6,t12.2022.06.21;t12.2022.08.13,SH,ZH,12,256,12,lda,5,10,0,0.5,23,,held_out,all,primary_0729_no0825
stage2,T3_modality,6v,vocal,TH/DH,laryngeal,fricative,28,0.7463636363636365,0.11097116990896413,1.3263502653642871,,0.18453571428571428,t12.2022.07.29,t12.2022.07.29/test:5;t12.2022.07.29/train:51,t12.2022.07.27,DH,TH,28,256,28,lda,5,10,0,0.5,30,,held_out,all,primary_0729_no0825
stage2,T3_modality,6v,nonvocal,TH/DH,laryngeal,fricative,28,0.635909090909091,0.1354125926490365,0.6917611960529311,,0.25464464285714283,t12.2022.06.23;t12.2022.08.18;t12.2022.08.23,t12.2022.06.23/test:1;t12.2022.06.23/train:15;t12.2022.08.18/test:2;t12.2022.08.18/train:18;t12.2022.08.23/test:2;t12.2022.08.23/train:18,t12.2022.06.21;t12.2022.08.13,DH,TH,28,256,28,lda,5,10,0,0.5,30,,held_out,all,primary_0729_no0825
stage2,T3_modality,6v,vocal,P/T,place,stop,74,0.8195862068965516,0.06431441134308637,1.834555982953186,,0.1851189189189189,t12.2022.07.29,t12.2022.07.29/test:17;t12.2022.07.29/train:131,t12.2022.07.27,P,T,74,256,74,lda,5,10,0,0.5,30,,held_out,all,primary_0729_no0825
stage2,T3_modality,6v,nonvocal,P/T,place,stop,74,0.6697011494252874,0.07186243666300501,0.8777876858653417,,0.25197364864864863,t12.2022.06.23;t12.2022.08.18;t12.2022.08.23,t12.2022.06.23/test:2;t12.2022.06.23/train:53;t12.2022.08.18/test:5;t12.2022.08.18/train:46;t12.2022.08.23/test:4;t12.2022.08.23/train:38,t12.2022.06.21;t12.2022.08.13,P,T,74,256,74,lda,5,10,0,0.5,30,,held_out,all,primary_0729_no0825
stage2,T3_modality,6v,vocal,T/K,place,stop,132,0.7040493468795355,0.04376362960560974,1.0719507954557272,,0.18526363636363635,t12.2022.07.29,t12.2022.07.29/test:32;t12.2022.07.29/train:232,t12.2022.07.27,K,T,132,256,132,lda,5,10,0,0.5,30,,held_out,all,primary_0729_no0825
stage2,T3_modality,6v,nonvocal,T/K,place,stop,132,0.6489114658925978,0.051979273495248855,0.7656922099082217,,0.2526242424242424,t12.2022.06.23;t12.2022.08.18;t12.2022.08.23,t12.2022.06.23/test:8;t12.2022.06.23/train:109;t12.2022.08.18/test:3;t12.2022.08.18/train:65;t12.2022.08.23/test:6;t12.2022.08.23/train:73,t12.2022.06.21;t12.2022.08.13,K,T,132,256,132,lda,5,10,0,0.5,30,,held_out,all,primary_0729_no0825
stage2,T3_modality,6v,vocal,B/D,place,stop,65,0.8284615384615384,0.05558191353692347,1.8941807006335503,,0.1860076923076923,t12.2022.07.29,t12.2022.07.29/test:20;t12.2022.07.29/train:110,t12.2022.07.27,B,D,65,256,65,lda,5,10,0,0.5,30,,held_out,all,primary_0729_no0825
stage2,T3_modality,6v,nonvocal,B/D,place,stop,65,0.6346153846153846,0.06847882236448022,0.6883129249158941,,0.25437461538461537,t12.2022.06.23;t12.2022.08.18;t12.2022.08.23,t12.2022.06.23/train:39;t12.2022.08.18/test:3;t12.2022.08.18/train:42;t12.2022.08.23/test:2;t12.2022.08.23/train:44,t12.2022.06.21;t12.2022.08.13,B,D,65,256,65,lda,5,10,0,0.5,30,,held_out,all,primary_0729_no0825
stage2,T3_modality,6v,vocal,D/G,place,stop,35,0.6557142857142857,0.12346196638178554,0.816451543669428,,0.18478,t12.2022.07.29,t12.2022.07.29/test:7;t12.2022.07.29/train:63,t12.2022.07.27,D,G,35,256,35,lda,5,10,0,0.5,30,,held_out,all,primary_0729_no0825
stage2,T3_modality,6v,nonvocal,D/G,place,stop,35,0.6814285714285714,0.11884649677596039,0.9621854991854313,,0.2517957142857143,t12.2022.06.23;t12.2022.08.18;t12.2022.08.23,t12.2022.06.23/train:26;t12.2022.08.18/test:1;t12.2022.08.18/train:20;t12.2022.08.23/test:3;t12.2022.08.23/train:20,t12.2022.06.21;t12.2022.08.13,D,G,35,256,35,lda,5,10,0,0.5,30,,held_out,all,primary_0729_no0825
stage2,T3_modality,6v,vocal,F/S,place,fricative,69,0.6401851851851852,0.0832894358219428,0.7151266383245578,,0.18613478260869565,t12.2022.07.29,t12.2022.07.29/test:22;t12.2022.07.29/train:116,t12.2022.07.27,F,S,69,256,69,lda,5,10,0,0.5,30,,held_out,all,primary_0729_no0825
stage2,T3_modality,6v,nonvocal,F/S,place,fricative,69,0.606031746031746,0.07469850189366044,0.5370648102094556,,0.25428840579710144,t12.2022.06.23;t12.2022.08.18;t12.2022.08.23,t12.2022.06.23/test:2;t12.2022.06.23/train:41;t12.2022.08.18/test:2;t12.2022.08.18/train:41;t12.2022.08.23/test:6;t12.2022.08.23/train:46,t12.2022.06.21;t12.2022.08.13,F,S,69,256,69,lda,5,10,0,0.5,30,,held_out,all,primary_0729_no0825
stage2,T3_modality,6v,vocal,F/TH,place,fricative,28,0.7236363636363636,0.11732635215895643,1.1906233440187546,,0.18575714285714287,t12.2022.07.29,t12.2022.07.29/test:8;t12.2022.07.29/train:48,t12.2022.07.27,F,TH,28,256,28,lda,5,10,0,0.5,30,,held_out,all,primary_0729_no0825
stage2,T3_modality,6v,nonvocal,F/TH,place,fricative,28,0.6651515151515152,0.13228756555322954,0.8452107730270522,,0.25799285714285713,t12.2022.06.23;t12.2022.08.18;t12.2022.08.23,t12.2022.06.23/train:15;t12.2022.08.18/test:4;t12.2022.08.18/train:11;t12.2022.08.23/test:2;t12.2022.08.23/train:24,t12.2022.06.21;t12.2022.08.13,F,TH,28,256,28,lda,5,10,0,0.5,30,,held_out,all,primary_0729_no0825
stage2,T3_modality,6v,vocal,S/SH,place,fricative,12,0.417,0.2180848458742606,-0.44974743766847125,,0.1863,t12.2022.07.29,t12.2022.07.29/test:4;t12.2022.07.29/train:20,t12.2022.07.27,S,SH,12,256,12,lda,5,10,0,0.5,23,,held_out,all,primary_0729_no0825
stage2,T3_modality,6v,nonvocal,S/SH,place,fricative,12,0.49699999999999994,0.19960210419732552,-0.02096995027103285,,0.2515125,t12.2022.06.23;t12.2022.08.18;t12.2022.08.23,t12.2022.06.23/train:10;t12.2022.08.18/train:6;t12.2022.08.23/test:1;t12.2022.08.23/train:7,t12.2022.06.21;t12.2022.08.13,S,SH,12,256,12,lda,5,10,0,0.5,23,,held_out,all,primary_0729_no0825
stage2,T3_modality,6v,vocal,V/Z,place,fricative,77,0.6812688172043011,0.07547838414025937,0.9406250733501073,,0.1870896103896104,t12.2022.07.29,t12.2022.07.29/test:31;t12.2022.07.29/train:123,t12.2022.07.27,V,Z,77,256,77,lda,5,10,0,0.5,30,,held_out,all,primary_0729_no0825
stage2,T3_modality,6v,nonvocal,V/Z,place,fricative,77,0.6480860215053762,0.08411187898220707,0.7606033196008346,,0.2526551948051948,t12.2022.06.23;t12.2022.08.18;t12.2022.08.23,t12.2022.06.23/test:6;t12.2022.06.23/train:54;t12.2022.08.18/test:5;t12.2022.08.18/train:47;t12.2022.08.23/test:4;t12.2022.08.23/train:38,t12.2022.06.21;t12.2022.08.13,V,Z,77,256,77,lda,5,10,0,0.5,30,,held_out,all,primary_0729_no0825
stage2,T3_modality,6v,vocal,M/N,place,nasal,131,0.7886502177068215,0.038298820570113204,1.6012992074761703,,0.18598091603053438,t12.2022.07.29,t12.2022.07.29/test:40;t12.2022.07.29/train:222,t12.2022.07.27,M,N,131,256,131,lda,5,10,0,0.5,30,,held_out,all,primary_0729_no0825
stage2,T3_modality,6v,nonvocal,M/N,place,nasal,131,0.6836429608127722,0.05848141047021774,0.9557382580530438,,0.2537450381679389,t12.2022.06.23;t12.2022.08.18;t12.2022.08.23,t12.2022.06.23/test:6;t12.2022.06.23/train:83;t12.2022.08.18/test:7;t12.2022.08.18/train:77;t12.2022.08.23/test:10;t12.2022.08.23/train:79,t12.2022.06.21;t12.2022.08.13,M,N,131,256,131,lda,5,10,0,0.5,30,,held_out,all,primary_0729_no0825
stage2,T3_modality,6v_sup,vocal,P/B,laryngeal,stop,65,0.6346153846153847,0.10554171333855572,0.6874277425574524,,0.18565692307692305,t12.2022.07.29,t12.2022.07.29/test:18;t12.2022.07.29/train:112,t12.2022.07.27,B,P,65,128,65,lda,5,10,0,0.5,30,,held_out,all,primary_0729_no0825
stage2,T3_modality,6v_sup,nonvocal,P/B,laryngeal,stop,65,0.4915384615384615,0.08644524894457042,-0.042415210026211736,,0.2561176923076923,t12.2022.06.23;t12.2022.08.18;t12.2022.08.23,t12.2022.06.23/test:4;t12.2022.06.23/train:39;t12.2022.08.18/test:9;t12.2022.08.18/train:30;t12.2022.08.23/test:4;t12.2022.08.23/train:44,t12.2022.06.21;t12.2022.08.13,B,P,65,128,65,lda,5,10,0,0.5,30,,held_out,all,primary_0729_no0825
stage2,T3_modality,6v_sup,vocal,T/D,laryngeal,stop,140,0.5617857142857143,0.06052596845274644,0.3113119699801736,,0.18592,t12.2022.07.29,t12.2022.07.29/test:42;t12.2022.07.29/train:238,t12.2022.07.27,D,T,140,128,140,lda,5,10,0,0.5,30,,held_out,all,primary_0729_no0825
stage2,T3_modality,6v_sup,nonvocal,T/D,laryngeal,stop,140,0.4960714285714286,0.04887640597695876,-0.019687822654520844,,0.2551271428571429,t12.2022.06.23;t12.2022.08.18;t12.2022.08.23,t12.2022.06.23/test:11;t12.2022.06.23/train:79;t12.2022.08.18/test:6;t12.2022.08.18/train:80;t12.2022.08.23/test:13;t12.2022.08.23/train:91,t12.2022.06.21;t12.2022.08.13,D,T,140,128,140,lda,5,10,0,0.5,30,,held_out,all,primary_0729_no0825
stage2,T3_modality,6v_sup,vocal,K/G,laryngeal,stop,35,0.5985714285714285,0.11770769745779724,0.5108176652072212,,0.1864085714285714,t12.2022.07.29,t12.2022.07.29/test:12;t12.2022.07.29/train:58,t12.2022.07.27,G,K,35,128,35,lda,5,10,0,0.5,30,,held_out,all,primary_0729_no0825
stage2,T3_modality,6v_sup,nonvocal,K/G,laryngeal,stop,35,0.65,0.12637004294967238,0.7683396082420735,,0.2527,t12.2022.06.23;t12.2022.08.18;t12.2022.08.23,t12.2022.06.23/test:2;t12.2022.06.23/train:22;t12.2022.08.18/test:2;t12.2022.08.18/train:24;t12.2022.08.23/test:2;t12.2022.08.23/train:18,t12.2022.06.21;t12.2022.08.13,G,K,35,128,35,lda,5,10,0,0.5,30,,held_out,all,primary_0729_no0825
stage2,T3_modality,6v_sup,vocal,F/V,laryngeal,fricative,69,0.6163492063492063,0.07677427351433652,0.6032573261915827,,0.1859695652173913,t12.2022.07.29,t12.2022.07.29/test:21;t12.2022.07.29/train:117,t12.2022.07.27,F,V,69,128,69,lda,5,10,0,0.5,30,,held_out,all,primary_0729_no0825
stage2,T3_modality,6v_sup,nonvocal,F/V,laryngeal,fricative,69,0.568941798941799,0.09209717804928405,0.349862160267431,,0.25298188405797106,t12.2022.06.23;t12.2022.08.18;t12.2022.08.23,t12.2022.06.23/test:6;t12.2022.06.23/train:48;t12.2022.08.18/test:8;t12.2022.08.18/train:39;t12.2022.08.23/test:4;t12.2022.08.23/train:33,t12.2022.06.21;t12.2022.08.13,F,V,69,128,69,lda,5,10,0,0.5,30,,held_out,all,primary_0729_no0825
stage2,T3_modality,6v_sup,vocal,S/Z,laryngeal,fricative,86,0.555563025210084,0.07006803920425864,0.2815709649860122,,0.18700697674418604,t12.2022.07.29,t12.2022.07.29/test:34;t12.2022.07.29/train:138,t12.2022.07.27,S,Z,86,128,86,lda,5,10,0,0.5,30,,held_out,all,primary_0729_no0825
stage2,T3_modality,6v_sup,nonvocal,S/Z,laryngeal,fricative,86,0.5886890756302521,0.08018642391531282,0.44923695497887867,,0.25408197674418603,t12.2022.06.23;t12.2022.08.18;t12.2022.08.23,t12.2022.06.23/test:4;t12.2022.06.23/train:60;t12.2022.08.18/test:3;t12.2022.08.18/train:48;t12.2022.08.23/test:3;t12.2022.08.23/train:54,t12.2022.06.21;t12.2022.08.13,S,Z,86,128,86,lda,5,10,0,0.5,30,,held_out,all,primary_0729_no0825
stage2,T3_modality,6v_sup,vocal,SH/ZH,laryngeal,fricative,12,0.33399999999999996,0.1671645895517349,-0.8574216299496945,,0.18535000000000001,t12.2022.07.29,t12.2022.07.29/test:3;t12.2022.07.29/train:21,t12.2022.07.27,SH,ZH,12,128,12,lda,5,10,0,0.5,23,,held_out,all,primary_0729_no0825
stage2,T3_modality,6v_sup,nonvocal,SH/ZH,laryngeal,fricative,12,0.501,0.20012246250733576,0.0,,0.24738333333333332,t12.2022.06.23;t12.2022.08.18;t12.2022.08.23,t12.2022.06.23/test:1;t12.2022.06.23/train:11;t12.2022.08.18/test:1;t12.2022.08.18/train:9;t12.2022.08.23/train:2,t12.2022.06.21;t12.2022.08.13,SH,ZH,12,128,12,lda,5,10,0,0.5,23,,held_out,all,primary_0729_no0825
stage2,T3_modality,6v_sup,vocal,TH/DH,laryngeal,fricative,28,0.6172727272727273,0.13674391420324836,0.6060900545951432,,0.18494285714285713,t12.2022.07.29,t12.2022.07.29/test:6;t12.2022.07.29/train:50,t12.2022.07.27,DH,TH,28,128,28,lda,5,10,0,0.5,30,,held_out,all,primary_0729_no0825
stage2,T3_modality,6v_sup,nonvocal,TH/DH,laryngeal,fricative,28,0.4787878787878788,0.1430755578124458,-0.10730565001131084,,0.2519517857142857,t12.2022.06.23;t12.2022.08.18;t12.2022.08.23,t12.2022.06.23/test:1;t12.2022.06.23/train:24;t12.2022.08.18/test:1;t12.2022.08.18/train:14;t12.2022.08.23/test:1;t12.2022.08.23/train:15,t12.2022.06.21;t12.2022.08.13,DH,TH,28,128,28,lda,5,10,0,0.5,30,,held_out,all,primary_0729_no0825
stage2,T3_modality,6v_sup,vocal,P/T,place,stop,74,0.7369195402298853,0.06787865417367708,1.270240142383026,,0.18573513513513512,t12.2022.07.29,t12.2022.07.29/test:21;t12.2022.07.29/train:127,t12.2022.07.27,P,T,74,128,74,lda,5,10,0,0.5,30,,held_out,all,primary_0729_no0825
stage2,T3_modality,6v_sup,nonvocal,P/T,place,stop,74,0.7373103448275863,0.06625485571388604,1.26825887879788,,0.2539972972972973,t12.2022.06.23;t12.2022.08.18;t12.2022.08.23,t12.2022.06.23/test:4;t12.2022.06.23/train:49;t12.2022.08.18/test:4;t12.2022.08.18/train:45;t12.2022.08.23/test:2;t12.2022.08.23/train:44,t12.2022.06.21;t12.2022.08.13,P,T,74,128,74,lda,5,10,0,0.5,30,,held_out,all,primary_0729_no0825
stage2,T3_modality,6v_sup,vocal,T/K,place,stop,132,0.6192743105950653,0.05444267013074325,0.6069072856266808,,0.1856090909090909,t12.2022.07.29,t12.2022.07.29/test:36;t12.2022.07.29/train:228,t12.2022.07.27,K,T,132,128,132,lda,5,10,0,0.5,30,,held_out,all,primary_0729_no0825
stage2,T3_modality,6v_sup,nonvocal,T/K,place,stop,132,0.5546081277213353,0.06117442240671893,0.2742620167674996,,0.2527920454545454,t12.2022.06.23;t12.2022.08.18;t12.2022.08.23,t12.2022.06.23/test:7;t12.2022.06.23/train:90;t12.2022.08.18/test:8;t12.2022.08.18/train:75;t12.2022.08.23/test:12;t12.2022.08.23/train:72,t12.2022.06.21;t12.2022.08.13,K,T,132,128,132,lda,5,10,0,0.5,30,,held_out,all,primary_0729_no0825
stage2,T3_modality,6v_sup,vocal,B/D,place,stop,65,0.7230769230769232,0.07653749516204769,1.1855742427287126,,0.1860076923076923,t12.2022.07.29,t12.2022.07.29/test:20;t12.2022.07.29/train:110,t12.2022.07.27,B,D,65,128,65,lda,5,10,0,0.5,30,,held_out,all,primary_0729_no0825
stage2,T3_modality,6v_sup,nonvocal,B/D,place,stop,65,0.6546153846153845,0.08582698986536294,0.7946256359530457,,0.2534930769230769,t12.2022.06.23;t12.2022.08.18;t12.2022.08.23,t12.2022.06.23/test:4;t12.2022.06.23/train:34;t12.2022.08.18/test:4;t12.2022.08.18/train:42;t12.2022.08.23/test:9;t12.2022.08.23/train:37,t12.2022.06.21;t12.2022.08.13,B,D,65,128,65,lda,5,10,0,0.5,30,,held_out,all,primary_0729_no0825
stage2,T3_modality,6v_sup,vocal,D/G,place,stop,35,0.7399999999999999,0.09120508399721351,1.2953077958994998,,0.1867342857142857,t12.2022.07.29,t12.2022.07.29/test:13;t12.2022.07.29/train:57,t12.2022.07.27,D,G,35,128,35,lda,5,10,0,0.5,30,,held_out,all,primary_0729_no0825
stage2,T3_modality,6v_sup,nonvocal,D/G,place,stop,35,0.4714285714285715,0.13324827218698307,-0.14318437898486394,,0.25448714285714286,t12.2022.06.23;t12.2022.08.18;t12.2022.08.23,t12.2022.06.23/test:1;t12.2022.06.23/train:23;t12.2022.08.18/test:1;t12.2022.08.18/train:22;t12.2022.08.23/train:23,t12.2022.06.21;t12.2022.08.13,D,G,35,128,35,lda,5,10,0,0.5,30,,held_out,all,primary_0729_no0825
stage2,T3_modality,6v_sup,vocal,F/S,place,fricative,69,0.6092592592592593,0.07902085846368921,0.5573700801859263,,0.1859695652173913,t12.2022.07.29,t12.2022.07.29/test:21;t12.2022.07.29/train:117,t12.2022.07.27,F,S,69,128,69,lda,5,10,0,0.5,30,,held_out,all,primary_0729_no0825
stage2,T3_modality,6v_sup,nonvocal,F/S,place,fricative,69,0.5580158730158731,0.08724184664320514,0.29123672999010064,,0.25194347826086955,t12.2022.06.23;t12.2022.08.18;t12.2022.08.23,t12.2022.06.23/test:2;t12.2022.06.23/train:49;t12.2022.08.18/test:5;t12.2022.08.18/train:43;t12.2022.08.23/test:4;t12.2022.08.23/train:35,t12.2022.06.21;t12.2022.08.13,F,S,69,128,69,lda,5,10,0,0.5,30,,held_out,all,primary_0729_no0825
stage2,T3_modality,6v_sup,vocal,F/TH,place,fricative,28,0.6737878787878787,0.1012707369733518,0.898141066506464,,0.18412857142857142,t12.2022.07.29,t12.2022.07.29/test:4;t12.2022.07.29/train:52,t12.2022.07.27,F,TH,28,128,28,lda,5,10,0,0.5,30,,held_out,all,primary_0729_no0825
stage2,T3_modality,6v_sup,nonvocal,F/TH,place,fricative,28,0.4634848484848485,0.1227617796606686,-0.1786736395858945,,0.2532785714285714,t12.2022.06.23;t12.2022.08.18;t12.2022.08.23,t12.2022.06.23/train:18;t12.2022.08.18/test:1;t12.2022.08.18/train:13;t12.2022.08.23/test:5;t12.2022.08.23/train:19,t12.2022.06.21;t12.2022.08.13,F,TH,28,128,28,lda,5,10,0,0.5,30,,held_out,all,primary_0729_no0825
stage2,T3_modality,6v_sup,vocal,S/SH,place,fricative,12,0.48200000000000004,0.21604629133590791,-0.10667620648286516,,0.18535000000000001,t12.2022.07.29,t12.2022.07.29/test:3;t12.2022.07.29/train:21,t12.2022.07.27,S,SH,12,128,12,lda,5,10,0,0.5,23,,held_out,all,primary_0729_no0825
stage2,T3_modality,6v_sup,nonvocal,S/SH,place,fricative,12,0.40399999999999997,0.16304600577751055,-0.4683858507003349,,0.25929583333333334,t12.2022.06.23;t12.2022.08.18;t12.2022.08.23,t12.2022.06.23/test:3;t12.2022.06.23/train:5;t12.2022.08.18/train:8;t12.2022.08.23/train:8,t12.2022.06.21;t12.2022.08.13,S,SH,12,128,12,lda,5,10,0,0.5,23,,held_out,all,primary_0729_no0825
stage2,T3_modality,6v_sup,vocal,V/Z,place,fricative,77,0.6694408602150537,0.07276101522816447,0.876487615566097,,0.18664545454545456,t12.2022.07.29,t12.2022.07.29/test:28;t12.2022.07.29/train:126,t12.2022.07.27,V,Z,77,128,77,lda,5,10,0,0.5,30,,held_out,all,primary_0729_no0825
stage2,T3_modality,6v_sup,nonvocal,V/Z,place,fricative,77,0.6069247311827957,0.07753818836913277,0.5434461110711382,,0.2542051948051948,t12.2022.06.23;t12.2022.08.18;t12.2022.08.23,t12.2022.06.23/test:4;t12.2022.06.23/train:51;t12.2022.08.18/test:6;t12.2022.08.18/train:45;t12.2022.08.23/test:2;t12.2022.08.23/train:46,t12.2022.06.21;t12.2022.08.13,V,Z,77,128,77,lda,5,10,0,0.5,30,,held_out,all,primary_0729_no0825
stage2,T3_modality,6v_sup,vocal,M/N,place,nasal,131,0.7386502177068215,0.05373807413920936,1.2799180134485235,,0.18650305343511453,t12.2022.07.29,t12.2022.07.29/test:46;t12.2022.07.29/train:216,t12.2022.07.27,M,N,131,128,131,lda,5,10,0,0.5,30,,held_out,all,primary_0729_no0825
stage2,T3_modality,6v_sup,nonvocal,M/N,place,nasal,131,0.5751596516690857,0.05562550164513968,0.37893268700823546,,0.25421603053435116,t12.2022.06.23;t12.2022.08.18;t12.2022.08.23,t12.2022.06.23/test:8;t12.2022.06.23/train:89;t12.2022.08.18/test:5;t12.2022.08.18/train:73;t12.2022.08.23/test:6;t12.2022.08.23/train:81,t12.2022.06.21;t12.2022.08.13,M,N,131,128,131,lda,5,10,0,0.5,30,,held_out,all,primary_0729_no0825
stage2,T3_modality,6v_inf,vocal,P/B,laryngeal,stop,65,0.6330769230769231,0.07224629144266809,0.6808818572672032,,0.18565692307692305,t12.2022.07.29,t12.2022.07.29/test:18;t12.2022.07.29/train:112,t12.2022.07.27,B,P,65,128,65,lda,5,10,0,0.5,30,,held_out,all,primary_0729_no0825
stage2,T3_modality,6v_inf,nonvocal,P/B,laryngeal,stop,65,0.64,0.09569428640051685,0.7169526445193808,,0.25297846153846154,t12.2022.06.23;t12.2022.08.18;t12.2022.08.23,t12.2022.06.23/test:1;t12.2022.06.23/train:47;t12.2022.08.18/test:2;t12.2022.08.18/train:32;t12.2022.08.23/test:7;t12.2022.08.23/train:41,t12.2022.06.21;t12.2022.08.13,B,P,65,128,65,lda,5,10,0,0.5,30,,held_out,all,primary_0729_no0825
stage2,T3_modality,6v_inf,vocal,T/D,laryngeal,stop,140,0.6321428571428571,0.06691069283998284,0.674714140804652,,0.18543142857142858,t12.2022.07.29,t12.2022.07.29/test:36;t12.2022.07.29/train:244,t12.2022.07.27,D,T,140,128,140,lda,5,10,0,0.5,30,,held_out,all,primary_0729_no0825
stage2,T3_modality,6v_inf,nonvocal,T/D,laryngeal,stop,140,0.5442857142857143,0.04886988138027806,0.22266098490021696,,0.25275,t12.2022.06.23;t12.2022.08.18;t12.2022.08.23,t12.2022.06.23/test:6;t12.2022.06.23/train:103;t12.2022.08.18/test:6;t12.2022.08.18/train:73;t12.2022.08.23/test:12;t12.2022.08.23/train:80,t12.2022.06.21;t12.2022.08.13,D,T,140,128,140,lda,5,10,0,0.5,30,,held_out,all,primary_0729_no0825
stage2,T3_modality,6v_inf,vocal,K/G,laryngeal,stop,35,0.6128571428571429,0.11256744010338235,0.5841571817924185,,0.1844542857142857,t12.2022.07.29,t12.2022.07.29/test:6;t12.2022.07.29/train:64,t12.2022.07.27,G,K,35,128,35,lda,5,10,0,0.5,30,,held_out,all,primary_0729_no0825
stage2,T3_modality,6v_inf,nonvocal,K/G,laryngeal,stop,35,0.5671428571428572,0.12072062536184572,0.3372388608497451,,0.2528728571428571,t12.2022.06.23;t12.2022.08.18;t12.2022.08.23,t12.2022.06.23/train:24;t12.2022.08.18/test:1;t12.2022.08.18/train:20;t12.2022.08.23/test:3;t12.2022.08.23/train:22,t12.2022.06.21;t12.2022.08.13,G,K,35,128,35,lda,5,10,0,0.5,30,,held_out,all,primary_0729_no0825
stage2,T3_modality,6v_inf,vocal,F/V,laryngeal,fricative,69,0.5861904761904762,0.08623663426680767,0.4353013955487658,,0.1859695652173913,t12.2022.07.29,t12.2022.07.29/test:21;t12.2022.07.29/train:117,t12.2022.07.27,F,V,69,128,69,lda,5,10,0,0.5,30,,held_out,all,primary_0729_no0825
stage2,T3_modality,6v_inf,nonvocal,F/V,laryngeal,fricative,69,0.5027513227513226,0.08013377298458076,0.014552524277313253,,0.25303840579710146,t12.2022.06.23;t12.2022.08.18;t12.2022.08.23,t12.2022.06.23/test:2;t12.2022.06.23/train:42;t12.2022.08.18/test:4;t12.2022.08.18/train:47;t12.2022.08.23/test:4;t12.2022.08.23/train:39,t12.2022.06.21;t12.2022.08.13,F,V,69,128,69,lda,5,10,0,0.5,30,,held_out,all,primary_0729_no0825
stage2,T3_modality,6v_inf,vocal,S/Z,laryngeal,fricative,86,0.5965210084033613,0.07092576564797821,0.48808597074514576,,0.18727209302325581,t12.2022.07.29,t12.2022.07.29/test:36;t12.2022.07.29/train:136,t12.2022.07.27,S,Z,86,128,86,lda,5,10,0,0.5,30,,held_out,all,primary_0729_no0825
stage2,T3_modality,6v_inf,nonvocal,S/Z,laryngeal,fricative,86,0.592420168067227,0.07192481892722039,0.46826657560566287,,0.2525575581395349,t12.2022.06.23;t12.2022.08.18;t12.2022.08.23,t12.2022.06.23/test:6;t12.2022.06.23/train:64;t12.2022.08.18/test:6;t12.2022.08.18/train:49;t12.2022.08.23/test:4;t12.2022.08.23/train:43,t12.2022.06.21;t12.2022.08.13,S,Z,86,128,86,lda,5,10,0,0.5,30,,held_out,all,primary_0729_no0825
stage2,T3_modality,6v_inf,vocal,SH/ZH,laryngeal,fricative,12,0.4610000000000001,0.20549695861496345,-0.21426098768309051,,0.18725,t12.2022.07.29,t12.2022.07.29/test:5;t12.2022.07.29/train:19,t12.2022.07.27,SH,ZH,12,128,12,lda,5,10,0,0.5,23,,held_out,all,primary_0729_no0825
stage2,T3_modality,6v_inf,nonvocal,SH/ZH,laryngeal,fricative,12,0.436,0.23109305485020532,-0.3341673291436005,,0.24599583333333333,t12.2022.06.23;t12.2022.08.18;t12.2022.08.23,t12.2022.06.23/test:1;t12.2022.06.23/train:14;t12.2022.08.18/train:7;t12.2022.08.23/train:2,t12.2022.06.21;t12.2022.08.13,SH,ZH,12,128,12,lda,5,10,0,0.5,23,,held_out,all,primary_0729_no0825
stage2,T3_modality,6v_inf,vocal,TH/DH,laryngeal,fricative,28,0.7539393939393939,0.08579343933682522,1.388611952427652,,0.18575714285714287,t12.2022.07.29,t12.2022.07.29/test:8;t12.2022.07.29/train:48,t12.2022.07.27,DH,TH,28,128,28,lda,5,10,0,0.5,30,,held_out,all,primary_0729_no0825
stage2,T3_modality,6v_inf,nonvocal,TH/DH,laryngeal,fricative,28,0.5731818181818182,0.11668250581185868,0.36843928289263606,,0.2556982142857143,t12.2022.06.23;t12.2022.08.18;t12.2022.08.23,t12.2022.06.23/test:2;t12.2022.06.23/train:22;t12.2022.08.18/test:1;t12.2022.08.18/train:10;t12.2022.08.23/test:1;t12.2022.08.23/train:20,t12.2022.06.21;t12.2022.08.13,DH,TH,28,128,28,lda,5,10,0,0.5,30,,held_out,all,primary_0729_no0825
stage2,T3_modality,6v_inf,vocal,P/T,place,stop,74,0.759080459770115,0.06485163000767115,1.4098612574673455,,0.1858891891891892,t12.2022.07.29,t12.2022.07.29/test:22;t12.2022.07.29/train:126,t12.2022.07.27,P,T,74,128,74,lda,5,10,0,0.5,30,,held_out,all,primary_0729_no0825
stage2,T3_modality,6v_inf,nonvocal,P/T,place,stop,74,0.6713563218390806,0.07904397714999374,0.884124033937027,,0.25410608108108107,t12.2022.06.23;t12.2022.08.18;t12.2022.08.23,t12.2022.06.23/test:3;t12.2022.06.23/train:48;t12.2022.08.18/test:5;t12.2022.08.18/train:45;t12.2022.08.23/test:2;t12.2022.08.23/train:45,t12.2022.06.21;t12.2022.08.13,P,T,74,128,74,lda,5,10,0,0.5,30,,held_out,all,primary_0729_no0825
stage2,T3_modality,6v_inf,vocal,T/K,place,stop,132,0.6301814223512336,0.06284496601103833,0.6655604971785563,,0.18517727272727272,t12.2022.07.29,t12.2022.07.29/test:31;t12.2022.07.29/train:233,t12.2022.07.27,K,T,132,128,132,lda,5,10,0,0.5,30,,held_out,all,primary_0729_no0825
stage2,T3_modality,6v_inf,nonvocal,T/K,place,stop,132,0.612510885341074,0.057697594485334895,0.5713846314951715,,0.2529954545454546,t12.2022.06.23;t12.2022.08.18;t12.2022.08.23,t12.2022.06.23/test:10;t12.2022.06.23/train:106;t12.2022.08.18/test:6;t12.2022.08.18/train:63;t12.2022.08.23/test:7;t12.2022.08.23/train:72,t12.2022.06.21;t12.2022.08.13,K,T,132,128,132,lda,5,10,0,0.5,30,,held_out,all,primary_0729_no0825
stage2,T3_modality,6v_inf,vocal,B/D,place,stop,65,0.6792307692307691,0.09023637598161763,0.9311220464920322,,0.18565692307692305,t12.2022.07.29,t12.2022.07.29/test:18;t12.2022.07.29/train:112,t12.2022.07.27,B,D,65,128,65,lda,5,10,0,0.5,30,,held_out,all,primary_0729_no0825
stage2,T3_modality,6v_inf,nonvocal,B/D,place,stop,65,0.6246153846153846,0.0790326125479466,0.6363295241677814,,0.25537000000000004,t12.2022.06.23;t12.2022.08.18;t12.2022.08.23,t12.2022.06.23/train:42;t12.2022.08.18/test:2;t12.2022.08.18/train:28;t12.2022.08.23/test:7;t12.2022.08.23/train:51,t12.2022.06.21;t12.2022.08.13,B,D,65,128,65,lda,5,10,0,0.5,30,,held_out,all,primary_0729_no0825
stage2,T3_modality,6v_inf,vocal,D/G,place,stop,35,0.64,0.10297612166251485,0.717784191327244,,0.18478,t12.2022.07.29,t12.2022.07.29/test:7;t12.2022.07.29/train:63,t12.2022.07.27,D,G,35,128,35,lda,5,10,0,0.5,30,,held_out,all,primary_0729_no0825
stage2,T3_modality,6v_inf,nonvocal,D/G,place,stop,35,0.5185714285714286,0.10672298683211293,0.09337359200236178,,0.25624,t12.2022.06.23;t12.2022.08.18;t12.2022.08.23,t12.2022.06.23/train:20;t12.2022.08.18/train:22;t12.2022.08.23/train:28,t12.2022.06.21;t12.2022.08.13,D,G,35,128,35,lda,5,10,0,0.5,30,,held_out,all,primary_0729_no0825
stage2,T3_modality,6v_inf,vocal,F/S,place,fricative,69,0.5979629629629629,0.0799784105201143,0.5020102563151501,,0.18630000000000002,t12.2022.07.29,t12.2022.07.29/test:23;t12.2022.07.29/train:115,t12.2022.07.27,F,S,69,128,69,lda,5,10,0,0.5,30,,held_out,all,primary_0729_no0825
stage2,T3_modality,6v_inf,nonvocal,F/S,place,fricative,69,0.571058201058201,0.08319087512654011,0.35786823133294643,,0.2528920289855073,t12.2022.06.23;t12.2022.08.18;t12.2022.08.23,t12.2022.06.23/test:6;t12.2022.06.23/train:44;t12.2022.08.18/test:2;t12.2022.08.18/train:47;t12.2022.08.23/test:4;t12.2022.08.23/train:35,t12.2022.06.21;t12.2022.08.13,F,S,69,128,69,lda,5,10,0,0.5,30,,held_out,all,primary_0729_no0825
stage2,T3_modality,6v_inf,vocal,F/TH,place,fricative,28,0.6613636363636364,0.11758054113980387,0.8257422715377427,,0.18535,t12.2022.07.29,t12.2022.07.29/test:7;t12.2022.07.29/train:49,t12.2022.07.27,F,TH,28,128,28,lda,5,10,0,0.5,30,,held_out,all,primary_0729_no0825
stage2,T3_modality,6v_inf,nonvocal,F/TH,place,fricative,28,0.7056060606060606,0.11440156506792562,1.0978969281323037,,0.2521875,t12.2022.06.23;t12.2022.08.18;t12.2022.08.23,t12.2022.06.23/train:15;t12.2022.08.18/test:3;t12.2022.08.18/train:23;t12.2022.08.23/test:1;t12.2022.08.23/train:14,t12.2022.06.21;t12.2022.08.13,F,TH,28,128,28,lda,5,10,0,0.5,30,,held_out,all,primary_0729_no0825
stage2,T3_modality,6v_inf,vocal,S/SH,place,fricative,12,0.489,0.20329535164385829,-0.04147045064852918,,0.1863,t12.2022.07.29,t12.2022.07.29/test:4;t12.2022.07.29/train:20,t12.2022.07.27,S,SH,12,128,12,lda,5,10,0,0.5,23,,held_out,all,primary_0729_no0825
stage2,T3_modality,6v_inf,nonvocal,S/SH,place,fricative,12,0.48200000000000004,0.226883229878279,-0.08353470133751756,,0.2532166666666667,t12.2022.06.23;t12.2022.08.18;t12.2022.08.23,t12.2022.06.23/test:2;t12.2022.06.23/train:10;t12.2022.08.18/test:1;t12.2022.08.18/train:6;t12.2022.08.23/train:5,t12.2022.06.21;t12.2022.08.13,S,SH,12,128,12,lda,5,10,0,0.5,23,,held_out,all,primary_0729_no0825
stage2,T3_modality,6v_inf,vocal,V/Z,place,fricative,77,0.6024086021505376,0.10049399547422219,0.5207610323198071,,0.1867935064935065,t12.2022.07.29,t12.2022.07.29/test:29;t12.2022.07.29/train:125,t12.2022.07.27,V,Z,77,128,77,lda,5,10,0,0.5,30,,held_out,all,primary_0729_no0825
stage2,T3_modality,6v_inf,nonvocal,V/Z,place,fricative,77,0.6388602150537634,0.0812060808306879,0.7104718233873901,,0.25363701298701297,t12.2022.06.23;t12.2022.08.18;t12.2022.08.23,t12.2022.06.23/test:5;t12.2022.06.23/train:50;t12.2022.08.18/test:3;t12.2022.08.18/train:45;t12.2022.08.23/test:6;t12.2022.08.23/train:45,t12.2022.06.21;t12.2022.08.13,V,Z,77,128,77,lda,5,10,0,0.5,30,,held_out,all,primary_0729_no0825
stage2,T3_modality,6v_inf,vocal,M/N,place,nasal,131,0.728976777939042,0.050808127281031026,1.2240392248789975,,0.18632900763358778,t12.2022.07.29,t12.2022.07.29/test:44;t12.2022.07.29/train:218,t12.2022.07.27,M,N,131,128,131,lda,5,10,0,0.5,30,,held_out,all,primary_0729_no0825
stage2,T3_modality,6v_inf,nonvocal,M/N,place,nasal,131,0.6783817126269958,0.0526998868586202,0.9248566869781167,,0.25490114503816796,t12.2022.06.23;t12.2022.08.18;t12.2022.08.23,t12.2022.06.23/test:3;t12.2022.06.23/train:75;t12.2022.08.18/test:11;t12.2022.08.18/train:80;t12.2022.08.23/test:6;t12.2022.08.23/train:87,t12.2022.06.21;t12.2022.08.13,M,N,131,128,131,lda,5,10,0,0.5,30,,held_out,all,primary_0729_no0825
stage2,T3_modality,6v,vocal,P/B,laryngeal,stop,45,0.6544444444444444,0.10261398359692323,0.7950852289357518,,0.17411333333333331,t12.2022.06.21;t12.2022.06.28;t12.2022.08.11;t12.2022.08.13,t12.2022.06.21/test:25;t12.2022.06.28/test:21;t12.2022.08.11/test:20;t12.2022.08.13/test:24,t12.2022.06.21;t12.2022.06.28;t12.2022.08.11;t12.2022.08.13,B,P,45,256,45,lda,5,10,0,0.5,30,,held_out,all,secondary_datematch
stage2,T3_modality,6v,nonvocal,P/B,laryngeal,stop,45,0.581111111111111,0.08763701794093776,0.4085545443788892,,0.2638688888888889,t12.2022.06.23;t12.2022.08.18;t12.2022.08.23;t12.2022.08.25,t12.2022.06.23/test:2;t12.2022.06.23/train:28;t12.2022.08.18/test:2;t12.2022.08.18/train:14;t12.2022.08.23/test:1;t12.2022.08.23/train:28;t12.2022.08.25/test:2;t12.2022.08.25/train:13,t12.2022.06.21;t12.2022.08.13,B,P,45,256,45,lda,5,10,0,0.5,30,,held_out,all,secondary_datematch
stage2,T3_modality,6v,vocal,T/D,laryngeal,stop,91,0.5581531531531532,0.0810206105835999,0.2937249169760417,,0.1748532967032967,t12.2022.06.21;t12.2022.06.28;t12.2022.08.11;t12.2022.08.13,t12.2022.06.21/test:54;t12.2022.06.28/test:38;t12.2022.08.11/test:51;t12.2022.08.13/test:39,t12.2022.06.21;t12.2022.06.28;t12.2022.08.11;t12.2022.08.13,D,T,91,256,91,lda,5,10,0,0.5,30,,held_out,all,secondary_datematch
stage2,T3_modality,6v,nonvocal,T/D,laryngeal,stop,91,0.5701801801801802,0.07802149717025017,0.35405606573275095,,0.2658225274725275,t12.2022.06.23;t12.2022.08.18;t12.2022.08.23;t12.2022.08.25,t12.2022.06.23/test:5;t12.2022.06.23/train:39;t12.2022.08.18/test:3;t12.2022.08.18/train:42;t12.2022.08.23/test:4;t12.2022.08.23/train:45;t12.2022.08.25/test:2;t12.2022.08.25/train:42,t12.2022.06.21;t12.2022.08.13,D,T,91,256,91,lda,5,10,0,0.5,30,,held_out,all,secondary_datematch
stage2,T3_modality,6v,vocal,K/G,laryngeal,stop,29,0.6509090909090908,0.12972776468163216,0.7685276295706936,,0.17811896551724138,t12.2022.06.21;t12.2022.06.28;t12.2022.08.11;t12.2022.08.13,t12.2022.06.21/test:15;t12.2022.06.28/test:19;t12.2022.08.11/test:15;t12.2022.08.13/test:9,t12.2022.06.21;t12.2022.06.28;t12.2022.08.11;t12.2022.08.13,G,K,29,256,29,lda,5,10,0,0.5,30,,held_out,all,secondary_datematch
stage2,T3_modality,6v,nonvocal,K/G,laryngeal,stop,29,0.6068181818181819,0.1334387496500647,0.5427366874788591,,0.26929482758620693,t12.2022.06.23;t12.2022.08.18;t12.2022.08.23;t12.2022.08.25,t12.2022.06.23/train:13;t12.2022.08.18/test:1;t12.2022.08.18/train:12;t12.2022.08.23/train:14;t12.2022.08.25/test:2;t12.2022.08.25/train:16,t12.2022.06.21;t12.2022.08.13,G,K,29,256,29,lda,5,10,0,0.5,30,,held_out,all,secondary_datematch
stage2,T3_modality,6v,vocal,F/V,laryngeal,fricative,48,0.5553157894736842,0.09795342044143883,0.27813080561326703,,0.175559375,t12.2022.06.21;t12.2022.06.28;t12.2022.08.11;t12.2022.08.13,t12.2022.06.21/test:28;t12.2022.06.28/test:22;t12.2022.08.11/test:27;t12.2022.08.13/test:19,t12.2022.06.21;t12.2022.06.28;t12.2022.08.11;t12.2022.08.13,F,V,48,256,48,lda,5,10,0,0.5,30,,held_out,all,secondary_datematch
stage2,T3_modality,6v,nonvocal,F/V,laryngeal,fricative,48,0.534578947368421,0.11736725276737402,0.1733871095443391,,0.265196875,t12.2022.06.23;t12.2022.08.18;t12.2022.08.23;t12.2022.08.25,t12.2022.06.23/test:3;t12.2022.06.23/train:28;t12.2022.08.18/test:1;t12.2022.08.18/train:20;t12.2022.08.23/test:1;t12.2022.08.23/train:19;t12.2022.08.25/test:3;t12.2022.08.25/train:21,t12.2022.06.21;t12.2022.08.13,F,V,48,256,48,lda,5,10,0,0.5,30,,held_out,all,secondary_datematch
stage2,T3_modality,6v,vocal,S/Z,laryngeal,fricative,39,0.5790833333333333,0.12098981247287816,0.3936379388689006,,0.17556666666666668,t12.2022.06.21;t12.2022.06.28;t12.2022.08.11;t12.2022.08.13,t12.2022.06.21/test:18;t12.2022.06.28/test:21;t12.2022.08.11/test:25;t12.2022.08.13/test:14,t12.2022.06.21;t12.2022.06.28;t12.2022.08.11;t12.2022.08.13,S,Z,39,256,39,lda,5,10,0,0.5,30,,held_out,all,secondary_datematch
stage2,T3_modality,6v,nonvocal,S/Z,laryngeal,fricative,39,0.46158333333333323,0.1033376679198399,-0.19265775669000196,,0.26340256410256413,t12.2022.06.23;t12.2022.08.18;t12.2022.08.23;t12.2022.08.25,t12.2022.06.23/test:1;t12.2022.06.23/train:28;t12.2022.08.18/test:2;t12.2022.08.18/train:10;t12.2022.08.23/test:1;t12.2022.08.23/train:21;t12.2022.08.25/test:2;t12.2022.08.25/train:13,t12.2022.06.21;t12.2022.08.13,S,Z,39,256,39,lda,5,10,0,0.5,30,,held_out,all,secondary_datematch
stage2,T3_modality,6v,vocal,TH/DH,laryngeal,fricative,15,0.4766666666666666,0.21346350195447153,-0.1165933294361587,,0.17666666666666667,t12.2022.06.21;t12.2022.06.28;t12.2022.08.11;t12.2022.08.13,t12.2022.06.21/test:9;t12.2022.06.28/test:8;t12.2022.08.11/test:7;t12.2022.08.13/test:6,t12.2022.06.21;t12.2022.06.28;t12.2022.08.11;t12.2022.08.13,DH,TH,15,256,15,lda,5,10,0,0.5,29,,held_out,all,secondary_datematch
stage2,T3_modality,6v,nonvocal,TH/DH,laryngeal,fricative,15,0.4766666666666666,0.2211334438749598,-0.11636732770904942,,0.2700033333333333,t12.2022.06.23;t12.2022.08.18;t12.2022.08.23;t12.2022.08.25,t12.2022.06.23/test:1;t12.2022.06.23/train:7;t12.2022.08.18/test:1;t12.2022.08.18/train:5;t12.2022.08.23/train:5;t12.2022.08.25/train:11,t12.2022.06.21;t12.2022.08.13,DH,TH,15,256,15,lda,5,10,0,0.5,29,,held_out,all,secondary_datematch
stage2,T3_modality,6v,vocal,P/T,place,stop,45,0.69,0.0994366849859128,0.9893570285319875,,0.1745833333333333,t12.2022.06.21;t12.2022.06.28;t12.2022.08.11;t12.2022.08.13,t12.2022.06.21/test:21;t12.2022.06.28/test:24;t12.2022.08.11/test:24;t12.2022.08.13/test:21,t12.2022.06.21;t12.2022.06.28;t12.2022.08.11;t12.2022.08.13,P,T,45,256,45,lda,5,10,0,0.5,30,,held_out,all,secondary_datematch
stage2,T3_modality,6v,nonvocal,P/T,place,stop,45,0.6144444444444445,0.10086661526032324,0.5807142439925943,,0.2694766666666667,t12.2022.06.23;t12.2022.08.18;t12.2022.08.23;t12.2022.08.25,t12.2022.06.23/test:1;t12.2022.06.23/train:16;t12.2022.08.18/test:1;t12.2022.08.18/train:22;t12.2022.08.23/test:1;t12.2022.08.23/train:21;t12.2022.08.25/test:3;t12.2022.08.25/train:25,t12.2022.06.21;t12.2022.08.13,P,T,45,256,45,lda,5,10,0,0.5,30,,held_out,all,secondary_datematch
stage2,T3_modality,6v,vocal,T/K,place,stop,86,0.6435966386554622,0.060306783432355814,0.7356488190530649,,0.1737546511627907,t12.2022.06.21;t12.2022.06.28;t12.2022.08.11;t12.2022.08.13,t12.2022.06.21/test:42;t12.2022.06.28/test:40;t12.2022.08.11/test:48;t12.2022.08.13/test:42,t12.2022.06.21;t12.2022.06.28;t12.2022.08.11;t12.2022.08.13,K,T,86,256,86,lda,5,10,0,0.5,30,,held_out,all,secondary_datematch
stage2,T3_modality,6v,nonvocal,T/K,place,stop,86,0.5748067226890757,0.08229555366283671,0.37779602064997764,,0.2644848837209302,t12.2022.06.23;t12.2022.08.18;t12.2022.08.23;t12.2022.08.25,t12.2022.06.23/test:2;t12.2022.06.23/train:53;t12.2022.08.18/test:6;t12.2022.08.18/train:28;t12.2022.08.23/test:5;t12.2022.08.23/train:40;t12.2022.08.25/test:7;t12.2022.08.25/train:31,t12.2022.06.21;t12.2022.08.13,K,T,86,256,86,lda,5,10,0,0.5,30,,held_out,all,secondary_datematch
stage2,T3_modality,6v,vocal,B/D,place,stop,46,0.6785380116959064,0.08437161736243859,0.9461683759016527,,0.17228804347826088,t12.2022.06.21;t12.2022.06.28;t12.2022.08.11;t12.2022.08.13,t12.2022.06.21/test:24;t12.2022.06.28/test:18;t12.2022.08.11/test:23;t12.2022.08.13/test:27,t12.2022.06.21;t12.2022.06.28;t12.2022.08.11;t12.2022.08.13,B,D,46,256,46,lda,5,10,0,0.5,30,,held_out,all,secondary_datematch
stage2,T3_modality,6v,nonvocal,B/D,place,stop,46,0.6203508771929824,0.07731109163886915,0.6157381500041357,,0.26436195652173916,t12.2022.06.23;t12.2022.08.18;t12.2022.08.23;t12.2022.08.25,t12.2022.06.23/test:2;t12.2022.06.23/train:28;t12.2022.08.18/train:15;t12.2022.08.23/test:2;t12.2022.08.23/train:23;t12.2022.08.25/train:22,t12.2022.06.21;t12.2022.08.13,B,D,46,256,46,lda,5,10,0,0.5,30,,held_out,all,secondary_datematch
stage2,T3_modality,6v,vocal,D/G,place,stop,29,0.4957575757575758,0.1290475101326705,-0.02592912659734159,,0.1759293103448276,t12.2022.06.21;t12.2022.06.28;t12.2022.08.11;t12.2022.08.13,t12.2022.06.21/test:16;t12.2022.06.28/test:16;t12.2022.08.11/test:13;t12.2022.08.13/test:13,t12.2022.06.21;t12.2022.06.28;t12.2022.08.11;t12.2022.08.13,D,G,29,256,29,lda,5,10,0,0.5,30,,held_out,all,secondary_datematch
stage2,T3_modality,6v,nonvocal,D/G,place,stop,29,0.6153030303030304,0.11377052686161362,0.584047669588364,,0.2681896551724138,t12.2022.06.23;t12.2022.08.18;t12.2022.08.23;t12.2022.08.25,t12.2022.06.23/train:7;t12.2022.08.18/test:1;t12.2022.08.18/train:12;t12.2022.08.23/test:3;t12.2022.08.23/train:21;t12.2022.08.25/train:14,t12.2022.06.21;t12.2022.08.13,D,G,29,256,29,lda,5,10,0,0.5,30,,held_out,all,secondary_datematch
stage2,T3_modality,6v,vocal,F/S,place,fricative,48,0.5850526315789474,0.08995757695141376,0.4315139393804066,,0.17527812499999998,t12.2022.06.21;t12.2022.06.28;t12.2022.08.11;t12.2022.08.13,t12.2022.06.21/test:24;t12.2022.06.28/test:23;t12.2022.08.11/test:32;t12.2022.08.13/test:17,t12.2022.06.21;t12.2022.06.28;t12.2022.08.11;t12.2022.08.13,F,S,48,256,48,lda,5,10,0,0.5,30,,held_out,all,secondary_datematch
stage2,T3_modality,6v,nonvocal,F/S,place,fricative,48,0.5357894736842106,0.11325332573250857,0.17743797001985165,,0.26367291666666665,t12.2022.06.23;t12.2022.08.18;t12.2022.08.23;t12.2022.08.25,t12.2022.06.23/test:1;t12.2022.06.23/train:28;t12.2022.08.18/test:2;t12.2022.08.18/train:23;t12.2022.08.23/test:2;t12.2022.08.23/train:13;t12.2022.08.25/test:2;t12.2022.08.25/train:25,t12.2022.06.21;t12.2022.08.13,F,S,48,256,48,lda,5,10,0,0.5,30,,held_out,all,secondary_datematch
stage2,T3_modality,6v,vocal,F/TH,place,fricative,15,0.5966666666666667,0.1946221410266,0.4870231216987061,,0.17496,t12.2022.06.21;t12.2022.06.28;t12.2022.08.11;t12.2022.08.13,t12.2022.06.21/test:9;t12.2022.06.28/test:6;t12.2022.08.11/test:9;t12.2022.08.13/test:6,t12.2022.06.21;t12.2022.06.28;t12.2022.08.11;t12.2022.08.13,F,TH,15,256,15,lda,5,10,0,0.5,29,,held_out,all,secondary_datematch
stage2,T3_modality,6v,nonvocal,F/TH,place,fricative,15,0.6566666666666666,0.16468825769380835,0.8014181843796302,,0.26539999999999997,t12.2022.06.23;t12.2022.08.18;t12.2022.08.23;t12.2022.08.25,t12.2022.06.23/train:8;t12.2022.08.18/test:1;t12.2022.08.18/train:6;t12.2022.08.23/train:9;t12.2022.08.25/test:1;t12.2022.08.25/train:5,t12.2022.06.21;t12.2022.08.13,F,TH,15,256,15,lda,5,10,0,0.5,29,,held_out,all,secondary_datematch
stage2,T3_modality,6v,vocal,V/Z,place,fricative,39,0.7027499999999999,0.11427795670595835,1.06058851257123,,0.17503333333333332,t12.2022.06.21;t12.2022.06.28;t12.2022.08.11;t12.2022.08.13,t12.2022.06.21/test:24;t12.2022.06.28/test:17;t12.2022.08.11/test:19;t12.2022.08.13/test:18,t12.2022.06.21;t12.2022.06.28;t12.2022.08.11;t12.2022.08.13,V,Z,39,256,39,lda,5,10,0,0.5,30,,held_out,all,secondary_datematch
stage2,T3_modality,6v,nonvocal,V/Z,place,fricative,39,0.61725,0.10279432674574561,0.5933809968630468,,0.26945769230769234,t12.2022.06.23;t12.2022.08.18;t12.2022.08.23;t12.2022.08.25,t12.2022.06.23/test:2;t12.2022.06.23/train:23;t12.2022.08.18/test:2;t12.2022.08.18/train:12;t12.2022.08.23/train:13;t12.2022.08.25/test:4;t12.2022.08.25/train:22,t12.2022.06.21;t12.2022.08.13,V,Z,39,256,39,lda,5,10,0,0.5,30,,held_out,all,secondary_datematch
stage2,T3_modality,6v,vocal,M/N,place,nasal,100,0.6444999999999999,0.07336381942074717,0.7488778373208053,,0.174712,t12.2022.06.21;t12.2022.06.28;t12.2022.08.11;t12.2022.08.13,t12.2022.06.21/test:59;t12.2022.06.28/test:46;t12.2022.08.11/test:45;t12.2022.08.13/test:50,t12.2022.06.21;t12.2022.06.28;t12.2022.08.11;t12.2022.08.13,M,N,100,256,100,lda,5,10,0,0.5,30,,held_out,all,secondary_datematch
stage2,T3_modality,6v,nonvocal,M/N,place,nasal,100,0.6974999999999999,0.07862092596758194,1.0339786031941138,,0.268362,t12.2022.06.23;t12.2022.08.18;t12.2022.08.23;t12.2022.08.25,t12.2022.06.23/test:3;t12.2022.06.23/train:54;t12.2022.08.18/test:7;t12.2022.08.18/train:29;t12.2022.08.23/test:1;t12.2022.08.23/train:50;t12.2022.08.25/test:6;t12.2022.08.25/train:50,t12.2022.06.21;t12.2022.08.13,M,N,100,256,100,lda,5,10,0,0.5,30,,held_out,all,secondary_datematch
stage2,T3_modality,6v_sup,vocal,P/B,laryngeal,stop,45,0.5722222222222222,0.11013459778666115,0.36547419693141464,,0.1745611111111111,t12.2022.06.21;t12.2022.06.28;t12.2022.08.11;t12.2022.08.13,t12.2022.06.21/test:26;t12.2022.06.28/test:21;t12.2022.08.11/test:20;t12.2022.08.13/test:23,t12.2022.06.21;t12.2022.06.28;t12.2022.08.11;t12.2022.08.13,B,P,45,128,45,lda,5,10,0,0.5,30,,held_out,all,secondary_datematch
stage2,T3_modality,6v_sup,nonvocal,P/B,laryngeal,stop,45,0.5222222222222223,0.11111111111111112,0.1123952336449701,,0.2602077777777778,t12.2022.06.23;t12.2022.08.18;t12.2022.08.23;t12.2022.08.25,t12.2022.06.23/train:26;t12.2022.08.18/test:3;t12.2022.08.18/train:24;t12.2022.08.23/test:1;t12.2022.08.23/train:20;t12.2022.08.25/train:16,t12.2022.06.21;t12.2022.08.13,B,P,45,128,45,lda,5,10,0,0.5,30,,held_out,all,secondary_datematch
stage2,T3_modality,6v_sup,vocal,T/D,laryngeal,stop,91,0.5230630630630632,0.06093248495406726,0.11563890441098806,,0.1747043956043956,t12.2022.06.21;t12.2022.06.28;t12.2022.08.11;t12.2022.08.13,t12.2022.06.21/test:46;t12.2022.06.28/test:46;t12.2022.08.11/test:48;t12.2022.08.13/test:42,t12.2022.06.21;t12.2022.06.28;t12.2022.08.11;t12.2022.08.13,D,T,91,128,91,lda,5,10,0,0.5,30,,held_out,all,secondary_datematch
stage2,T3_modality,6v_sup,nonvocal,T/D,laryngeal,stop,91,0.49169669669669674,0.060149035070676295,-0.04134802676093923,,0.2644274725274725,t12.2022.06.23;t12.2022.08.18;t12.2022.08.23;t12.2022.08.25,t12.2022.06.23/test:5;t12.2022.06.23/train:47;t12.2022.08.18/test:2;t12.2022.08.18/train:41;t12.2022.08.23/test:4;t12.2022.08.23/train:39;t12.2022.08.25/test:2;t12.2022.08.25/train:42,t12.2022.06.21;t12.2022.08.13,D,T,91,128,91,lda,5,10,0,0.5,30,,held_out,all,secondary_datematch
stage2,T3_modality,6v_sup,vocal,K/G,laryngeal,stop,29,0.4174242424242424,0.11554210073890321,-0.4211815099584823,,0.17474655172413794,t12.2022.06.21;t12.2022.06.28;t12.2022.08.11;t12.2022.08.13,t12.2022.06.21/test:18;t12.2022.06.28/test:13;t12.2022.08.11/test:12;t12.2022.08.13/test:15,t12.2022.06.21;t12.2022.06.28;t12.2022.08.11;t12.2022.08.13,G,K,29,128,29,lda,5,10,0,0.5,30,,held_out,all,secondary_datematch
stage2,T3_modality,6v_sup,nonvocal,K/G,laryngeal,stop,29,0.41727272727272735,0.11191463360881054,-0.41685830600896023,,0.26543275862068966,t12.2022.06.23;t12.2022.08.18;t12.2022.08.23;t12.2022.08.25,t12.2022.06.23/train:12;t12.2022.08.18/test:1;t12.2022.08.18/train:15;t12.2022.08.23/test:2;t12.2022.08.23/train:10;t12.2022.08.25/train:18,t12.2022.06.21;t12.2022.08.13,G,K,29,128,29,lda,5,10,0,0.5,30,,held_out,all,secondary_datematch
stage2,T3_modality,6v_sup,vocal,F/V,laryngeal,fricative,48,0.5177894736842105,0.12010793852825435,0.08872981612444787,,0.174146875,t12.2022.06.21;t12.2022.06.28;t12.2022.08.11;t12.2022.08.13,t12.2022.06.21/test:24;t12.2022.06.28/test:23;t12.2022.08.11/test:26;t12.2022.08.13/test:23,t12.2022.06.21;t12.2022.06.28;t12.2022.08.11;t12.2022.08.13,F,V,48,128,48,lda,5,10,0,0.5,30,,held_out,all,secondary_datematch
stage2,T3_modality,6v_sup,nonvocal,F/V,laryngeal,fricative,48,0.613578947368421,0.09395932402181871,0.5758922978325766,,0.260709375,t12.2022.06.23;t12.2022.08.18;t12.2022.08.23;t12.2022.08.25,t12.2022.06.23/test:2;t12.2022.06.23/train:25;t12.2022.08.18/test:2;t12.2022.08.18/train:30;t12.2022.08.23/test:2;t12.2022.08.23/train:15;t12.2022.08.25/test:1;t12.2022.08.25/train:19,t12.2022.06.21;t12.2022.08.13,F,V,48,128,48,lda,5,10,0,0.5,30,,held_out,all,secondary_datematch
stage2,T3_modality,6v_sup,vocal,S/Z,laryngeal,fricative,39,0.7248333333333333,0.12453792371982297,1.190765592943561,,0.17772948717948717,t12.2022.06.21;t12.2022.06.28;t12.2022.08.11;t12.2022.08.13,t12.2022.06.21/test:22;t12.2022.06.28/test:22;t12.2022.08.11/test:23;t12.2022.08.13/test:11,t12.2022.06.21;t12.2022.06.28;t12.2022.08.11;t12.2022.08.13,S,Z,39,128,39,lda,5,10,0,0.5,30,,held_out,all,secondary_datematch
stage2,T3_modality,6v_sup,nonvocal,S/Z,laryngeal,fricative,39,0.534,0.11734730030507258,0.16813218740257807,,0.2638948717948718,t12.2022.06.23;t12.2022.08.18;t12.2022.08.23;t12.2022.08.25,t12.2022.06.23/test:2;t12.2022.06.23/train:23;t12.2022.08.18/test:2;t12.2022.08.18/train:21;t12.2022.08.23/test:1;t12.2022.08.23/train:8;t12.2022.08.25/test:4;t12.2022.08.25/train:17,t12.2022.06.21;t12.2022.08.13,S,Z,39,128,39,lda,5,10,0,0.5,30,,held_out,all,secondary_datematch
stage2,T3_modality,6v_sup,vocal,TH/DH,laryngeal,fricative,15,0.5,0.17320508075688776,0.0,,0.17180666666666664,t12.2022.06.21;t12.2022.06.28;t12.2022.08.11;t12.2022.08.13,t12.2022.06.21/test:8;t12.2022.06.28/test:6;t12.2022.08.11/test:6;t12.2022.08.13/test:10,t12.2022.06.21;t12.2022.06.28;t12.2022.08.11;t12.2022.08.13,DH,TH,15,128,15,lda,5,10,0,0.5,29,,held_out,all,secondary_datematch
stage2,T3_modality,6v_sup,nonvocal,TH/DH,laryngeal,fricative,15,0.4866666666666667,0.20231987873991358,-0.06855172676939919,,0.26918666666666663,t12.2022.06.23;t12.2022.08.18;t12.2022.08.23;t12.2022.08.25,t12.2022.06.23/train:7;t12.2022.08.18/train:6;t12.2022.08.23/train:8;t12.2022.08.25/test:1;t12.2022.08.25/train:8,t12.2022.06.21;t12.2022.08.13,DH,TH,15,128,15,lda,5,10,0,0.5,29,,held_out,all,secondary_datematch
stage2,T3_modality,6v_sup,vocal,P/T,place,stop,45,0.6088888888888889,0.1024152766382481,0.5516002982480297,,0.17417333333333332,t12.2022.06.21;t12.2022.06.28;t12.2022.08.11;t12.2022.08.13,t12.2022.06.21/test:19;t12.2022.06.28/test:25;t12.2022.08.11/test:24;t12.2022.08.13/test:22,t12.2022.06.21;t12.2022.06.28;t12.2022.08.11;t12.2022.08.13,P,T,45,128,45,lda,5,10,0,0.5,30,,held_out,all,secondary_datematch
stage2,T3_modality,6v_sup,nonvocal,P/T,place,stop,45,0.5166666666666666,0.10015420209622194,0.08348651398904036,,0.26826,t12.2022.06.23;t12.2022.08.18;t12.2022.08.23;t12.2022.08.25,t12.2022.06.23/test:3;t12.2022.06.23/train:19;t12.2022.08.18/test:2;t12.2022.08.18/train:13;t12.2022.08.23/test:2;t12.2022.08.23/train:31;t12.2022.08.25/test:1;t12.2022.08.25/train:19,t12.2022.06.21;t12.2022.08.13,P,T,45,128,45,lda,5,10,0,0.5,30,,held_out,all,secondary_datematch
stage2,T3_modality,6v_sup,vocal,T/K,place,stop,86,0.46218487394957974,0.08324300355831417,-0.18953407365381758,,0.17398662790697675,t12.2022.06.21;t12.2022.06.28;t12.2022.08.11;t12.2022.08.13,t12.2022.06.21/test:40;t12.2022.06.28/test:44;t12.2022.08.11/test:45;t12.2022.08.13/test:43,t12.2022.06.21;t12.2022.06.28;t12.2022.08.11;t12.2022.08.13,K,T,86,128,86,lda,5,10,0,0.5,30,,held_out,all,secondary_datematch
stage2,T3_modality,6v_sup,nonvocal,T/K,place,stop,86,0.5938319327731092,0.08973682146092088,0.4734810925180721,,0.2648232558139535,t12.2022.06.23;t12.2022.08.18;t12.2022.08.23;t12.2022.08.25,t12.2022.06.23/test:2;t12.2022.06.23/train:44;t12.2022.08.18/test:3;t12.2022.08.18/train:39;t12.2022.08.23/test:1;t12.2022.08.23/train:45;t12.2022.08.25/test:3;t12.2022.08.25/train:35,t12.2022.06.21;t12.2022.08.13,K,T,86,128,86,lda,5,10,0,0.5,30,,held_out,all,secondary_datematch
stage2,T3_modality,6v_sup,vocal,B/D,place,stop,46,0.6523391812865498,0.09255529155299459,0.7849926415045985,,0.1742032608695652,t12.2022.06.21;t12.2022.06.28;t12.2022.08.11;t12.2022.08.13,t12.2022.06.21/test:28;t12.2022.06.28/test:20;t12.2022.08.11/test:19;t12.2022.08.13/test:25,t12.2022.06.21;t12.2022.06.28;t12.2022.08.11;t12.2022.08.13,B,D,46,128,46,lda,5,10,0,0.5,30,,held_out,all,secondary_datematch
stage2,T3_modality,6v_sup,nonvocal,B/D,place,stop,46,0.5895906432748539,0.09042562059140835,0.45216443455899147,,0.2630826086956522,t12.2022.06.23;t12.2022.08.18;t12.2022.08.23;t12.2022.08.25,t12.2022.06.23/test:1;t12.2022.06.23/train:23;t12.2022.08.18/test:1;t12.2022.08.18/train:24;t12.2022.08.23/test:1;t12.2022.08.23/train:22;t12.2022.08.25/train:20,t12.2022.06.21;t12.2022.08.13,B,D,46,128,46,lda,5,10,0,0.5,30,,held_out,all,secondary_datematch
stage2,T3_modality,6v_sup,vocal,D/G,place,stop,29,0.49015151515151517,0.1321073978043519,-0.051736835075088236,,0.17535862068965516,t12.2022.06.21;t12.2022.06.28;t12.2022.08.11;t12.2022.08.13,t12.2022.06.21/test:16;t12.2022.06.28/test:14;t12.2022.08.11/test:16;t12.2022.08.13/test:12,t12.2022.06.21;t12.2022.06.28;t12.2022.08.11;t12.2022.08.13,D,G,29,128,29,lda,5,10,0,0.5,30,,held_out,all,secondary_datematch
stage2,T3_modality,6v_sup,nonvocal,D/G,place,stop,29,0.5892424242424242,0.12358742718392945,0.4575350499678611,,0.2663948275862069,t12.2022.06.23;t12.2022.08.18;t12.2022.08.23;t12.2022.08.25,t12.2022.06.23/train:16;t12.2022.08.18/train:11;t12.2022.08.23/test:1;t12.2022.08.23/train:13;t12.2022.08.25/test:1;t12.2022.08.25/train:16,t12.2022.06.21;t12.2022.08.13,D,G,29,128,29,lda,5,10,0,0.5,30,,held_out,all,secondary_datematch
stage2,T3_modality,6v_sup,vocal,F/S,place,fricative,48,0.5325263157894737,0.09846573711216278,0.16172647651293792,,0.17451666666666665,t12.2022.06.21;t12.2022.06.28;t12.2022.08.11;t12.2022.08.13,t12.2022.06.21/test:22;t12.2022.06.28/test:24;t12.2022.08.11/test:30;t12.2022.08.13/test:20,t12.2022.06.21;t12.2022.06.28;t12.2022.08.11;t12.2022.08.13,F,S,48,128,48,lda,5,10,0,0.5,30,,held_out,all,secondary_datematch
stage2,T3_modality,6v_sup,nonvocal,F/S,place,fricative,48,0.6028947368421053,0.09188432146920364,0.522203256153893,,0.2664375,t12.2022.06.23;t12.2022.08.18;t12.2022.08.23;t12.2022.08.25,t12.2022.06.23/test:1;t12.2022.06.23/train:21;t12.2022.08.18/test:3;t12.2022.08.18/train:16;t12.2022.08.23/test:4;t12.2022.08.23/train:28;t12.2022.08.25/test:1;t12.2022.08.25/train:22,t12.2022.06.21;t12.2022.08.13,F,S,48,128,48,lda,5,10,0,0.5,30,,held_out,all,secondary_datematch
stage2,T3_modality,6v_sup,vocal,F/TH,place,fricative,15,0.44,0.1965253729731157,-0.30009290126742205,,0.17144333333333334,t12.2022.06.21;t12.2022.06.28;t12.2022.08.11;t12.2022.08.13,t12.2022.06.21/test:9;t12.2022.06.28/test:4;t12.2022.08.11/test:8;t12.2022.08.13/test:9,t12.2022.06.21;t12.2022.06.28;t12.2022.08.11;t12.2022.08.13,F,TH,15,128,15,lda,5,10,0,0.5,29,,held_out,all,secondary_datematch
stage2,T3_modality,6v_sup,nonvocal,F/TH,place,fricative,15,0.5299999999999999,0.18466185312619388,0.15017077321790379,,0.2627,t12.2022.06.23;t12.2022.08.18;t12.2022.08.23;t12.2022.08.25,t12.2022.06.23/train:12;t12.2022.08.18/train:5;t12.2022.08.23/train:4;t12.2022.08.25/train:9,t12.2022.06.21;t12.2022.08.13,F,TH,15,128,15,lda,5,10,0,0.5,29,,held_out,all,secondary_datematch
stage2,T3_modality,6v_sup,vocal,V/Z,place,fricative,39,0.7019166666666667,0.11436482195150746,1.06061738539193,,0.1764294871794872,t12.2022.06.21;t12.2022.06.28;t12.2022.08.11;t12.2022.08.13,t12.2022.06.21/test:23;t12.2022.06.28/test:20;t12.2022.08.11/test:20;t12.2022.08.13/test:15,t12.2022.06.21;t12.2022.06.28;t12.2022.08.11;t12.2022.08.13,V,Z,39,128,39,lda,5,10,0,0.5,30,,held_out,all,secondary_datematch
stage2,T3_modality,6v_sup,nonvocal,V/Z,place,fricative,39,0.6048333333333332,0.11157446442224633,0.5330669282194622,,0.2679115384615385,t12.2022.06.23;t12.2022.08.18;t12.2022.08.23;t12.2022.08.25,t12.2022.06.23/test:3;t12.2022.06.23/train:16;t12.2022.08.18/test:1;t12.2022.08.18/train:16;t12.2022.08.23/test:1;t12.2022.08.23/train:19;t12.2022.08.25/train:22,t12.2022.06.21;t12.2022.08.13,V,Z,39,128,39,lda,5,10,0,0.5,30,,held_out,all,secondary_datematch
stage2,T3_modality,6v_sup,vocal,M/N,place,nasal,100,0.611,0.06425729530566938,0.564672266130945,,0.17613399999999999,t12.2022.06.21;t12.2022.06.28;t12.2022.08.11;t12.2022.08.13,t12.2022.06.21/test:60;t12.2022.06.28/test:52;t12.2022.08.11/test:44;t12.2022.08.13/test:44,t12.2022.06.21;t12.2022.06.28;t12.2022.08.11;t12.2022.08.13,M,N,100,128,100,lda,5,10,0,0.5,30,,held_out,all,secondary_datematch
stage2,T3_modality,6v_sup,nonvocal,M/N,place,nasal,100,0.6565000000000001,0.0688857750192302,0.8072620346349316,,0.265679,t12.2022.06.23;t12.2022.08.18;t12.2022.08.23;t12.2022.08.25,t12.2022.06.23/test:5;t12.2022.06.23/train:53;t12.2022.08.18/test:2;t12.2022.08.18/train:42;t12.2022.08.23/train:47;t12.2022.08.25/test:1;t12.2022.08.25/train:50,t12.2022.06.21;t12.2022.08.13,M,N,100,128,100,lda,5,10,0,0.5,30,,held_out,all,secondary_datematch
stage2,T3_modality,6v_inf,vocal,P/B,laryngeal,stop,45,0.6255555555555555,0.10411887792682334,0.6404535693981881,,0.17411333333333331,t12.2022.06.21;t12.2022.06.28;t12.2022.08.11;t12.2022.08.13,t12.2022.06.21/test:25;t12.2022.06.28/test:21;t12.2022.08.11/test:20;t12.2022.08.13/test:24,t12.2022.06.21;t12.2022.06.28;t12.2022.08.11;t12.2022.08.13,B,P,45,128,45,lda,5,10,0,0.5,30,,held_out,all,secondary_datematch
stage2,T3_modality,6v_inf,nonvocal,P/B,laryngeal,stop,45,0.5255555555555557,0.10727258460299822,0.12893329662753225,,0.26572111111111113,t12.2022.06.23;t12.2022.08.18;t12.2022.08.23;t12.2022.08.25,t12.2022.06.23/train:24;t12.2022.08.18/test:1;t12.2022.08.18/train:18;t12.2022.08.23/test:1;t12.2022.08.23/train:24;t12.2022.08.25/test:2;t12.2022.08.25/train:20,t12.2022.06.21;t12.2022.08.13,B,P,45,128,45,lda,5,10,0,0.5,30,,held_out,all,secondary_datematch
stage2,T3_modality,6v_inf,vocal,T/D,laryngeal,stop,91,0.5877927927927927,0.0761084155290186,0.444311249378722,,0.17512637362637362,t12.2022.06.21;t12.2022.06.28;t12.2022.08.11;t12.2022.08.13,t12.2022.06.21/test:46;t12.2022.06.28/test:49;t12.2022.08.11/test:45;t12.2022.08.13/test:42,t12.2022.06.21;t12.2022.06.28;t12.2022.08.11;t12.2022.08.13,D,T,91,128,91,lda,5,10,0,0.5,30,,held_out,all,secondary_datematch
stage2,T3_modality,6v_inf,nonvocal,T/D,laryngeal,stop,91,0.5660660660660661,0.0751468125726982,0.33182499888043915,,0.2674021978021978,t12.2022.06.23;t12.2022.08.18;t12.2022.08.23;t12.2022.08.25,t12.2022.06.23/test:5;t12.2022.06.23/train:44;t12.2022.08.18/test:1;t12.2022.08.18/train:32;t12.2022.08.23/test:7;t12.2022.08.23/train:40;t12.2022.08.25/test:4;t12.2022.08.25/train:49,t12.2022.06.21;t12.2022.08.13,D,T,91,128,91,lda,5,10,0,0.5,30,,held_out,all,secondary_datematch
stage2,T3_modality,6v_inf,vocal,K/G,laryngeal,stop,29,0.5745454545454546,0.12552333057939022,0.37282837989846573,,0.17449310344827584,t12.2022.06.21;t12.2022.06.28;t12.2022.08.11;t12.2022.08.13,t12.2022.06.21/test:17;t12.2022.06.28/test:14;t12.2022.08.11/test:11;t12.2022.08.13/test:16,t12.2022.06.21;t12.2022.06.28;t12.2022.08.11;t12.2022.08.13,G,K,29,128,29,lda,5,10,0,0.5,30,,held_out,all,secondary_datematch
stage2,T3_modality,6v_inf,nonvocal,K/G,laryngeal,stop,29,0.37121212121212127,0.11964901225696747,-0.6577095145407237,,0.26425344827586206,t12.2022.06.23;t12.2022.08.18;t12.2022.08.23;t12.2022.08.25,t12.2022.06.23/test:3;t12.2022.06.23/train:18;t12.2022.08.18/train:8;t12.2022.08.23/test:2;t12.2022.08.23/train:14;t12.2022.08.25/train:13,t12.2022.06.21;t12.2022.08.13,G,K,29,128,29,lda,5,10,0,0.5,30,,held_out,all,secondary_datematch
stage2,T3_modality,6v_inf,vocal,F/V,laryngeal,fricative,48,0.5458421052631579,0.11552012931523367,0.23011790486054362,,0.17559479166666667,t12.2022.06.21;t12.2022.06.28;t12.2022.08.11;t12.2022.08.13,t12.2022.06.21/test:27;t12.2022.06.28/test:23;t12.2022.08.11/test:27;t12.2022.08.13/test:19,t12.2022.06.21;t12.2022.06.28;t12.2022.08.11;t12.2022.08.13,F,V,48,128,48,lda,5,10,0,0.5,30,,held_out,all,secondary_datematch
stage2,T3_modality,6v_inf,nonvocal,F/V,laryngeal,fricative,48,0.6375263157894737,0.10323011703815854,0.7112667490134587,,0.2608322916666667,t12.2022.06.23;t12.2022.08.18;t12.2022.08.23;t12.2022.08.25,t12.2022.06.23/test:1;t12.2022.06.23/train:30;t12.2022.08.18/test:4;t12.2022.08.18/train:26;t12.2022.08.23/train:14;t12.2022.08.25/test:1;t12.2022.08.25/train:20,t12.2022.06.21;t12.2022.08.13,F,V,48,128,48,lda,5,10,0,0.5,30,,held_out,all,secondary_datematch
stage2,T3_modality,6v_inf,vocal,S/Z,laryngeal,fricative,39,0.5290833333333333,0.0989686047300972,0.1475833099391512,,0.1774974358974359,t12.2022.06.21;t12.2022.06.28;t12.2022.08.11;t12.2022.08.13,t12.2022.06.21/test:22;t12.2022.06.28/test:22;t12.2022.08.11/test:22;t12.2022.08.13/test:12,t12.2022.06.21;t12.2022.06.28;t12.2022.08.11;t12.2022.08.13,S,Z,39,128,39,lda,5,10,0,0.5,30,,held_out,all,secondary_datematch
stage2,T3_modality,6v_inf,nonvocal,S/Z,laryngeal,fricative,39,0.6091666666666667,0.11405408073950414,0.5565445758293679,,0.2652012820512821,t12.2022.06.23;t12.2022.08.18;t12.2022.08.23;t12.2022.08.25,t12.2022.06.23/test:3;t12.2022.06.23/train:20;t12.2022.08.18/train:19;t12.2022.08.23/test:1;t12.2022.08.23/train:12;t12.2022.08.25/train:23,t12.2022.06.21;t12.2022.08.13,S,Z,39,128,39,lda,5,10,0,0.5,30,,held_out,all,secondary_datematch
stage2,T3_modality,6v_inf,vocal,TH/DH,laryngeal,fricative,15,0.5666666666666667,0.2,0.33938070397283027,,0.17021333333333333,t12.2022.06.21;t12.2022.06.28;t12.2022.08.11;t12.2022.08.13,t12.2022.06.21/test:7;t12.2022.06.28/test:5;t12.2022.08.11/test:8;t12.2022.08.13/test:10,t12.2022.06.21;t12.2022.06.28;t12.2022.08.11;t12.2022.08.13,DH,TH,15,128,15,lda,5,10,0,0.5,29,,held_out,all,secondary_datematch
stage2,T3_modality,6v_inf,nonvocal,TH/DH,laryngeal,fricative,15,0.5033333333333333,0.24149994248906612,0.016730219196037607,,0.2725733333333334,t12.2022.06.23;t12.2022.08.18;t12.2022.08.23;t12.2022.08.25,t12.2022.06.23/test:1;t12.2022.06.23/train:3;t12.2022.08.18/test:2;t12.2022.08.18/train:8;t12.2022.08.23/train:5;t12.2022.08.25/test:1;t12.2022.08.25/train:10,t12.2022.06.21;t12.2022.08.13,DH,TH,15,128,15,lda,5,10,0,0.5,29,,held_out,all,secondary_datematch
stage2,T3_modality,6v_inf,vocal,P/T,place,stop,45,0.6022222222222222,0.09051294157518357,0.5201365020591626,,0.17454111111111112,t12.2022.06.21;t12.2022.06.28;t12.2022.08.11;t12.2022.08.13,t12.2022.06.21/test:19;t12.2022.06.28/test:27;t12.2022.08.11/test:21;t12.2022.08.13/test:23,t12.2022.06.21;t12.2022.06.28;t12.2022.08.11;t12.2022.08.13,P,T,45,128,45,lda,5,10,0,0.5,30,,held_out,all,secondary_datematch
stage2,T3_modality,6v_inf,nonvocal,P/T,place,stop,45,0.5744444444444444,0.09532918923911843,0.37709817836646087,,0.26619333333333334,t12.2022.06.23;t12.2022.08.18;t12.2022.08.23;t12.2022.08.25,t12.2022.06.23/test:4;t12.2022.06.23/train:22;t12.2022.08.18/train:16;t12.2022.08.23/test:1;t12.2022.08.23/train:28;t12.2022.08.25/train:19,t12.2022.06.21;t12.2022.08.13,P,T,45,128,45,lda,5,10,0,0.5,30,,held_out,all,secondary_datematch
stage2,T3_modality,6v_inf,vocal,T/K,place,stop,86,0.6297983193277311,0.07229903808088871,0.6623783930570977,,0.17487558139534884,t12.2022.06.21;t12.2022.06.28;t12.2022.08.11;t12.2022.08.13,t12.2022.06.21/test:38;t12.2022.06.28/test:51;t12.2022.08.11/test:41;t12.2022.08.13/test:42,t12.2022.06.21;t12.2022.06.28;t12.2022.08.11;t12.2022.08.13,K,T,86,128,86,lda,5,10,0,0.5,30,,held_out,all,secondary_datematch
stage2,T3_modality,6v_inf,nonvocal,T/K,place,stop,86,0.6381008403361345,0.07496054749353848,0.7074183007091753,,0.2655063953488372,t12.2022.06.23;t12.2022.08.18;t12.2022.08.23;t12.2022.08.25,t12.2022.06.23/test:2;t12.2022.06.23/train:48;t12.2022.08.18/test:9;t12.2022.08.18/train:26;t12.2022.08.23/test:5;t12.2022.08.23/train:36;t12.2022.08.25/test:2;t12.2022.08.25/train:44,t12.2022.06.21;t12.2022.08.13,K,T,86,128,86,lda,5,10,0,0.5,30,,held_out,all,secondary_datematch
stage2,T3_modality,6v_inf,vocal,B/D,place,stop,46,0.6412865497076023,0.08721382629025548,0.7243177941373059,,0.17331195652173914,t12.2022.06.21;t12.2022.06.28;t12.2022.08.11;t12.2022.08.13,t12.2022.06.21/test:22;t12.2022.06.28/test:22;t12.2022.08.11/test:23;t12.2022.08.13/test:25,t12.2022.06.21;t12.2022.06.28;t12.2022.08.11;t12.2022.08.13,B,D,46,128,46,lda,5,10,0,0.5,30,,held_out,all,secondary_datematch
stage2,T3_modality,6v_inf,nonvocal,B/D,place,stop,46,0.5628654970760235,0.08338871659155145,0.3173789795458921,,0.26290108695652176,t12.2022.06.23;t12.2022.08.18;t12.2022.08.23;t12.2022.08.25,t12.2022.06.23/test:1;t12.2022.06.23/train:28;t12.2022.08.18/train:19;t12.2022.08.23/test:2;t12.2022.08.23/train:20;t12.2022.08.25/train:22,t12.2022.06.21;t12.2022.08.13,B,D,46,128,46,lda,5,10,0,0.5,30,,held_out,all,secondary_datematch
stage2,T3_modality,6v_inf,vocal,D/G,place,stop,29,0.6246969696969696,0.1356480381955425,0.6348902467174447,,0.17763793103448275,t12.2022.06.21;t12.2022.06.28;t12.2022.08.11;t12.2022.08.13,t12.2022.06.21/test:21;t12.2022.06.28/test:12;t12.2022.08.11/test:17;t12.2022.08.13/test:8,t12.2022.06.21;t12.2022.06.28;t12.2022.08.11;t12.2022.08.13,D,G,29,128,29,lda,5,10,0,0.5,30,,held_out,all,secondary_datematch
stage2,T3_modality,6v_inf,nonvocal,D/G,place,stop,29,0.6984848484848485,0.09884549351697026,1.0371157476677086,,0.26170689655172413,t12.2022.06.23;t12.2022.08.18;t12.2022.08.23;t12.2022.08.25,t12.2022.06.23/test:1;t12.2022.06.23/train:18;t12.2022.08.18/train:15;t12.2022.08.23/train:11;t12.2022.08.25/train:13,t12.2022.06.21;t12.2022.08.13,D,G,29,128,29,lda,5,10,0,0.5,30,,held_out,all,secondary_datematch
stage2,T3_modality,6v_inf,vocal,F/S,place,fricative,48,0.5252105263157895,0.10947126768587939,0.1254415874234414,,0.176096875,t12.2022.06.21;t12.2022.06.28;t12.2022.08.11;t12.2022.08.13,t12.2022.06.21/test:31;t12.2022.06.28/test:20;t12.2022.08.11/test:28;t12.2022.08.13/test:17,t12.2022.06.21;t12.2022.06.28;t12.2022.08.11;t12.2022.08.13,F,S,48,128,48,lda,5,10,0,0.5,30,,held_out,all,secondary_datematch
stage2,T3_modality,6v_inf,nonvocal,F/S,place,fricative,48,0.5748947368421053,0.09025235473175224,0.38003284309088675,,0.2609927083333333,t12.2022.06.23;t12.2022.08.18;t12.2022.08.23;t12.2022.08.25,t12.2022.06.23/train:33;t12.2022.08.18/test:1;t12.2022.08.18/train:23;t12.2022.08.23/test:2;t12.2022.08.23/train:12;t12.2022.08.25/test:1;t12.2022.08.25/train:24,t12.2022.06.21;t12.2022.08.13,F,S,48,128,48,lda,5,10,0,0.5,30,,held_out,all,secondary_datematch
stage2,T3_modality,6v_inf,vocal,F/TH,place,fricative,15,0.5866666666666667,0.2034152840318981,0.4360189018036053,,0.16947333333333334,t12.2022.06.21;t12.2022.06.28;t12.2022.08.11;t12.2022.08.13,t12.2022.06.21/test:6;t12.2022.06.28/test:5;t12.2022.08.11/test:9;t12.2022.08.13/test:10,t12.2022.06.21;t12.2022.06.28;t12.2022.08.11;t12.2022.08.13,F,TH,15,128,15,lda,5,10,0,0.5,29,,held_out,all,secondary_datematch
stage2,T3_modality,6v_inf,nonvocal,F/TH,place,fricative,15,0.53,0.18764623926716759,0.15343241502570784,,0.26577666666666666,t12.2022.06.23;t12.2022.08.18;t12.2022.08.23;t12.2022.08.25,t12.2022.06.23/train:8;t12.2022.08.18/train:6;t12.2022.08.23/test:1;t12.2022.08.23/train:7;t12.2022.08.25/test:1;t12.2022.08.25/train:7,t12.2022.06.21;t12.2022.08.13,F,TH,15,128,15,lda,5,10,0,0.5,29,,held_out,all,secondary_datematch
stage2,T3_modality,6v_inf,vocal,V/Z,place,fricative,39,0.6662500000000001,0.10018472521630564,0.8594504232981073,,0.17686794871794873,t12.2022.06.21;t12.2022.06.28;t12.2022.08.11;t12.2022.08.13,t12.2022.06.21/test:28;t12.2022.06.28/test:17;t12.2022.08.11/test:18;t12.2022.08.13/test:15,t12.2022.06.21;t12.2022.06.28;t12.2022.08.11;t12.2022.08.13,V,Z,39,128,39,lda,5,10,0,0.5,30,,held_out,all,secondary_datematch
stage2,T3_modality,6v_inf,nonvocal,V/Z,place,fricative,39,0.50475,0.1206061369822356,0.025643958647073733,,0.260574358974359,t12.2022.06.23;t12.2022.08.18;t12.2022.08.23;t12.2022.08.25,t12.2022.06.23/test:3;t12.2022.06.23/train:22;t12.2022.08.18/test:1;t12.2022.08.18/train:19;t12.2022.08.23/test:3;t12.2022.08.23/train:16;t12.2022.08.25/train:14,t12.2022.06.21;t12.2022.08.13,V,Z,39,128,39,lda,5,10,0,0.5,30,,held_out,all,secondary_datematch
stage2,T3_modality,6v_inf,vocal,M/N,place,nasal,100,0.687,0.0658103335350916,0.9755524183039561,,0.1757105,t12.2022.06.21;t12.2022.06.28;t12.2022.08.11;t12.2022.08.13,t12.2022.06.21/test:57;t12.2022.06.28/test:52;t12.2022.08.11/test:46;t12.2022.08.13/test:45,t12.2022.06.21;t12.2022.06.28;t12.2022.08.11;t12.2022.08.13,M,N,100,128,100,lda,5,10,0,0.5,30,,held_out,all,secondary_datematch
stage2,T3_modality,6v_inf,nonvocal,M/N,place,nasal,100,0.6855,0.06501730538864249,0.9687977544408344,,0.2656475,t12.2022.06.23;t12.2022.08.18;t12.2022.08.23;t12.2022.08.25,t12.2022.06.23/test:2;t12.2022.06.23/train:52;t12.2022.08.18/test:1;t12.2022.08.18/train:41;t12.2022.08.23/test:5;t12.2022.08.23/train:52;t12.2022.08.25/test:7;t12.2022.08.25/train:40,t12.2022.06.21;t12.2022.08.13,M,N,100,128,100,lda,5,10,0,0.5,30,,held_out,all,secondary_datematch
stage2,T3_modality,6v,vocal,P/B,laryngeal,stop,259,0.6438106796116506,0.043679829441202606,0.7376780609479408,,0.18888166023166023,t12.2022.04.28;t12.2022.05.05;t12.2022.05.17;t12.2022.05.19;t12.2022.05.24;t12.2022.05.26;t12.2022.06.02;t12.2022.06.07;t12.2022.06.14;t12.2022.06.16;t12.2022.06.21;t12.2022.06.28;t12.2022.07.05;t12.2022.07.14;t12.2022.07.21;t12.2022.07.27;t12.2022.07.29;t12.2022.08.02;t12.2022.08.11;t12.2022.08.13,t12.2022.04.28/test:23;t12.2022.05.05/test:23;t12.2022.05.17/test:17;t12.2022.05.19/test:10;t12.2022.05.24/test:24;t12.2022.05.26/test:25;t12.2022.06.02/test:26;t12.2022.06.07/test:20;t12.2022.06.14/test:26;t12.2022.06.16/test:23;t12.2022.06.21/test:25;t12.2022.06.28/test:18;t12.2022.07.05/test:17;t12.2022.07.14/test:18;t12.2022.07.21/test:21;t12.2022.07.27/test:16;t12.2022.07.29/test:18;t12.2022.07.29/train:105;t12.2022.08.02/test:23;t12.2022.08.11/test:18;t12.2022.08.13/test:22,t12.2022.04.28;t12.2022.05.05;t12.2022.05.17;t12.2022.05.19;t12.2022.05.24;t12.2022.05.26;t12.2022.06.02;t12.2022.06.07;t12.2022.06.14;t12.2022.06.16;t12.2022.06.21;t12.2022.06.28;t12.2022.07.05;t12.2022.07.14;t12.2022.07.21;t12.2022.07.27;t12.2022.08.02;t12.2022.08.11;t12.2022.08.13,B,P,259,256,259,lda,5,10,0,0.5,30,,held_out,all,tertiary_allvocal
stage2,T3_modality,6v,nonvocal,P/B,laryngeal,stop,259,0.6390459297983571,0.05371804927713683,0.7114034960120282,,0.2657772200772201,t12.2022.06.23;t12.2022.08.18;t12.2022.08.23;t12.2022.08.25,t12.2022.06.23/test:9;t12.2022.06.23/train:125;t12.2022.08.18/test:13;t12.2022.08.18/train:112;t12.2022.08.23/test:6;t12.2022.08.23/train:126;t12.2022.08.25/test:8;t12.2022.08.25/train:119,t12.2022.06.21;t12.2022.08.13,B,P,259,256,259,lda,5,10,0,0.5,30,,held_out,all,tertiary_allvocal
stage2,T3_modality,6v,vocal,T/D,laryngeal,stop,300,0.5471666666666667,0.036613977294652565,0.2370326542530396,,0.18475583333333334,t12.2022.04.28;t12.2022.05.05;t12.2022.05.17;t12.2022.05.19;t12.2022.05.24;t12.2022.05.26;t12.2022.06.02;t12.2022.06.07;t12.2022.06.14;t12.2022.06.16;t12.2022.06.21;t12.2022.06.28;t12.2022.07.05;t12.2022.07.14;t12.2022.07.21;t12.2022.07.27;t12.2022.07.29;t12.2022.08.02;t12.2022.08.11;t12.2022.08.13,t12.2022.04.28/test:20;t12.2022.05.05/test:20;t12.2022.05.17/test:13;t12.2022.05.19/test:11;t12.2022.05.24/test:24;t12.2022.05.26/test:32;t12.2022.06.02/test:30;t12.2022.06.07/test:21;t12.2022.06.14/test:24;t12.2022.06.16/test:21;t12.2022.06.21/test:29;t12.2022.06.28/test:28;t12.2022.07.05/test:23;t12.2022.07.14/test:31;t12.2022.07.21/test:17;t12.2022.07.27/test:32;t12.2022.07.29/test:20;t12.2022.07.29/train:126;t12.2022.08.02/test:30;t12.2022.08.11/test:28;t12.2022.08.13/test:20,t12.2022.04.28;t12.2022.05.05;t12.2022.05.17;t12.2022.05.19;t12.2022.05.24;t12.2022.05.26;t12.2022.06.02;t12.2022.06.07;t12.2022.06.14;t12.2022.06.16;t12.2022.06.21;t12.2022.06.28;t12.2022.07.05;t12.2022.07.14;t12.2022.07.21;t12.2022.07.27;t12.2022.08.02;t12.2022.08.11;t12.2022.08.13,D,T,300,256,300,lda,5,10,0,0.5,30,,held_out,all,tertiary_allvocal
stage2,T3_modality,6v,nonvocal,T/D,laryngeal,stop,300,0.5798333333333333,0.04120039104453042,0.4032333428386534,,0.2642791666666667,t12.2022.06.23;t12.2022.08.18;t12.2022.08.23;t12.2022.08.25,t12.2022.06.23/test:8;t12.2022.06.23/train:149;t12.2022.08.18/test:13;t12.2022.08.18/train:130;t12.2022.08.23/test:24;t12.2022.08.23/train:126;t12.2022.08.25/test:8;t12.2022.08.25/train:142,t12.2022.06.21;t12.2022.08.13,D,T,300,256,300,lda,5,10,0,0.5,30,,held_out,all,tertiary_allvocal
stage2,T3_modality,6v,vocal,K/G,laryngeal,stop,167,0.6065219357756672,0.05651784364591083,0.5425978597412043,,0.1828562874251497,t12.2022.04.28;t12.2022.05.05;t12.2022.05.17;t12.2022.05.19;t12.2022.05.24;t12.2022.05.26;t12.2022.06.02;t12.2022.06.07;t12.2022.06.14;t12.2022.06.16;t12.2022.06.21;t12.2022.06.28;t12.2022.07.05;t12.2022.07.14;t12.2022.07.21;t12.2022.07.27;t12.2022.07.29;t12.2022.08.02;t12.2022.08.11;t12.2022.08.13,t12.2022.04.28/test:9;t12.2022.05.05/test:6;t12.2022.05.17/test:10;t12.2022.05.19/test:5;t12.2022.05.24/test:18;t12.2022.05.26/test:14;t12.2022.06.02/test:11;t12.2022.06.07/test:12;t12.2022.06.14/test:15;t12.2022.06.16/test:17;t12.2022.06.21/test:16;t12.2022.06.28/test:15;t12.2022.07.05/test:15;t12.2022.07.14/test:18;t12.2022.07.21/test:20;t12.2022.07.27/test:18;t12.2022.07.29/test:10;t12.2022.07.29/train:71;t12.2022.08.02/test:11;t12.2022.08.11/test:12;t12.2022.08.13/test:11,t12.2022.04.28;t12.2022.05.05;t12.2022.05.17;t12.2022.05.19;t12.2022.05.24;t12.2022.05.26;t12.2022.06.02;t12.2022.06.07;t12.2022.06.14;t12.2022.06.16;t12.2022.06.21;t12.2022.06.28;t12.2022.07.05;t12.2022.07.14;t12.2022.07.21;t12.2022.07.27;t12.2022.08.02;t12.2022.08.11;t12.2022.08.13,G,K,167,256,167,lda,5,10,0,0.5,30,,held_out,all,tertiary_allvocal
stage2,T3_modality,6v,nonvocal,K/G,laryngeal,stop,167,0.6266938037087291,0.05629316781905333,0.6455941347487701,,0.26543892215568865,t12.2022.06.23;t12.2022.08.18;t12.2022.08.23;t12.2022.08.25,t12.2022.06.23/test:3;t12.2022.06.23/train:79;t12.2022.08.18/test:4;t12.2022.08.18/train:74;t12.2022.08.23/test:8;t12.2022.08.23/train:83;t12.2022.08.25/test:5;t12.2022.08.25/train:78,t12.2022.06.21;t12.2022.08.13,G,K,167,256,167,lda,5,10,0,0.5,30,,held_out,all,tertiary_allvocal
stage2,T3_modality,6v,vocal,F/V,laryngeal,fricative,256,0.613447553778793,0.03873249213357975,0.5773805814216264,,0.186770703125,t12.2022.04.28;t12.2022.05.05;t12.2022.05.17;t12.2022.05.19;t12.2022.05.24;t12.2022.05.26;t12.2022.06.02;t12.2022.06.07;t12.2022.06.14;t12.2022.06.16;t12.2022.06.21;t12.2022.06.28;t12.2022.07.05;t12.2022.07.14;t12.2022.07.21;t12.2022.07.27;t12.2022.07.29;t12.2022.08.02;t12.2022.08.11;t12.2022.08.13,t12.2022.04.28/test:17;t12.2022.05.05/test:18;t12.2022.05.17/test:15;t12.2022.05.19/test:11;t12.2022.05.24/test:33;t12.2022.05.26/test:17;t12.2022.06.02/test:14;t12.2022.06.07/test:23;t12.2022.06.14/test:27;t12.2022.06.16/test:22;t12.2022.06.21/test:27;t12.2022.06.28/test:21;t12.2022.07.05/test:13;t12.2022.07.14/test:20;t12.2022.07.21/test:22;t12.2022.07.27/test:18;t12.2022.07.29/test:15;t12.2022.07.29/train:109;t12.2022.08.02/test:17;t12.2022.08.11/test:28;t12.2022.08.13/test:25,t12.2022.04.28;t12.2022.05.05;t12.2022.05.17;t12.2022.05.19;t12.2022.05.24;t12.2022.05.26;t12.2022.06.02;t12.2022.06.07;t12.2022.06.14;t12.2022.06.16;t12.2022.06.21;t12.2022.06.28;t12.2022.07.05;t12.2022.07.14;t12.2022.07.21;t12.2022.07.27;t12.2022.08.02;t12.2022.08.11;t12.2022.08.13,F,V,256,256,256,lda,5,10,0,0.5,30,,held_out,all,tertiary_allvocal
stage2,T3_modality,6v,nonvocal,F/V,laryngeal,fricative,256,0.6886731391585761,0.040627625341350754,0.9844561783828851,,0.263875390625,t12.2022.06.23;t12.2022.08.18;t12.2022.08.23;t12.2022.08.25,t12.2022.06.23/test:9;t12.2022.06.23/train:118;t12.2022.08.18/test:10;t12.2022.08.18/train:137;t12.2022.08.23/test:13;t12.2022.08.23/train:105;t12.2022.08.25/test:9;t12.2022.08.25/train:111,t12.2022.06.21;t12.2022.08.13,F,V,256,256,256,lda,5,10,0,0.5,30,,held_out,all,tertiary_allvocal
stage2,T3_modality,6v,vocal,S/Z,laryngeal,fricative,300,0.633,0.033248224681093036,0.6795775704981155,,0.18624566666666667,t12.2022.04.28;t12.2022.05.05;t12.2022.05.17;t12.2022.05.19;t12.2022.05.24;t12.2022.05.26;t12.2022.06.02;t12.2022.06.07;t12.2022.06.14;t12.2022.06.16;t12.2022.06.21;t12.2022.06.28;t12.2022.07.05;t12.2022.07.14;t12.2022.07.21;t12.2022.07.27;t12.2022.07.29;t12.2022.08.02;t12.2022.08.11;t12.2022.08.13,t12.2022.04.28/test:21;t12.2022.05.05/test:19;t12.2022.05.17/test:13;t12.2022.05.19/test:12;t12.2022.05.24/test:28;t12.2022.05.26/test:28;t12.2022.06.02/test:26;t12.2022.06.07/test:24;t12.2022.06.14/test:39;t12.2022.06.16/test:23;t12.2022.06.21/test:25;t12.2022.06.28/test:23;t12.2022.07.05/test:19;t12.2022.07.14/test:28;t12.2022.07.21/test:31;t12.2022.07.27/test:23;t12.2022.07.29/test:30;t12.2022.07.29/train:129;t12.2022.08.02/test:20;t12.2022.08.11/test:23;t12.2022.08.13/test:16,t12.2022.04.28;t12.2022.05.05;t12.2022.05.17;t12.2022.05.19;t12.2022.05.24;t12.2022.05.26;t12.2022.06.02;t12.2022.06.07;t12.2022.06.14;t12.2022.06.16;t12.2022.06.21;t12.2022.06.28;t12.2022.07.05;t12.2022.07.14;t12.2022.07.21;t12.2022.07.27;t12.2022.08.02;t12.2022.08.11;t12.2022.08.13,S,Z,300,256,300,lda,5,10,0,0.5,30,,held_out,all,tertiary_allvocal
stage2,T3_modality,6v,nonvocal,S/Z,laryngeal,fricative,300,0.6003333333333334,0.041128524840499156,0.5087990810228059,,0.2655371666666667,t12.2022.06.23;t12.2022.08.18;t12.2022.08.23;t12.2022.08.25,t12.2022.06.23/test:14;t12.2022.06.23/train:156;t12.2022.08.18/test:12;t12.2022.08.18/train:131;t12.2022.08.23/test:9;t12.2022.08.23/train:121;t12.2022.08.25/test:13;t12.2022.08.25/train:144,t12.2022.06.21;t12.2022.08.13,S,Z,300,256,300,lda,5,10,0,0.5,30,,held_out,all,tertiary_allvocal
stage2,T3_modality,6v,vocal,SH/ZH,laryngeal,fricative,41,0.6009558823529413,0.09657356972025063,0.5195634986783495,,0.20622560975609755,t12.2022.04.28;t12.2022.05.05;t12.2022.05.17;t12.2022.05.19;t12.2022.05.24;t12.2022.05.26;t12.2022.06.02;t12.2022.06.07;t12.2022.06.14;t12.2022.06.16;t12.2022.06.21;t12.2022.06.28;t12.2022.07.14;t12.2022.07.21;t12.2022.07.27;t12.2022.07.29;t12.2022.08.02,t12.2022.04.28/test:6;t12.2022.05.05/test:10;t12.2022.05.17/test:5;t12.2022.05.19/test:2;t12.2022.05.24/test:4;t12.2022.05.26/test:6;t12.2022.06.02/test:4;t12.2022.06.07/test:3;t12.2022.06.14/test:6;t12.2022.06.16/test:5;t12.2022.06.21/test:1;t12.2022.06.28/test:5;t12.2022.07.14/test:1;t12.2022.07.21/test:1;t12.2022.07.27/test:1;t12.2022.07.29/test:5;t12.2022.07.29/train:16;t12.2022.08.02/test:1,t12.2022.04.28;t12.2022.05.05;t12.2022.05.17;t12.2022.05.19;t12.2022.05.24;t12.2022.05.26;t12.2022.06.02;t12.2022.06.07;t12.2022.06.14;t12.2022.06.16;t12.2022.06.21;t12.2022.06.28;t12.2022.07.14;t12.2022.07.21;t12.2022.07.27;t12.2022.08.02,SH,ZH,41,256,41,lda,5,10,0,0.5,30,,held_out,all,tertiary_allvocal
stage2,T3_modality,6v,nonvocal,SH/ZH,laryngeal,fricative,41,0.5352205882352942,0.09924316215016536,0.1772848368344126,,0.26002317073170733,t12.2022.06.23;t12.2022.08.18;t12.2022.08.23;t12.2022.08.25,t12.2022.06.23/test:1;t12.2022.06.23/train:32;t12.2022.08.18/test:1;t12.2022.08.18/train:15;t12.2022.08.23/test:1;t12.2022.08.23/train:15;t12.2022.08.25/train:17,t12.2022.06.21;t12.2022.08.13,SH,ZH,41,256,41,lda,5,10,0,0.5,30,,held_out,all,tertiary_allvocal
stage2,T3_modality,6v,vocal,CH/JH,laryngeal,affricate,47,0.6760233918128654,0.1,0.9143773257998933,,0.1815276595744681,t12.2022.04.28;t12.2022.05.05;t12.2022.05.17;t12.2022.05.19;t12.2022.05.24;t12.2022.05.26;t12.2022.06.02;t12.2022.06.07;t12.2022.06.14;t12.2022.06.16;t12.2022.06.21;t12.2022.06.28;t12.2022.07.05;t12.2022.07.14;t12.2022.07.21;t12.2022.07.27;t12.2022.07.29;t12.2022.08.02;t12.2022.08.11;t12.2022.08.13,t12.2022.04.28/test:3;t12.2022.05.05/test:2;t12.2022.05.17/test:2;t12.2022.05.19/test:1;t12.2022.05.24/test:6;t12.2022.05.26/test:4;t12.2022.06.02/test:6;t12.2022.06.07/test:4;t12.2022.06.14/test:3;t12.2022.06.16/test:7;t12.2022.06.21/test:4;t12.2022.06.28/test:2;t12.2022.07.05/test:2;t12.2022.07.14/test:7;t12.2022.07.21/test:5;t12.2022.07.27/test:4;t12.2022.07.29/test:1;t12.2022.07.29/train:19;t12.2022.08.02/test:3;t12.2022.08.11/test:5;t12.2022.08.13/test:4,t12.2022.04.28;t12.2022.05.05;t12.2022.05.17;t12.2022.05.19;t12.2022.05.24;t12.2022.05.26;t12.2022.06.02;t12.2022.06.07;t12.2022.06.14;t12.2022.06.16;t12.2022.06.21;t12.2022.06.28;t12.2022.07.05;t12.2022.07.14;t12.2022.07.21;t12.2022.07.27;t12.2022.08.02;t12.2022.08.11;t12.2022.08.13,CH,JH,47,256,47,lda,5,10,0,0.5,30,,held_out,all,tertiary_allvocal
stage2,T3_modality,6v,nonvocal,CH/JH,laryngeal,affricate,47,0.6442105263157895,0.09275495357706977,0.7350125827849345,,0.26046595744680856,t12.2022.06.23;t12.2022.08.18;t12.2022.08.23;t12.2022.08.25,t12.2022.06.23/test:1;t12.2022.06.23/train:28;t12.2022.08.18/test:1;t12.2022.08.18/train:20;t12.2022.08.23/test:4;t12.2022.08.23/train:24;t12.2022.08.25/train:16,t12.2022.06.21;t12.2022.08.13,CH,JH,47,256,47,lda,5,10,0,0.5,30,,held_out,all,tertiary_allvocal
stage2,T3_modality,6v,vocal,TH/DH,laryngeal,fricative,93,0.701465149359886,0.07130401197632032,1.0636516286181121,,0.18121881720430105,t12.2022.04.28;t12.2022.05.05;t12.2022.05.17;t12.2022.05.19;t12.2022.05.24;t12.2022.05.26;t12.2022.06.02;t12.2022.06.07;t12.2022.06.14;t12.2022.06.16;t12.2022.06.21;t12.2022.06.28;t12.2022.07.05;t12.2022.07.14;t12.2022.07.21;t12.2022.07.27;t12.2022.07.29;t12.2022.08.02;t12.2022.08.11;t12.2022.08.13,t12.2022.04.28/test:5;t12.2022.05.05/test:3;t12.2022.05.17/test:4;t12.2022.05.19/test:2;t12.2022.05.24/test:6;t12.2022.05.26/test:6;t12.2022.06.02/test:11;t12.2022.06.07/test:7;t12.2022.06.14/test:10;t12.2022.06.16/test:8;t12.2022.06.21/test:5;t12.2022.06.28/test:7;t12.2022.07.05/test:13;t12.2022.07.14/test:6;t12.2022.07.21/test:9;t12.2022.07.27/test:5;t12.2022.07.29/test:5;t12.2022.07.29/train:47;t12.2022.08.02/test:10;t12.2022.08.11/test:7;t12.2022.08.13/test:10,t12.2022.04.28;t12.2022.05.05;t12.2022.05.17;t12.2022.05.19;t12.2022.05.24;t12.2022.05.26;t12.2022.06.02;t12.2022.06.07;t12.2022.06.14;t12.2022.06.16;t12.2022.06.21;t12.2022.06.28;t12.2022.07.05;t12.2022.07.14;t12.2022.07.21;t12.2022.07.27;t12.2022.08.02;t12.2022.08.11;t12.2022.08.13,DH,TH,93,256,93,lda,5,10,0,0.5,30,,held_out,all,tertiary_allvocal
stage2,T3_modality,6v,nonvocal,TH/DH,laryngeal,fricative,93,0.838605974395448,0.05876644604864689,1.997858933058197,,0.26773494623655913,t12.2022.06.23;t12.2022.08.18;t12.2022.08.23;t12.2022.08.25,t12.2022.06.23/test:6;t12.2022.06.23/train:52;t12.2022.08.18/test:3;t12.2022.08.18/train:25;t12.2022.08.23/test:5;t12.2022.08.23/train:44;t12.2022.08.25/test:6;t12.2022.08.25/train:45,t12.2022.06.21;t12.2022.08.13,DH,TH,93,256,93,lda,5,10,0,0.5,30,,held_out,all,tertiary_allvocal
stage2,T3_modality,6v,vocal,P/T,place,stop,300,0.7709999999999999,0.030606825673005978,1.4840880514882242,,0.18514233333333333,t12.2022.04.28;t12.2022.05.05;t12.2022.05.17;t12.2022.05.19;t12.2022.05.24;t12.2022.05.26;t12.2022.06.02;t12.2022.06.07;t12.2022.06.14;t12.2022.06.16;t12.2022.06.21;t12.2022.06.28;t12.2022.07.05;t12.2022.07.14;t12.2022.07.21;t12.2022.07.27;t12.2022.07.29;t12.2022.08.02;t12.2022.08.11;t12.2022.08.13,t12.2022.04.28/test:21;t12.2022.05.05/test:20;t12.2022.05.17/test:10;t12.2022.05.19/test:12;t12.2022.05.24/test:23;t12.2022.05.26/test:38;t12.2022.06.02/test:31;t12.2022.06.07/test:27;t12.2022.06.14/test:25;t12.2022.06.16/test:27;t12.2022.06.21/test:27;t12.2022.06.28/test:31;t12.2022.07.05/test:19;t12.2022.07.14/test:32;t12.2022.07.21/test:20;t12.2022.07.27/test:28;t12.2022.07.29/test:18;t12.2022.07.29/train:114;t12.2022.08.02/test:27;t12.2022.08.11/test:29;t12.2022.08.13/test:21,t12.2022.04.28;t12.2022.05.05;t12.2022.05.17;t12.2022.05.19;t12.2022.05.24;t12.2022.05.26;t12.2022.06.02;t12.2022.06.07;t12.2022.06.14;t12.2022.06.16;t12.2022.06.21;t12.2022.06.28;t12.2022.07.05;t12.2022.07.14;t12.2022.07.21;t12.2022.07.27;t12.2022.08.02;t12.2022.08.11;t12.2022.08.13,P,T,300,256,300,lda,5,10,0,0.5,30,,held_out,all,tertiary_allvocal
stage2,T3_modality,6v,nonvocal,P/T,place,stop,300,0.7576666666666667,0.032949456242351974,1.3989941649210655,,0.26492133333333334,t12.2022.06.23;t12.2022.08.18;t12.2022.08.23;t12.2022.08.25,t12.2022.06.23/test:12;t12.2022.06.23/train:159;t12.2022.08.18/test:14;t12.2022.08.18/train:129;t12.2022.08.23/test:9;t12.2022.08.23/train:130;t12.2022.08.25/test:11;t12.2022.08.25/train:136,t12.2022.06.21;t12.2022.08.13,P,T,300,256,300,lda,5,10,0,0.5,30,,held_out,all,tertiary_allvocal
stage2,T3_modality,6v,vocal,T/K,place,stop,300,0.6585,0.03238183647252473,0.8167709508416814,,0.181336,t12.2022.04.28;t12.2022.05.05;t12.2022.05.17;t12.2022.05.19;t12.2022.05.24;t12.2022.05.26;t12.2022.06.02;t12.2022.06.07;t12.2022.06.14;t12.2022.06.16;t12.2022.06.21;t12.2022.06.28;t12.2022.07.05;t12.2022.07.14;t12.2022.07.21;t12.2022.07.27;t12.2022.07.29;t12.2022.08.02;t12.2022.08.11;t12.2022.08.13,t12.2022.04.28/test:14;t12.2022.05.05/test:10;t12.2022.05.17/test:10;t12.2022.05.19/test:9;t12.2022.05.24/test:27;t12.2022.05.26/test:28;t12.2022.06.02/test:29;t12.2022.06.07/test:22;t12.2022.06.14/test:28;t12.2022.06.16/test:37;t12.2022.06.21/test:25;t12.2022.06.28/test:29;t12.2022.07.05/test:32;t12.2022.07.14/test:23;t12.2022.07.21/test:27;t12.2022.07.27/test:34;t12.2022.07.29/test:15;t12.2022.07.29/train:136;t12.2022.08.02/test:17;t12.2022.08.11/test:23;t12.2022.08.13/test:25,t12.2022.04.28;t12.2022.05.05;t12.2022.05.17;t12.2022.05.19;t12.2022.05.24;t12.2022.05.26;t12.2022.06.02;t12.2022.06.07;t12.2022.06.14;t12.2022.06.16;t12.2022.06.21;t12.2022.06.28;t12.2022.07.05;t12.2022.07.14;t12.2022.07.21;t12.2022.07.27;t12.2022.08.02;t12.2022.08.11;t12.2022.08.13,K,T,300,256,300,lda,5,10,0,0.5,30,,held_out,all,tertiary_allvocal
stage2,T3_modality,6v,nonvocal,T/K,place,stop,300,0.6435,0.045377735607772335,0.7362771298282337,,0.2651208333333333,t12.2022.06.23;t12.2022.08.18;t12.2022.08.23;t12.2022.08.25,t12.2022.06.23/test:15;t12.2022.06.23/train:155;t12.2022.08.18/test:8;t12.2022.08.18/train:134;t12.2022.08.23/test:10;t12.2022.08.23/train:126;t12.2022.08.25/test:10;t12.2022.08.25/train:142,t12.2022.06.21;t12.2022.08.13,K,T,300,256,300,lda,5,10,0,0.5,30,,held_out,all,tertiary_allvocal
stage2,T3_modality,6v,vocal,B/D,place,stop,259,0.747094846900672,0.03557058982663355,1.3371067012248625,,0.18761814671814672,t12.2022.04.28;t12.2022.05.05;t12.2022.05.17;t12.2022.05.19;t12.2022.05.24;t12.2022.05.26;t12.2022.06.02;t12.2022.06.07;t12.2022.06.14;t12.2022.06.16;t12.2022.06.21;t12.2022.06.28;t12.2022.07.05;t12.2022.07.14;t12.2022.07.21;t12.2022.07.27;t12.2022.07.29;t12.2022.08.02;t12.2022.08.11;t12.2022.08.13,t12.2022.04.28/test:23;t12.2022.05.05/test:16;t12.2022.05.17/test:19;t12.2022.05.19/test:9;t12.2022.05.24/test:25;t12.2022.05.26/test:17;t12.2022.06.02/test:29;t12.2022.06.07/test:16;t12.2022.06.14/test:21;t12.2022.06.16/test:26;t12.2022.06.21/test:23;t12.2022.06.28/test:20;t12.2022.07.05/test:20;t12.2022.07.14/test:19;t12.2022.07.21/test:20;t12.2022.07.27/test:19;t12.2022.07.29/test:20;t12.2022.07.29/train:106;t12.2022.08.02/test:23;t12.2022.08.11/test:23;t12.2022.08.13/test:24,t12.2022.04.28;t12.2022.05.05;t12.2022.05.17;t12.2022.05.19;t12.2022.05.24;t12.2022.05.26;t12.2022.06.02;t12.2022.06.07;t12.2022.06.14;t12.2022.06.16;t12.2022.06.21;t12.2022.06.28;t12.2022.07.05;t12.2022.07.14;t12.2022.07.21;t12.2022.07.27;t12.2022.08.02;t12.2022.08.11;t12.2022.08.13,B,D,259,256,259,lda,5,10,0,0.5,30,,held_out,all,tertiary_allvocal
stage2,T3_modality,6v,nonvocal,B/D,place,stop,259,0.7783569828230023,0.03350461782520203,1.5362369155892375,,0.2647206563706564,t12.2022.06.23;t12.2022.08.18;t12.2022.08.23;t12.2022.08.25,t12.2022.06.23/test:8;t12.2022.06.23/train:122;t12.2022.08.18/test:10;t12.2022.08.18/train:121;t12.2022.08.23/test:14;t12.2022.08.23/train:115;t12.2022.08.25/test:6;t12.2022.08.25/train:122,t12.2022.06.21;t12.2022.08.13,B,D,259,256,259,lda,5,10,0,0.5,30,,held_out,all,tertiary_allvocal
stage2,T3_modality,6v,vocal,D/G,place,stop,167,0.657964721845319,0.052255352637757754,0.8139641674335326,,0.1862616766467066,t12.2022.04.28;t12.2022.05.05;t12.2022.05.17;t12.2022.05.19;t12.2022.05.24;t12.2022.05.26;t12.2022.06.02;t12.2022.06.07;t12.2022.06.14;t12.2022.06.16;t12.2022.06.21;t12.2022.06.28;t12.2022.07.05;t12.2022.07.14;t12.2022.07.21;t12.2022.07.27;t12.2022.07.29;t12.2022.08.02;t12.2022.08.11;t12.2022.08.13,t12.2022.04.28/test:12;t12.2022.05.05/test:11;t12.2022.05.17/test:10;t12.2022.05.19/test:6;t12.2022.05.24/test:14;t12.2022.05.26/test:13;t12.2022.06.02/test:17;t12.2022.06.07/test:13;t12.2022.06.14/test:19;t12.2022.06.16/test:13;t12.2022.06.21/test:14;t12.2022.06.28/test:17;t12.2022.07.05/test:13;t12.2022.07.14/test:21;t12.2022.07.21/test:20;t12.2022.07.27/test:11;t12.2022.07.29/test:13;t12.2022.07.29/train:63;t12.2022.08.02/test:14;t12.2022.08.11/test:9;t12.2022.08.13/test:11,t12.2022.04.28;t12.2022.05.05;t12.2022.05.17;t12.2022.05.19;t12.2022.05.24;t12.2022.05.26;t12.2022.06.02;t12.2022.06.07;t12.2022.06.14;t12.2022.06.16;t12.2022.06.21;t12.2022.06.28;t12.2022.07.05;t12.2022.07.14;t12.2022.07.21;t12.2022.07.27;t12.2022.08.02;t12.2022.08.11;t12.2022.08.13,D,G,167,256,167,lda,5,10,0,0.5,30,,held_out,all,tertiary_allvocal
stage2,T3_modality,6v,nonvocal,D/G,place,stop,167,0.6677250113071009,0.06094279298383765,0.8673182172085498,,0.26369071856287424,t12.2022.06.23;t12.2022.08.18;t12.2022.08.23;t12.2022.08.25,t12.2022.06.23/test:4;t12.2022.06.23/train:77;t12.2022.08.18/test:3;t12.2022.08.18/train:87;t12.2022.08.23/test:9;t12.2022.08.23/train:80;t12.2022.08.25/test:4;t12.2022.08.25/train:70,t12.2022.06.21;t12.2022.08.13,D,G,167,256,167,lda,5,10,0,0.5,30,,held_out,all,tertiary_allvocal
stage2,T3_modality,6v,vocal,F/S,place,fricative,256,0.6041119360365507,0.04483148442521973,0.5278019732032817,,0.1893685546875,t12.2022.04.28;t12.2022.05.05;t12.2022.05.17;t12.2022.05.19;t12.2022.05.24;t12.2022.05.26;t12.2022.06.02;t12.2022.06.07;t12.2022.06.14;t12.2022.06.16;t12.2022.06.21;t12.2022.06.28;t12.2022.07.05;t12.2022.07.14;t12.2022.07.21;t12.2022.07.27;t12.2022.07.29;t12.2022.08.02;t12.2022.08.11;t12.2022.08.13,t12.2022.04.28/test:18;t12.2022.05.05/test:18;t12.2022.05.17/test:19;t12.2022.05.19/test:15;t12.2022.05.24/test:23;t12.2022.05.26/test:15;t12.2022.06.02/test:19;t12.2022.06.07/test:22;t12.2022.06.14/test:25;t12.2022.06.16/test:17;t12.2022.06.21/test:22;t12.2022.06.28/test:18;t12.2022.07.05/test:12;t12.2022.07.14/test:23;t12.2022.07.21/test:19;t12.2022.07.27/test:21;t12.2022.07.29/test:19;t12.2022.07.29/train:122;t12.2022.08.02/test:22;t12.2022.08.11/test:28;t12.2022.08.13/test:15,t12.2022.04.28;t12.2022.05.05;t12.2022.05.17;t12.2022.05.19;t12.2022.05.24;t12.2022.05.26;t12.2022.06.02;t12.2022.06.07;t12.2022.06.14;t12.2022.06.16;t12.2022.06.21;t12.2022.06.28;t12.2022.07.05;t12.2022.07.14;t12.2022.07.21;t12.2022.07.27;t12.2022.08.02;t12.2022.08.11;t12.2022.08.13,F,S,256,256,256,lda,5,10,0,0.5,30,,held_out,all,tertiary_allvocal
stage2,T3_modality,6v,nonvocal,F/S,place,fricative,256,0.6368703597944032,0.04333662518541476,0.7006932665230454,,0.263840234375,t12.2022.06.23;t12.2022.08.18;t12.2022.08.23;t12.2022.08.25,t12.2022.06.23/test:10;t12.2022.06.23/train:135;t12.2022.08.18/test:15;t12.2022.08.18/train:114;t12.2022.08.23/test:10;t12.2022.08.23/train:113;t12.2022.08.25/test:7;t12.2022.08.25/train:108,t12.2022.06.21;t12.2022.08.13,F,S,256,256,256,lda,5,10,0,0.5,30,,held_out,all,tertiary_allvocal
stage2,T3_modality,6v,vocal,F/TH,place,fricative,93,0.6893314366998579,0.07124967516243805,0.9871796495395552,,0.18618494623655915,t12.2022.04.28;t12.2022.05.05;t12.2022.05.17;t12.2022.05.19;t12.2022.05.24;t12.2022.05.26;t12.2022.06.02;t12.2022.06.07;t12.2022.06.14;t12.2022.06.16;t12.2022.06.21;t12.2022.06.28;t12.2022.07.05;t12.2022.07.14;t12.2022.07.21;t12.2022.07.27;t12.2022.07.29;t12.2022.08.02;t12.2022.08.11;t12.2022.08.13,t12.2022.04.28/test:7;t12.2022.05.05/test:4;t12.2022.05.17/test:9;t12.2022.05.19/test:3;t12.2022.05.24/test:6;t12.2022.05.26/test:4;t12.2022.06.02/test:10;t12.2022.06.07/test:7;t12.2022.06.14/test:4;t12.2022.06.16/test:8;t12.2022.06.21/test:9;t12.2022.06.28/test:3;t12.2022.07.05/test:10;t12.2022.07.14/test:9;t12.2022.07.21/test:9;t12.2022.07.27/test:5;t12.2022.07.29/test:4;t12.2022.07.29/train:46;t12.2022.08.02/test:8;t12.2022.08.11/test:12;t12.2022.08.13/test:9,t12.2022.04.28;t12.2022.05.05;t12.2022.05.17;t12.2022.05.19;t12.2022.05.24;t12.2022.05.26;t12.2022.06.02;t12.2022.06.07;t12.2022.06.14;t12.2022.06.16;t12.2022.06.21;t12.2022.06.28;t12.2022.07.05;t12.2022.07.14;t12.2022.07.21;t12.2022.07.27;t12.2022.08.02;t12.2022.08.11;t12.2022.08.13,F,TH,93,256,93,lda,5,10,0,0.5,30,,held_out,all,tertiary_allvocal
stage2,T3_modality,6v,nonvocal,F/TH,place,fricative,93,0.7144381223328591,0.06281951083609785,1.1319329671861305,,0.26345483870967745,t12.2022.06.23;t12.2022.08.18;t12.2022.08.23;t12.2022.08.25,t12.2022.06.23/train:53;t12.2022.08.18/test:6;t12.2022.08.18/train:41;t12.2022.08.23/test:2;t12.2022.08.23/train:42;t12.2022.08.25/test:3;t12.2022.08.25/train:39,t12.2022.06.21;t12.2022.08.13,F,TH,93,256,93,lda,5,10,0,0.5,30,,held_out,all,tertiary_allvocal
stage2,T3_modality,6v,vocal,S/SH,place,fricative,57,0.682094861660079,0.0880908852375136,0.9480956653360312,,0.19041842105263157,t12.2022.04.28;t12.2022.05.05;t12.2022.05.17;t12.2022.05.19;t12.2022.05.24;t12.2022.05.26;t12.2022.06.02;t12.2022.06.07;t12.2022.06.14;t12.2022.06.16;t12.2022.06.21;t12.2022.06.28;t12.2022.07.05;t12.2022.07.14;t12.2022.07.21;t12.2022.07.27;t12.2022.07.29;t12.2022.08.02;t12.2022.08.11;t12.2022.08.13,t12.2022.04.28/test:3;t12.2022.05.05/test:9;t12.2022.05.17/test:7;t12.2022.05.19/test:2;t12.2022.05.24/test:5;t12.2022.05.26/test:9;t12.2022.06.02/test:6;t12.2022.06.07/test:5;t12.2022.06.14/test:8;t12.2022.06.16/test:3;t12.2022.06.21/test:3;t12.2022.06.28/test:4;t12.2022.07.05/test:2;t12.2022.07.14/test:1;t12.2022.07.21/test:4;t12.2022.07.27/test:3;t12.2022.07.29/test:4;t12.2022.07.29/train:24;t12.2022.08.02/test:3;t12.2022.08.11/test:8;t12.2022.08.13/test:1,t12.2022.04.28;t12.2022.05.05;t12.2022.05.17;t12.2022.05.19;t12.2022.05.24;t12.2022.05.26;t12.2022.06.02;t12.2022.06.07;t12.2022.06.14;t12.2022.06.16;t12.2022.06.21;t12.2022.06.28;t12.2022.07.05;t12.2022.07.14;t12.2022.07.21;t12.2022.07.27;t12.2022.08.02;t12.2022.08.11;t12.2022.08.13,S,SH,57,256,57,lda,5,10,0,0.5,30,,held_out,all,tertiary_allvocal
stage2,T3_modality,6v,nonvocal,S/SH,place,fricative,57,0.6667588932806325,0.10594720653945106,0.8634679854265621,,0.2655482456140351,t12.2022.06.23;t12.2022.08.18;t12.2022.08.23;t12.2022.08.25,t12.2022.06.23/test:4;t12.2022.06.23/train:28;t12.2022.08.18/test:2;t12.2022.08.18/train:24;t12.2022.08.23/test:1;t12.2022.08.23/train:29;t12.2022.08.25/test:1;t12.2022.08.25/train:25,t12.2022.06.21;t12.2022.08.13,S,SH,57,256,57,lda,5,10,0,0.5,30,,held_out,all,tertiary_allvocal
stage2,T3_modality,6v,vocal,V/Z,place,fricative,300,0.7286666666666669,0.035829844791427416,1.2173104129292676,,0.18433266666666667,t12.2022.04.28;t12.2022.05.05;t12.2022.05.17;t12.2022.05.19;t12.2022.05.24;t12.2022.05.26;t12.2022.06.02;t12.2022.06.07;t12.2022.06.14;t12.2022.06.16;t12.2022.06.21;t12.2022.06.28;t12.2022.07.05;t12.2022.07.14;t12.2022.07.21;t12.2022.07.27;t12.2022.07.29;t12.2022.08.02;t12.2022.08.11;t12.2022.08.13,t12.2022.04.28/test:15;t12.2022.05.05/test:20;t12.2022.05.17/test:15;t12.2022.05.19/test:10;t12.2022.05.24/test:35;t12.2022.05.26/test:34;t12.2022.06.02/test:24;t12.2022.06.07/test:29;t12.2022.06.14/test:32;t12.2022.06.16/test:29;t12.2022.06.21/test:28;t12.2022.06.28/test:25;t12.2022.07.05/test:21;t12.2022.07.14/test:25;t12.2022.07.21/test:29;t12.2022.07.27/test:23;t12.2022.07.29/test:28;t12.2022.07.29/train:117;t12.2022.08.02/test:16;t12.2022.08.11/test:25;t12.2022.08.13/test:20,t12.2022.04.28;t12.2022.05.05;t12.2022.05.17;t12.2022.05.19;t12.2022.05.24;t12.2022.05.26;t12.2022.06.02;t12.2022.06.07;t12.2022.06.14;t12.2022.06.16;t12.2022.06.21;t12.2022.06.28;t12.2022.07.05;t12.2022.07.14;t12.2022.07.21;t12.2022.07.27;t12.2022.08.02;t12.2022.08.11;t12.2022.08.13,V,Z,300,256,300,lda,5,10,0,0.5,30,,held_out,all,tertiary_allvocal
stage2,T3_modality,6v,nonvocal,V/Z,place,fricative,300,0.6865000000000001,0.03278253261181089,0.9718582712867585,,0.26391033333333336,t12.2022.06.23;t12.2022.08.18;t12.2022.08.23;t12.2022.08.25,t12.2022.06.23/test:9;t12.2022.06.23/train:151;t12.2022.08.18/test:17;t12.2022.08.18/train:133;t12.2022.08.23/test:14;t12.2022.08.23/train:144;t12.2022.08.25/test:6;t12.2022.08.25/train:126,t12.2022.06.21;t12.2022.08.13,V,Z,300,256,300,lda,5,10,0,0.5,30,,held_out,all,tertiary_allvocal
stage2,T3_modality,6v,vocal,M/N,place,nasal,300,0.6743333333333333,0.04624331783560134,0.904390578952743,,0.18803833333333334,t12.2022.04.28;t12.2022.05.05;t12.2022.05.17;t12.2022.05.19;t12.2022.05.24;t12.2022.05.26;t12.2022.06.02;t12.2022.06.07;t12.2022.06.14;t12.2022.06.16;t12.2022.06.21;t12.2022.06.28;t12.2022.07.05;t12.2022.07.14;t12.2022.07.21;t12.2022.07.27;t12.2022.07.29;t12.2022.08.02;t12.2022.08.11;t12.2022.08.13,t12.2022.04.28/test:21;t12.2022.05.05/test:18;t12.2022.05.17/test:19;t12.2022.05.19/test:15;t12.2022.05.24/test:26;t12.2022.05.26/test:25;t12.2022.06.02/test:25;t12.2022.06.07/test:32;t12.2022.06.14/test:22;t12.2022.06.16/test:23;t12.2022.06.21/test:29;t12.2022.06.28/test:30;t12.2022.07.05/test:18;t12.2022.07.14/test:22;t12.2022.07.21/test:33;t12.2022.07.27/test:28;t12.2022.07.29/test:27;t12.2022.07.29/train:123;t12.2022.08.02/test:16;t12.2022.08.11/test:26;t12.2022.08.13/test:22,t12.2022.04.28;t12.2022.05.05;t12.2022.05.17;t12.2022.05.19;t12.2022.05.24;t12.2022.05.26;t12.2022.06.02;t12.2022.06.07;t12.2022.06.14;t12.2022.06.16;t12.2022.06.21;t12.2022.06.28;t12.2022.07.05;t12.2022.07.14;t12.2022.07.21;t12.2022.07.27;t12.2022.08.02;t12.2022.08.11;t12.2022.08.13,M,N,300,256,300,lda,5,10,0,0.5,30,,held_out,all,tertiary_allvocal
stage2,T3_modality,6v,nonvocal,M/N,place,nasal,300,0.7156666666666668,0.0288020061029706,1.1397016892913596,,0.264686,t12.2022.06.23;t12.2022.08.18;t12.2022.08.23;t12.2022.08.25,t12.2022.06.23/test:12;t12.2022.06.23/train:169;t12.2022.08.18/test:12;t12.2022.08.18/train:122;t12.2022.08.23/test:9;t12.2022.08.23/train:130;t12.2022.08.25/test:11;t12.2022.08.25/train:135,t12.2022.06.21;t12.2022.08.13,M,N,300,256,300,lda,5,10,0,0.5,30,,held_out,all,tertiary_allvocal
stage2,T3_modality,6v_sup,vocal,P/B,laryngeal,stop,259,0.5940235250186707,0.038273355087264566,0.4757273245262728,,0.18852606177606177,t12.2022.04.28;t12.2022.05.05;t12.2022.05.17;t12.2022.05.19;t12.2022.05.24;t12.2022.05.26;t12.2022.06.02;t12.2022.06.07;t12.2022.06.14;t12.2022.06.16;t12.2022.06.21;t12.2022.06.28;t12.2022.07.05;t12.2022.07.14;t12.2022.07.21;t12.2022.07.27;t12.2022.07.29;t12.2022.08.02;t12.2022.08.11;t12.2022.08.13,t12.2022.04.28/test:21;t12.2022.05.05/test:24;t12.2022.05.17/test:18;t12.2022.05.19/test:9;t12.2022.05.24/test:24;t12.2022.05.26/test:24;t12.2022.06.02/test:25;t12.2022.06.07/test:19;t12.2022.06.14/test:27;t12.2022.06.16/test:24;t12.2022.06.21/test:25;t12.2022.06.28/test:20;t12.2022.07.05/test:14;t12.2022.07.14/test:18;t12.2022.07.21/test:18;t12.2022.07.27/test:16;t12.2022.07.29/test:16;t12.2022.07.29/train:111;t12.2022.08.02/test:24;t12.2022.08.11/test:18;t12.2022.08.13/test:23,t12.2022.04.28;t12.2022.05.05;t12.2022.05.17;t12.2022.05.19;t12.2022.05.24;t12.2022.05.26;t12.2022.06.02;t12.2022.06.07;t12.2022.06.14;t12.2022.06.16;t12.2022.06.21;t12.2022.06.28;t12.2022.07.05;t12.2022.07.14;t12.2022.07.21;t12.2022.07.27;t12.2022.08.02;t12.2022.08.11;t12.2022.08.13,B,P,259,128,259,lda,5,10,0,0.5,30,,held_out,all,tertiary_allvocal
stage2,T3_modality,6v_sup,nonvocal,P/B,laryngeal,stop,259,0.6005825242718447,0.03922632488100464,0.5094995639966398,,0.2655480694980695,t12.2022.06.23;t12.2022.08.18;t12.2022.08.23;t12.2022.08.25,t12.2022.06.23/test:11;t12.2022.06.23/train:128;t12.2022.08.18/test:11;t12.2022.08.18/train:112;t12.2022.08.23/test:8;t12.2022.08.23/train:119;t12.2022.08.25/test:8;t12.2022.08.25/train:121,t12.2022.06.21;t12.2022.08.13,B,P,259,128,259,lda,5,10,0,0.5,30,,held_out,all,tertiary_allvocal
stage2,T3_modality,6v_sup,vocal,T/D,laryngeal,stop,300,0.5326666666666666,0.03669847105504231,0.16408231642950455,,0.18293333333333334,t12.2022.04.28;t12.2022.05.05;t12.2022.05.17;t12.2022.05.19;t12.2022.05.24;t12.2022.05.26;t12.2022.06.02;t12.2022.06.07;t12.2022.06.14;t12.2022.06.16;t12.2022.06.21;t12.2022.06.28;t12.2022.07.05;t12.2022.07.14;t12.2022.07.21;t12.2022.07.27;t12.2022.07.29;t12.2022.08.02;t12.2022.08.11;t12.2022.08.13,t12.2022.04.28/test:16;t12.2022.05.05/test:14;t12.2022.05.17/test:15;t12.2022.05.19/test:11;t12.2022.05.24/test:26;t12.2022.05.26/test:25;t12.2022.06.02/test:34;t12.2022.06.07/test:24;t12.2022.06.14/test:31;t12.2022.06.16/test:24;t12.2022.06.21/test:25;t12.2022.06.28/test:25;t12.2022.07.05/test:26;t12.2022.07.14/test:35;t12.2022.07.21/test:26;t12.2022.07.27/test:27;t12.2022.07.29/test:22;t12.2022.07.29/train:122;t12.2022.08.02/test:23;t12.2022.08.11/test:24;t12.2022.08.13/test:25,t12.2022.04.28;t12.2022.05.05;t12.2022.05.17;t12.2022.05.19;t12.2022.05.24;t12.2022.05.26;t12.2022.06.02;t12.2022.06.07;t12.2022.06.14;t12.2022.06.16;t12.2022.06.21;t12.2022.06.28;t12.2022.07.05;t12.2022.07.14;t12.2022.07.21;t12.2022.07.27;t12.2022.08.02;t12.2022.08.11;t12.2022.08.13,D,T,300,128,300,lda,5,10,0,0.5,30,,held_out,all,tertiary_allvocal
stage2,T3_modality,6v_sup,nonvocal,T/D,laryngeal,stop,300,0.519,0.04041589346339439,0.09526093188559509,,0.2648823333333334,t12.2022.06.23;t12.2022.08.18;t12.2022.08.23;t12.2022.08.25,t12.2022.06.23/test:15;t12.2022.06.23/train:153;t12.2022.08.18/test:10;t12.2022.08.18/train:123;t12.2022.08.23/test:16;t12.2022.08.23/train:137;t12.2022.08.25/test:6;t12.2022.08.25/train:140,t12.2022.06.21;t12.2022.08.13,D,T,300,128,300,lda,5,10,0,0.5,30,,held_out,all,tertiary_allvocal
stage2,T3_modality,6v_sup,vocal,K/G,laryngeal,stop,167,0.5253821800090457,0.04891542392269064,0.12763227959806592,,0.1859188622754491,t12.2022.04.28;t12.2022.05.05;t12.2022.05.17;t12.2022.05.19;t12.2022.05.24;t12.2022.05.26;t12.2022.06.02;t12.2022.06.07;t12.2022.06.14;t12.2022.06.16;t12.2022.06.21;t12.2022.06.28;t12.2022.07.05;t12.2022.07.14;t12.2022.07.21;t12.2022.07.27;t12.2022.07.29;t12.2022.08.02;t12.2022.08.11;t12.2022.08.13,t12.2022.04.28/test:12;t12.2022.05.05/test:9;t12.2022.05.17/test:9;t12.2022.05.19/test:6;t12.2022.05.24/test:14;t12.2022.05.26/test:15;t12.2022.06.02/test:10;t12.2022.06.07/test:14;t12.2022.06.14/test:18;t12.2022.06.16/test:18;t12.2022.06.21/test:13;t12.2022.06.28/test:17;t12.2022.07.05/test:11;t12.2022.07.14/test:19;t12.2022.07.21/test:19;t12.2022.07.27/test:18;t12.2022.07.29/test:8;t12.2022.07.29/train:70;t12.2022.08.02/test:12;t12.2022.08.11/test:12;t12.2022.08.13/test:10,t12.2022.04.28;t12.2022.05.05;t12.2022.05.17;t12.2022.05.19;t12.2022.05.24;t12.2022.05.26;t12.2022.06.02;t12.2022.06.07;t12.2022.06.14;t12.2022.06.16;t12.2022.06.21;t12.2022.06.28;t12.2022.07.05;t12.2022.07.14;t12.2022.07.21;t12.2022.07.27;t12.2022.08.02;t12.2022.08.11;t12.2022.08.13,G,K,167,128,167,lda,5,10,0,0.5,30,,held_out,all,tertiary_allvocal
stage2,T3_modality,6v_sup,nonvocal,K/G,laryngeal,stop,167,0.5589326096788784,0.05091754120084802,0.2966608994607486,,0.26454610778443116,t12.2022.06.23;t12.2022.08.18;t12.2022.08.23;t12.2022.08.25,t12.2022.06.23/test:4;t12.2022.06.23/train:77;t12.2022.08.18/test:5;t12.2022.08.18/train:86;t12.2022.08.23/test:4;t12.2022.08.23/train:79;t12.2022.08.25/test:3;t12.2022.08.25/train:76,t12.2022.06.21;t12.2022.08.13,G,K,167,128,167,lda,5,10,0,0.5,30,,held_out,all,tertiary_allvocal
stage2,T3_modality,6v_sup,vocal,F/V,laryngeal,fricative,256,0.5861602893584618,0.04501580249790748,0.4355584636269032,,0.188127734375,t12.2022.04.28;t12.2022.05.05;t12.2022.05.17;t12.2022.05.19;t12.2022.05.24;t12.2022.05.26;t12.2022.06.02;t12.2022.06.07;t12.2022.06.14;t12.2022.06.16;t12.2022.06.21;t12.2022.06.28;t12.2022.07.05;t12.2022.07.14;t12.2022.07.21;t12.2022.07.27;t12.2022.07.29;t12.2022.08.02;t12.2022.08.11;t12.2022.08.13,t12.2022.04.28/test:15;t12.2022.05.05/test:20;t12.2022.05.17/test:17;t12.2022.05.19/test:12;t12.2022.05.24/test:31;t12.2022.05.26/test:17;t12.2022.06.02/test:15;t12.2022.06.07/test:25;t12.2022.06.14/test:24;t12.2022.06.16/test:25;t12.2022.06.21/test:30;t12.2022.06.28/test:20;t12.2022.07.05/test:16;t12.2022.07.14/test:20;t12.2022.07.21/test:20;t12.2022.07.27/test:14;t12.2022.07.29/test:21;t12.2022.07.29/train:105;t12.2022.08.02/test:17;t12.2022.08.11/test:27;t12.2022.08.13/test:21,t12.2022.04.28;t12.2022.05.05;t12.2022.05.17;t12.2022.05.19;t12.2022.05.24;t12.2022.05.26;t12.2022.06.02;t12.2022.06.07;t12.2022.06.14;t12.2022.06.16;t12.2022.06.21;t12.2022.06.28;t12.2022.07.05;t12.2022.07.14;t12.2022.07.21;t12.2022.07.27;t12.2022.08.02;t12.2022.08.11;t12.2022.08.13,F,V,256,128,256,lda,5,10,0,0.5,30,,held_out,all,tertiary_allvocal
stage2,T3_modality,6v_sup,nonvocal,F/V,laryngeal,fricative,256,0.5999923853036361,0.04940017481495027,0.507334229625767,,0.26315937500000003,t12.2022.06.23;t12.2022.08.18;t12.2022.08.23;t12.2022.08.25,t12.2022.06.23/test:10;t12.2022.06.23/train:138;t12.2022.08.18/test:8;t12.2022.08.18/train:126;t12.2022.08.23/test:9;t12.2022.08.23/train:110;t12.2022.08.25/test:9;t12.2022.08.25/train:102,t12.2022.06.21;t12.2022.08.13,F,V,256,128,256,lda,5,10,0,0.5,30,,held_out,all,tertiary_allvocal
stage2,T3_modality,6v_sup,vocal,S/Z,laryngeal,fricative,300,0.6138333333333333,0.04411506419454571,0.5789248713291419,,0.18943000000000002,t12.2022.04.28;t12.2022.05.05;t12.2022.05.17;t12.2022.05.19;t12.2022.05.24;t12.2022.05.26;t12.2022.06.02;t12.2022.06.07;t12.2022.06.14;t12.2022.06.16;t12.2022.06.21;t12.2022.06.28;t12.2022.07.05;t12.2022.07.14;t12.2022.07.21;t12.2022.07.27;t12.2022.07.29;t12.2022.08.02;t12.2022.08.11;t12.2022.08.13,t12.2022.04.28/test:23;t12.2022.05.05/test:26;t12.2022.05.17/test:17;t12.2022.05.19/test:16;t12.2022.05.24/test:24;t12.2022.05.26/test:30;t12.2022.06.02/test:22;t12.2022.06.07/test:25;t12.2022.06.14/test:37;t12.2022.06.16/test:20;t12.2022.06.21/test:28;t12.2022.06.28/test:19;t12.2022.07.05/test:19;t12.2022.07.14/test:21;t12.2022.07.21/test:27;t12.2022.07.27/test:31;t12.2022.07.29/test:30;t12.2022.07.29/train:129;t12.2022.08.02/test:19;t12.2022.08.11/test:23;t12.2022.08.13/test:14,t12.2022.04.28;t12.2022.05.05;t12.2022.05.17;t12.2022.05.19;t12.2022.05.24;t12.2022.05.26;t12.2022.06.02;t12.2022.06.07;t12.2022.06.14;t12.2022.06.16;t12.2022.06.21;t12.2022.06.28;t12.2022.07.05;t12.2022.07.14;t12.2022.07.21;t12.2022.07.27;t12.2022.08.02;t12.2022.08.11;t12.2022.08.13,S,Z,300,128,300,lda,5,10,0,0.5,30,,held_out,all,tertiary_allvocal
stage2,T3_modality,6v_sup,nonvocal,S/Z,laryngeal,fricative,300,0.5586666666666668,0.033456439340332274,0.29514588080065196,,0.26387683333333334,t12.2022.06.23;t12.2022.08.18;t12.2022.08.23;t12.2022.08.25,t12.2022.06.23/test:14;t12.2022.06.23/train:158;t12.2022.08.18/test:12;t12.2022.08.18/train:138;t12.2022.08.23/test:11;t12.2022.08.23/train:125;t12.2022.08.25/test:5;t12.2022.08.25/train:137,t12.2022.06.21;t12.2022.08.13,S,Z,300,128,300,lda,5,10,0,0.5,30,,held_out,all,tertiary_allvocal
stage2,T3_modality,6v_sup,vocal,SH/ZH,laryngeal,fricative,41,0.5306617647058823,0.11618021680482701,0.1529979691298472,,0.19755243902439026,t12.2022.04.28;t12.2022.05.05;t12.2022.05.17;t12.2022.05.19;t12.2022.05.24;t12.2022.05.26;t12.2022.06.02;t12.2022.06.07;t12.2022.06.14;t12.2022.06.16;t12.2022.06.21;t12.2022.06.28;t12.2022.07.14;t12.2022.07.29;t12.2022.08.02,t12.2022.04.28/test:3;t12.2022.05.05/test:11;t12.2022.05.17/test:2;t12.2022.05.19/test:1;t12.2022.05.24/test:5;t12.2022.05.26/test:7;t12.2022.06.02/test:4;t12.2022.06.07/test:5;t12.2022.06.14/test:7;t12.2022.06.16/test:5;t12.2022.06.21/test:3;t12.2022.06.28/test:4;t12.2022.07.14/test:2;t12.2022.07.29/test:3;t12.2022.07.29/train:19;t12.2022.08.02/test:1,t12.2022.04.28;t12.2022.05.05;t12.2022.05.17;t12.2022.05.19;t12.2022.05.24;t12.2022.05.26;t12.2022.06.02;t12.2022.06.07;t12.2022.06.14;t12.2022.06.16;t12.2022.06.21;t12.2022.06.28;t12.2022.07.14;t12.2022.07.27;t12.2022.08.02,SH,ZH,41,128,41,lda,5,10,0,0.5,30,,held_out,all,tertiary_allvocal
stage2,T3_modality,6v_sup,nonvocal,SH/ZH,laryngeal,fricative,41,0.5617647058823529,0.09986745108125633,0.30763463996211826,,0.2578073170731707,t12.2022.06.23;t12.2022.08.18;t12.2022.08.23;t12.2022.08.25,t12.2022.06.23/test:1;t12.2022.06.23/train:33;t12.2022.08.18/test:2;t12.2022.08.18/train:19;t12.2022.08.23/test:1;t12.2022.08.23/train:9;t12.2022.08.25/train:17,t12.2022.06.21;t12.2022.08.13,SH,ZH,41,128,41,lda,5,10,0,0.5,30,,held_out,all,tertiary_allvocal
stage2,T3_modality,6v_sup,vocal,CH/JH,laryngeal,affricate,47,0.6418713450292398,0.10607426293018202,0.729008951298803,,0.18331808510638298,t12.2022.04.28;t12.2022.05.05;t12.2022.05.17;t12.2022.05.19;t12.2022.05.24;t12.2022.05.26;t12.2022.06.02;t12.2022.06.07;t12.2022.06.14;t12.2022.06.16;t12.2022.06.21;t12.2022.06.28;t12.2022.07.05;t12.2022.07.14;t12.2022.07.21;t12.2022.07.27;t12.2022.07.29;t12.2022.08.02;t12.2022.08.11;t12.2022.08.13,t12.2022.04.28/test:3;t12.2022.05.05/test:3;t12.2022.05.17/test:2;t12.2022.05.19/test:1;t12.2022.05.24/test:5;t12.2022.05.26/test:6;t12.2022.06.02/test:4;t12.2022.06.07/test:3;t12.2022.06.14/test:3;t12.2022.06.16/test:8;t12.2022.06.21/test:4;t12.2022.06.28/test:3;t12.2022.07.05/test:2;t12.2022.07.14/test:7;t12.2022.07.21/test:7;t12.2022.07.27/test:3;t12.2022.07.29/test:2;t12.2022.07.29/train:17;t12.2022.08.02/test:3;t12.2022.08.11/test:4;t12.2022.08.13/test:4,t12.2022.04.28;t12.2022.05.05;t12.2022.05.17;t12.2022.05.19;t12.2022.05.24;t12.2022.05.26;t12.2022.06.02;t12.2022.06.07;t12.2022.06.14;t12.2022.06.16;t12.2022.06.21;t12.2022.06.28;t12.2022.07.05;t12.2022.07.14;t12.2022.07.21;t12.2022.07.27;t12.2022.08.02;t12.2022.08.11;t12.2022.08.13,CH,JH,47,128,47,lda,5,10,0,0.5,30,,held_out,all,tertiary_allvocal
stage2,T3_modality,6v_sup,nonvocal,CH/JH,laryngeal,affricate,47,0.5953216374269006,0.10969394795263057,0.4845269217764116,,0.26477021276595747,t12.2022.06.23;t12.2022.08.18;t12.2022.08.23;t12.2022.08.25,t12.2022.06.23/test:3;t12.2022.06.23/train:20;t12.2022.08.18/test:2;t12.2022.08.18/train:21;t12.2022.08.23/test:4;t12.2022.08.23/train:23;t12.2022.08.25/test:1;t12.2022.08.25/train:20,t12.2022.06.21;t12.2022.08.13,CH,JH,47,128,47,lda,5,10,0,0.5,30,,held_out,all,tertiary_allvocal
stage2,T3_modality,6v_sup,vocal,TH/DH,laryngeal,fricative,93,0.7240967283072546,0.052014925830583515,1.1975139133912354,,0.18323602150537632,t12.2022.04.28;t12.2022.05.05;t12.2022.05.17;t12.2022.05.19;t12.2022.05.24;t12.2022.05.26;t12.2022.06.02;t12.2022.06.07;t12.2022.06.14;t12.2022.06.16;t12.2022.06.21;t12.2022.06.28;t12.2022.07.05;t12.2022.07.14;t12.2022.07.21;t12.2022.07.27;t12.2022.07.29;t12.2022.08.02;t12.2022.08.11;t12.2022.08.13,t12.2022.04.28/test:8;t12.2022.05.05/test:3;t12.2022.05.17/test:2;t12.2022.05.19/test:2;t12.2022.05.24/test:8;t12.2022.05.26/test:2;t12.2022.06.02/test:10;t12.2022.06.07/test:3;t12.2022.06.14/test:8;t12.2022.06.16/test:8;t12.2022.06.21/test:9;t12.2022.06.28/test:5;t12.2022.07.05/test:10;t12.2022.07.14/test:7;t12.2022.07.21/test:10;t12.2022.07.27/test:7;t12.2022.07.29/test:3;t12.2022.07.29/train:54;t12.2022.08.02/test:11;t12.2022.08.11/test:7;t12.2022.08.13/test:9,t12.2022.04.28;t12.2022.05.05;t12.2022.05.17;t12.2022.05.19;t12.2022.05.24;t12.2022.05.26;t12.2022.06.02;t12.2022.06.07;t12.2022.06.14;t12.2022.06.16;t12.2022.06.21;t12.2022.06.28;t12.2022.07.05;t12.2022.07.14;t12.2022.07.21;t12.2022.07.27;t12.2022.08.02;t12.2022.08.11;t12.2022.08.13,DH,TH,93,128,93,lda,5,10,0,0.5,30,,held_out,all,tertiary_allvocal
stage2,T3_modality,6v_sup,nonvocal,TH/DH,laryngeal,fricative,93,0.7493456614509245,0.05602964769382798,1.345415993889269,,0.2669258064516129,t12.2022.06.23;t12.2022.08.18;t12.2022.08.23;t12.2022.08.25,t12.2022.06.23/test:4;t12.2022.06.23/train:51;t12.2022.08.18/test:2;t12.2022.08.18/train:31;t12.2022.08.23/test:2;t12.2022.08.23/train:44;t12.2022.08.25/test:2;t12.2022.08.25/train:50,t12.2022.06.21;t12.2022.08.13,DH,TH,93,128,93,lda,5,10,0,0.5,30,,held_out,all,tertiary_allvocal
stage2,T3_modality,6v_sup,vocal,P/T,place,stop,300,0.7191666666666666,0.03830614978187068,1.1608297357194939,,0.18532966666666667,t12.2022.04.28;t12.2022.05.05;t12.2022.05.17;t12.2022.05.19;t12.2022.05.24;t12.2022.05.26;t12.2022.06.02;t12.2022.06.07;t12.2022.06.14;t12.2022.06.16;t12.2022.06.21;t12.2022.06.28;t12.2022.07.05;t12.2022.07.14;t12.2022.07.21;t12.2022.07.27;t12.2022.07.29;t12.2022.08.02;t12.2022.08.11;t12.2022.08.13,t12.2022.04.28/test:16;t12.2022.05.05/test:24;t12.2022.05.17/test:9;t12.2022.05.19/test:14;t12.2022.05.24/test:28;t12.2022.05.26/test:31;t12.2022.06.02/test:34;t12.2022.06.07/test:23;t12.2022.06.14/test:21;t12.2022.06.16/test:26;t12.2022.06.21/test:28;t12.2022.06.28/test:29;t12.2022.07.05/test:17;t12.2022.07.14/test:29;t12.2022.07.21/test:23;t12.2022.07.27/test:27;t12.2022.07.29/test:25;t12.2022.07.29/train:127;t12.2022.08.02/test:25;t12.2022.08.11/test:19;t12.2022.08.13/test:25,t12.2022.04.28;t12.2022.05.05;t12.2022.05.17;t12.2022.05.19;t12.2022.05.24;t12.2022.05.26;t12.2022.06.02;t12.2022.06.07;t12.2022.06.14;t12.2022.06.16;t12.2022.06.21;t12.2022.06.28;t12.2022.07.05;t12.2022.07.14;t12.2022.07.21;t12.2022.07.27;t12.2022.08.02;t12.2022.08.11;t12.2022.08.13,P,T,300,128,300,lda,5,10,0,0.5,30,,held_out,all,tertiary_allvocal
stage2,T3_modality,6v_sup,nonvocal,P/T,place,stop,300,0.6831666666666666,0.03203687111924494,0.955316076803596,,0.26467383333333333,t12.2022.06.23;t12.2022.08.18;t12.2022.08.23;t12.2022.08.25,t12.2022.06.23/test:9;t12.2022.06.23/train:156;t12.2022.08.18/test:16;t12.2022.08.18/train:121;t12.2022.08.23/test:12;t12.2022.08.23/train:150;t12.2022.08.25/test:8;t12.2022.08.25/train:128,t12.2022.06.21;t12.2022.08.13,P,T,300,128,300,lda,5,10,0,0.5,30,,held_out,all,tertiary_allvocal
stage2,T3_modality,6v_sup,vocal,T/K,place,stop,300,0.5618333333333334,0.034724711021915725,0.31115375021744635,,0.18325,t12.2022.04.28;t12.2022.05.05;t12.2022.05.17;t12.2022.05.19;t12.2022.05.24;t12.2022.05.26;t12.2022.06.02;t12.2022.06.07;t12.2022.06.14;t12.2022.06.16;t12.2022.06.21;t12.2022.06.28;t12.2022.07.05;t12.2022.07.14;t12.2022.07.21;t12.2022.07.27;t12.2022.07.29;t12.2022.08.02;t12.2022.08.11;t12.2022.08.13,t12.2022.04.28/test:17;t12.2022.05.05/test:16;t12.2022.05.17/test:8;t12.2022.05.19/test:11;t12.2022.05.24/test:33;t12.2022.05.26/test:27;t12.2022.06.02/test:29;t12.2022.06.07/test:28;t12.2022.06.14/test:33;t12.2022.06.16/test:32;t12.2022.06.21/test:26;t12.2022.06.28/test:23;t12.2022.07.05/test:24;t12.2022.07.14/test:22;t12.2022.07.21/test:24;t12.2022.07.27/test:34;t12.2022.07.29/test:22;t12.2022.07.29/train:121;t12.2022.08.02/test:20;t12.2022.08.11/test:25;t12.2022.08.13/test:25,t12.2022.04.28;t12.2022.05.05;t12.2022.05.17;t12.2022.05.19;t12.2022.05.24;t12.2022.05.26;t12.2022.06.02;t12.2022.06.07;t12.2022.06.14;t12.2022.06.16;t12.2022.06.21;t12.2022.06.28;t12.2022.07.05;t12.2022.07.14;t12.2022.07.21;t12.2022.07.27;t12.2022.08.02;t12.2022.08.11;t12.2022.08.13,K,T,300,128,300,lda,5,10,0,0.5,30,,held_out,all,tertiary_allvocal
stage2,T3_modality,6v_sup,nonvocal,T/K,place,stop,300,0.5591666666666666,0.03379883298445541,0.2977792842591064,,0.265024,t12.2022.06.23;t12.2022.08.18;t12.2022.08.23;t12.2022.08.25,t12.2022.06.23/test:5;t12.2022.06.23/train:154;t12.2022.08.18/test:10;t12.2022.08.18/train:133;t12.2022.08.23/test:12;t12.2022.08.23/train:139;t12.2022.08.25/test:14;t12.2022.08.25/train:133,t12.2022.06.21;t12.2022.08.13,K,T,300,128,300,lda,5,10,0,0.5,30,,held_out,all,tertiary_allvocal
stage2,T3_modality,6v_sup,vocal,B/D,place,stop,259,0.6827968633308439,0.04882936293312808,0.9507951984899294,,0.18773880308880309,t12.2022.04.28;t12.2022.05.05;t12.2022.05.17;t12.2022.05.19;t12.2022.05.24;t12.2022.05.26;t12.2022.06.02;t12.2022.06.07;t12.2022.06.14;t12.2022.06.16;t12.2022.06.21;t12.2022.06.28;t12.2022.07.05;t12.2022.07.14;t12.2022.07.21;t12.2022.07.27;t12.2022.07.29;t12.2022.08.02;t12.2022.08.11;t12.2022.08.13,t12.2022.04.28/test:25;t12.2022.05.05/test:15;t12.2022.05.17/test:20;t12.2022.05.19/test:8;t12.2022.05.24/test:25;t12.2022.05.26/test:14;t12.2022.06.02/test:24;t12.2022.06.07/test:18;t12.2022.06.14/test:28;t12.2022.06.16/test:22;t12.2022.06.21/test:25;t12.2022.06.28/test:21;t12.2022.07.05/test:23;t12.2022.07.14/test:19;t12.2022.07.21/test:21;t12.2022.07.27/test:18;t12.2022.07.29/test:15;t12.2022.07.29/train:110;t12.2022.08.02/test:20;t12.2022.08.11/test:20;t12.2022.08.13/test:27,t12.2022.04.28;t12.2022.05.05;t12.2022.05.17;t12.2022.05.19;t12.2022.05.24;t12.2022.05.26;t12.2022.06.02;t12.2022.06.07;t12.2022.06.14;t12.2022.06.16;t12.2022.06.21;t12.2022.06.28;t12.2022.07.05;t12.2022.07.14;t12.2022.07.21;t12.2022.07.27;t12.2022.08.02;t12.2022.08.11;t12.2022.08.13,B,D,259,128,259,lda,5,10,0,0.5,30,,held_out,all,tertiary_allvocal
stage2,T3_modality,6v_sup,nonvocal,B/D,place,stop,259,0.7036743838685586,0.032983553975189525,1.0721156393724676,,0.2639978764478765,t12.2022.06.23;t12.2022.08.18;t12.2022.08.23;t12.2022.08.25,t12.2022.06.23/test:6;t12.2022.06.23/train:122;t12.2022.08.18/test:3;t12.2022.08.18/train:128;t12.2022.08.23/test:20;t12.2022.08.23/train:110;t12.2022.08.25/test:6;t12.2022.08.25/train:123,t12.2022.06.21;t12.2022.08.13,B,D,259,128,259,lda,5,10,0,0.5,30,,held_out,all,tertiary_allvocal
stage2,T3_modality,6v_sup,vocal,D/G,place,stop,167,0.611112618724559,0.04668433672106495,0.5668785570755286,,0.1852751497005988,t12.2022.04.28;t12.2022.05.05;t12.2022.05.17;t12.2022.05.19;t12.2022.05.24;t12.2022.05.26;t12.2022.06.02;t12.2022.06.07;t12.2022.06.14;t12.2022.06.16;t12.2022.06.21;t12.2022.06.28;t12.2022.07.05;t12.2022.07.14;t12.2022.07.21;t12.2022.07.27;t12.2022.07.29;t12.2022.08.02;t12.2022.08.11;t12.2022.08.13,t12.2022.04.28/test:12;t12.2022.05.05/test:6;t12.2022.05.17/test:15;t12.2022.05.19/test:6;t12.2022.05.24/test:13;t12.2022.05.26/test:16;t12.2022.06.02/test:16;t12.2022.06.07/test:15;t12.2022.06.14/test:13;t12.2022.06.16/test:15;t12.2022.06.21/test:14;t12.2022.06.28/test:18;t12.2022.07.05/test:16;t12.2022.07.14/test:19;t12.2022.07.21/test:18;t12.2022.07.27/test:13;t12.2022.07.29/test:8;t12.2022.07.29/train:60;t12.2022.08.02/test:15;t12.2022.08.11/test:16;t12.2022.08.13/test:10,t12.2022.04.28;t12.2022.05.05;t12.2022.05.17;t12.2022.05.19;t12.2022.05.24;t12.2022.05.26;t12.2022.06.02;t12.2022.06.07;t12.2022.06.14;t12.2022.06.16;t12.2022.06.21;t12.2022.06.28;t12.2022.07.05;t12.2022.07.14;t12.2022.07.21;t12.2022.07.27;t12.2022.08.02;t12.2022.08.11;t12.2022.08.13,D,G,167,128,167,lda,5,10,0,0.5,30,,held_out,all,tertiary_allvocal
stage2,T3_modality,6v_sup,nonvocal,D/G,place,stop,167,0.5353912256897331,0.060403921291698894,0.17744687424321773,,0.2667101796407185,t12.2022.06.23;t12.2022.08.18;t12.2022.08.23;t12.2022.08.25,t12.2022.06.23/test:3;t12.2022.06.23/train:63;t12.2022.08.18/test:5;t12.2022.08.18/train:80;t12.2022.08.23/test:10;t12.2022.08.23/train:86;t12.2022.08.25/test:6;t12.2022.08.25/train:81,t12.2022.06.21;t12.2022.08.13,D,G,167,128,167,lda,5,10,0,0.5,30,,held_out,all,tertiary_allvocal
stage2,T3_modality,6v_sup,vocal,F/S,place,fricative,256,0.5627279649723967,0.043135916974692795,0.3156624632021606,,0.1892076171875,t12.2022.04.28;t12.2022.05.05;t12.2022.05.17;t12.2022.05.19;t12.2022.05.24;t12.2022.05.26;t12.2022.06.02;t12.2022.06.07;t12.2022.06.14;t12.2022.06.16;t12.2022.06.21;t12.2022.06.28;t12.2022.07.05;t12.2022.07.14;t12.2022.07.21;t12.2022.07.27;t12.2022.07.29;t12.2022.08.02;t12.2022.08.11;t12.2022.08.13,t12.2022.04.28/test:16;t12.2022.05.05/test:22;t12.2022.05.17/test:17;t12.2022.05.19/test:13;t12.2022.05.24/test:21;t12.2022.05.26/test:17;t12.2022.06.02/test:20;t12.2022.06.07/test:23;t12.2022.06.14/test:25;t12.2022.06.16/test:21;t12.2022.06.21/test:25;t12.2022.06.28/test:22;t12.2022.07.05/test:15;t12.2022.07.14/test:18;t12.2022.07.21/test:23;t12.2022.07.27/test:16;t12.2022.07.29/test:20;t12.2022.07.29/train:110;t12.2022.08.02/test:20;t12.2022.08.11/test:33;t12.2022.08.13/test:15,t12.2022.04.28;t12.2022.05.05;t12.2022.05.17;t12.2022.05.19;t12.2022.05.24;t12.2022.05.26;t12.2022.06.02;t12.2022.06.07;t12.2022.06.14;t12.2022.06.16;t12.2022.06.21;t12.2022.06.28;t12.2022.07.05;t12.2022.07.14;t12.2022.07.21;t12.2022.07.27;t12.2022.08.02;t12.2022.08.11;t12.2022.08.13,F,S,256,128,256,lda,5,10,0,0.5,30,,held_out,all,tertiary_allvocal
stage2,T3_modality,6v_sup,nonvocal,F/S,place,fricative,256,0.5867713687416715,0.046142503167925744,0.43829078725228854,,0.26320234375,t12.2022.06.23;t12.2022.08.18;t12.2022.08.23;t12.2022.08.25,t12.2022.06.23/test:10;t12.2022.06.23/train:135;t12.2022.08.18/test:10;t12.2022.08.18/train:133;t12.2022.08.23/test:9;t12.2022.08.23/train:92;t12.2022.08.25/test:7;t12.2022.08.25/train:116,t12.2022.06.21;t12.2022.08.13,F,S,256,128,256,lda,5,10,0,0.5,30,,held_out,all,tertiary_allvocal
stage2,T3_modality,6v_sup,vocal,F/TH,place,fricative,93,0.6635561877667141,0.05953767137544915,0.8434984267461958,,0.18746505376344086,t12.2022.04.28;t12.2022.05.05;t12.2022.05.17;t12.2022.05.19;t12.2022.05.24;t12.2022.05.26;t12.2022.06.02;t12.2022.06.07;t12.2022.06.14;t12.2022.06.16;t12.2022.06.21;t12.2022.06.28;t12.2022.07.05;t12.2022.07.14;t12.2022.07.21;t12.2022.07.27;t12.2022.07.29;t12.2022.08.02;t12.2022.08.11;t12.2022.08.13,t12.2022.04.28/test:7;t12.2022.05.05/test:3;t12.2022.05.17/test:6;t12.2022.05.19/test:6;t12.2022.05.24/test:7;t12.2022.05.26/test:2;t12.2022.06.02/test:11;t12.2022.06.07/test:7;t12.2022.06.14/test:4;t12.2022.06.16/test:6;t12.2022.06.21/test:11;t12.2022.06.28/test:4;t12.2022.07.05/test:8;t12.2022.07.14/test:7;t12.2022.07.21/test:8;t12.2022.07.27/test:5;t12.2022.07.29/test:5;t12.2022.07.29/train:49;t12.2022.08.02/test:10;t12.2022.08.11/test:9;t12.2022.08.13/test:11,t12.2022.04.28;t12.2022.05.05;t12.2022.05.17;t12.2022.05.19;t12.2022.05.24;t12.2022.05.26;t12.2022.06.02;t12.2022.06.07;t12.2022.06.14;t12.2022.06.16;t12.2022.06.21;t12.2022.06.28;t12.2022.07.05;t12.2022.07.14;t12.2022.07.21;t12.2022.07.27;t12.2022.08.02;t12.2022.08.11;t12.2022.08.13,F,TH,93,128,93,lda,5,10,0,0.5,30,,held_out,all,tertiary_allvocal
stage2,T3_modality,6v_sup,nonvocal,F/TH,place,fricative,93,0.6575817923186343,0.07392467230776362,0.8124427937061907,,0.2599983870967742,t12.2022.06.23;t12.2022.08.18;t12.2022.08.23;t12.2022.08.25,t12.2022.06.23/test:1;t12.2022.06.23/train:60;t12.2022.08.18/test:3;t12.2022.08.18/train:51;t12.2022.08.23/test:3;t12.2022.08.23/train:35;t12.2022.08.25/test:6;t12.2022.08.25/train:27,t12.2022.06.21;t12.2022.08.13,F,TH,93,128,93,lda,5,10,0,0.5,30,,held_out,all,tertiary_allvocal
stage2,T3_modality,6v_sup,vocal,S/SH,place,fricative,57,0.5517786561264822,0.07509985437182742,0.26513091199193234,,0.1938780701754386,t12.2022.04.28;t12.2022.05.05;t12.2022.05.17;t12.2022.05.19;t12.2022.05.24;t12.2022.05.26;t12.2022.06.02;t12.2022.06.07;t12.2022.06.14;t12.2022.06.16;t12.2022.06.21;t12.2022.06.28;t12.2022.07.05;t12.2022.07.14;t12.2022.07.21;t12.2022.07.27;t12.2022.07.29;t12.2022.08.02;t12.2022.08.11,t12.2022.04.28/test:3;t12.2022.05.05/test:12;t12.2022.05.17/test:5;t12.2022.05.19/test:3;t12.2022.05.24/test:4;t12.2022.05.26/test:10;t12.2022.06.02/test:9;t12.2022.06.07/test:5;t12.2022.06.14/test:6;t12.2022.06.16/test:3;t12.2022.06.21/test:7;t12.2022.06.28/test:5;t12.2022.07.05/test:2;t12.2022.07.14/test:4;t12.2022.07.21/test:3;t12.2022.07.27/test:3;t12.2022.07.29/test:6;t12.2022.07.29/train:18;t12.2022.08.02/test:4;t12.2022.08.11/test:2,t12.2022.04.28;t12.2022.05.05;t12.2022.05.17;t12.2022.05.19;t12.2022.05.24;t12.2022.05.26;t12.2022.06.02;t12.2022.06.07;t12.2022.06.14;t12.2022.06.16;t12.2022.06.21;t12.2022.06.28;t12.2022.07.05;t12.2022.07.14;t12.2022.07.21;t12.2022.07.27;t12.2022.08.02;t12.2022.08.11,S,SH,57,128,57,lda,5,10,0,0.5,30,,held_out,all,tertiary_allvocal
stage2,T3_modality,6v_sup,nonvocal,S/SH,place,fricative,57,0.5875889328063242,0.1004858139405423,0.4438737228121268,,0.2616780701754386,t12.2022.06.23;t12.2022.08.18;t12.2022.08.23;t12.2022.08.25,t12.2022.06.23/test:2;t12.2022.06.23/train:36;t12.2022.08.18/test:1;t12.2022.08.18/train:25;t12.2022.08.23/test:3;t12.2022.08.23/train:24;t12.2022.08.25/test:2;t12.2022.08.25/train:21,t12.2022.06.21;t12.2022.08.13,S,SH,57,128,57,lda,5,10,0,0.5,30,,held_out,all,tertiary_allvocal
stage2,T3_modality,6v_sup,vocal,V/Z,place,fricative,300,0.6835,0.04267089822766278,0.9549247909265821,,0.18427933333333332,t12.2022.04.28;t12.2022.05.05;t12.2022.05.17;t12.2022.05.19;t12.2022.05.24;t12.2022.05.26;t12.2022.06.02;t12.2022.06.07;t12.2022.06.14;t12.2022.06.16;t12.2022.06.21;t12.2022.06.28;t12.2022.07.05;t12.2022.07.14;t12.2022.07.21;t12.2022.07.27;t12.2022.07.29;t12.2022.08.02;t12.2022.08.11;t12.2022.08.13,t12.2022.04.28/test:14;t12.2022.05.05/test:20;t12.2022.05.17/test:15;t12.2022.05.19/test:11;t12.2022.05.24/test:36;t12.2022.05.26/test:31;t12.2022.06.02/test:27;t12.2022.06.07/test:29;t12.2022.06.14/test:33;t12.2022.06.16/test:25;t12.2022.06.21/test:27;t12.2022.06.28/test:22;t12.2022.07.05/test:17;t12.2022.07.14/test:24;t12.2022.07.21/test:27;t12.2022.07.27/test:24;t12.2022.07.29/test:32;t12.2022.07.29/train:123;t12.2022.08.02/test:17;t12.2022.08.11/test:24;t12.2022.08.13/test:22,t12.2022.04.28;t12.2022.05.05;t12.2022.05.17;t12.2022.05.19;t12.2022.05.24;t12.2022.05.26;t12.2022.06.02;t12.2022.06.07;t12.2022.06.14;t12.2022.06.16;t12.2022.06.21;t12.2022.06.28;t12.2022.07.05;t12.2022.07.14;t12.2022.07.21;t12.2022.07.27;t12.2022.08.02;t12.2022.08.11;t12.2022.08.13,V,Z,300,128,300,lda,5,10,0,0.5,30,,held_out,all,tertiary_allvocal
stage2,T3_modality,6v_sup,nonvocal,V/Z,place,fricative,300,0.6588333333333333,0.03568418572857045,0.818827838887514,,0.26356433333333334,t12.2022.06.23;t12.2022.08.18;t12.2022.08.23;t12.2022.08.25,t12.2022.06.23/test:10;t12.2022.06.23/train:150;t12.2022.08.18/test:13;t12.2022.08.18/train:150;t12.2022.08.23/test:11;t12.2022.08.23/train:131;t12.2022.08.25/test:7;t12.2022.08.25/train:128,t12.2022.06.21;t12.2022.08.13,V,Z,300,128,300,lda,5,10,0,0.5,30,,held_out,all,tertiary_allvocal
stage2,T3_modality,6v_sup,vocal,M/N,place,nasal,300,0.6218333333333333,0.039260172071847975,0.6206526611666872,,0.19077633333333333,t12.2022.04.28;t12.2022.05.05;t12.2022.05.17;t12.2022.05.19;t12.2022.05.24;t12.2022.05.26;t12.2022.06.02;t12.2022.06.07;t12.2022.06.14;t12.2022.06.16;t12.2022.06.21;t12.2022.06.28;t12.2022.07.05;t12.2022.07.14;t12.2022.07.21;t12.2022.07.27;t12.2022.07.29;t12.2022.08.02;t12.2022.08.11;t12.2022.08.13,t12.2022.04.28/test:32;t12.2022.05.05/test:17;t12.2022.05.17/test:20;t12.2022.05.19/test:13;t12.2022.05.24/test:20;t12.2022.05.26/test:24;t12.2022.06.02/test:24;t12.2022.06.07/test:36;t12.2022.06.14/test:21;t12.2022.06.16/test:25;t12.2022.06.21/test:28;t12.2022.06.28/test:30;t12.2022.07.05/test:13;t12.2022.07.14/test:21;t12.2022.07.21/test:28;t12.2022.07.27/test:20;t12.2022.07.29/test:26;t12.2022.07.29/train:122;t12.2022.08.02/test:15;t12.2022.08.11/test:32;t12.2022.08.13/test:33,t12.2022.04.28;t12.2022.05.05;t12.2022.05.17;t12.2022.05.19;t12.2022.05.24;t12.2022.05.26;t12.2022.06.02;t12.2022.06.07;t12.2022.06.14;t12.2022.06.16;t12.2022.06.21;t12.2022.06.28;t12.2022.07.05;t12.2022.07.14;t12.2022.07.21;t12.2022.07.27;t12.2022.08.02;t12.2022.08.11;t12.2022.08.13,M,N,300,128,300,lda,5,10,0,0.5,30,,held_out,all,tertiary_allvocal
stage2,T3_modality,6v_sup,nonvocal,M/N,place,nasal,300,0.6461666666666666,0.03492889602861473,0.7510555006312549,,0.26614316666666665,t12.2022.06.23;t12.2022.08.18;t12.2022.08.23;t12.2022.08.25,t12.2022.06.23/test:15;t12.2022.06.23/train:154;t12.2022.08.18/test:7;t12.2022.08.18/train:108;t12.2022.08.23/test:14;t12.2022.08.23/train:151;t12.2022.08.25/test:8;t12.2022.08.25/train:143,t12.2022.06.21;t12.2022.08.13,M,N,300,128,300,lda,5,10,0,0.5,30,,held_out,all,tertiary_allvocal
stage2,T3_modality,6v_inf,vocal,P/B,laryngeal,stop,259,0.6256665421956683,0.036330071681300216,0.640631438650002,,0.1885430501930502,t12.2022.04.28;t12.2022.05.05;t12.2022.05.17;t12.2022.05.19;t12.2022.05.24;t12.2022.05.26;t12.2022.06.02;t12.2022.06.07;t12.2022.06.14;t12.2022.06.16;t12.2022.06.21;t12.2022.06.28;t12.2022.07.05;t12.2022.07.14;t12.2022.07.21;t12.2022.07.27;t12.2022.07.29;t12.2022.08.02;t12.2022.08.11;t12.2022.08.13,t12.2022.04.28/test:22;t12.2022.05.05/test:24;t12.2022.05.17/test:18;t12.2022.05.19/test:8;t12.2022.05.24/test:22;t12.2022.05.26/test:26;t12.2022.06.02/test:25;t12.2022.06.07/test:16;t12.2022.06.14/test:24;t12.2022.06.16/test:24;t12.2022.06.21/test:25;t12.2022.06.28/test:20;t12.2022.07.05/test:16;t12.2022.07.14/test:17;t12.2022.07.21/test:21;t12.2022.07.27/test:16;t12.2022.07.29/test:18;t12.2022.07.29/train:111;t12.2022.08.02/test:24;t12.2022.08.11/test:20;t12.2022.08.13/test:21,t12.2022.04.28;t12.2022.05.05;t12.2022.05.17;t12.2022.05.19;t12.2022.05.24;t12.2022.05.26;t12.2022.06.02;t12.2022.06.07;t12.2022.06.14;t12.2022.06.16;t12.2022.06.21;t12.2022.06.28;t12.2022.07.05;t12.2022.07.14;t12.2022.07.21;t12.2022.07.27;t12.2022.08.02;t12.2022.08.11;t12.2022.08.13,B,P,259,128,259,lda,5,10,0,0.5,30,,held_out,all,tertiary_allvocal
stage2,T3_modality,6v_inf,nonvocal,P/B,laryngeal,stop,259,0.6295761762509335,0.04225954840133537,0.6638930584420502,,0.2634478764478765,t12.2022.06.23;t12.2022.08.18;t12.2022.08.23;t12.2022.08.25,t12.2022.06.23/test:10;t12.2022.06.23/train:142;t12.2022.08.18/test:12;t12.2022.08.18/train:115;t12.2022.08.23/test:8;t12.2022.08.23/train:124;t12.2022.08.25/test:8;t12.2022.08.25/train:99,t12.2022.06.21;t12.2022.08.13,B,P,259,128,259,lda,5,10,0,0.5,30,,held_out,all,tertiary_allvocal
stage2,T3_modality,6v_inf,vocal,T/D,laryngeal,stop,300,0.5585,0.044331140296635735,0.2942378591906033,,0.18438266666666667,t12.2022.04.28;t12.2022.05.05;t12.2022.05.17;t12.2022.05.19;t12.2022.05.24;t12.2022.05.26;t12.2022.06.02;t12.2022.06.07;t12.2022.06.14;t12.2022.06.16;t12.2022.06.21;t12.2022.06.28;t12.2022.07.05;t12.2022.07.14;t12.2022.07.21;t12.2022.07.27;t12.2022.07.29;t12.2022.08.02;t12.2022.08.11;t12.2022.08.13,t12.2022.04.28/test:20;t12.2022.05.05/test:20;t12.2022.05.17/test:17;t12.2022.05.19/test:8;t12.2022.05.24/test:32;t12.2022.05.26/test:30;t12.2022.06.02/test:30;t12.2022.06.07/test:21;t12.2022.06.14/test:26;t12.2022.06.16/test:26;t12.2022.06.21/test:29;t12.2022.06.28/test:22;t12.2022.07.05/test:30;t12.2022.07.14/test:39;t12.2022.07.21/test:26;t12.2022.07.27/test:20;t12.2022.07.29/test:26;t12.2022.07.29/train:119;t12.2022.08.02/test:19;t12.2022.08.11/test:16;t12.2022.08.13/test:24,t12.2022.04.28;t12.2022.05.05;t12.2022.05.17;t12.2022.05.19;t12.2022.05.24;t12.2022.05.26;t12.2022.06.02;t12.2022.06.07;t12.2022.06.14;t12.2022.06.16;t12.2022.06.21;t12.2022.06.28;t12.2022.07.05;t12.2022.07.14;t12.2022.07.21;t12.2022.07.27;t12.2022.08.02;t12.2022.08.11;t12.2022.08.13,D,T,300,128,300,lda,5,10,0,0.5,30,,held_out,all,tertiary_allvocal
stage2,T3_modality,6v_inf,nonvocal,T/D,laryngeal,stop,300,0.5686666666666667,0.035651086939951775,0.34585485636821267,,0.26410883333333335,t12.2022.06.23;t12.2022.08.18;t12.2022.08.23;t12.2022.08.25,t12.2022.06.23/test:10;t12.2022.06.23/train:149;t12.2022.08.18/test:13;t12.2022.08.18/train:141;t12.2022.08.23/test:18;t12.2022.08.23/train:128;t12.2022.08.25/test:12;t12.2022.08.25/train:129,t12.2022.06.21;t12.2022.08.13,D,T,300,128,300,lda,5,10,0,0.5,30,,held_out,all,tertiary_allvocal
stage2,T3_modality,6v_inf,vocal,K/G,laryngeal,stop,167,0.66041157847128,0.05390568490839674,0.8282961566559776,,0.18452365269461077,t12.2022.04.28;t12.2022.05.05;t12.2022.05.17;t12.2022.05.19;t12.2022.05.24;t12.2022.05.26;t12.2022.06.02;t12.2022.06.07;t12.2022.06.14;t12.2022.06.16;t12.2022.06.21;t12.2022.06.28;t12.2022.07.05;t12.2022.07.14;t12.2022.07.21;t12.2022.07.27;t12.2022.07.29;t12.2022.08.02;t12.2022.08.11;t12.2022.08.13,t12.2022.04.28/test:10;t12.2022.05.05/test:8;t12.2022.05.17/test:10;t12.2022.05.19/test:4;t12.2022.05.24/test:14;t12.2022.05.26/test:12;t12.2022.06.02/test:13;t12.2022.06.07/test:15;t12.2022.06.14/test:15;t12.2022.06.16/test:16;t12.2022.06.21/test:13;t12.2022.06.28/test:15;t12.2022.07.05/test:11;t12.2022.07.14/test:19;t12.2022.07.21/test:15;t12.2022.07.27/test:16;t12.2022.07.29/test:9;t12.2022.07.29/train:82;t12.2022.08.02/test:14;t12.2022.08.11/test:15;t12.2022.08.13/test:8,t12.2022.04.28;t12.2022.05.05;t12.2022.05.17;t12.2022.05.19;t12.2022.05.24;t12.2022.05.26;t12.2022.06.02;t12.2022.06.07;t12.2022.06.14;t12.2022.06.16;t12.2022.06.21;t12.2022.06.28;t12.2022.07.05;t12.2022.07.14;t12.2022.07.21;t12.2022.07.27;t12.2022.08.02;t12.2022.08.11;t12.2022.08.13,G,K,167,128,167,lda,5,10,0,0.5,30,,held_out,all,tertiary_allvocal
stage2,T3_modality,6v_inf,nonvocal,K/G,laryngeal,stop,167,0.6556128448665761,0.047052706909954715,0.8028154229774174,,0.2643679640718563,t12.2022.06.23;t12.2022.08.18;t12.2022.08.23;t12.2022.08.25,t12.2022.06.23/test:4;t12.2022.06.23/train:76;t12.2022.08.18/test:7;t12.2022.08.18/train:81;t12.2022.08.23/test:9;t12.2022.08.23/train:82;t12.2022.08.25/test:5;t12.2022.08.25/train:70,t12.2022.06.21;t12.2022.08.13,G,K,167,128,167,lda,5,10,0,0.5,30,,held_out,all,tertiary_allvocal
stage2,T3_modality,6v_inf,vocal,F/V,laryngeal,fricative,256,0.5463030649152865,0.03647778453225233,0.23257628199611408,,0.187782421875,t12.2022.04.28;t12.2022.05.05;t12.2022.05.17;t12.2022.05.19;t12.2022.05.24;t12.2022.05.26;t12.2022.06.02;t12.2022.06.07;t12.2022.06.14;t12.2022.06.16;t12.2022.06.21;t12.2022.06.28;t12.2022.07.05;t12.2022.07.14;t12.2022.07.21;t12.2022.07.27;t12.2022.07.29;t12.2022.08.02;t12.2022.08.11;t12.2022.08.13,t12.2022.04.28/test:18;t12.2022.05.05/test:18;t12.2022.05.17/test:15;t12.2022.05.19/test:12;t12.2022.05.24/test:30;t12.2022.05.26/test:20;t12.2022.06.02/test:15;t12.2022.06.07/test:25;t12.2022.06.14/test:25;t12.2022.06.16/test:19;t12.2022.06.21/test:26;t12.2022.06.28/test:21;t12.2022.07.05/test:14;t12.2022.07.14/test:19;t12.2022.07.21/test:21;t12.2022.07.27/test:15;t12.2022.07.29/test:19;t12.2022.07.29/train:113;t12.2022.08.02/test:19;t12.2022.08.11/test:26;t12.2022.08.13/test:22,t12.2022.04.28;t12.2022.05.05;t12.2022.05.17;t12.2022.05.19;t12.2022.05.24;t12.2022.05.26;t12.2022.06.02;t12.2022.06.07;t12.2022.06.14;t12.2022.06.16;t12.2022.06.21;t12.2022.06.28;t12.2022.07.05;t12.2022.07.14;t12.2022.07.21;t12.2022.07.27;t12.2022.08.02;t12.2022.08.11;t12.2022.08.13,F,V,256,128,256,lda,5,10,0,0.5,30,,held_out,all,tertiary_allvocal
stage2,T3_modality,6v_inf,nonvocal,F/V,laryngeal,fricative,256,0.6035046640015229,0.04971377765719629,0.52471495191251,,0.2633455078125,t12.2022.06.23;t12.2022.08.18;t12.2022.08.23;t12.2022.08.25,t12.2022.06.23/test:9;t12.2022.06.23/train:129;t12.2022.08.18/test:7;t12.2022.08.18/train:134;t12.2022.08.23/test:12;t12.2022.08.23/train:107;t12.2022.08.25/test:11;t12.2022.08.25/train:103,t12.2022.06.21;t12.2022.08.13,F,V,256,128,256,lda,5,10,0,0.5,30,,held_out,all,tertiary_allvocal
stage2,T3_modality,6v_inf,vocal,S/Z,laryngeal,fricative,300,0.5845,0.03543421134064273,0.4268389761104225,,0.18835983333333334,t12.2022.04.28;t12.2022.05.05;t12.2022.05.17;t12.2022.05.19;t12.2022.05.24;t12.2022.05.26;t12.2022.06.02;t12.2022.06.07;t12.2022.06.14;t12.2022.06.16;t12.2022.06.21;t12.2022.06.28;t12.2022.07.05;t12.2022.07.14;t12.2022.07.21;t12.2022.07.27;t12.2022.07.29;t12.2022.08.02;t12.2022.08.11;t12.2022.08.13,t12.2022.04.28/test:22;t12.2022.05.05/test:26;t12.2022.05.17/test:18;t12.2022.05.19/test:15;t12.2022.05.24/test:27;t12.2022.05.26/test:27;t12.2022.06.02/test:34;t12.2022.06.07/test:23;t12.2022.06.14/test:35;t12.2022.06.16/test:20;t12.2022.06.21/test:22;t12.2022.06.28/test:23;t12.2022.07.05/test:21;t12.2022.07.14/test:21;t12.2022.07.21/test:25;t12.2022.07.27/test:24;t12.2022.07.29/test:29;t12.2022.07.29/train:126;t12.2022.08.02/test:18;t12.2022.08.11/test:27;t12.2022.08.13/test:17,t12.2022.04.28;t12.2022.05.05;t12.2022.05.17;t12.2022.05.19;t12.2022.05.24;t12.2022.05.26;t12.2022.06.02;t12.2022.06.07;t12.2022.06.14;t12.2022.06.16;t12.2022.06.21;t12.2022.06.28;t12.2022.07.05;t12.2022.07.14;t12.2022.07.21;t12.2022.07.27;t12.2022.08.02;t12.2022.08.11;t12.2022.08.13,S,Z,300,128,300,lda,5,10,0,0.5,30,,held_out,all,tertiary_allvocal
stage2,T3_modality,6v_inf,nonvocal,S/Z,laryngeal,fricative,300,0.5695,0.047099481006812716,0.3501150545837354,,0.2646846666666667,t12.2022.06.23;t12.2022.08.18;t12.2022.08.23;t12.2022.08.25,t12.2022.06.23/test:12;t12.2022.06.23/train:163;t12.2022.08.18/test:12;t12.2022.08.18/train:125;t12.2022.08.23/test:9;t12.2022.08.23/train:130;t12.2022.08.25/test:6;t12.2022.08.25/train:143,t12.2022.06.21;t12.2022.08.13,S,Z,300,128,300,lda,5,10,0,0.5,30,,held_out,all,tertiary_allvocal
stage2,T3_modality,6v_inf,vocal,SH/ZH,laryngeal,fricative,41,0.6139705882352942,0.11800267943119418,0.5771447140727536,,0.20230853658536588,t12.2022.04.28;t12.2022.05.05;t12.2022.05.17;t12.2022.05.19;t12.2022.05.24;t12.2022.05.26;t12.2022.06.02;t12.2022.06.07;t12.2022.06.14;t12.2022.06.16;t12.2022.06.21;t12.2022.06.28;t12.2022.07.14;t12.2022.07.21;t12.2022.07.27;t12.2022.07.29;t12.2022.08.02;t12.2022.08.11,t12.2022.04.28/test:5;t12.2022.05.05/test:8;t12.2022.05.17/test:4;t12.2022.05.19/test:3;t12.2022.05.24/test:1;t12.2022.05.26/test:9;t12.2022.06.02/test:5;t12.2022.06.07/test:6;t12.2022.06.14/test:7;t12.2022.06.16/test:4;t12.2022.06.21/test:2;t12.2022.06.28/test:2;t12.2022.07.14/test:1;t12.2022.07.21/test:1;t12.2022.07.27/test:1;t12.2022.07.29/test:4;t12.2022.07.29/train:17;t12.2022.08.02/test:1;t12.2022.08.11/test:1,t12.2022.04.28;t12.2022.05.05;t12.2022.05.17;t12.2022.05.19;t12.2022.05.24;t12.2022.05.26;t12.2022.06.02;t12.2022.06.07;t12.2022.06.14;t12.2022.06.16;t12.2022.06.21;t12.2022.06.28;t12.2022.07.14;t12.2022.07.21;t12.2022.07.27;t12.2022.08.02;t12.2022.08.11,SH,ZH,41,128,41,lda,5,10,0,0.5,30,,held_out,all,tertiary_allvocal
stage2,T3_modality,6v_inf,nonvocal,SH/ZH,laryngeal,fricative,41,0.5275,0.10058286019350356,0.14046822913535417,,0.26081219512195125,t12.2022.06.23;t12.2022.08.18;t12.2022.08.23;t12.2022.08.25,t12.2022.06.23/test:1;t12.2022.06.23/train:30;t12.2022.08.18/test:3;t12.2022.08.18/train:17;t12.2022.08.23/train:12;t12.2022.08.25/train:19,t12.2022.06.21;t12.2022.08.13,SH,ZH,41,128,41,lda,5,10,0,0.5,30,,held_out,all,tertiary_allvocal
stage2,T3_modality,6v_inf,vocal,CH/JH,laryngeal,affricate,47,0.6054970760233919,0.11409930715341843,0.5348284962076226,,0.18265212765957448,t12.2022.04.28;t12.2022.05.05;t12.2022.05.17;t12.2022.05.19;t12.2022.05.24;t12.2022.05.26;t12.2022.06.02;t12.2022.06.07;t12.2022.06.14;t12.2022.06.16;t12.2022.06.21;t12.2022.06.28;t12.2022.07.05;t12.2022.07.14;t12.2022.07.21;t12.2022.07.27;t12.2022.07.29;t12.2022.08.02;t12.2022.08.11;t12.2022.08.13,t12.2022.04.28/test:3;t12.2022.05.05/test:3;t12.2022.05.17/test:1;t12.2022.05.19/test:1;t12.2022.05.24/test:6;t12.2022.05.26/test:5;t12.2022.06.02/test:5;t12.2022.06.07/test:3;t12.2022.06.14/test:3;t12.2022.06.16/test:8;t12.2022.06.21/test:4;t12.2022.06.28/test:3;t12.2022.07.05/test:2;t12.2022.07.14/test:7;t12.2022.07.21/test:7;t12.2022.07.27/test:3;t12.2022.07.29/test:2;t12.2022.07.29/train:17;t12.2022.08.02/test:3;t12.2022.08.11/test:5;t12.2022.08.13/test:3,t12.2022.04.28;t12.2022.05.05;t12.2022.05.17;t12.2022.05.19;t12.2022.05.24;t12.2022.05.26;t12.2022.06.02;t12.2022.06.07;t12.2022.06.14;t12.2022.06.16;t12.2022.06.21;t12.2022.06.28;t12.2022.07.05;t12.2022.07.14;t12.2022.07.21;t12.2022.07.27;t12.2022.08.02;t12.2022.08.11;t12.2022.08.13,CH,JH,47,128,47,lda,5,10,0,0.5,30,,held_out,all,tertiary_allvocal
stage2,T3_modality,6v_inf,nonvocal,CH/JH,laryngeal,affricate,47,0.6188888888888888,0.11275122233586013,0.6063040474293198,,0.26290744680851064,t12.2022.06.23;t12.2022.08.18;t12.2022.08.23;t12.2022.08.25,t12.2022.06.23/test:2;t12.2022.06.23/train:25;t12.2022.08.18/test:3;t12.2022.08.18/train:21;t12.2022.08.23/test:1;t12.2022.08.23/train:24;t12.2022.08.25/train:18,t12.2022.06.21;t12.2022.08.13,CH,JH,47,128,47,lda,5,10,0,0.5,30,,held_out,all,tertiary_allvocal
stage2,T3_modality,6v_inf,vocal,TH/DH,laryngeal,fricative,93,0.7359886201991465,0.06518118698068949,1.2651501833256775,,0.18283440860215053,t12.2022.04.28;t12.2022.05.05;t12.2022.05.17;t12.2022.05.19;t12.2022.05.24;t12.2022.05.26;t12.2022.06.02;t12.2022.06.07;t12.2022.06.14;t12.2022.06.16;t12.2022.06.21;t12.2022.06.28;t12.2022.07.05;t12.2022.07.14;t12.2022.07.21;t12.2022.07.27;t12.2022.07.29;t12.2022.08.02;t12.2022.08.11;t12.2022.08.13,t12.2022.04.28/test:6;t12.2022.05.05/test:5;t12.2022.05.17/test:4;t12.2022.05.19/test:1;t12.2022.05.24/test:5;t12.2022.05.26/test:3;t12.2022.06.02/test:15;t12.2022.06.07/test:8;t12.2022.06.14/test:8;t12.2022.06.16/test:9;t12.2022.06.21/test:8;t12.2022.06.28/test:4;t12.2022.07.05/test:9;t12.2022.07.14/test:8;t12.2022.07.21/test:9;t12.2022.07.27/test:7;t12.2022.07.29/test:3;t12.2022.07.29/train:53;t12.2022.08.02/test:6;t12.2022.08.11/test:4;t12.2022.08.13/test:11,t12.2022.04.28;t12.2022.05.05;t12.2022.05.17;t12.2022.05.19;t12.2022.05.24;t12.2022.05.26;t12.2022.06.02;t12.2022.06.07;t12.2022.06.14;t12.2022.06.16;t12.2022.06.21;t12.2022.06.28;t12.2022.07.05;t12.2022.07.14;t12.2022.07.21;t12.2022.07.27;t12.2022.08.02;t12.2022.08.11;t12.2022.08.13,DH,TH,93,128,93,lda,5,10,0,0.5,30,,held_out,all,tertiary_allvocal
stage2,T3_modality,6v_inf,nonvocal,TH/DH,laryngeal,fricative,93,0.742873399715505,0.07083815203049706,1.3078760064603174,,0.2653994623655914,t12.2022.06.23;t12.2022.08.18;t12.2022.08.23;t12.2022.08.25,t12.2022.06.23/test:2;t12.2022.06.23/train:47;t12.2022.08.18/test:4;t12.2022.08.18/train:43;t12.2022.08.23/test:3;t12.2022.08.23/train:35;t12.2022.08.25/test:3;t12.2022.08.25/train:49,t12.2022.06.21;t12.2022.08.13,DH,TH,93,128,93,lda,5,10,0,0.5,30,,held_out,all,tertiary_allvocal
stage2,T3_modality,6v_inf,vocal,P/T,place,stop,300,0.7241666666666667,0.039378857835702205,1.1945330953365334,,0.18641166666666667,t12.2022.04.28;t12.2022.05.05;t12.2022.05.17;t12.2022.05.19;t12.2022.05.24;t12.2022.05.26;t12.2022.06.02;t12.2022.06.07;t12.2022.06.14;t12.2022.06.16;t12.2022.06.21;t12.2022.06.28;t12.2022.07.05;t12.2022.07.14;t12.2022.07.21;t12.2022.07.27;t12.2022.07.29;t12.2022.08.02;t12.2022.08.11;t12.2022.08.13,t12.2022.04.28/test:17;t12.2022.05.05/test:24;t12.2022.05.17/test:11;t12.2022.05.19/test:15;t12.2022.05.24/test:29;t12.2022.05.26/test:31;t12.2022.06.02/test:30;t12.2022.06.07/test:29;t12.2022.06.14/test:29;t12.2022.06.16/test:23;t12.2022.06.21/test:25;t12.2022.06.28/test:29;t12.2022.07.05/test:24;t12.2022.07.14/test:28;t12.2022.07.21/test:22;t12.2022.07.27/test:24;t12.2022.07.29/test:27;t12.2022.07.29/train:123;t12.2022.08.02/test:25;t12.2022.08.11/test:18;t12.2022.08.13/test:17,t12.2022.04.28;t12.2022.05.05;t12.2022.05.17;t12.2022.05.19;t12.2022.05.24;t12.2022.05.26;t12.2022.06.02;t12.2022.06.07;t12.2022.06.14;t12.2022.06.16;t12.2022.06.21;t12.2022.06.28;t12.2022.07.05;t12.2022.07.14;t12.2022.07.21;t12.2022.07.27;t12.2022.08.02;t12.2022.08.11;t12.2022.08.13,P,T,300,128,300,lda,5,10,0,0.5,30,,held_out,all,tertiary_allvocal
stage2,T3_modality,6v_inf,nonvocal,P/T,place,stop,300,0.6678333333333332,0.037712729946266156,0.872916841052204,,0.2646343333333333,t12.2022.06.23;t12.2022.08.18;t12.2022.08.23;t12.2022.08.25,t12.2022.06.23/test:13;t12.2022.06.23/train:164;t12.2022.08.18/test:15;t12.2022.08.18/train:121;t12.2022.08.23/test:8;t12.2022.08.23/train:140;t12.2022.08.25/test:8;t12.2022.08.25/train:131,t12.2022.06.21;t12.2022.08.13,P,T,300,128,300,lda,5,10,0,0.5,30,,held_out,all,tertiary_allvocal
stage2,T3_modality,6v_inf,vocal,T/K,place,stop,300,0.6501666666666667,0.04293049938887013,0.7714019371097051,,0.18216166666666667,t12.2022.04.28;t12.2022.05.05;t12.2022.05.17;t12.2022.05.19;t12.2022.05.24;t12.2022.05.26;t12.2022.06.02;t12.2022.06.07;t12.2022.06.14;t12.2022.06.16;t12.2022.06.21;t12.2022.06.28;t12.2022.07.05;t12.2022.07.14;t12.2022.07.21;t12.2022.07.27;t12.2022.07.29;t12.2022.08.02;t12.2022.08.11;t12.2022.08.13,t12.2022.04.28/test:14;t12.2022.05.05/test:12;t12.2022.05.17/test:14;t12.2022.05.19/test:11;t12.2022.05.24/test:26;t12.2022.05.26/test:31;t12.2022.06.02/test:25;t12.2022.06.07/test:21;t12.2022.06.14/test:27;t12.2022.06.16/test:31;t12.2022.06.21/test:30;t12.2022.06.28/test:29;t12.2022.07.05/test:29;t12.2022.07.14/test:29;t12.2022.07.21/test:27;t12.2022.07.27/test:27;t12.2022.07.29/test:15;t12.2022.07.29/train:126;t12.2022.08.02/test:20;t12.2022.08.11/test:28;t12.2022.08.13/test:28,t12.2022.04.28;t12.2022.05.05;t12.2022.05.17;t12.2022.05.19;t12.2022.05.24;t12.2022.05.26;t12.2022.06.02;t12.2022.06.07;t12.2022.06.14;t12.2022.06.16;t12.2022.06.21;t12.2022.06.28;t12.2022.07.05;t12.2022.07.14;t12.2022.07.21;t12.2022.07.27;t12.2022.08.02;t12.2022.08.11;t12.2022.08.13,K,T,300,128,300,lda,5,10,0,0.5,30,,held_out,all,tertiary_allvocal
stage2,T3_modality,6v_inf,nonvocal,T/K,place,stop,300,0.6669999999999999,0.03358074845304474,0.8630533582462926,,0.26449883333333335,t12.2022.06.23;t12.2022.08.18;t12.2022.08.23;t12.2022.08.25,t12.2022.06.23/test:13;t12.2022.06.23/train:167;t12.2022.08.18/test:11;t12.2022.08.18/train:123;t12.2022.08.23/test:10;t12.2022.08.23/train:129;t12.2022.08.25/test:7;t12.2022.08.25/train:140,t12.2022.06.21;t12.2022.08.13,K,T,300,128,300,lda,5,10,0,0.5,30,,held_out,all,tertiary_allvocal
stage2,T3_modality,6v_inf,vocal,B/D,place,stop,259,0.7118185212845407,0.041097013814267454,1.1218134840790852,,0.1862092664092664,t12.2022.04.28;t12.2022.05.05;t12.2022.05.17;t12.2022.05.19;t12.2022.05.24;t12.2022.05.26;t12.2022.06.02;t12.2022.06.07;t12.2022.06.14;t12.2022.06.16;t12.2022.06.21;t12.2022.06.28;t12.2022.07.05;t12.2022.07.14;t12.2022.07.21;t12.2022.07.27;t12.2022.07.29;t12.2022.08.02;t12.2022.08.11;t12.2022.08.13,t12.2022.04.28/test:22;t12.2022.05.05/test:17;t12.2022.05.17/test:21;t12.2022.05.19/test:6;t12.2022.05.24/test:27;t12.2022.05.26/test:16;t12.2022.06.02/test:32;t12.2022.06.07/test:17;t12.2022.06.14/test:27;t12.2022.06.16/test:21;t12.2022.06.21/test:27;t12.2022.06.28/test:16;t12.2022.07.05/test:19;t12.2022.07.14/test:20;t12.2022.07.21/test:27;t12.2022.07.27/test:19;t12.2022.07.29/test:17;t12.2022.07.29/train:106;t12.2022.08.02/test:21;t12.2022.08.11/test:17;t12.2022.08.13/test:23,t12.2022.04.28;t12.2022.05.05;t12.2022.05.17;t12.2022.05.19;t12.2022.05.24;t12.2022.05.26;t12.2022.06.02;t12.2022.06.07;t12.2022.06.14;t12.2022.06.16;t12.2022.06.21;t12.2022.06.28;t12.2022.07.05;t12.2022.07.14;t12.2022.07.21;t12.2022.07.27;t12.2022.08.02;t12.2022.08.11;t12.2022.08.13,B,D,259,128,259,lda,5,10,0,0.5,30,,held_out,all,tertiary_allvocal
stage2,T3_modality,6v_inf,nonvocal,B/D,place,stop,259,0.7287677371172516,0.04249937445522052,1.221077467540554,,0.26563880308880305,t12.2022.06.23;t12.2022.08.18;t12.2022.08.23;t12.2022.08.25,t12.2022.06.23/test:13;t12.2022.06.23/train:129;t12.2022.08.18/test:4;t12.2022.08.18/train:116;t12.2022.08.23/test:10;t12.2022.08.23/train:108;t12.2022.08.25/test:8;t12.2022.08.25/train:130,t12.2022.06.21;t12.2022.08.13,B,D,259,128,259,lda,5,10,0,0.5,30,,held_out,all,tertiary_allvocal
stage2,T3_modality,6v_inf,vocal,D/G,place,stop,167,0.6675893260967888,0.045105006702152964,0.8664137077960026,,0.18543772455089821,t12.2022.04.28;t12.2022.05.05;t12.2022.05.17;t12.2022.05.19;t12.2022.05.24;t12.2022.05.26;t12.2022.06.02;t12.2022.06.07;t12.2022.06.14;t12.2022.06.16;t12.2022.06.21;t12.2022.06.28;t12.2022.07.05;t12.2022.07.14;t12.2022.07.21;t12.2022.07.27;t12.2022.07.29;t12.2022.08.02;t12.2022.08.11;t12.2022.08.13,t12.2022.04.28/test:11;t12.2022.05.05/test:11;t12.2022.05.17/test:15;t12.2022.05.19/test:5;t12.2022.05.24/test:14;t12.2022.05.26/test:13;t12.2022.06.02/test:17;t12.2022.06.07/test:13;t12.2022.06.14/test:12;t12.2022.06.16/test:12;t12.2022.06.21/test:19;t12.2022.06.28/test:16;t12.2022.07.05/test:14;t12.2022.07.14/test:29;t12.2022.07.21/test:19;t12.2022.07.27/test:13;t12.2022.07.29/test:8;t12.2022.07.29/train:59;t12.2022.08.02/test:12;t12.2022.08.11/test:11;t12.2022.08.13/test:11,t12.2022.04.28;t12.2022.05.05;t12.2022.05.17;t12.2022.05.19;t12.2022.05.24;t12.2022.05.26;t12.2022.06.02;t12.2022.06.07;t12.2022.06.14;t12.2022.06.16;t12.2022.06.21;t12.2022.06.28;t12.2022.07.05;t12.2022.07.14;t12.2022.07.21;t12.2022.07.27;t12.2022.08.02;t12.2022.08.11;t12.2022.08.13,D,G,167,128,167,lda,5,10,0,0.5,30,,held_out,all,tertiary_allvocal
stage2,T3_modality,6v_inf,nonvocal,D/G,place,stop,167,0.636472184531886,0.05704765293421355,0.6979541545672658,,0.2649476047904192,t12.2022.06.23;t12.2022.08.18;t12.2022.08.23;t12.2022.08.25,t12.2022.06.23/test:4;t12.2022.06.23/train:70;t12.2022.08.18/test:4;t12.2022.08.18/train:83;t12.2022.08.23/test:13;t12.2022.08.23/train:75;t12.2022.08.25/test:4;t12.2022.08.25/train:81,t12.2022.06.21;t12.2022.08.13,D,G,167,128,167,lda,5,10,0,0.5,30,,held_out,all,tertiary_allvocal
stage2,T3_modality,6v_inf,vocal,F/S,place,fricative,256,0.576556253569389,0.0388031930721294,0.38607729023117493,,0.1913935546875,t12.2022.04.28;t12.2022.05.05;t12.2022.05.17;t12.2022.05.19;t12.2022.05.24;t12.2022.05.26;t12.2022.06.02;t12.2022.06.07;t12.2022.06.14;t12.2022.06.16;t12.2022.06.21;t12.2022.06.28;t12.2022.07.05;t12.2022.07.14;t12.2022.07.21;t12.2022.07.27;t12.2022.07.29;t12.2022.08.02;t12.2022.08.11;t12.2022.08.13,t12.2022.04.28/test:25;t12.2022.05.05/test:20;t12.2022.05.17/test:17;t12.2022.05.19/test:15;t12.2022.05.24/test:24;t12.2022.05.26/test:17;t12.2022.06.02/test:15;t12.2022.06.07/test:21;t12.2022.06.14/test:26;t12.2022.06.16/test:16;t12.2022.06.21/test:25;t12.2022.06.28/test:22;t12.2022.07.05/test:13;t12.2022.07.14/test:19;t12.2022.07.21/test:19;t12.2022.07.27/test:21;t12.2022.07.29/test:20;t12.2022.07.29/train:111;t12.2022.08.02/test:14;t12.2022.08.11/test:31;t12.2022.08.13/test:21,t12.2022.04.28;t12.2022.05.05;t12.2022.05.17;t12.2022.05.19;t12.2022.05.24;t12.2022.05.26;t12.2022.06.02;t12.2022.06.07;t12.2022.06.14;t12.2022.06.16;t12.2022.06.21;t12.2022.06.28;t12.2022.07.05;t12.2022.07.14;t12.2022.07.21;t12.2022.07.27;t12.2022.08.02;t12.2022.08.11;t12.2022.08.13,F,S,256,128,256,lda,5,10,0,0.5,30,,held_out,all,tertiary_allvocal
stage2,T3_modality,6v_inf,nonvocal,F/S,place,fricative,256,0.6195126594327052,0.04784364006097448,0.6083471392795419,,0.2640005859375,t12.2022.06.23;t12.2022.08.18;t12.2022.08.23;t12.2022.08.25,t12.2022.06.23/test:8;t12.2022.06.23/train:129;t12.2022.08.18/test:7;t12.2022.08.18/train:129;t12.2022.08.23/test:12;t12.2022.08.23/train:104;t12.2022.08.25/test:11;t12.2022.08.25/train:112,t12.2022.06.21;t12.2022.08.13,F,S,256,128,256,lda,5,10,0,0.5,30,,held_out,all,tertiary_allvocal
stage2,T3_modality,6v_inf,vocal,F/TH,place,fricative,93,0.7183357041251778,0.06769464578993536,1.1559833358261604,,0.18901236559139786,t12.2022.04.28;t12.2022.05.05;t12.2022.05.17;t12.2022.05.19;t12.2022.05.24;t12.2022.05.26;t12.2022.06.02;t12.2022.06.07;t12.2022.06.14;t12.2022.06.16;t12.2022.06.21;t12.2022.06.28;t12.2022.07.05;t12.2022.07.14;t12.2022.07.21;t12.2022.07.27;t12.2022.07.29;t12.2022.08.02;t12.2022.08.11;t12.2022.08.13,t12.2022.04.28/test:10;t12.2022.05.05/test:5;t12.2022.05.17/test:5;t12.2022.05.19/test:4;t12.2022.05.24/test:8;t12.2022.05.26/test:3;t12.2022.06.02/test:10;t12.2022.06.07/test:8;t12.2022.06.14/test:9;t12.2022.06.16/test:5;t12.2022.06.21/test:9;t12.2022.06.28/test:7;t12.2022.07.05/test:10;t12.2022.07.14/test:6;t12.2022.07.21/test:8;t12.2022.07.27/test:5;t12.2022.07.29/test:4;t12.2022.07.29/train:46;t12.2022.08.02/test:9;t12.2022.08.11/test:8;t12.2022.08.13/test:7,t12.2022.04.28;t12.2022.05.05;t12.2022.05.17;t12.2022.05.19;t12.2022.05.24;t12.2022.05.26;t12.2022.06.02;t12.2022.06.07;t12.2022.06.14;t12.2022.06.16;t12.2022.06.21;t12.2022.06.28;t12.2022.07.05;t12.2022.07.14;t12.2022.07.21;t12.2022.07.27;t12.2022.08.02;t12.2022.08.11;t12.2022.08.13,F,TH,93,128,93,lda,5,10,0,0.5,30,,held_out,all,tertiary_allvocal
stage2,T3_modality,6v_inf,nonvocal,F/TH,place,fricative,93,0.7644950213371267,0.058524546727002684,1.445042739617229,,0.2608231182795699,t12.2022.06.23;t12.2022.08.18;t12.2022.08.23;t12.2022.08.25,t12.2022.06.23/train:61;t12.2022.08.18/test:2;t12.2022.08.18/train:42;t12.2022.08.23/test:6;t12.2022.08.23/train:35;t12.2022.08.25/test:3;t12.2022.08.25/train:37,t12.2022.06.21;t12.2022.08.13,F,TH,93,128,93,lda,5,10,0,0.5,30,,held_out,all,tertiary_allvocal
stage2,T3_modality,6v_inf,vocal,S/SH,place,fricative,57,0.7217391304347827,0.09306181207705752,1.1755278138473637,,0.19127894736842102,t12.2022.04.28;t12.2022.05.05;t12.2022.05.17;t12.2022.05.19;t12.2022.05.24;t12.2022.05.26;t12.2022.06.02;t12.2022.06.07;t12.2022.06.14;t12.2022.06.16;t12.2022.06.21;t12.2022.06.28;t12.2022.07.05;t12.2022.07.14;t12.2022.07.21;t12.2022.07.27;t12.2022.07.29;t12.2022.08.02;t12.2022.08.11;t12.2022.08.13,t12.2022.04.28/test:2;t12.2022.05.05/test:11;t12.2022.05.17/test:5;t12.2022.05.19/test:3;t12.2022.05.24/test:4;t12.2022.05.26/test:10;t12.2022.06.02/test:9;t12.2022.06.07/test:6;t12.2022.06.14/test:7;t12.2022.06.16/test:6;t12.2022.06.21/test:4;t12.2022.06.28/test:6;t12.2022.07.05/test:1;t12.2022.07.14/test:2;t12.2022.07.21/test:1;t12.2022.07.27/test:5;t12.2022.07.29/test:4;t12.2022.07.29/train:19;t12.2022.08.02/test:3;t12.2022.08.11/test:2;t12.2022.08.13/test:4,t12.2022.04.28;t12.2022.05.05;t12.2022.05.17;t12.2022.05.19;t12.2022.05.24;t12.2022.05.26;t12.2022.06.02;t12.2022.06.07;t12.2022.06.14;t12.2022.06.16;t12.2022.06.21;t12.2022.06.28;t12.2022.07.05;t12.2022.07.14;t12.2022.07.21;t12.2022.07.27;t12.2022.08.02;t12.2022.08.11;t12.2022.08.13,S,SH,57,128,57,lda,5,10,0,0.5,30,,held_out,all,tertiary_allvocal
stage2,T3_modality,6v_inf,nonvocal,S/SH,place,fricative,57,0.5833992094861661,0.1103078426508803,0.4233379757603718,,0.2612482456140351,t12.2022.06.23;t12.2022.08.18;t12.2022.08.23;t12.2022.08.25,t12.2022.06.23/test:3;t12.2022.06.23/train:38;t12.2022.08.18/test:2;t12.2022.08.18/train:22;t12.2022.08.23/test:3;t12.2022.08.23/train:26;t12.2022.08.25/test:2;t12.2022.08.25/train:18,t12.2022.06.21;t12.2022.08.13,S,SH,57,128,57,lda,5,10,0,0.5,30,,held_out,all,tertiary_allvocal
stage2,T3_modality,6v_inf,vocal,V/Z,place,fricative,300,0.6579999999999999,0.047286361670147554,0.8140570917284147,,0.18582083333333335,t12.2022.04.28;t12.2022.05.05;t12.2022.05.17;t12.2022.05.19;t12.2022.05.24;t12.2022.05.26;t12.2022.06.02;t12.2022.06.07;t12.2022.06.14;t12.2022.06.16;t12.2022.06.21;t12.2022.06.28;t12.2022.07.05;t12.2022.07.14;t12.2022.07.21;t12.2022.07.27;t12.2022.07.29;t12.2022.08.02;t12.2022.08.11;t12.2022.08.13,t12.2022.04.28/test:16;t12.2022.05.05/test:23;t12.2022.05.17/test:16;t12.2022.05.19/test:12;t12.2022.05.24/test:34;t12.2022.05.26/test:33;t12.2022.06.02/test:24;t12.2022.06.07/test:29;t12.2022.06.14/test:35;t12.2022.06.16/test:28;t12.2022.06.21/test:29;t12.2022.06.28/test:22;t12.2022.07.05/test:21;t12.2022.07.14/test:22;t12.2022.07.21/test:26;t12.2022.07.27/test:25;t12.2022.07.29/test:30;t12.2022.07.29/train:117;t12.2022.08.02/test:16;t12.2022.08.11/test:23;t12.2022.08.13/test:19,t12.2022.04.28;t12.2022.05.05;t12.2022.05.17;t12.2022.05.19;t12.2022.05.24;t12.2022.05.26;t12.2022.06.02;t12.2022.06.07;t12.2022.06.14;t12.2022.06.16;t12.2022.06.21;t12.2022.06.28;t12.2022.07.05;t12.2022.07.14;t12.2022.07.21;t12.2022.07.27;t12.2022.08.02;t12.2022.08.11;t12.2022.08.13,V,Z,300,128,300,lda,5,10,0,0.5,30,,held_out,all,tertiary_allvocal
stage2,T3_modality,6v_inf,nonvocal,V/Z,place,fricative,300,0.6291666666666667,0.04559026455529976,0.659574270065905,,0.265548,t12.2022.06.23;t12.2022.08.18;t12.2022.08.23;t12.2022.08.25,t12.2022.06.23/test:11;t12.2022.06.23/train:149;t12.2022.08.18/test:11;t12.2022.08.18/train:126;t12.2022.08.23/test:14;t12.2022.08.23/train:134;t12.2022.08.25/test:9;t12.2022.08.25/train:146,t12.2022.06.21;t12.2022.08.13,V,Z,300,128,300,lda,5,10,0,0.5,30,,held_out,all,tertiary_allvocal
stage2,T3_modality,6v_inf,vocal,M/N,place,nasal,300,0.6443333333333332,0.03521521135973929,0.7400895800236266,,0.18728566666666666,t12.2022.04.28;t12.2022.05.05;t12.2022.05.17;t12.2022.05.19;t12.2022.05.24;t12.2022.05.26;t12.2022.06.02;t12.2022.06.07;t12.2022.06.14;t12.2022.06.16;t12.2022.06.21;t12.2022.06.28;t12.2022.07.05;t12.2022.07.14;t12.2022.07.21;t12.2022.07.27;t12.2022.07.29;t12.2022.08.02;t12.2022.08.11;t12.2022.08.13,t12.2022.04.28/test:19;t12.2022.05.05/test:18;t12.2022.05.17/test:15;t12.2022.05.19/test:13;t12.2022.05.24/test:22;t12.2022.05.26/test:25;t12.2022.06.02/test:22;t12.2022.06.07/test:33;t12.2022.06.14/test:28;t12.2022.06.16/test:25;t12.2022.06.21/test:36;t12.2022.06.28/test:28;t12.2022.07.05/test:20;t12.2022.07.14/test:22;t12.2022.07.21/test:32;t12.2022.07.27/test:20;t12.2022.07.29/test:27;t12.2022.07.29/train:125;t12.2022.08.02/test:18;t12.2022.08.11/test:28;t12.2022.08.13/test:24,t12.2022.04.28;t12.2022.05.05;t12.2022.05.17;t12.2022.05.19;t12.2022.05.24;t12.2022.05.26;t12.2022.06.02;t12.2022.06.07;t12.2022.06.14;t12.2022.06.16;t12.2022.06.21;t12.2022.06.28;t12.2022.07.05;t12.2022.07.14;t12.2022.07.21;t12.2022.07.27;t12.2022.08.02;t12.2022.08.11;t12.2022.08.13,M,N,300,128,300,lda,5,10,0,0.5,30,,held_out,all,tertiary_allvocal
stage2,T3_modality,6v_inf,nonvocal,M/N,place,nasal,300,0.68,0.034278273002005206,0.9353159281829743,,0.2660266666666667,t12.2022.06.23;t12.2022.08.18;t12.2022.08.23;t12.2022.08.25,t12.2022.06.23/test:9;t12.2022.06.23/train:151;t12.2022.08.18/test:12;t12.2022.08.18/train:121;t12.2022.08.23/test:12;t12.2022.08.23/train:133;t12.2022.08.25/test:9;t12.2022.08.25/train:153,t12.2022.06.21;t12.2022.08.13,M,N,300,128,300,lda,5,10,0,0.5,30,,held_out,all,tertiary_allvocal
stage2,T3_modality,6v,vocal,P/B,laryngeal,stop,28,0.6954545454545457,0.11226444577480428,1.0305061629776386,,0.18738571428571427,t12.2022.07.29,t12.2022.07.29/test:12;t12.2022.07.29/train:44,t12.2022.07.27,B,P,28,256,28,lda,5,10,0,0.5,30,,held_out,initial,primary_0729_initial
stage2,T3_modality,6v,nonvocal,P/B,laryngeal,stop,28,0.5633333333333332,0.11508929738606934,0.31375160033646626,,0.26435714285714285,t12.2022.06.23;t12.2022.08.18;t12.2022.08.23;t12.2022.08.25,t12.2022.06.23/test:3;t12.2022.06.23/train:15;t12.2022.08.18/train:12;t12.2022.08.23/train:17;t12.2022.08.25/test:1;t12.2022.08.25/train:8,t12.2022.06.21;t12.2022.08.13,B,P,28,256,28,lda,5,10,0,0.5,30,,held_out,initial,primary_0729_initial
stage2,T3_modality,6v,vocal,T/D,laryngeal,stop,49,0.747578947368421,0.08527589248630109,1.3387340360334545,,0.18529183673469388,t12.2022.07.29,t12.2022.07.29/test:12;t12.2022.07.29/train:86,t12.2022.07.27,D,T,49,256,49,lda,5,10,0,0.5,30,,held_out,initial,primary_0729_initial
stage2,T3_modality,6v,nonvocal,T/D,laryngeal,stop,49,0.6483157894736842,0.09810356899372967,0.7588346431094614,,0.263530612244898,t12.2022.06.23;t12.2022.08.18;t12.2022.08.23;t12.2022.08.25,t12.2022.06.23/test:5;t12.2022.06.23/train:20;t12.2022.08.18/test:2;t12.2022.08.18/train:23;t12.2022.08.23/test:4;t12.2022.08.23/train:27;t12.2022.08.25/train:17,t12.2022.06.21;t12.2022.08.13,D,T,49,256,49,lda,5,10,0,0.5,30,,held_out,initial,primary_0729_initial
stage2,T3_modality,6v,vocal,K/G,laryngeal,stop,28,0.7213636363636364,0.1166498413684151,1.1697530639378666,,0.18535,t12.2022.07.29,t12.2022.07.29/test:7;t12.2022.07.29/train:49,t12.2022.07.27,G,K,28,256,28,lda,5,10,0,0.5,30,,held_out,initial,primary_0729_initial
stage2,T3_modality,6v,nonvocal,K/G,laryngeal,stop,28,0.5748484848484848,0.15104958775657917,0.37876601108049157,,0.2631964285714286,t12.2022.06.23;t12.2022.08.18;t12.2022.08.23;t12.2022.08.25,t12.2022.06.23/train:10;t12.2022.08.18/train:16;t12.2022.08.23/test:2;t12.2022.08.23/train:18;t12.2022.08.25/train:10,t12.2022.06.21;t12.2022.08.13,G,K,28,256,28,lda,5,10,0,0.5,30,,held_out,initial,primary_0729_initial
stage2,T3_modality,6v,vocal,TH/DH,laryngeal,fricative,18,0.6742857142857142,0.16825788030791985,0.8885100219629132,,0.1863,t12.2022.07.29,t12.2022.07.29/test:6;t12.2022.07.29/train:30,t12.2022.07.27,DH,TH,18,256,18,lda,5,10,0,0.5,30,,held_out,initial,primary_0729_initial
stage2,T3_modality,6v,nonvocal,TH/DH,laryngeal,fricative,18,0.7435714285714284,0.17680411159684897,1.3216629160010682,,0.2712361111111111,t12.2022.06.23;t12.2022.08.18;t12.2022.08.23;t12.2022.08.25,t12.2022.06.23/test:1;t12.2022.06.23/train:7;t12.2022.08.18/test:1;t12.2022.08.18/train:6;t12.2022.08.23/test:1;t12.2022.08.23/train:7;t12.2022.08.25/test:1;t12.2022.08.25/train:12,t12.2022.06.21;t12.2022.08.13,DH,TH,18,256,18,lda,5,10,0,0.5,30,,held_out,initial,primary_0729_initial
stage2,T3_modality,6v,vocal,P/T,place,stop,28,0.6824242424242424,0.13835117213799067,0.9441874470641347,,0.18738571428571427,t12.2022.07.29,t12.2022.07.29/test:12;t12.2022.07.29/train:44,t12.2022.07.27,P,T,28,256,28,lda,5,10,0,0.5,30,,held_out,initial,primary_0729_initial
stage2,T3_modality,6v,nonvocal,P/T,place,stop,28,0.7881818181818181,0.10600604657286858,1.5885422087757344,,0.26581785714285716,t12.2022.06.23;t12.2022.08.18;t12.2022.08.23;t12.2022.08.25,t12.2022.06.23/test:2;t12.2022.06.23/train:14;t12.2022.08.18/train:14;t12.2022.08.23/test:1;t12.2022.08.23/train:10;t12.2022.08.25/test:2;t12.2022.08.25/train:13,t12.2022.06.21;t12.2022.08.13,P,T,28,256,28,lda,5,10,0,0.5,30,,held_out,initial,primary_0729_initial
stage2,T3_modality,6v,vocal,T/K,place,stop,45,0.7744444444444446,0.0919003754744543,1.514341767335667,,0.18553999999999998,t12.2022.07.29,t12.2022.07.29/test:12;t12.2022.07.29/train:78,t12.2022.07.27,K,T,45,256,45,lda,5,10,0,0.5,30,,held_out,initial,primary_0729_initial
stage2,T3_modality,6v,nonvocal,T/K,place,stop,45,0.7755555555555556,0.10181076612404717,1.5108319943739366,,0.2674488888888889,t12.2022.06.23;t12.2022.08.18;t12.2022.08.23;t12.2022.08.25,t12.2022.06.23/test:3;t12.2022.06.23/train:16;t12.2022.08.18/test:3;t12.2022.08.18/train:19;t12.2022.08.23/test:2;t12.2022.08.23/train:24;t12.2022.08.25/train:23,t12.2022.06.21;t12.2022.08.13,K,T,45,256,45,lda,5,10,0,0.5,30,,held_out,initial,primary_0729_initial
stage2,T3_modality,6v,vocal,B/D,place,stop,40,0.7625,0.10825317547305482,1.4312108947294635,,0.186775,t12.2022.07.29,t12.2022.07.29/test:15;t12.2022.07.29/train:65,t12.2022.07.27,B,D,40,256,40,lda,5,10,0,0.5,30,,held_out,initial,primary_0729_initial
stage2,T3_modality,6v,nonvocal,B/D,place,stop,40,0.64125,0.11443475215160821,0.7222052598891906,,0.2671275,t12.2022.06.23;t12.2022.08.18;t12.2022.08.23;t12.2022.08.25,t12.2022.06.23/test:3;t12.2022.06.23/train:11;t12.2022.08.18/test:1;t12.2022.08.18/train:21;t12.2022.08.23/test:3;t12.2022.08.23/train:20;t12.2022.08.25/train:21,t12.2022.06.21;t12.2022.08.13,B,D,40,256,40,lda,5,10,0,0.5,30,,held_out,initial,primary_0729_initial
stage2,T3_modality,6v,vocal,D/G,place,stop,28,0.6642424242424242,0.11676933695649676,0.8471466186851704,,0.18657142857142858,t12.2022.07.29,t12.2022.07.29/test:10;t12.2022.07.29/train:46,t12.2022.07.27,D,G,28,256,28,lda,5,10,0,0.5,30,,held_out,initial,primary_0729_initial
stage2,T3_modality,6v,nonvocal,D/G,place,stop,28,0.6174242424242424,0.14716676884147342,0.5928923142201834,,0.2665410714285714,t12.2022.06.23;t12.2022.08.18;t12.2022.08.23;t12.2022.08.25,t12.2022.06.23/test:2;t12.2022.06.23/train:10;t12.2022.08.18/test:1;t12.2022.08.18/train:15;t12.2022.08.23/test:2;t12.2022.08.23/train:10;t12.2022.08.25/test:1;t12.2022.08.25/train:15,t12.2022.06.21;t12.2022.08.13,D,G,28,256,28,lda,5,10,0,0.5,30,,held_out,initial,primary_0729_initial
stage2,T3_modality,6v,vocal,F/S,place,fricative,40,0.65625,0.10915155747858113,0.8024976644572566,,0.186205,t12.2022.07.29,t12.2022.07.29/test:13;t12.2022.07.29/train:67,t12.2022.07.27,F,S,40,256,40,lda,5,10,0,0.5,30,,held_out,initial,primary_0729_initial
stage2,T3_modality,6v,nonvocal,F/S,place,fricative,40,0.655,0.10550473923004595,0.8054024088719587,,0.26300125,t12.2022.06.23;t12.2022.08.18;t12.2022.08.23;t12.2022.08.25,t12.2022.06.23/test:4;t12.2022.06.23/train:25;t12.2022.08.18/test:2;t12.2022.08.18/train:16;t12.2022.08.23/test:1;t12.2022.08.23/train:15;t12.2022.08.25/test:1;t12.2022.08.25/train:16,t12.2022.06.21;t12.2022.08.13,F,S,40,256,40,lda,5,10,0,0.5,30,,held_out,initial,primary_0729_initial
stage2,T3_modality,6v,vocal,F/TH,place,fricative,18,0.7346428571428569,0.16648412622744033,1.2466402538621084,,0.18376666666666666,t12.2022.07.29,t12.2022.07.29/test:2;t12.2022.07.29/train:34,t12.2022.07.27,F,TH,18,256,18,lda,5,10,0,0.5,30,,held_out,initial,primary_0729_initial
stage2,T3_modality,6v,nonvocal,F/TH,place,fricative,18,0.6032142857142858,0.17471879739531548,0.5181561898028314,,0.2756861111111111,t12.2022.06.23;t12.2022.08.18;t12.2022.08.23;t12.2022.08.25,t12.2022.06.23/test:1;t12.2022.06.23/train:7;t12.2022.08.18/train:4;t12.2022.08.23/test:1;t12.2022.08.23/train:6;t12.2022.08.25/test:1;t12.2022.08.25/train:16,t12.2022.06.21;t12.2022.08.13,F,TH,18,256,18,lda,5,10,0,0.5,30,,held_out,initial,primary_0729_initial
stage2,T3_modality,6v,vocal,M/N,place,nasal,26,0.6547272727272727,0.10431183383339568,0.8057407922661787,,0.18732307692307693,t12.2022.07.29,t12.2022.07.29/test:11;t12.2022.07.29/train:41,t12.2022.07.27,M,N,26,256,26,lda,5,10,0,0.5,30,,held_out,initial,primary_0729_initial
stage2,T3_modality,6v,nonvocal,M/N,place,nasal,26,0.6912727272727274,0.11300493662880107,1.015145478094653,,0.271,t12.2022.06.23;t12.2022.08.18;t12.2022.08.23;t12.2022.08.25,t12.2022.06.23/test:1;t12.2022.06.23/train:12;t12.2022.08.18/train:9;t12.2022.08.23/train:13;t12.2022.08.25/test:2;t12.2022.08.25/train:15,t12.2022.06.21;t12.2022.08.13,M,N,26,256,26,lda,5,10,0,0.5,30,,held_out,initial,primary_0729_initial
stage2,T3_modality,6v_sup,vocal,P/B,laryngeal,stop,28,0.7278787878787878,0.1252347657660357,1.2027823243967295,,0.18738571428571427,t12.2022.07.29,t12.2022.07.29/test:12;t12.2022.07.29/train:44,t12.2022.07.27,B,P,28,128,28,lda,5,10,0,0.5,30,,held_out,initial,primary_0729_initial
stage2,T3_modality,6v_sup,nonvocal,P/B,laryngeal,stop,28,0.5928787878787878,0.12327608305673424,0.46827595886667467,,0.2609125,t12.2022.06.23;t12.2022.08.18;t12.2022.08.23;t12.2022.08.25,t12.2022.06.23/test:1;t12.2022.06.23/train:19;t12.2022.08.18/train:13;t12.2022.08.23/train:12;t12.2022.08.25/train:11,t12.2022.06.21;t12.2022.08.13,B,P,28,128,28,lda,5,10,0,0.5,30,,held_out,initial,primary_0729_initial
stage2,T3_modality,6v_sup,vocal,T/D,laryngeal,stop,49,0.6350000000000001,0.08124762941353156,0.68861836221629,,0.18552448979591837,t12.2022.07.29,t12.2022.07.29/test:13;t12.2022.07.29/train:85,t12.2022.07.27,D,T,49,128,49,lda,5,10,0,0.5,30,,held_out,initial,primary_0729_initial
stage2,T3_modality,6v_sup,nonvocal,T/D,laryngeal,stop,49,0.6846842105263158,0.10062641750692017,0.9602799561818862,,0.2672857142857143,t12.2022.06.23;t12.2022.08.18;t12.2022.08.23;t12.2022.08.25,t12.2022.06.23/test:1;t12.2022.06.23/train:14;t12.2022.08.18/test:1;t12.2022.08.18/train:23;t12.2022.08.23/test:6;t12.2022.08.23/train:26;t12.2022.08.25/test:1;t12.2022.08.25/train:26,t12.2022.06.21;t12.2022.08.13,D,T,49,128,49,lda,5,10,0,0.5,30,,held_out,initial,primary_0729_initial
stage2,T3_modality,6v_sup,vocal,K/G,laryngeal,stop,28,0.6857575757575758,0.11428341037950618,0.9637542458552336,,0.18453571428571428,t12.2022.07.29,t12.2022.07.29/test:5;t12.2022.07.29/train:51,t12.2022.07.27,G,K,28,128,28,lda,5,10,0,0.5,30,,held_out,initial,primary_0729_initial
stage2,T3_modality,6v_sup,nonvocal,K/G,laryngeal,stop,28,0.49151515151515146,0.14475558070446623,-0.04465941145911319,,0.2624053571428572,t12.2022.06.23;t12.2022.08.18;t12.2022.08.23;t12.2022.08.25,t12.2022.06.23/train:16;t12.2022.08.18/test:2;t12.2022.08.18/train:12;t12.2022.08.23/test:1;t12.2022.08.23/train:13;t12.2022.08.25/train:12,t12.2022.06.21;t12.2022.08.13,G,K,28,128,28,lda,5,10,0,0.5,30,,held_out,initial,primary_0729_initial
stage2,T3_modality,6v_sup,vocal,TH/DH,laryngeal,fricative,18,0.5825,0.17142447911782124,0.42056402301620643,,0.18313333333333334,t12.2022.07.29,t12.2022.07.29/test:1;t12.2022.07.29/train:35,t12.2022.07.27,DH,TH,18,128,18,lda,5,10,0,0.5,30,,held_out,initial,primary_0729_initial
stage2,T3_modality,6v_sup,nonvocal,TH/DH,laryngeal,fricative,18,0.734642857142857,0.16154586446743416,1.267930004972796,,0.2692722222222222,t12.2022.06.23;t12.2022.08.18;t12.2022.08.23;t12.2022.08.25,t12.2022.06.23/test:1;t12.2022.06.23/train:7;t12.2022.08.18/test:1;t12.2022.08.18/train:5;t12.2022.08.23/test:2;t12.2022.08.23/train:8;t12.2022.08.25/train:12,t12.2022.06.21;t12.2022.08.13,DH,TH,18,128,18,lda,5,10,0,0.5,30,,held_out,initial,primary_0729_initial
stage2,T3_modality,6v_sup,vocal,P/T,place,stop,28,0.6854545454545454,0.11529337354536504,0.9638026162488986,,0.18616428571428573,t12.2022.07.29,t12.2022.07.29/test:9;t12.2022.07.29/train:47,t12.2022.07.27,P,T,28,128,28,lda,5,10,0,0.5,30,,held_out,initial,primary_0729_initial
stage2,T3_modality,6v_sup,nonvocal,P/T,place,stop,28,0.7107575757575758,0.1264193068271588,1.113867112524198,,0.2644714285714286,t12.2022.06.23;t12.2022.08.18;t12.2022.08.23;t12.2022.08.25,t12.2022.06.23/test:1;t12.2022.06.23/train:12;t12.2022.08.18/test:1;t12.2022.08.18/train:14;t12.2022.08.23/test:3;t12.2022.08.23/train:12;t12.2022.08.25/test:2;t12.2022.08.25/train:11,t12.2022.06.21;t12.2022.08.13,P,T,28,128,28,lda,5,10,0,0.5,30,,held_out,initial,primary_0729_initial
stage2,T3_modality,6v_sup,vocal,T/K,place,stop,45,0.6844444444444444,0.10389928646720853,0.9595379429661197,,0.18604666666666667,t12.2022.07.29,t12.2022.07.29/test:14;t12.2022.07.29/train:76,t12.2022.07.27,K,T,45,128,45,lda,5,10,0,0.5,30,,held_out,initial,primary_0729_initial
stage2,T3_modality,6v_sup,nonvocal,T/K,place,stop,45,0.6511111111111112,0.08243216440440625,0.7750555649600479,,0.2626677777777778,t12.2022.06.23;t12.2022.08.18;t12.2022.08.23;t12.2022.08.25,t12.2022.06.23/test:2;t12.2022.06.23/train:21;t12.2022.08.18/test:2;t12.2022.08.18/train:21;t12.2022.08.23/test:3;t12.2022.08.23/train:27;t12.2022.08.25/test:1;t12.2022.08.25/train:13,t12.2022.06.21;t12.2022.08.13,K,T,45,128,45,lda,5,10,0,0.5,30,,held_out,initial,primary_0729_initial
stage2,T3_modality,6v_sup,vocal,B/D,place,stop,40,0.6725,0.09807522622966515,0.8938515802902505,,0.18592,t12.2022.07.29,t12.2022.07.29/test:12;t12.2022.07.29/train:68,t12.2022.07.27,B,D,40,128,40,lda,5,10,0,0.5,30,,held_out,initial,primary_0729_initial
stage2,T3_modality,6v_sup,nonvocal,B/D,place,stop,40,0.68875,0.10788448683661613,0.9833337453110129,,0.2614725,t12.2022.06.23;t12.2022.08.18;t12.2022.08.23;t12.2022.08.25,t12.2022.06.23/test:1;t12.2022.06.23/train:30;t12.2022.08.18/train:9;t12.2022.08.23/test:4;t12.2022.08.23/train:19;t12.2022.08.25/train:17,t12.2022.06.21;t12.2022.08.13,B,D,40,128,40,lda,5,10,0,0.5,30,,held_out,initial,primary_0729_initial
stage2,T3_modality,6v_sup,vocal,D/G,place,stop,28,0.5890909090909091,0.12783569574106238,0.4498573459866514,,0.18616428571428573,t12.2022.07.29,t12.2022.07.29/test:9;t12.2022.07.29/train:47,t12.2022.07.27,D,G,28,128,28,lda,5,10,0,0.5,30,,held_out,initial,primary_0729_initial
stage2,T3_modality,6v_sup,nonvocal,D/G,place,stop,28,0.5872727272727272,0.14967243081907602,0.44167602661543026,,0.2666375,t12.2022.06.23;t12.2022.08.18;t12.2022.08.23;t12.2022.08.25,t12.2022.06.23/test:2;t12.2022.06.23/train:14;t12.2022.08.18/test:1;t12.2022.08.18/train:10;t12.2022.08.23/test:3;t12.2022.08.23/train:8;t12.2022.08.25/test:1;t12.2022.08.25/train:17,t12.2022.06.21;t12.2022.08.13,D,G,28,128,28,lda,5,10,0,0.5,30,,held_out,initial,primary_0729_initial
stage2,T3_modality,6v_sup,vocal,F/S,place,fricative,40,0.66875,0.10551214385083833,0.8714781221217398,,0.18649,t12.2022.07.29,t12.2022.07.29/test:14;t12.2022.07.29/train:66,t12.2022.07.27,F,S,40,128,40,lda,5,10,0,0.5,30,,held_out,initial,primary_0729_initial
stage2,T3_modality,6v_sup,nonvocal,F/S,place,fricative,40,0.62625,0.11557600313213812,0.6455770914349336,,0.25591125000000003,t12.2022.06.23;t12.2022.08.18;t12.2022.08.23;t12.2022.08.25,t12.2022.06.23/test:2;t12.2022.06.23/train:25;t12.2022.08.18/test:1;t12.2022.08.18/train:26;t12.2022.08.23/test:3;t12.2022.08.23/train:14;t12.2022.08.25/test:1;t12.2022.08.25/train:8,t12.2022.06.21;t12.2022.08.13,F,S,40,128,40,lda,5,10,0,0.5,30,,held_out,initial,primary_0729_initial
stage2,T3_modality,6v_sup,vocal,F/TH,place,fricative,18,0.7403571428571428,0.15690769742177751,1.2733856259829484,,0.18503333333333333,t12.2022.07.29,t12.2022.07.29/test:4;t12.2022.07.29/train:32,t12.2022.07.27,F,TH,18,128,18,lda,5,10,0,0.5,30,,held_out,initial,primary_0729_initial
stage2,T3_modality,6v_sup,nonvocal,F/TH,place,fricative,18,0.5196428571428572,0.18524149984629826,0.11111423224008618,,0.2670666666666667,t12.2022.06.23;t12.2022.08.18;t12.2022.08.23;t12.2022.08.25,t12.2022.06.23/train:9;t12.2022.08.18/train:8;t12.2022.08.23/test:1;t12.2022.08.23/train:6;t12.2022.08.25/test:1;t12.2022.08.25/train:11,t12.2022.06.21;t12.2022.08.13,F,TH,18,128,18,lda,5,10,0,0.5,30,,held_out,initial,primary_0729_initial
stage2,T3_modality,6v_sup,vocal,M/N,place,nasal,26,0.6418181818181818,0.13131250971103847,0.7319059949043406,,0.18688461538461537,t12.2022.07.29,t12.2022.07.29/test:10;t12.2022.07.29/train:42,t12.2022.07.27,M,N,26,128,26,lda,5,10,0,0.5,30,,held_out,initial,primary_0729_initial
stage2,T3_modality,6v_sup,nonvocal,M/N,place,nasal,26,0.5780000000000001,0.1542145119710831,0.39266079635064965,,0.2678673076923077,t12.2022.06.23;t12.2022.08.18;t12.2022.08.23;t12.2022.08.25,t12.2022.06.23/test:1;t12.2022.06.23/train:11;t12.2022.08.18/test:1;t12.2022.08.18/train:8;t12.2022.08.23/train:21;t12.2022.08.25/train:10,t12.2022.06.21;t12.2022.08.13,M,N,26,128,26,lda,5,10,0,0.5,30,,held_out,initial,primary_0729_initial
stage2,T3_modality,6v_inf,vocal,P/B,laryngeal,stop,28,0.626969696969697,0.11377325088560972,0.6459261423461884,,0.18738571428571427,t12.2022.07.29,t12.2022.07.29/test:12;t12.2022.07.29/train:44,t12.2022.07.27,B,P,28,128,28,lda,5,10,0,0.5,30,,held_out,initial,primary_0729_initial
stage2,T3_modality,6v_inf,nonvocal,P/B,laryngeal,stop,28,0.5440909090909092,0.14938418125362346,0.22365626581661266,,0.2661678571428571,t12.2022.06.23;t12.2022.08.18;t12.2022.08.23;t12.2022.08.25,t12.2022.06.23/test:1;t12.2022.06.23/train:15;t12.2022.08.18/test:2;t12.2022.08.18/train:10;t12.2022.08.23/train:15;t12.2022.08.25/test:1;t12.2022.08.25/train:12,t12.2022.06.21;t12.2022.08.13,B,P,28,128,28,lda,5,10,0,0.5,30,,held_out,initial,primary_0729_initial
stage2,T3_modality,6v_inf,vocal,T/D,laryngeal,stop,49,0.6967894736842104,0.09709390890686401,1.034786032952658,,0.18552448979591837,t12.2022.07.29,t12.2022.07.29/test:13;t12.2022.07.29/train:85,t12.2022.07.27,D,T,49,128,49,lda,5,10,0,0.5,30,,held_out,initial,primary_0729_initial
stage2,T3_modality,6v_inf,nonvocal,T/D,laryngeal,stop,49,0.6915263157894737,0.08635475692931646,1.0036911370780577,,0.2657969387755102,t12.2022.06.23;t12.2022.08.18;t12.2022.08.23;t12.2022.08.25,t12.2022.06.23/test:2;t12.2022.06.23/train:25;t12.2022.08.18/test:2;t12.2022.08.18/train:21;t12.2022.08.23/test:2;t12.2022.08.23/train:21;t12.2022.08.25/test:3;t12.2022.08.25/train:22,t12.2022.06.21;t12.2022.08.13,D,T,49,128,49,lda,5,10,0,0.5,30,,held_out,initial,primary_0729_initial
stage2,T3_modality,6v_inf,vocal,K/G,laryngeal,stop,28,0.6813636363636364,0.11161237938653237,0.933909647756828,,0.18657142857142858,t12.2022.07.29,t12.2022.07.29/test:10;t12.2022.07.29/train:46,t12.2022.07.27,G,K,28,128,28,lda,5,10,0,0.5,30,,held_out,initial,primary_0729_initial
stage2,T3_modality,6v_inf,nonvocal,K/G,laryngeal,stop,28,0.5818181818181819,0.16200789015918082,0.4141026223936627,,0.2622732142857143,t12.2022.06.23;t12.2022.08.18;t12.2022.08.23;t12.2022.08.25,t12.2022.06.23/train:13;t12.2022.08.18/test:1;t12.2022.08.18/train:17;t12.2022.08.23/train:14;t12.2022.08.25/train:11,t12.2022.06.21;t12.2022.08.13,G,K,28,128,28,lda,5,10,0,0.5,30,,held_out,initial,primary_0729_initial
stage2,T3_modality,6v_inf,vocal,TH/DH,laryngeal,fricative,18,0.7382142857142857,0.16357025888539986,1.2746719294880027,,0.1844,t12.2022.07.29,t12.2022.07.29/test:3;t12.2022.07.29/train:33,t12.2022.07.27,DH,TH,18,128,18,lda,5,10,0,0.5,30,,held_out,initial,primary_0729_initial
stage2,T3_modality,6v_inf,nonvocal,TH/DH,laryngeal,fricative,18,0.6071428571428572,0.17030884310809094,0.5326971021908726,,0.2717805555555556,t12.2022.06.23;t12.2022.08.18;t12.2022.08.23;t12.2022.08.25,t12.2022.06.23/test:1;t12.2022.06.23/train:11;t12.2022.08.18/train:2;t12.2022.08.23/train:8;t12.2022.08.25/train:14,t12.2022.06.21;t12.2022.08.13,DH,TH,18,128,18,lda,5,10,0,0.5,30,,held_out,initial,primary_0729_initial
stage2,T3_modality,6v_inf,vocal,P/T,place,stop,28,0.7322727272727271,0.1101027360628317,1.2338876261320983,,0.18657142857142858,t12.2022.07.29,t12.2022.07.29/test:10;t12.2022.07.29/train:46,t12.2022.07.27,P,T,28,128,28,lda,5,10,0,0.5,30,,held_out,initial,primary_0729_initial
stage2,T3_modality,6v_inf,nonvocal,P/T,place,stop,28,0.6356060606060605,0.11710121747082598,0.6915130125938278,,0.2710214285714286,t12.2022.06.23;t12.2022.08.18;t12.2022.08.23;t12.2022.08.25,t12.2022.06.23/train:8;t12.2022.08.18/test:2;t12.2022.08.18/train:12;t12.2022.08.23/test:1;t12.2022.08.23/train:12;t12.2022.08.25/train:21,t12.2022.06.21;t12.2022.08.13,P,T,28,128,28,lda,5,10,0,0.5,30,,held_out,initial,primary_0729_initial
stage2,T3_modality,6v_inf,vocal,T/K,place,stop,45,0.7744444444444444,0.07404536480687171,1.5031704927475418,,0.1857933333333333,t12.2022.07.29,t12.2022.07.29/test:13;t12.2022.07.29/train:77,t12.2022.07.27,K,T,45,128,45,lda,5,10,0,0.5,30,,held_out,initial,primary_0729_initial
stage2,T3_modality,6v_inf,nonvocal,T/K,place,stop,45,0.6877777777777778,0.09615445393919972,0.9770046788582814,,0.2608344444444445,t12.2022.06.23;t12.2022.08.18;t12.2022.08.23;t12.2022.08.25,t12.2022.06.23/test:4;t12.2022.06.23/train:23;t12.2022.08.18/test:2;t12.2022.08.18/train:27;t12.2022.08.23/test:1;t12.2022.08.23/train:17;t12.2022.08.25/train:16,t12.2022.06.21;t12.2022.08.13,K,T,45,128,45,lda,5,10,0,0.5,30,,held_out,initial,primary_0729_initial
stage2,T3_modality,6v_inf,vocal,B/D,place,stop,40,0.655,0.1200520720354297,0.8015707346375829,,0.186205,t12.2022.07.29,t12.2022.07.29/test:13;t12.2022.07.29/train:67,t12.2022.07.27,B,D,40,128,40,lda,5,10,0,0.5,30,,held_out,initial,primary_0729_initial
stage2,T3_modality,6v_inf,nonvocal,B/D,place,stop,40,0.70625,0.10698276730389807,1.0835354631349032,,0.25989375,t12.2022.06.23;t12.2022.08.18;t12.2022.08.23;t12.2022.08.25,t12.2022.06.23/test:1;t12.2022.06.23/train:22;t12.2022.08.18/train:22;t12.2022.08.23/test:6;t12.2022.08.23/train:10;t12.2022.08.25/test:1;t12.2022.08.25/train:18,t12.2022.06.21;t12.2022.08.13,B,D,40,128,40,lda,5,10,0,0.5,30,,held_out,initial,primary_0729_initial
stage2,T3_modality,6v_inf,vocal,D/G,place,stop,28,0.44757575757575757,0.131074530701866,-0.26081376210894786,,0.18575714285714287,t12.2022.07.29,t12.2022.07.29/test:8;t12.2022.07.29/train:48,t12.2022.07.27,D,G,28,128,28,lda,5,10,0,0.5,30,,held_out,initial,primary_0729_initial
stage2,T3_modality,6v_inf,nonvocal,D/G,place,stop,28,0.5957575757575758,0.13864886514258237,0.487195558199519,,0.26914642857142856,t12.2022.06.23;t12.2022.08.18;t12.2022.08.23;t12.2022.08.25,t12.2022.06.23/test:1;t12.2022.06.23/train:5;t12.2022.08.18/train:16;t12.2022.08.23/test:2;t12.2022.08.23/train:17;t12.2022.08.25/test:1;t12.2022.08.25/train:14,t12.2022.06.21;t12.2022.08.13,D,G,28,128,28,lda,5,10,0,0.5,30,,held_out,initial,primary_0729_initial
stage2,T3_modality,6v_inf,vocal,F/S,place,fricative,40,0.63125,0.10551214385083833,0.6686290957256545,,0.18592,t12.2022.07.29,t12.2022.07.29/test:12;t12.2022.07.29/train:68,t12.2022.07.27,F,S,40,128,40,lda,5,10,0,0.5,30,,held_out,initial,primary_0729_initial
stage2,T3_modality,6v_inf,nonvocal,F/S,place,fricative,40,0.6075,0.11113055385446435,0.5442691360322369,,0.26278250000000003,t12.2022.06.23;t12.2022.08.18;t12.2022.08.23;t12.2022.08.25,t12.2022.06.23/test:2;t12.2022.06.23/train:24;t12.2022.08.18/train:20;t12.2022.08.23/test:2;t12.2022.08.23/train:12;t12.2022.08.25/test:2;t12.2022.08.25/train:18,t12.2022.06.21;t12.2022.08.13,F,S,40,128,40,lda,5,10,0,0.5,30,,held_out,initial,primary_0729_initial
stage2,T3_modality,6v_inf,vocal,F/TH,place,fricative,18,0.6835714285714285,0.14755835926085348,0.9485087844070137,,0.18376666666666666,t12.2022.07.29,t12.2022.07.29/test:2;t12.2022.07.29/train:34,t12.2022.07.27,F,TH,18,128,18,lda,5,10,0,0.5,30,,held_out,initial,primary_0729_initial
stage2,T3_modality,6v_inf,nonvocal,F/TH,place,fricative,18,0.5721428571428572,0.18013458687258008,0.34991454323575355,,0.26845833333333335,t12.2022.06.23;t12.2022.08.18;t12.2022.08.23;t12.2022.08.25,t12.2022.06.23/train:8;t12.2022.08.18/train:9;t12.2022.08.23/train:7;t12.2022.08.25/test:1;t12.2022.08.25/train:11,t12.2022.06.21;t12.2022.08.13,F,TH,18,128,18,lda,5,10,0,0.5,30,,held_out,initial,primary_0729_initial
stage2,T3_modality,6v_inf,vocal,M/N,place,nasal,26,0.5265454545454545,0.12065715378845375,0.13928836695909452,,0.18732307692307693,t12.2022.07.29,t12.2022.07.29/test:11;t12.2022.07.29/train:41,t12.2022.07.27,M,N,26,128,26,lda,5,10,0,0.5,30,,held_out,initial,primary_0729_initial
stage2,T3_modality,6v_inf,nonvocal,M/N,place,nasal,26,0.679818181818182,0.11986617882641577,0.9252434518435539,,0.2700192307692308,t12.2022.06.23;t12.2022.08.18;t12.2022.08.23;t12.2022.08.25,t12.2022.06.23/test:1;t12.2022.06.23/train:13;t12.2022.08.18/test:2;t12.2022.08.18/train:6;t12.2022.08.23/train:15;t12.2022.08.25/test:1;t12.2022.08.25/train:14,t12.2022.06.21;t12.2022.08.13,M,N,26,128,26,lda,5,10,0,0.5,30,,held_out,initial,primary_0729_initial
