stage,test,array,modality,pair,contrast,manner,n_matched_per_class,acc,acc_sd,dprime,p_perm,mean_per,sessions,partitions_used,input_layer_from,class_a,class_b,n_per_class,n_features_in,n_available_min_class,clf,n_splits,n_repeats,n_perm,chance,n_features_used,skipped,partitions,positions,comparator
stage2,T3_modality,6v,vocal,P/B,laryngeal,stop,65,0.6661538461538463,0.08615384615384616,0.8572623665942718,,0.18548153846153848,t12.2022.07.29,t12.2022.07.29/test:17;t12.2022.07.29/train:113,t12.2022.07.27,B,P,65,256,65,lda,5,10,0,0.5,30,,held_out,all,primary_0729
stage2,T3_modality,6v,nonvocal,P/B,laryngeal,stop,65,0.6123076923076922,0.0966418386125502,0.570552260138455,,0.26087923076923075,t12.2022.06.23;t12.2022.08.18;t12.2022.08.23;t12.2022.08.25,t12.2022.06.23/test:2;t12.2022.06.23/train:45;t12.2022.08.18/test:3;t12.2022.08.18/train:22;t12.2022.08.23/test:3;t12.2022.08.23/train:32;t12.2022.08.25/train:23,t12.2022.06.21;t12.2022.08.13,B,P,65,256,65,lda,5,10,0,0.5,30,,held_out,all,primary_0729
stage2,T3_modality,6v,vocal,T/D,laryngeal,stop,140,0.6339285714285715,0.0491314874721343,0.6856894657137758,,0.18592,t12.2022.07.29,t12.2022.07.29/test:42;t12.2022.07.29/train:238,t12.2022.07.27,D,T,140,256,140,lda,5,10,0,0.5,30,,held_out,all,primary_0729
stage2,T3_modality,6v,nonvocal,T/D,laryngeal,stop,140,0.5282142857142857,0.05692928839842476,0.14147197247049415,,0.26510964285714284,t12.2022.06.23;t12.2022.08.18;t12.2022.08.23;t12.2022.08.25,t12.2022.06.23/test:5;t12.2022.06.23/train:69;t12.2022.08.18/test:4;t12.2022.08.18/train:65;t12.2022.08.23/test:7;t12.2022.08.23/train:60;t12.2022.08.25/test:7;t12.2022.08.25/train:63,t12.2022.06.21;t12.2022.08.13,D,T,140,256,140,lda,5,10,0,0.5,30,,held_out,all,primary_0729
stage2,T3_modality,6v,vocal,K/G,laryngeal,stop,35,0.6557142857142858,0.1149001341005594,0.8164515436694282,,0.18608285714285713,t12.2022.07.29,t12.2022.07.29/test:11;t12.2022.07.29/train:59,t12.2022.07.27,G,K,35,256,35,lda,5,10,0,0.5,30,,held_out,all,primary_0729
stage2,T3_modality,6v,nonvocal,K/G,laryngeal,stop,35,0.5357142857142858,0.1349603116263656,0.18135333092758202,,0.26261142857142855,t12.2022.06.23;t12.2022.08.18;t12.2022.08.23;t12.2022.08.25,t12.2022.06.23/test:2;t12.2022.06.23/train:19;t12.2022.08.18/test:2;t12.2022.08.18/train:16;t12.2022.08.23/test:1;t12.2022.08.23/train:18;t12.2022.08.25/test:1;t12.2022.08.25/train:11,t12.2022.06.21;t12.2022.08.13,G,K,35,256,35,lda,5,10,0,0.5,30,,held_out,all,primary_0729
stage2,T3_modality,6v,vocal,F/V,laryngeal,fricative,69,0.6090740740740741,0.0850438416257185,0.556621594495829,,0.18580434782608696,t12.2022.07.29,t12.2022.07.29/test:20;t12.2022.07.29/train:118,t12.2022.07.27,F,V,69,256,69,lda,5,10,0,0.5,30,,held_out,all,primary_0729
stage2,T3_modality,6v,nonvocal,F/V,laryngeal,fricative,69,0.5701587301587302,0.09434396563975729,0.35377896706048584,,0.26396594202898555,t12.2022.06.23;t12.2022.08.18;t12.2022.08.23;t12.2022.08.25,t12.2022.06.23/test:2;t12.2022.06.23/train:33;t12.2022.08.18/test:2;t12.2022.08.18/train:39;t12.2022.08.23/test:3;t12.2022.08.23/train:25;t12.2022.08.25/test:4;t12.2022.08.25/train:30,t12.2022.06.21;t12.2022.08.13,F,V,69,256,69,lda,5,10,0,0.5,30,,held_out,all,primary_0729
stage2,T3_modality,6v,vocal,S/Z,laryngeal,fricative,86,0.611109243697479,0.06668252077097661,0.5642155222508102,,0.1866093023255814,t12.2022.07.29,t12.2022.07.29/test:31;t12.2022.07.29/train:141,t12.2022.07.27,S,Z,86,256,86,lda,5,10,0,0.5,30,,held_out,all,primary_0729
stage2,T3_modality,6v,nonvocal,S/Z,laryngeal,fricative,86,0.6182689075630252,0.0848023343755506,0.5998850097298315,,0.2629883720930233,t12.2022.06.23;t12.2022.08.18;t12.2022.08.23;t12.2022.08.25,t12.2022.06.23/test:2;t12.2022.06.23/train:54;t12.2022.08.18/test:5;t12.2022.08.18/train:31;t12.2022.08.23/test:6;t12.2022.08.23/train:35;t12.2022.08.25/test:4;t12.2022.08.25/train:35,t12.2022.06.21;t12.2022.08.13,S,Z,86,256,86,lda,5,10,0,0.5,30,,held_out,all,primary_0729
stage2,T3_modality,6v,vocal,SH/ZH,laryngeal,fricative,12,0.5770000000000001,0.18033579788827286,0.4046595744513083,,0.1863,t12.2022.07.29,t12.2022.07.29/test:4;t12.2022.07.29/train:20,t12.2022.07.27,SH,ZH,12,256,12,lda,5,10,0,0.5,19,,held_out,all,primary_0729
stage2,T3_modality,6v,nonvocal,SH/ZH,laryngeal,fricative,12,0.592,0.22346364357541476,0.4387454591283487,,0.2602791666666667,t12.2022.06.23;t12.2022.08.18;t12.2022.08.23;t12.2022.08.25,t12.2022.06.23/train:7;t12.2022.08.18/test:1;t12.2022.08.18/train:7;t12.2022.08.23/train:4;t12.2022.08.25/train:5,t12.2022.06.21;t12.2022.08.13,SH,ZH,12,256,12,lda,5,10,0,0.5,19,,held_out,all,primary_0729
stage2,T3_modality,6v,vocal,TH/DH,laryngeal,fricative,28,0.7836363636363636,0.11002504097646718,1.569047217165913,,0.18453571428571428,t12.2022.07.29,t12.2022.07.29/test:5;t12.2022.07.29/train:51,t12.2022.07.27,DH,TH,28,256,28,lda,5,10,0,0.5,30,,held_out,all,primary_0729
stage2,T3_modality,6v,nonvocal,TH/DH,laryngeal,fricative,28,0.7762121212121211,0.12666893212415153,1.5427146867943926,,0.26917142857142856,t12.2022.06.23;t12.2022.08.18;t12.2022.08.23;t12.2022.08.25,t12.2022.06.23/test:1;t12.2022.06.23/train:11;t12.2022.08.18/test:1;t12.2022.08.18/train:11;t12.2022.08.23/test:1;t12.2022.08.23/train:16;t12.2022.08.25/test:2;t12.2022.08.25/train:13,t12.2022.06.21;t12.2022.08.13,DH,TH,28,256,28,lda,5,10,0,0.5,30,,held_out,all,primary_0729
stage2,T3_modality,6v,vocal,P/T,place,stop,74,0.8353103448275863,0.06729471899525659,1.9584998539394476,,0.1851189189189189,t12.2022.07.29,t12.2022.07.29/test:17;t12.2022.07.29/train:131,t12.2022.07.27,P,T,74,256,74,lda,5,10,0,0.5,30,,held_out,all,primary_0729
stage2,T3_modality,6v,nonvocal,P/T,place,stop,74,0.7377241379310346,0.07524257332652834,1.2727382341261997,,0.261422972972973,t12.2022.06.23;t12.2022.08.18;t12.2022.08.23;t12.2022.08.25,t12.2022.06.23/test:2;t12.2022.06.23/train:40;t12.2022.08.18/test:5;t12.2022.08.18/train:39;t12.2022.08.23/test:3;t12.2022.08.23/train:31;t12.2022.08.25/test:2;t12.2022.08.25/train:26,t12.2022.06.21;t12.2022.08.13,P,T,74,256,74,lda,5,10,0,0.5,30,,held_out,all,primary_0729
stage2,T3_modality,6v,vocal,T/K,place,stop,132,0.6865747460087083,0.058389232882750636,0.9725712666226367,,0.18526363636363635,t12.2022.07.29,t12.2022.07.29/test:32;t12.2022.07.29/train:232,t12.2022.07.27,K,T,132,256,132,lda,5,10,0,0.5,30,,held_out,all,primary_0729
stage2,T3_modality,6v,nonvocal,T/K,place,stop,132,0.6287300435413643,0.06439553233766306,0.6567735850434885,,0.2632685606060606,t12.2022.06.23;t12.2022.08.18;t12.2022.08.23;t12.2022.08.25,t12.2022.06.23/test:6;t12.2022.06.23/train:80;t12.2022.08.18/test:6;t12.2022.08.18/train:48;t12.2022.08.23/test:7;t12.2022.08.23/train:65;t12.2022.08.25/test:6;t12.2022.08.25/train:46,t12.2022.06.21;t12.2022.08.13,K,T,132,256,132,lda,5,10,0,0.5,30,,held_out,all,primary_0729
stage2,T3_modality,6v,vocal,B/D,place,stop,65,0.823076923076923,0.06249260311258431,1.8649552706064574,,0.1860076923076923,t12.2022.07.29,t12.2022.07.29/test:20;t12.2022.07.29/train:110,t12.2022.07.27,B,D,65,256,65,lda,5,10,0,0.5,30,,held_out,all,primary_0729
stage2,T3_modality,6v,nonvocal,B/D,place,stop,65,0.7092307692307692,0.0692991115664936,1.101298146440998,,0.2640653846153846,t12.2022.06.23;t12.2022.08.18;t12.2022.08.23;t12.2022.08.25,t12.2022.06.23/train:29;t12.2022.08.18/test:3;t12.2022.08.18/train:29;t12.2022.08.23/test:5;t12.2022.08.23/train:38;t12.2022.08.25/test:2;t12.2022.08.25/train:24,t12.2022.06.21;t12.2022.08.13,B,D,65,256,65,lda,5,10,0,0.5,30,,held_out,all,primary_0729
stage2,T3_modality,6v,vocal,D/G,place,stop,35,0.67,0.11857142857142858,0.9052322279019682,,0.18478,t12.2022.07.29,t12.2022.07.29/test:7;t12.2022.07.29/train:63,t12.2022.07.27,D,G,35,256,35,lda,5,10,0,0.5,30,,held_out,all,primary_0729
stage2,T3_modality,6v,nonvocal,D/G,place,stop,35,0.5099999999999999,0.11953139797576542,0.05008730875892641,,0.26035857142857144,t12.2022.06.23;t12.2022.08.18;t12.2022.08.23;t12.2022.08.25,t12.2022.06.23/train:17;t12.2022.08.18/test:1;t12.2022.08.18/train:24;t12.2022.08.23/test:1;t12.2022.08.23/train:14;t12.2022.08.25/test:1;t12.2022.08.25/train:12,t12.2022.06.21;t12.2022.08.13,D,G,35,256,35,lda,5,10,0,0.5,30,,held_out,all,primary_0729
stage2,T3_modality,6v,vocal,F/S,place,fricative,69,0.6714021164021164,0.08556231629009257,0.8840712338572079,,0.18613478260869565,t12.2022.07.29,t12.2022.07.29/test:22;t12.2022.07.29/train:116,t12.2022.07.27,F,S,69,256,69,lda,5,10,0,0.5,30,,held_out,all,primary_0729
stage2,T3_modality,6v,nonvocal,F/S,place,fricative,69,0.6204232804232804,0.076004678660583,0.6150585458702859,,0.268118115942029,t12.2022.06.23;t12.2022.08.18;t12.2022.08.23;t12.2022.08.25,t12.2022.06.23/test:2;t12.2022.06.23/train:27;t12.2022.08.18/train:35;t12.2022.08.23/test:2;t12.2022.08.23/train:29;t12.2022.08.25/test:3;t12.2022.08.25/train:40,t12.2022.06.21;t12.2022.08.13,F,S,69,256,69,lda,5,10,0,0.5,30,,held_out,all,primary_0729
stage2,T3_modality,6v,vocal,F/TH,place,fricative,28,0.7915151515151515,0.10968106363837292,1.6145987990143658,,0.18575714285714287,t12.2022.07.29,t12.2022.07.29/test:8;t12.2022.07.29/train:48,t12.2022.07.27,F,TH,28,256,28,lda,5,10,0,0.5,30,,held_out,all,primary_0729
stage2,T3_modality,6v,nonvocal,F/TH,place,fricative,28,0.6337878787878788,0.10595893395138452,0.6915221286970042,,0.26739107142857144,t12.2022.06.23;t12.2022.08.18;t12.2022.08.23;t12.2022.08.25,t12.2022.06.23/train:9;t12.2022.08.18/test:1;t12.2022.08.18/train:16;t12.2022.08.23/test:3;t12.2022.08.23/train:8;t12.2022.08.25/test:2;t12.2022.08.25/train:17,t12.2022.06.21;t12.2022.08.13,F,TH,28,256,28,lda,5,10,0,0.5,30,,held_out,all,primary_0729
stage2,T3_modality,6v,vocal,S/SH,place,fricative,12,0.512,0.19014731131414928,0.047428066177427675,,0.1863,t12.2022.07.29,t12.2022.07.29/test:4;t12.2022.07.29/train:20,t12.2022.07.27,S,SH,12,256,12,lda,5,10,0,0.5,19,,held_out,all,primary_0729
stage2,T3_modality,6v,nonvocal,S/SH,place,fricative,12,0.40399999999999997,0.18161497735594387,-0.4810926442595246,,0.262475,t12.2022.06.23;t12.2022.08.18;t12.2022.08.23;t12.2022.08.25,t12.2022.06.23/train:8;t12.2022.08.18/test:1;t12.2022.08.18/train:6;t12.2022.08.23/train:3;t12.2022.08.25/test:1;t12.2022.08.25/train:5,t12.2022.06.21;t12.2022.08.13,S,SH,12,256,12,lda,5,10,0,0.5,19,,held_out,all,primary_0729
stage2,T3_modality,6v,vocal,V/Z,place,fricative,77,0.6838924731182794,0.07964846164540092,0.955188147833697,,0.1870896103896104,t12.2022.07.29,t12.2022.07.29/test:31;t12.2022.07.29/train:123,t12.2022.07.27,V,Z,77,256,77,lda,5,10,0,0.5,30,,held_out,all,primary_0729
stage2,T3_modality,6v,nonvocal,V/Z,place,fricative,77,0.6272258064516129,0.060042163471854114,0.648542164334596,,0.2624577922077922,t12.2022.06.23;t12.2022.08.18;t12.2022.08.23;t12.2022.08.25,t12.2022.06.23/test:5;t12.2022.06.23/train:46;t12.2022.08.18/test:3;t12.2022.08.18/train:33;t12.2022.08.23/test:5;t12.2022.08.23/train:29;t12.2022.08.25/test:3;t12.2022.08.25/train:30,t12.2022.06.21;t12.2022.08.13,V,Z,77,256,77,lda,5,10,0,0.5,30,,held_out,all,primary_0729
stage2,T3_modality,6v,vocal,M/N,place,nasal,131,0.7775253991291728,0.0473561136122668,1.52705740635051,,0.18598091603053438,t12.2022.07.29,t12.2022.07.29/test:40;t12.2022.07.29/train:222,t12.2022.07.27,M,N,131,256,131,lda,5,10,0,0.5,30,,held_out,all,primary_0729
stage2,T3_modality,6v,nonvocal,M/N,place,nasal,131,0.6801814223512337,0.051760739329787184,0.9443139747152356,,0.2654530534351145,t12.2022.06.23;t12.2022.08.18;t12.2022.08.23;t12.2022.08.25,t12.2022.06.23/test:5;t12.2022.06.23/train:62;t12.2022.08.18/test:7;t12.2022.08.18/train:56;t12.2022.08.23/test:4;t12.2022.08.23/train:67;t12.2022.08.25/test:3;t12.2022.08.25/train:58,t12.2022.06.21;t12.2022.08.13,M,N,131,256,131,lda,5,10,0,0.5,30,,held_out,all,primary_0729
stage2,T3_modality,6v_sup,vocal,P/B,laryngeal,stop,65,0.6284615384615385,0.10366365730647288,0.6545528588674789,,0.18565692307692305,t12.2022.07.29,t12.2022.07.29/test:18;t12.2022.07.29/train:112,t12.2022.07.27,B,P,65,128,65,lda,5,10,0,0.5,30,,held_out,all,primary_0729
stage2,T3_modality,6v_sup,nonvocal,P/B,laryngeal,stop,65,0.5415384615384616,0.08731362229946284,0.2086995502721644,,0.26382769230769226,t12.2022.06.23;t12.2022.08.18;t12.2022.08.23;t12.2022.08.25,t12.2022.06.23/test:3;t12.2022.06.23/train:35;t12.2022.08.18/test:2;t12.2022.08.18/train:30;t12.2022.08.23/test:2;t12.2022.08.23/train:29;t12.2022.08.25/test:2;t12.2022.08.25/train:27,t12.2022.06.21;t12.2022.08.13,B,P,65,128,65,lda,5,10,0,0.5,30,,held_out,all,primary_0729
stage2,T3_modality,6v_sup,vocal,T/D,laryngeal,stop,140,0.5517857142857143,0.06529466178136507,0.2603227640152962,,0.18592,t12.2022.07.29,t12.2022.07.29/test:42;t12.2022.07.29/train:238,t12.2022.07.27,D,T,140,128,140,lda,5,10,0,0.5,30,,held_out,all,primary_0729
stage2,T3_modality,6v_sup,nonvocal,T/D,laryngeal,stop,140,0.5675000000000001,0.05882458357398768,0.3402046823615753,,0.2662960714285714,t12.2022.06.23;t12.2022.08.18;t12.2022.08.23;t12.2022.08.25,t12.2022.06.23/test:10;t12.2022.06.23/train:67;t12.2022.08.18/test:2;t12.2022.08.18/train:58;t12.2022.08.23/test:3;t12.2022.08.23/train:67;t12.2022.08.25/train:73,t12.2022.06.21;t12.2022.08.13,D,T,140,128,140,lda,5,10,0,0.5,30,,held_out,all,primary_0729
stage2,T3_modality,6v_sup,vocal,K/G,laryngeal,stop,35,0.6114285714285714,0.12790302448913937,0.5743882191562902,,0.1864085714285714,t12.2022.07.29,t12.2022.07.29/test:12;t12.2022.07.29/train:58,t12.2022.07.27,G,K,35,128,35,lda,5,10,0,0.5,30,,held_out,all,primary_0729
stage2,T3_modality,6v_sup,nonvocal,K/G,laryngeal,stop,35,0.5914285714285714,0.09693254544964215,0.4611139387219031,,0.25948714285714286,t12.2022.06.23;t12.2022.08.18;t12.2022.08.23;t12.2022.08.25,t12.2022.06.23/train:21;t12.2022.08.18/test:1;t12.2022.08.18/train:18;t12.2022.08.23/test:2;t12.2022.08.23/train:16;t12.2022.08.25/train:12,t12.2022.06.21;t12.2022.08.13,G,K,35,128,35,lda,5,10,0,0.5,30,,held_out,all,primary_0729
stage2,T3_modality,6v_sup,vocal,F/V,laryngeal,fricative,69,0.6186772486772487,0.07917306578390801,0.6060880869534006,,0.1859695652173913,t12.2022.07.29,t12.2022.07.29/test:21;t12.2022.07.29/train:117,t12.2022.07.27,F,V,69,128,69,lda,5,10,0,0.5,30,,held_out,all,primary_0729
stage2,T3_modality,6v_sup,nonvocal,F/V,laryngeal,fricative,69,0.6719312169312169,0.08385387518291544,0.8897799998610346,,0.2619702898550724,t12.2022.06.23;t12.2022.08.18;t12.2022.08.23;t12.2022.08.25,t12.2022.06.23/test:5;t12.2022.06.23/train:41;t12.2022.08.18/test:1;t12.2022.08.18/train:36;t12.2022.08.23/train:29;t12.2022.08.25/test:2;t12.2022.08.25/train:24,t12.2022.06.21;t12.2022.08.13,F,V,69,128,69,lda,5,10,0,0.5,30,,held_out,all,primary_0729
stage2,T3_modality,6v_sup,vocal,S/Z,laryngeal,fricative,86,0.5556134453781513,0.07180281396248542,0.28075133419041365,,0.18700697674418604,t12.2022.07.29,t12.2022.07.29/test:34;t12.2022.07.29/train:138,t12.2022.07.27,S,Z,86,128,86,lda,5,10,0,0.5,30,,held_out,all,primary_0729
stage2,T3_modality,6v_sup,nonvocal,S/Z,laryngeal,fricative,86,0.5824033613445379,0.08094463999122542,0.4166162423595947,,0.2671220930232558,t12.2022.06.23;t12.2022.08.18;t12.2022.08.23;t12.2022.08.25,t12.2022.06.23/test:4;t12.2022.06.23/train:49;t12.2022.08.18/test:3;t12.2022.08.18/train:28;t12.2022.08.23/test:2;t12.2022.08.23/train:33;t12.2022.08.25/test:2;t12.2022.08.25/train:51,t12.2022.06.21;t12.2022.08.13,S,Z,86,128,86,lda,5,10,0,0.5,30,,held_out,all,primary_0729
stage2,T3_modality,6v_sup,vocal,SH/ZH,laryngeal,fricative,12,0.519,0.20757890066189288,0.08603208195319983,,0.18535000000000001,t12.2022.07.29,t12.2022.07.29/test:3;t12.2022.07.29/train:21,t12.2022.07.27,SH,ZH,12,128,12,lda,5,10,0,0.5,19,,held_out,all,primary_0729
stage2,T3_modality,6v_sup,nonvocal,SH/ZH,laryngeal,fricative,12,0.40800000000000003,0.1806543661249293,-0.48912998633881066,,0.259225,t12.2022.06.23;t12.2022.08.18;t12.2022.08.23;t12.2022.08.25,t12.2022.06.23/test:1;t12.2022.06.23/train:9;t12.2022.08.18/test:1;t12.2022.08.18/train:5;t12.2022.08.23/train:4;t12.2022.08.25/train:4,t12.2022.06.21;t12.2022.08.13,SH,ZH,12,128,12,lda,5,10,0,0.5,19,,held_out,all,primary_0729
stage2,T3_modality,6v_sup,vocal,TH/DH,laryngeal,fricative,28,0.7224242424242425,0.16049710426516203,1.1829110235179252,,0.18494285714285713,t12.2022.07.29,t12.2022.07.29/test:6;t12.2022.07.29/train:50,t12.2022.07.27,DH,TH,28,128,28,lda,5,10,0,0.5,30,,held_out,all,primary_0729
stage2,T3_modality,6v_sup,nonvocal,TH/DH,laryngeal,fricative,28,0.526969696969697,0.13596878861864062,0.14305352201412247,,0.263475,t12.2022.06.23;t12.2022.08.18;t12.2022.08.23;t12.2022.08.25,t12.2022.06.23/train:16;t12.2022.08.18/test:2;t12.2022.08.18/train:10;t12.2022.08.23/test:2;t12.2022.08.23/train:12;t12.2022.08.25/train:14,t12.2022.06.21;t12.2022.08.13,DH,TH,28,128,28,lda,5,10,0,0.5,30,,held_out,all,primary_0729
stage2,T3_modality,6v_sup,vocal,P/T,place,stop,74,0.7562758620689657,0.07584637942946997,1.3896165892006316,,0.18573513513513512,t12.2022.07.29,t12.2022.07.29/test:21;t12.2022.07.29/train:127,t12.2022.07.27,P,T,74,128,74,lda,5,10,0,0.5,30,,held_out,all,primary_0729
stage2,T3_modality,6v_sup,nonvocal,P/T,place,stop,74,0.6411494252873563,0.08836292402165491,0.7250161820811446,,0.2629121621621622,t12.2022.06.23;t12.2022.08.18;t12.2022.08.23;t12.2022.08.25,t12.2022.06.23/test:2;t12.2022.06.23/train:45;t12.2022.08.18/test:4;t12.2022.08.18/train:28;t12.2022.08.23/test:3;t12.2022.08.23/train:36;t12.2022.08.25/test:2;t12.2022.08.25/train:28,t12.2022.06.21;t12.2022.08.13,P,T,74,128,74,lda,5,10,0,0.5,30,,held_out,all,primary_0729
stage2,T3_modality,6v_sup,vocal,T/K,place,stop,132,0.6105370101596516,0.06777670049951473,0.5617991451391197,,0.1856090909090909,t12.2022.07.29,t12.2022.07.29/test:36;t12.2022.07.29/train:228,t12.2022.07.27,K,T,132,128,132,lda,5,10,0,0.5,30,,held_out,all,primary_0729
stage2,T3_modality,6v_sup,nonvocal,T/K,place,stop,132,0.6107184325108854,0.06220110795789145,0.5613886760516422,,0.2652200757575758,t12.2022.06.23;t12.2022.08.18;t12.2022.08.23;t12.2022.08.25,t12.2022.06.23/test:5;t12.2022.06.23/train:71;t12.2022.08.18/test:6;t12.2022.08.18/train:51;t12.2022.08.23/test:4;t12.2022.08.23/train:64;t12.2022.08.25/test:4;t12.2022.08.25/train:59,t12.2022.06.21;t12.2022.08.13,K,T,132,128,132,lda,5,10,0,0.5,30,,held_out,all,primary_0729
stage2,T3_modality,6v_sup,vocal,B/D,place,stop,65,0.7315384615384615,0.06366052718830949,1.2360116152046632,,0.1860076923076923,t12.2022.07.29,t12.2022.07.29/test:20;t12.2022.07.29/train:110,t12.2022.07.27,B,D,65,128,65,lda,5,10,0,0.5,30,,held_out,all,primary_0729
stage2,T3_modality,6v_sup,nonvocal,B/D,place,stop,65,0.6869230769230771,0.09546212731486393,0.9746002232552119,,0.2627,t12.2022.06.23;t12.2022.08.18;t12.2022.08.23;t12.2022.08.25,t12.2022.06.23/test:3;t12.2022.06.23/train:29;t12.2022.08.18/test:2;t12.2022.08.18/train:33;t12.2022.08.23/test:6;t12.2022.08.23/train:31;t12.2022.08.25/test:1;t12.2022.08.25/train:25,t12.2022.06.21;t12.2022.08.13,B,D,65,128,65,lda,5,10,0,0.5,30,,held_out,all,primary_0729
stage2,T3_modality,6v_sup,vocal,D/G,place,stop,35,0.7271428571428571,0.1103704337812497,1.225448959979547,,0.1867342857142857,t12.2022.07.29,t12.2022.07.29/test:13;t12.2022.07.29/train:57,t12.2022.07.27,D,G,35,128,35,lda,5,10,0,0.5,30,,held_out,all,primary_0729
stage2,T3_modality,6v_sup,nonvocal,D/G,place,stop,35,0.5499999999999999,0.10618620533798934,0.2510729561876115,,0.2631342857142857,t12.2022.06.23;t12.2022.08.18;t12.2022.08.23;t12.2022.08.25,t12.2022.06.23/test:1;t12.2022.06.23/train:17;t12.2022.08.18/test:1;t12.2022.08.18/train:18;t12.2022.08.23/test:2;t12.2022.08.23/train:16;t12.2022.08.25/test:1;t12.2022.08.25/train:14,t12.2022.06.21;t12.2022.08.13,D,G,35,128,35,lda,5,10,0,0.5,30,,held_out,all,primary_0729
stage2,T3_modality,6v_sup,vocal,F/S,place,fricative,69,0.6114550264550265,0.07104088893105702,0.5674214898800409,,0.1859695652173913,t12.2022.07.29,t12.2022.07.29/test:21;t12.2022.07.29/train:117,t12.2022.07.27,F,S,69,128,69,lda,5,10,0,0.5,30,,held_out,all,primary_0729
stage2,T3_modality,6v_sup,nonvocal,F/S,place,fricative,69,0.5181481481481481,0.07173998351307255,0.09077355015327147,,0.26567608695652173,t12.2022.06.23;t12.2022.08.18;t12.2022.08.23;t12.2022.08.25,t12.2022.06.23/test:1;t12.2022.06.23/train:33;t12.2022.08.18/train:35;t12.2022.08.23/test:3;t12.2022.08.23/train:26;t12.2022.08.25/test:3;t12.2022.08.25/train:37,t12.2022.06.21;t12.2022.08.13,F,S,69,128,69,lda,5,10,0,0.5,30,,held_out,all,primary_0729
stage2,T3_modality,6v_sup,vocal,F/TH,place,fricative,28,0.6681818181818181,0.1061471508371939,0.8650917358433328,,0.18412857142857142,t12.2022.07.29,t12.2022.07.29/test:4;t12.2022.07.29/train:52,t12.2022.07.27,F,TH,28,128,28,lda,5,10,0,0.5,30,,held_out,all,primary_0729
stage2,T3_modality,6v_sup,nonvocal,F/TH,place,fricative,28,0.61,0.1319160208135884,0.5515158784294616,,0.2713017857142857,t12.2022.06.23;t12.2022.08.18;t12.2022.08.23;t12.2022.08.25,t12.2022.06.23/train:13;t12.2022.08.18/test:1;t12.2022.08.18/train:6;t12.2022.08.23/test:1;t12.2022.08.23/train:18;t12.2022.08.25/test:2;t12.2022.08.25/train:15,t12.2022.06.21;t12.2022.08.13,F,TH,28,128,28,lda,5,10,0,0.5,30,,held_out,all,primary_0729
stage2,T3_modality,6v_sup,vocal,S/SH,place,fricative,12,0.519,0.18624983221468952,0.09881389901998427,,0.18535000000000001,t12.2022.07.29,t12.2022.07.29/test:3;t12.2022.07.29/train:21,t12.2022.07.27,S,SH,12,128,12,lda,5,10,0,0.5,19,,held_out,all,primary_0729
stage2,T3_modality,6v_sup,nonvocal,S/SH,place,fricative,12,0.541,0.187,0.20866374575115446,,0.2697916666666667,t12.2022.06.23;t12.2022.08.18;t12.2022.08.23;t12.2022.08.25,t12.2022.06.23/test:3;t12.2022.06.23/train:3;t12.2022.08.18/test:1;t12.2022.08.18/train:3;t12.2022.08.23/test:2;t12.2022.08.23/train:6;t12.2022.08.25/train:6,t12.2022.06.21;t12.2022.08.13,S,SH,12,128,12,lda,5,10,0,0.5,19,,held_out,all,primary_0729
stage2,T3_modality,6v_sup,vocal,V/Z,place,fricative,77,0.6777849462365592,0.07698312284164074,0.9228914449348716,,0.18664545454545456,t12.2022.07.29,t12.2022.07.29/test:28;t12.2022.07.29/train:126,t12.2022.07.27,V,Z,77,128,77,lda,5,10,0,0.5,30,,held_out,all,primary_0729
stage2,T3_modality,6v_sup,nonvocal,V/Z,place,fricative,77,0.6183870967741936,0.07788606339741304,0.6008365911723395,,0.2635279220779221,t12.2022.06.23;t12.2022.08.18;t12.2022.08.23;t12.2022.08.25,t12.2022.06.23/test:3;t12.2022.06.23/train:39;t12.2022.08.18/test:5;t12.2022.08.18/train:39;t12.2022.08.23/test:5;t12.2022.08.23/train:27;t12.2022.08.25/test:5;t12.2022.08.25/train:31,t12.2022.06.21;t12.2022.08.13,V,Z,77,128,77,lda,5,10,0,0.5,30,,held_out,all,primary_0729
stage2,T3_modality,6v_sup,vocal,M/N,place,nasal,131,0.7477939042089986,0.042036327841710755,1.3357061064843434,,0.18650305343511453,t12.2022.07.29,t12.2022.07.29/test:46;t12.2022.07.29/train:216,t12.2022.07.27,M,N,131,128,131,lda,5,10,0,0.5,30,,held_out,all,primary_0729
stage2,T3_modality,6v_sup,nonvocal,M/N,place,nasal,131,0.6312481857764876,0.06687419976497558,0.6701645822897371,,0.26599503816793896,t12.2022.06.23;t12.2022.08.18;t12.2022.08.23;t12.2022.08.25,t12.2022.06.23/test:6;t12.2022.06.23/train:60;t12.2022.08.18/test:10;t12.2022.08.18/train:61;t12.2022.08.23/test:2;t12.2022.08.23/train:55;t12.2022.08.25/test:4;t12.2022.08.25/train:64,t12.2022.06.21;t12.2022.08.13,M,N,131,128,131,lda,5,10,0,0.5,30,,held_out,all,primary_0729
stage2,T3_modality,6v_inf,vocal,P/B,laryngeal,stop,65,0.6184615384615385,0.08865864328753174,0.6019503898350852,,0.18565692307692305,t12.2022.07.29,t12.2022.07.29/test:18;t12.2022.07.29/train:112,t12.2022.07.27,B,P,65,128,65,lda,5,10,0,0.5,30,,held_out,all,primary_0729
stage2,T3_modality,6v_inf,nonvocal,P/B,laryngeal,stop,65,0.6215384615384615,0.09463727076449045,0.619892402229471,,0.26535,t12.2022.06.23;t12.2022.08.18;t12.2022.08.23;t12.2022.08.25,t12.2022.06.23/test:1;t12.2022.06.23/train:35;t12.2022.08.18/test:3;t12.2022.08.18/train:27;t12.2022.08.23/train:33;t12.2022.08.25/test:2;t12.2022.08.25/train:29,t12.2022.06.21;t12.2022.08.13,B,P,65,128,65,lda,5,10,0,0.5,30,,held_out,all,primary_0729
stage2,T3_modality,6v_inf,vocal,T/D,laryngeal,stop,140,0.6121428571428571,0.0680486020789403,0.5695927858322358,,0.18543142857142858,t12.2022.07.29,t12.2022.07.29/test:36;t12.2022.07.29/train:244,t12.2022.07.27,D,T,140,128,140,lda,5,10,0,0.5,30,,held_out,all,primary_0729
stage2,T3_modality,6v_inf,nonvocal,T/D,laryngeal,stop,140,0.5585714285714285,0.058580138725179066,0.2946586496231837,,0.26362107142857144,t12.2022.06.23;t12.2022.08.18;t12.2022.08.23;t12.2022.08.25,t12.2022.06.23/test:5;t12.2022.06.23/train:77;t12.2022.08.18/test:7;t12.2022.08.18/train:60;t12.2022.08.23/test:6;t12.2022.08.23/train:61;t12.2022.08.25/test:3;t12.2022.08.25/train:61,t12.2022.06.21;t12.2022.08.13,D,T,140,128,140,lda,5,10,0,0.5,30,,held_out,all,primary_0729
stage2,T3_modality,6v_inf,vocal,K/G,laryngeal,stop,35,0.6442857142857144,0.10737118528064887,0.7478110667298873,,0.1844542857142857,t12.2022.07.29,t12.2022.07.29/test:6;t12.2022.07.29/train:64,t12.2022.07.27,G,K,35,128,35,lda,5,10,0,0.5,30,,held_out,all,primary_0729
stage2,T3_modality,6v_inf,nonvocal,K/G,laryngeal,stop,35,0.4414285714285714,0.11311002409610038,-0.2964994148983303,,0.2611542857142857,t12.2022.06.23;t12.2022.08.18;t12.2022.08.23;t12.2022.08.25,t12.2022.06.23/train:22;t12.2022.08.18/train:15;t12.2022.08.23/test:1;t12.2022.08.23/train:22;t12.2022.08.25/test:1;t12.2022.08.25/train:9,t12.2022.06.21;t12.2022.08.13,G,K,35,128,35,lda,5,10,0,0.5,30,,held_out,all,primary_0729
stage2,T3_modality,6v_inf,vocal,F/V,laryngeal,fricative,69,0.5368253968253969,0.09077943549994667,0.18530623265356871,,0.1859695652173913,t12.2022.07.29,t12.2022.07.29/test:21;t12.2022.07.29/train:117,t12.2022.07.27,F,V,69,128,69,lda,5,10,0,0.5,30,,held_out,all,primary_0729
stage2,T3_modality,6v_inf,nonvocal,F/V,laryngeal,fricative,69,0.5446296296296296,0.09950213752995396,0.22542099930339882,,0.2617427536231884,t12.2022.06.23;t12.2022.08.18;t12.2022.08.23;t12.2022.08.25,t12.2022.06.23/test:1;t12.2022.06.23/train:37;t12.2022.08.18/train:39;t12.2022.08.23/test:4;t12.2022.08.23/train:26;t12.2022.08.25/test:2;t12.2022.08.25/train:29,t12.2022.06.21;t12.2022.08.13,F,V,69,128,69,lda,5,10,0,0.5,30,,held_out,all,primary_0729
stage2,T3_modality,6v_inf,vocal,S/Z,laryngeal,fricative,86,0.6093781512605042,0.0701191617423031,0.5544651943365067,,0.18727209302325581,t12.2022.07.29,t12.2022.07.29/test:36;t12.2022.07.29/train:136,t12.2022.07.27,S,Z,86,128,86,lda,5,10,0,0.5,30,,held_out,all,primary_0729
stage2,T3_modality,6v_inf,nonvocal,S/Z,laryngeal,fricative,86,0.5175966386554621,0.07886981672960253,0.08753069126998786,,0.2628813953488372,t12.2022.06.23;t12.2022.08.18;t12.2022.08.23;t12.2022.08.25,t12.2022.06.23/test:5;t12.2022.06.23/train:41;t12.2022.08.18/test:3;t12.2022.08.18/train:45;t12.2022.08.23/test:5;t12.2022.08.23/train:34;t12.2022.08.25/train:39,t12.2022.06.21;t12.2022.08.13,S,Z,86,128,86,lda,5,10,0,0.5,30,,held_out,all,primary_0729
stage2,T3_modality,6v_inf,vocal,SH/ZH,laryngeal,fricative,12,0.774,0.16007498243010992,1.555839345308815,,0.18725,t12.2022.07.29,t12.2022.07.29/test:5;t12.2022.07.29/train:19,t12.2022.07.27,SH,ZH,12,128,12,lda,5,10,0,0.5,19,,held_out,all,primary_0729
stage2,T3_modality,6v_inf,nonvocal,SH/ZH,laryngeal,fricative,12,0.415,0.18980252896102306,-0.41817135016963514,,0.2594125,t12.2022.06.23;t12.2022.08.18;t12.2022.08.23;t12.2022.08.25,t12.2022.06.23/test:1;t12.2022.06.23/train:9;t12.2022.08.18/test:2;t12.2022.08.18/train:5;t12.2022.08.23/train:2;t12.2022.08.25/train:5,t12.2022.06.21;t12.2022.08.13,SH,ZH,12,128,12,lda,5,10,0,0.5,19,,held_out,all,primary_0729
stage2,T3_modality,6v_inf,vocal,TH/DH,laryngeal,fricative,28,0.7756060606060606,0.09679067281217928,1.5321635361971904,,0.18575714285714287,t12.2022.07.29,t12.2022.07.29/test:8;t12.2022.07.29/train:48,t12.2022.07.27,DH,TH,28,128,28,lda,5,10,0,0.5,30,,held_out,all,primary_0729
stage2,T3_modality,6v_inf,nonvocal,TH/DH,laryngeal,fricative,28,0.7166666666666666,0.1143613238673557,1.1709504885217286,,0.2662267857142857,t12.2022.06.23;t12.2022.08.18;t12.2022.08.23;t12.2022.08.25,t12.2022.06.23/test:1;t12.2022.06.23/train:14;t12.2022.08.18/test:1;t12.2022.08.18/train:14;t12.2022.08.23/train:11;t12.2022.08.25/test:2;t12.2022.08.25/train:13,t12.2022.06.21;t12.2022.08.13,DH,TH,28,128,28,lda,5,10,0,0.5,30,,held_out,all,primary_0729
stage2,T3_modality,6v_inf,vocal,P/T,place,stop,74,0.7725057471264368,0.06911854287156285,1.4967249399293117,,0.1858891891891892,t12.2022.07.29,t12.2022.07.29/test:22;t12.2022.07.29/train:126,t12.2022.07.27,P,T,74,128,74,lda,5,10,0,0.5,30,,held_out,all,primary_0729
stage2,T3_modality,6v_inf,nonvocal,P/T,place,stop,74,0.6529655172413793,0.0823421320724032,0.7841602396348627,,0.2670141891891892,t12.2022.06.23;t12.2022.08.18;t12.2022.08.23;t12.2022.08.25,t12.2022.06.23/test:2;t12.2022.06.23/train:37;t12.2022.08.18/test:4;t12.2022.08.18/train:23;t12.2022.08.23/test:2;t12.2022.08.23/train:45;t12.2022.08.25/test:2;t12.2022.08.25/train:33,t12.2022.06.21;t12.2022.08.13,P,T,74,128,74,lda,5,10,0,0.5,30,,held_out,all,primary_0729
stage2,T3_modality,6v_inf,vocal,T/K,place,stop,132,0.6513788098693759,0.06129859356853142,0.7805715094301013,,0.18517727272727272,t12.2022.07.29,t12.2022.07.29/test:31;t12.2022.07.29/train:233,t12.2022.07.27,K,T,132,128,132,lda,5,10,0,0.5,30,,held_out,all,primary_0729
stage2,T3_modality,6v_inf,nonvocal,T/K,place,stop,132,0.6355660377358491,0.05759171383628441,0.6929429157373966,,0.2630363636363637,t12.2022.06.23;t12.2022.08.18;t12.2022.08.23;t12.2022.08.25,t12.2022.06.23/test:9;t12.2022.06.23/train:74;t12.2022.08.18/test:5;t12.2022.08.18/train:61;t12.2022.08.23/test:8;t12.2022.08.23/train:48;t12.2022.08.25/test:6;t12.2022.08.25/train:53,t12.2022.06.21;t12.2022.08.13,K,T,132,128,132,lda,5,10,0,0.5,30,,held_out,all,primary_0729
stage2,T3_modality,6v_inf,vocal,B/D,place,stop,65,0.6707692307692307,0.0769845907889034,0.8846681833928172,,0.18565692307692305,t12.2022.07.29,t12.2022.07.29/test:18;t12.2022.07.29/train:112,t12.2022.07.27,B,D,65,128,65,lda,5,10,0,0.5,30,,held_out,all,primary_0729
stage2,T3_modality,6v_inf,nonvocal,B/D,place,stop,65,0.7,0.07919715493066924,1.0551273013913423,,0.2655276923076923,t12.2022.06.23;t12.2022.08.18;t12.2022.08.23;t12.2022.08.25,t12.2022.06.23/train:34;t12.2022.08.18/test:5;t12.2022.08.18/train:25;t12.2022.08.23/test:5;t12.2022.08.23/train:21;t12.2022.08.25/test:2;t12.2022.08.25/train:38,t12.2022.06.21;t12.2022.08.13,B,D,65,128,65,lda,5,10,0,0.5,30,,held_out,all,primary_0729
stage2,T3_modality,6v_inf,vocal,D/G,place,stop,35,0.68,0.11270333099037726,0.9445639243968713,,0.18478,t12.2022.07.29,t12.2022.07.29/test:7;t12.2022.07.29/train:63,t12.2022.07.27,D,G,35,128,35,lda,5,10,0,0.5,30,,held_out,all,primary_0729
stage2,T3_modality,6v_inf,nonvocal,D/G,place,stop,35,0.6742857142857145,0.10317411477295878,0.9010544125585375,,0.26454,t12.2022.06.23;t12.2022.08.18;t12.2022.08.23;t12.2022.08.25,t12.2022.06.23/train:17;t12.2022.08.18/test:1;t12.2022.08.18/train:16;t12.2022.08.23/test:2;t12.2022.08.23/train:17;t12.2022.08.25/test:1;t12.2022.08.25/train:16,t12.2022.06.21;t12.2022.08.13,D,G,35,128,35,lda,5,10,0,0.5,30,,held_out,all,primary_0729
stage2,T3_modality,6v_inf,vocal,F/S,place,fricative,69,0.6150529100529101,0.07629672284112692,0.5906685506467444,,0.18630000000000002,t12.2022.07.29,t12.2022.07.29/test:23;t12.2022.07.29/train:115,t12.2022.07.27,F,S,69,128,69,lda,5,10,0,0.5,30,,held_out,all,primary_0729
stage2,T3_modality,6v_inf,nonvocal,F/S,place,fricative,69,0.5354761904761905,0.09789135175923941,0.17799135271768002,,0.26332971014492756,t12.2022.06.23;t12.2022.08.18;t12.2022.08.23;t12.2022.08.25,t12.2022.06.23/test:4;t12.2022.06.23/train:33;t12.2022.08.18/test:4;t12.2022.08.18/train:35;t12.2022.08.23/test:3;t12.2022.08.23/train:31;t12.2022.08.25/test:2;t12.2022.08.25/train:26,t12.2022.06.21;t12.2022.08.13,F,S,69,128,69,lda,5,10,0,0.5,30,,held_out,all,primary_0729
stage2,T3_modality,6v_inf,vocal,F/TH,place,fricative,28,0.7462121212121212,0.10609577339042837,1.310058028689803,,0.18535,t12.2022.07.29,t12.2022.07.29/test:7;t12.2022.07.29/train:49,t12.2022.07.27,F,TH,28,128,28,lda,5,10,0,0.5,30,,held_out,all,primary_0729
stage2,T3_modality,6v_inf,nonvocal,F/TH,place,fricative,28,0.6157575757575757,0.12141120015261239,0.5883548656160285,,0.26478035714285714,t12.2022.06.23;t12.2022.08.18;t12.2022.08.23;t12.2022.08.25,t12.2022.06.23/train:9;t12.2022.08.18/test:2;t12.2022.08.18/train:17;t12.2022.08.23/test:3;t12.2022.08.23/train:9;t12.2022.08.25/test:1;t12.2022.08.25/train:15,t12.2022.06.21;t12.2022.08.13,F,TH,28,128,28,lda,5,10,0,0.5,30,,held_out,all,primary_0729
stage2,T3_modality,6v_inf,vocal,S/SH,place,fricative,12,0.6480000000000001,0.20321417273408862,0.9670111719684285,,0.1863,t12.2022.07.29,t12.2022.07.29/test:4;t12.2022.07.29/train:20,t12.2022.07.27,S,SH,12,128,12,lda,5,10,0,0.5,19,,held_out,all,primary_0729
stage2,T3_modality,6v_inf,nonvocal,S/SH,place,fricative,12,0.457,0.21424518664371434,-0.2351671332648854,,0.260175,t12.2022.06.23;t12.2022.08.18;t12.2022.08.23;t12.2022.08.25,t12.2022.06.23/test:2;t12.2022.06.23/train:6;t12.2022.08.18/test:1;t12.2022.08.18/train:8;t12.2022.08.23/train:3;t12.2022.08.25/train:4,t12.2022.06.21;t12.2022.08.13,S,SH,12,128,12,lda,5,10,0,0.5,19,,held_out,all,primary_0729
stage2,T3_modality,6v_inf,vocal,V/Z,place,fricative,77,0.5894193548387097,0.0834750401117345,0.454922608546432,,0.1867935064935065,t12.2022.07.29,t12.2022.07.29/test:29;t12.2022.07.29/train:125,t12.2022.07.27,V,Z,77,128,77,lda,5,10,0,0.5,30,,held_out,all,primary_0729
stage2,T3_modality,6v_inf,nonvocal,V/Z,place,fricative,77,0.7427096774193548,0.07361313882332979,1.3044721023036543,,0.26414155844155845,t12.2022.06.23;t12.2022.08.18;t12.2022.08.23;t12.2022.08.25,t12.2022.06.23/test:5;t12.2022.06.23/train:34;t12.2022.08.18/test:2;t12.2022.08.18/train:39;t12.2022.08.23/test:5;t12.2022.08.23/train:33;t12.2022.08.25/test:1;t12.2022.08.25/train:35,t12.2022.06.21;t12.2022.08.13,V,Z,77,128,77,lda,5,10,0,0.5,30,,held_out,all,primary_0729
stage2,T3_modality,6v_inf,vocal,M/N,place,nasal,131,0.7060957910014513,0.05921469910302895,1.083629792195283,,0.18632900763358778,t12.2022.07.29,t12.2022.07.29/test:44;t12.2022.07.29/train:218,t12.2022.07.27,M,N,131,128,131,lda,5,10,0,0.5,30,,held_out,all,primary_0729
stage2,T3_modality,6v_inf,nonvocal,M/N,place,nasal,131,0.7046806966618285,0.060142502733655484,1.0801700836576866,,0.2686141221374046,t12.2022.06.23;t12.2022.08.18;t12.2022.08.23;t12.2022.08.25,t12.2022.06.23/test:3;t12.2022.06.23/train:46;t12.2022.08.18/test:9;t12.2022.08.18/train:55;t12.2022.08.23/test:8;t12.2022.08.23/train:67;t12.2022.08.25/test:7;t12.2022.08.25/train:67,t12.2022.06.21;t12.2022.08.13,M,N,131,128,131,lda,5,10,0,0.5,30,,held_out,all,primary_0729
stage2,T3_modality,6v,vocal,P/B,laryngeal,stop,65,0.6661538461538463,0.08615384615384616,0.8572623665942718,,0.18548153846153848,t12.2022.07.29,t12.2022.07.29/test:17;t12.2022.07.29/train:113,t12.2022.07.27,B,P,65,256,65,lda,5,10,0,0.5,30,,held_out,all,primary_0729_no0825
stage2,T3_modality,6v,nonvocal,P/B,laryngeal,stop,65,0.6561538461538461,0.08119302736262328,0.8027176446559943,,0.25334384615384614,t12.2022.06.23;t12.2022.08.18;t12.2022.08.23,t12.2022.06.23/test:3;t12.2022.06.23/train:51;t12.2022.08.18/test:1;t12.2022.08.18/train:35;t12.2022.08.23/test:1;t12.2022.08.23/train:39,t12.2022.06.21;t12.2022.08.13,B,P,65,256,65,lda,5,10,0,0.5,30,,held_out,all,primary_0729_no0825
stage2,T3_modality,6v,vocal,T/D,laryngeal,stop,140,0.6339285714285715,0.0491314874721343,0.6856894657137758,,0.18592,t12.2022.07.29,t12.2022.07.29/test:42;t12.2022.07.29/train:238,t12.2022.07.27,D,T,140,256,140,lda,5,10,0,0.5,30,,held_out,all,primary_0729_no0825
stage2,T3_modality,6v,nonvocal,T/D,laryngeal,stop,140,0.4878571428571428,0.06117889458675388,-0.06084274894686566,,0.25310000000000005,t12.2022.06.23;t12.2022.08.18;t12.2022.08.23,t12.2022.06.23/test:7;t12.2022.06.23/train:91;t12.2022.08.18/test:6;t12.2022.08.18/train:87;t12.2022.08.23/test:10;t12.2022.08.23/train:79,t12.2022.06.21;t12.2022.08.13,D,T,140,256,140,lda,5,10,0,0.5,30,,held_out,all,primary_0729_no0825
stage2,T3_modality,6v,vocal,K/G,laryngeal,stop,35,0.6557142857142858,0.1149001341005594,0.8164515436694282,,0.18608285714285713,t12.2022.07.29,t12.2022.07.29/test:11;t12.2022.07.29/train:59,t12.2022.07.27,G,K,35,256,35,lda,5,10,0,0.5,30,,held_out,all,primary_0729_no0825
stage2,T3_modality,6v,nonvocal,K/G,laryngeal,stop,35,0.6214285714285714,0.1171515676204052,0.6171744167894759,,0.2539157142857143,t12.2022.06.23;t12.2022.08.18;t12.2022.08.23,t12.2022.06.23/test:2;t12.2022.06.23/train:24;t12.2022.08.18/test:2;t12.2022.08.18/train:19;t12.2022.08.23/test:2;t12.2022.08.23/train:21,t12.2022.06.21;t12.2022.08.13,G,K,35,256,35,lda,5,10,0,0.5,30,,held_out,all,primary_0729_no0825
stage2,T3_modality,6v,vocal,F/V,laryngeal,fricative,69,0.6090740740740741,0.0850438416257185,0.556621594495829,,0.18580434782608696,t12.2022.07.29,t12.2022.07.29/test:20;t12.2022.07.29/train:118,t12.2022.07.27,F,V,69,256,69,lda,5,10,0,0.5,30,,held_out,all,primary_0729_no0825
stage2,T3_modality,6v,nonvocal,F/V,laryngeal,fricative,69,0.6702645502645502,0.10230916368041075,0.8827494021655288,,0.25380434782608696,t12.2022.06.23;t12.2022.08.18;t12.2022.08.23,t12.2022.06.23/test:4;t12.2022.06.23/train:41;t12.2022.08.18/test:2;t12.2022.08.18/train:49;t12.2022.08.23/test:2;t12.2022.08.23/train:40,t12.2022.06.21;t12.2022.08.13,F,V,69,256,69,lda,5,10,0,0.5,30,,held_out,all,primary_0729_no0825
stage2,T3_modality,6v,vocal,S/Z,laryngeal,fricative,86,0.611109243697479,0.06668252077097661,0.5642155222508102,,0.1866093023255814,t12.2022.07.29,t12.2022.07.29/test:31;t12.2022.07.29/train:141,t12.2022.07.27,S,Z,86,256,86,lda,5,10,0,0.5,30,,held_out,all,primary_0729_no0825
stage2,T3_modality,6v,nonvocal,S/Z,laryngeal,fricative,86,0.5046050420168067,0.07461924440909252,0.02329131177478972,,0.25087732558139536,t12.2022.06.23;t12.2022.08.18;t12.2022.08.23,t12.2022.06.23/test:3;t12.2022.06.23/train:69;t12.2022.08.18/test:1;t12.2022.08.18/train:54;t12.2022.08.23/test:4;t12.2022.08.23/train:41,t12.2022.06.21;t12.2022.08.13,S,Z,86,256,86,lda,5,10,0,0.5,30,,held_out,all,primary_0729_no0825
stage2,T3_modality,6v,vocal,SH/ZH,laryngeal,fricative,12,0.5770000000000001,0.18033579788827286,0.4046595744513083,,0.1863,t12.2022.07.29,t12.2022.07.29/test:4;t12.2022.07.29/train:20,t12.2022.07.27,SH,ZH,12,256,12,lda,5,10,0,0.5,19,,held_out,all,primary_0729_no0825
stage2,T3_modality,6v,nonvocal,SH/ZH,laryngeal,fricative,12,0.688,0.2055626425204736,0.9946285087337983,,0.25109583333333335,t12.2022.06.23;t12.2022.08.18;t12.2022.08.23,t12.2022.06.23/train:9;t12.2022.08.18/test:1;t12.2022.08.18/train:7;t12.2022.08.23/test:1;t12.2022.08.23/train:6,t12.2022.06.21;t12.2022.08.13,SH,ZH,12,256,12,lda,5,10,0,0.5,19,,held_out,all,primary_0729_no0825
stage2,T3_modality,6v,vocal,TH/DH,laryngeal,fricative,28,0.7836363636363636,0.11002504097646718,1.569047217165913,,0.18453571428571428,t12.2022.07.29,t12.2022.07.29/test:5;t12.2022.07.29/train:51,t12.2022.07.27,DH,TH,28,256,28,lda,5,10,0,0.5,30,,held_out,all,primary_0729_no0825
stage2,T3_modality,6v,nonvocal,TH/DH,laryngeal,fricative,28,0.6698484848484848,0.14431442371627998,0.8862002378802845,,0.25464464285714283,t12.2022.06.23;t12.2022.08.18;t12.2022.08.23,t12.2022.06.23/test:1;t12.2022.06.23/train:15;t12.2022.08.18/test:2;t12.2022.08.18/train:18;t12.2022.08.23/test:2;t12.2022.08.23/train:18,t12.2022.06.21;t12.2022.08.13,DH,TH,28,256,28,lda,5,10,0,0.5,30,,held_out,all,primary_0729_no0825
stage2,T3_modality,6v,vocal,P/T,place,stop,74,0.8353103448275863,0.06729471899525659,1.9584998539394476,,0.1851189189189189,t12.2022.07.29,t12.2022.07.29/test:17;t12.2022.07.29/train:131,t12.2022.07.27,P,T,74,256,74,lda,5,10,0,0.5,30,,held_out,all,primary_0729_no0825
stage2,T3_modality,6v,nonvocal,P/T,place,stop,74,0.6809195402298852,0.07825349487171801,0.9412152410482251,,0.25197364864864863,t12.2022.06.23;t12.2022.08.18;t12.2022.08.23,t12.2022.06.23/test:2;t12.2022.06.23/train:53;t12.2022.08.18/test:5;t12.2022.08.18/train:46;t12.2022.08.23/test:4;t12.2022.08.23/train:38,t12.2022.06.21;t12.2022.08.13,P,T,74,256,74,lda,5,10,0,0.5,30,,held_out,all,primary_0729_no0825
stage2,T3_modality,6v,vocal,T/K,place,stop,132,0.6865747460087083,0.058389232882750636,0.9725712666226367,,0.18526363636363635,t12.2022.07.29,t12.2022.07.29/test:32;t12.2022.07.29/train:232,t12.2022.07.27,K,T,132,256,132,lda,5,10,0,0.5,30,,held_out,all,primary_0729_no0825
stage2,T3_modality,6v,nonvocal,T/K,place,stop,132,0.6401451378809869,0.05662277601469771,0.7171838969219204,,0.2526242424242424,t12.2022.06.23;t12.2022.08.18;t12.2022.08.23,t12.2022.06.23/test:8;t12.2022.06.23/train:109;t12.2022.08.18/test:3;t12.2022.08.18/train:65;t12.2022.08.23/test:6;t12.2022.08.23/train:73,t12.2022.06.21;t12.2022.08.13,K,T,132,256,132,lda,5,10,0,0.5,30,,held_out,all,primary_0729_no0825
stage2,T3_modality,6v,vocal,B/D,place,stop,65,0.823076923076923,0.06249260311258431,1.8649552706064574,,0.1860076923076923,t12.2022.07.29,t12.2022.07.29/test:20;t12.2022.07.29/train:110,t12.2022.07.27,B,D,65,256,65,lda,5,10,0,0.5,30,,held_out,all,primary_0729_no0825
stage2,T3_modality,6v,nonvocal,B/D,place,stop,65,0.6546153846153847,0.06727581662795762,0.7967031447788318,,0.25437461538461537,t12.2022.06.23;t12.2022.08.18;t12.2022.08.23,t12.2022.06.23/train:39;t12.2022.08.18/test:3;t12.2022.08.18/train:42;t12.2022.08.23/test:2;t12.2022.08.23/train:44,t12.2022.06.21;t12.2022.08.13,B,D,65,256,65,lda,5,10,0,0.5,30,,held_out,all,primary_0729_no0825
stage2,T3_modality,6v,vocal,D/G,place,stop,35,0.67,0.11857142857142858,0.9052322279019682,,0.18478,t12.2022.07.29,t12.2022.07.29/test:7;t12.2022.07.29/train:63,t12.2022.07.27,D,G,35,256,35,lda,5,10,0,0.5,30,,held_out,all,primary_0729_no0825
stage2,T3_modality,6v,nonvocal,D/G,place,stop,35,0.6842857142857143,0.11073962843590568,0.9621155308758143,,0.2517957142857143,t12.2022.06.23;t12.2022.08.18;t12.2022.08.23,t12.2022.06.23/train:26;t12.2022.08.18/test:1;t12.2022.08.18/train:20;t12.2022.08.23/test:3;t12.2022.08.23/train:20,t12.2022.06.21;t12.2022.08.13,D,G,35,256,35,lda,5,10,0,0.5,30,,held_out,all,primary_0729_no0825
stage2,T3_modality,6v,vocal,F/S,place,fricative,69,0.6714021164021164,0.08556231629009257,0.8840712338572079,,0.18613478260869565,t12.2022.07.29,t12.2022.07.29/test:22;t12.2022.07.29/train:116,t12.2022.07.27,F,S,69,256,69,lda,5,10,0,0.5,30,,held_out,all,primary_0729_no0825
stage2,T3_modality,6v,nonvocal,F/S,place,fricative,69,0.6046296296296296,0.08810487021718308,0.5306088571942428,,0.25428840579710144,t12.2022.06.23;t12.2022.08.18;t12.2022.08.23,t12.2022.06.23/test:2;t12.2022.06.23/train:41;t12.2022.08.18/test:2;t12.2022.08.18/train:41;t12.2022.08.23/test:6;t12.2022.08.23/train:46,t12.2022.06.21;t12.2022.08.13,F,S,69,256,69,lda,5,10,0,0.5,30,,held_out,all,primary_0729_no0825
stage2,T3_modality,6v,vocal,F/TH,place,fricative,28,0.7915151515151515,0.10968106363837292,1.6145987990143658,,0.18575714285714287,t12.2022.07.29,t12.2022.07.29/test:8;t12.2022.07.29/train:48,t12.2022.07.27,F,TH,28,256,28,lda,5,10,0,0.5,30,,held_out,all,primary_0729_no0825
stage2,T3_modality,6v,nonvocal,F/TH,place,fricative,28,0.7266666666666666,0.11748864314144424,1.2034710501139796,,0.25799285714285713,t12.2022.06.23;t12.2022.08.18;t12.2022.08.23,t12.2022.06.23/train:15;t12.2022.08.18/test:4;t12.2022.08.18/train:11;t12.2022.08.23/test:2;t12.2022.08.23/train:24,t12.2022.06.21;t12.2022.08.13,F,TH,28,256,28,lda,5,10,0,0.5,30,,held_out,all,primary_0729_no0825
stage2,T3_modality,6v,vocal,S/SH,place,fricative,12,0.512,0.19014731131414928,0.047428066177427675,,0.1863,t12.2022.07.29,t12.2022.07.29/test:4;t12.2022.07.29/train:20,t12.2022.07.27,S,SH,12,256,12,lda,5,10,0,0.5,19,,held_out,all,primary_0729_no0825
stage2,T3_modality,6v,nonvocal,S/SH,place,fricative,12,0.6829999999999999,0.15251557297535226,0.9548367940749863,,0.2515125,t12.2022.06.23;t12.2022.08.18;t12.2022.08.23,t12.2022.06.23/train:10;t12.2022.08.18/train:6;t12.2022.08.23/test:1;t12.2022.08.23/train:7,t12.2022.06.21;t12.2022.08.13,S,SH,12,256,12,lda,5,10,0,0.5,19,,held_out,all,primary_0729_no0825
stage2,T3_modality,6v,vocal,V/Z,place,fricative,77,0.6838924731182794,0.07964846164540092,0.955188147833697,,0.1870896103896104,t12.2022.07.29,t12.2022.07.29/test:31;t12.2022.07.29/train:123,t12.2022.07.27,V,Z,77,256,77,lda,5,10,0,0.5,30,,held_out,all,primary_0729_no0825
stage2,T3_modality,6v,nonvocal,V/Z,place,fricative,77,0.620258064516129,0.08208699901666261,0.6110814944498721,,0.2526551948051948,t12.2022.06.23;t12.2022.08.18;t12.2022.08.23,t12.2022.06.23/test:6;t12.2022.06.23/train:54;t12.2022.08.18/test:5;t12.2022.08.18/train:47;t12.2022.08.23/test:4;t12.2022.08.23/train:38,t12.2022.06.21;t12.2022.08.13,V,Z,77,256,77,lda,5,10,0,0.5,30,,held_out,all,primary_0729_no0825
stage2,T3_modality,6v,vocal,M/N,place,nasal,131,0.7775253991291728,0.0473561136122668,1.52705740635051,,0.18598091603053438,t12.2022.07.29,t12.2022.07.29/test:40;t12.2022.07.29/train:222,t12.2022.07.27,M,N,131,256,131,lda,5,10,0,0.5,30,,held_out,all,primary_0729_no0825
stage2,T3_modality,6v,nonvocal,M/N,place,nasal,131,0.6908127721335269,0.061236260610028265,0.9985056385022774,,0.2537450381679389,t12.2022.06.23;t12.2022.08.18;t12.2022.08.23,t12.2022.06.23/test:6;t12.2022.06.23/train:83;t12.2022.08.18/test:7;t12.2022.08.18/train:77;t12.2022.08.23/test:10;t12.2022.08.23/train:79,t12.2022.06.21;t12.2022.08.13,M,N,131,256,131,lda,5,10,0,0.5,30,,held_out,all,primary_0729_no0825
stage2,T3_modality,6v_sup,vocal,P/B,laryngeal,stop,65,0.6284615384615385,0.10366365730647288,0.6545528588674789,,0.18565692307692305,t12.2022.07.29,t12.2022.07.29/test:18;t12.2022.07.29/train:112,t12.2022.07.27,B,P,65,128,65,lda,5,10,0,0.5,30,,held_out,all,primary_0729_no0825
stage2,T3_modality,6v_sup,nonvocal,P/B,laryngeal,stop,65,0.5015384615384615,0.09789500473804945,0.0077009310301409265,,0.2561176923076923,t12.2022.06.23;t12.2022.08.18;t12.2022.08.23,t12.2022.06.23/test:4;t12.2022.06.23/train:39;t12.2022.08.18/test:9;t12.2022.08.18/train:30;t12.2022.08.23/test:4;t12.2022.08.23/train:44,t12.2022.06.21;t12.2022.08.13,B,P,65,128,65,lda,5,10,0,0.5,30,,held_out,all,primary_0729_no0825
stage2,T3_modality,6v_sup,vocal,T/D,laryngeal,stop,140,0.5517857142857143,0.06529466178136507,0.2603227640152962,,0.18592,t12.2022.07.29,t12.2022.07.29/test:42;t12.2022.07.29/train:238,t12.2022.07.27,D,T,140,128,140,lda,5,10,0,0.5,30,,held_out,all,primary_0729_no0825
stage2,T3_modality,6v_sup,nonvocal,T/D,laryngeal,stop,140,0.5153571428571428,0.06018784371126983,0.07697927216558541,,0.2551271428571429,t12.2022.06.23;t12.2022.08.18;t12.2022.08.23,t12.2022.06.23/test:11;t12.2022.06.23/train:79;t12.2022.08.18/test:6;t12.2022.08.18/train:80;t12.2022.08.23/test:13;t12.2022.08.23/train:91,t12.2022.06.21;t12.2022.08.13,D,T,140,128,140,lda,5,10,0,0.5,30,,held_out,all,primary_0729_no0825
stage2,T3_modality,6v_sup,vocal,K/G,laryngeal,stop,35,0.6114285714285714,0.12790302448913937,0.5743882191562902,,0.1864085714285714,t12.2022.07.29,t12.2022.07.29/test:12;t12.2022.07.29/train:58,t12.2022.07.27,G,K,35,128,35,lda,5,10,0,0.5,30,,held_out,all,primary_0729_no0825
stage2,T3_modality,6v_sup,nonvocal,K/G,laryngeal,stop,35,0.6542857142857144,0.11281192584228363,0.7914741956751516,,0.2527,t12.2022.06.23;t12.2022.08.18;t12.2022.08.23,t12.2022.06.23/test:2;t12.2022.06.23/train:22;t12.2022.08.18/test:2;t12.2022.08.18/train:24;t12.2022.08.23/test:2;t12.2022.08.23/train:18,t12.2022.06.21;t12.2022.08.13,G,K,35,128,35,lda,5,10,0,0.5,30,,held_out,all,primary_0729_no0825
stage2,T3_modality,6v_sup,vocal,F/V,laryngeal,fricative,69,0.6186772486772487,0.07917306578390801,0.6060880869534006,,0.1859695652173913,t12.2022.07.29,t12.2022.07.29/test:21;t12.2022.07.29/train:117,t12.2022.07.27,F,V,69,128,69,lda,5,10,0,0.5,30,,held_out,all,primary_0729_no0825
stage2,T3_modality,6v_sup,nonvocal,F/V,laryngeal,fricative,69,0.5956878306878307,0.09484398540901351,0.4863605333793003,,0.25298188405797106,t12.2022.06.23;t12.2022.08.18;t12.2022.08.23,t12.2022.06.23/test:6;t12.2022.06.23/train:48;t12.2022.08.18/test:8;t12.2022.08.18/train:39;t12.2022.08.23/test:4;t12.2022.08.23/train:33,t12.2022.06.21;t12.2022.08.13,F,V,69,128,69,lda,5,10,0,0.5,30,,held_out,all,primary_0729_no0825
stage2,T3_modality,6v_sup,vocal,S/Z,laryngeal,fricative,86,0.5556134453781513,0.07180281396248542,0.28075133419041365,,0.18700697674418604,t12.2022.07.29,t12.2022.07.29/test:34;t12.2022.07.29/train:138,t12.2022.07.27,S,Z,86,128,86,lda,5,10,0,0.5,30,,held_out,all,primary_0729_no0825
stage2,T3_modality,6v_sup,nonvocal,S/Z,laryngeal,fricative,86,0.5707563025210084,0.09359035968985607,0.3572914059296157,,0.25408197674418603,t12.2022.06.23;t12.2022.08.18;t12.2022.08.23,t12.2022.06.23/test:4;t12.2022.06.23/train:60;t12.2022.08.18/test:3;t12.2022.08.18/train:48;t12.2022.08.23/test:3;t12.2022.08.23/train:54,t12.2022.06.21;t12.2022.08.13,S,Z,86,128,86,lda,5,10,0,0.5,30,,held_out,all,primary_0729_no0825
stage2,T3_modality,6v_sup,vocal,SH/ZH,laryngeal,fricative,12,0.519,0.20757890066189288,0.08603208195319983,,0.18535000000000001,t12.2022.07.29,t12.2022.07.29/test:3;t12.2022.07.29/train:21,t12.2022.07.27,SH,ZH,12,128,12,lda,5,10,0,0.5,19,,held_out,all,primary_0729_no0825
stage2,T3_modality,6v_sup,nonvocal,SH/ZH,laryngeal,fricative,12,0.4639999999999999,0.16644518617250545,-0.18680527668046987,,0.24738333333333332,t12.2022.06.23;t12.2022.08.18;t12.2022.08.23,t12.2022.06.23/test:1;t12.2022.06.23/train:11;t12.2022.08.18/test:1;t12.2022.08.18/train:9;t12.2022.08.23/train:2,t12.2022.06.21;t12.2022.08.13,SH,ZH,12,128,12,lda,5,10,0,0.5,19,,held_out,all,primary_0729_no0825
stage2,T3_modality,6v_sup,vocal,TH/DH,laryngeal,fricative,28,0.7224242424242425,0.16049710426516203,1.1829110235179252,,0.18494285714285713,t12.2022.07.29,t12.2022.07.29/test:6;t12.2022.07.29/train:50,t12.2022.07.27,DH,TH,28,128,28,lda,5,10,0,0.5,30,,held_out,all,primary_0729_no0825
stage2,T3_modality,6v_sup,nonvocal,TH/DH,laryngeal,fricative,28,0.543939393939394,0.1486934218472451,0.22412648550637695,,0.2519517857142857,t12.2022.06.23;t12.2022.08.18;t12.2022.08.23,t12.2022.06.23/test:1;t12.2022.06.23/train:24;t12.2022.08.18/test:1;t12.2022.08.18/train:14;t12.2022.08.23/test:1;t12.2022.08.23/train:15,t12.2022.06.21;t12.2022.08.13,DH,TH,28,128,28,lda,5,10,0,0.5,30,,held_out,all,primary_0729_no0825
stage2,T3_modality,6v_sup,vocal,P/T,place,stop,74,0.7562758620689657,0.07584637942946997,1.3896165892006316,,0.18573513513513512,t12.2022.07.29,t12.2022.07.29/test:21;t12.2022.07.29/train:127,t12.2022.07.27,P,T,74,128,74,lda,5,10,0,0.5,30,,held_out,all,primary_0729_no0825
stage2,T3_modality,6v_sup,nonvocal,P/T,place,stop,74,0.764183908045977,0.05429735172680943,1.4374572820695972,,0.2539972972972973,t12.2022.06.23;t12.2022.08.18;t12.2022.08.23,t12.2022.06.23/test:4;t12.2022.06.23/train:49;t12.2022.08.18/test:4;t12.2022.08.18/train:45;t12.2022.08.23/test:2;t12.2022.08.23/train:44,t12.2022.06.21;t12.2022.08.13,P,T,74,128,74,lda,5,10,0,0.5,30,,held_out,all,primary_0729_no0825
stage2,T3_modality,6v_sup,vocal,T/K,place,stop,132,0.6105370101596516,0.06777670049951473,0.5617991451391197,,0.1856090909090909,t12.2022.07.29,t12.2022.07.29/test:36;t12.2022.07.29/train:228,t12.2022.07.27,K,T,132,128,132,lda,5,10,0,0.5,30,,held_out,all,primary_0729_no0825
stage2,T3_modality,6v_sup,nonvocal,T/K,place,stop,132,0.5583889695210451,0.06407450509120816,0.2934221356443771,,0.2527920454545454,t12.2022.06.23;t12.2022.08.18;t12.2022.08.23,t12.2022.06.23/test:7;t12.2022.06.23/train:90;t12.2022.08.18/test:8;t12.2022.08.18/train:75;t12.2022.08.23/test:12;t12.2022.08.23/train:72,t12.2022.06.21;t12.2022.08.13,K,T,132,128,132,lda,5,10,0,0.5,30,,held_out,all,primary_0729_no0825
stage2,T3_modality,6v_sup,vocal,B/D,place,stop,65,0.7315384615384615,0.06366052718830949,1.2360116152046632,,0.1860076923076923,t12.2022.07.29,t12.2022.07.29/test:20;t12.2022.07.29/train:110,t12.2022.07.27,B,D,65,128,65,lda,5,10,0,0.5,30,,held_out,all,primary_0729_no0825
stage2,T3_modality,6v_sup,nonvocal,B/D,place,stop,65,0.6799999999999998,0.08511739196075727,0.9357941145671012,,0.2534930769230769,t12.2022.06.23;t12.2022.08.18;t12.2022.08.23,t12.2022.06.23/test:4;t12.2022.06.23/train:34;t12.2022.08.18/test:4;t12.2022.08.18/train:42;t12.2022.08.23/test:9;t12.2022.08.23/train:37,t12.2022.06.21;t12.2022.08.13,B,D,65,128,65,lda,5,10,0,0.5,30,,held_out,all,primary_0729_no0825
stage2,T3_modality,6v_sup,vocal,D/G,place,stop,35,0.7271428571428571,0.1103704337812497,1.225448959979547,,0.1867342857142857,t12.2022.07.29,t12.2022.07.29/test:13;t12.2022.07.29/train:57,t12.2022.07.27,D,G,35,128,35,lda,5,10,0,0.5,30,,held_out,all,primary_0729_no0825
stage2,T3_modality,6v_sup,nonvocal,D/G,place,stop,35,0.5157142857142857,0.13499055144561725,0.07894324134194897,,0.25448714285714286,t12.2022.06.23;t12.2022.08.18;t12.2022.08.23,t12.2022.06.23/test:1;t12.2022.06.23/train:23;t12.2022.08.18/test:1;t12.2022.08.18/train:22;t12.2022.08.23/train:23,t12.2022.06.21;t12.2022.08.13,D,G,35,128,35,lda,5,10,0,0.5,30,,held_out,all,primary_0729_no0825
stage2,T3_modality,6v_sup,vocal,F/S,place,fricative,69,0.6114550264550265,0.07104088893105702,0.5674214898800409,,0.1859695652173913,t12.2022.07.29,t12.2022.07.29/test:21;t12.2022.07.29/train:117,t12.2022.07.27,F,S,69,128,69,lda,5,10,0,0.5,30,,held_out,all,primary_0729_no0825
stage2,T3_modality,6v_sup,nonvocal,F/S,place,fricative,69,0.5867460317460317,0.09585159907137507,0.43916650157050574,,0.25194347826086955,t12.2022.06.23;t12.2022.08.18;t12.2022.08.23,t12.2022.06.23/test:2;t12.2022.06.23/train:49;t12.2022.08.18/test:5;t12.2022.08.18/train:43;t12.2022.08.23/test:4;t12.2022.08.23/train:35,t12.2022.06.21;t12.2022.08.13,F,S,69,128,69,lda,5,10,0,0.5,30,,held_out,all,primary_0729_no0825
stage2,T3_modality,6v_sup,vocal,F/TH,place,fricative,28,0.6681818181818181,0.1061471508371939,0.8650917358433328,,0.18412857142857142,t12.2022.07.29,t12.2022.07.29/test:4;t12.2022.07.29/train:52,t12.2022.07.27,F,TH,28,128,28,lda,5,10,0,0.5,30,,held_out,all,primary_0729_no0825
stage2,T3_modality,6v_sup,nonvocal,F/TH,place,fricative,28,0.5366666666666666,0.13283619441046385,0.18760472190269156,,0.2532785714285714,t12.2022.06.23;t12.2022.08.18;t12.2022.08.23,t12.2022.06.23/train:18;t12.2022.08.18/test:1;t12.2022.08.18/train:13;t12.2022.08.23/test:5;t12.2022.08.23/train:19,t12.2022.06.21;t12.2022.08.13,F,TH,28,128,28,lda,5,10,0,0.5,30,,held_out,all,primary_0729_no0825
stage2,T3_modality,6v_sup,vocal,S/SH,place,fricative,12,0.519,0.18624983221468952,0.09881389901998427,,0.18535000000000001,t12.2022.07.29,t12.2022.07.29/test:3;t12.2022.07.29/train:21,t12.2022.07.27,S,SH,12,128,12,lda,5,10,0,0.5,19,,held_out,all,primary_0729_no0825
stage2,T3_modality,6v_sup,nonvocal,S/SH,place,fricative,12,0.49700000000000005,0.21803898733942054,-0.02072631501005356,,0.25929583333333334,t12.2022.06.23;t12.2022.08.18;t12.2022.08.23,t12.2022.06.23/test:3;t12.2022.06.23/train:5;t12.2022.08.18/train:8;t12.2022.08.23/train:8,t12.2022.06.21;t12.2022.08.13,S,SH,12,128,12,lda,5,10,0,0.5,19,,held_out,all,primary_0729_no0825
stage2,T3_modality,6v_sup,vocal,V/Z,place,fricative,77,0.6777849462365592,0.07698312284164074,0.9228914449348716,,0.18664545454545456,t12.2022.07.29,t12.2022.07.29/test:28;t12.2022.07.29/train:126,t12.2022.07.27,V,Z,77,128,77,lda,5,10,0,0.5,30,,held_out,all,primary_0729_no0825
stage2,T3_modality,6v_sup,nonvocal,V/Z,place,fricative,77,0.5791612903225807,0.06858593194875141,0.39929515958665235,,0.2542051948051948,t12.2022.06.23;t12.2022.08.18;t12.2022.08.23,t12.2022.06.23/test:4;t12.2022.06.23/train:51;t12.2022.08.18/test:6;t12.2022.08.18/train:45;t12.2022.08.23/test:2;t12.2022.08.23/train:46,t12.2022.06.21;t12.2022.08.13,V,Z,77,128,77,lda,5,10,0,0.5,30,,held_out,all,primary_0729_no0825
stage2,T3_modality,6v_sup,vocal,M/N,place,nasal,131,0.7477939042089986,0.042036327841710755,1.3357061064843434,,0.18650305343511453,t12.2022.07.29,t12.2022.07.29/test:46;t12.2022.07.29/train:216,t12.2022.07.27,M,N,131,128,131,lda,5,10,0,0.5,30,,held_out,all,primary_0729_no0825
stage2,T3_modality,6v_sup,nonvocal,M/N,place,nasal,131,0.5610014513788099,0.04981516261602501,0.30728854801345884,,0.25421603053435116,t12.2022.06.23;t12.2022.08.18;t12.2022.08.23,t12.2022.06.23/test:8;t12.2022.06.23/train:89;t12.2022.08.18/test:5;t12.2022.08.18/train:73;t12.2022.08.23/test:6;t12.2022.08.23/train:81,t12.2022.06.21;t12.2022.08.13,M,N,131,128,131,lda,5,10,0,0.5,30,,held_out,all,primary_0729_no0825
stage2,T3_modality,6v_inf,vocal,P/B,laryngeal,stop,65,0.6184615384615385,0.08865864328753174,0.6019503898350852,,0.18565692307692305,t12.2022.07.29,t12.2022.07.29/test:18;t12.2022.07.29/train:112,t12.2022.07.27,B,P,65,128,65,lda,5,10,0,0.5,30,,held_out,all,primary_0729_no0825
stage2,T3_modality,6v_inf,nonvocal,P/B,laryngeal,stop,65,0.6469230769230769,0.08380380017085695,0.7538450179001688,,0.25297846153846154,t12.2022.06.23;t12.2022.08.18;t12.2022.08.23,t12.2022.06.23/test:1;t12.2022.06.23/train:47;t12.2022.08.18/test:2;t12.2022.08.18/train:32;t12.2022.08.23/test:7;t12.2022.08.23/train:41,t12.2022.06.21;t12.2022.08.13,B,P,65,128,65,lda,5,10,0,0.5,30,,held_out,all,primary_0729_no0825
stage2,T3_modality,6v_inf,vocal,T/D,laryngeal,stop,140,0.6121428571428571,0.0680486020789403,0.5695927858322358,,0.18543142857142858,t12.2022.07.29,t12.2022.07.29/test:36;t12.2022.07.29/train:244,t12.2022.07.27,D,T,140,128,140,lda,5,10,0,0.5,30,,held_out,all,primary_0729_no0825
stage2,T3_modality,6v_inf,nonvocal,T/D,laryngeal,stop,140,0.5464285714285715,0.054748963274128176,0.23319315228487475,,0.25275,t12.2022.06.23;t12.2022.08.18;t12.2022.08.23,t12.2022.06.23/test:6;t12.2022.06.23/train:103;t12.2022.08.18/test:6;t12.2022.08.18/train:73;t12.2022.08.23/test:12;t12.2022.08.23/train:80,t12.2022.06.21;t12.2022.08.13,D,T,140,128,140,lda,5,10,0,0.5,30,,held_out,all,primary_0729_no0825
stage2,T3_modality,6v_inf,vocal,K/G,laryngeal,stop,35,0.6442857142857144,0.10737118528064887,0.7478110667298873,,0.1844542857142857,t12.2022.07.29,t12.2022.07.29/test:6;t12.2022.07.29/train:64,t12.2022.07.27,G,K,35,128,35,lda,5,10,0,0.5,30,,held_out,all,primary_0729_no0825
stage2,T3_modality,6v_inf,nonvocal,K/G,laryngeal,stop,35,0.572857142857143,0.12895973109811434,0.36625008359658384,,0.2528728571428571,t12.2022.06.23;t12.2022.08.18;t12.2022.08.23,t12.2022.06.23/train:24;t12.2022.08.18/test:1;t12.2022.08.18/train:20;t12.2022.08.23/test:3;t12.2022.08.23/train:22,t12.2022.06.21;t12.2022.08.13,G,K,35,128,35,lda,5,10,0,0.5,30,,held_out,all,primary_0729_no0825
stage2,T3_modality,6v_inf,vocal,F/V,laryngeal,fricative,69,0.5368253968253969,0.09077943549994667,0.18530623265356871,,0.1859695652173913,t12.2022.07.29,t12.2022.07.29/test:21;t12.2022.07.29/train:117,t12.2022.07.27,F,V,69,128,69,lda,5,10,0,0.5,30,,held_out,all,primary_0729_no0825
stage2,T3_modality,6v_inf,nonvocal,F/V,laryngeal,fricative,69,0.5339682539682539,0.09144046623094979,0.17074909397862204,,0.25303840579710146,t12.2022.06.23;t12.2022.08.18;t12.2022.08.23,t12.2022.06.23/test:2;t12.2022.06.23/train:42;t12.2022.08.18/test:4;t12.2022.08.18/train:47;t12.2022.08.23/test:4;t12.2022.08.23/train:39,t12.2022.06.21;t12.2022.08.13,F,V,69,128,69,lda,5,10,0,0.5,30,,held_out,all,primary_0729_no0825
stage2,T3_modality,6v_inf,vocal,S/Z,laryngeal,fricative,86,0.6093781512605042,0.0701191617423031,0.5544651943365067,,0.18727209302325581,t12.2022.07.29,t12.2022.07.29/test:36;t12.2022.07.29/train:136,t12.2022.07.27,S,Z,86,128,86,lda,5,10,0,0.5,30,,held_out,all,primary_0729_no0825
stage2,T3_modality,6v_inf,nonvocal,S/Z,laryngeal,fricative,86,0.5865714285714286,0.07236079559940084,0.43777163616407755,,0.2525575581395349,t12.2022.06.23;t12.2022.08.18;t12.2022.08.23,t12.2022.06.23/test:6;t12.2022.06.23/train:64;t12.2022.08.18/test:6;t12.2022.08.18/train:49;t12.2022.08.23/test:4;t12.2022.08.23/train:43,t12.2022.06.21;t12.2022.08.13,S,Z,86,128,86,lda,5,10,0,0.5,30,,held_out,all,primary_0729_no0825
stage2,T3_modality,6v_inf,vocal,SH/ZH,laryngeal,fricative,12,0.774,0.16007498243010992,1.555839345308815,,0.18725,t12.2022.07.29,t12.2022.07.29/test:5;t12.2022.07.29/train:19,t12.2022.07.27,SH,ZH,12,128,12,lda,5,10,0,0.5,19,,held_out,all,primary_0729_no0825
stage2,T3_modality,6v_inf,nonvocal,SH/ZH,laryngeal,fricative,12,0.461,0.20767522721788462,-0.2075311858380966,,0.24599583333333333,t12.2022.06.23;t12.2022.08.18;t12.2022.08.23,t12.2022.06.23/test:1;t12.2022.06.23/train:14;t12.2022.08.18/train:7;t12.2022.08.23/train:2,t12.2022.06.21;t12.2022.08.13,SH,ZH,12,128,12,lda,5,10,0,0.5,19,,held_out,all,primary_0729_no0825
stage2,T3_modality,6v_inf,vocal,TH/DH,laryngeal,fricative,28,0.7756060606060606,0.09679067281217928,1.5321635361971904,,0.18575714285714287,t12.2022.07.29,t12.2022.07.29/test:8;t12.2022.07.29/train:48,t12.2022.07.27,DH,TH,28,128,28,lda,5,10,0,0.5,30,,held_out,all,primary_0729_no0825
stage2,T3_modality,6v_inf,nonvocal,TH/DH,laryngeal,fricative,28,0.618030303030303,0.10451349972775935,0.599185746754076,,0.2556982142857143,t12.2022.06.23;t12.2022.08.18;t12.2022.08.23,t12.2022.06.23/test:2;t12.2022.06.23/train:22;t12.2022.08.18/test:1;t12.2022.08.18/train:10;t12.2022.08.23/test:1;t12.2022.08.23/train:20,t12.2022.06.21;t12.2022.08.13,DH,TH,28,128,28,lda,5,10,0,0.5,30,,held_out,all,primary_0729_no0825
stage2,T3_modality,6v_inf,vocal,P/T,place,stop,74,0.7725057471264368,0.06911854287156285,1.4967249399293117,,0.1858891891891892,t12.2022.07.29,t12.2022.07.29/test:22;t12.2022.07.29/train:126,t12.2022.07.27,P,T,74,128,74,lda,5,10,0,0.5,30,,held_out,all,primary_0729_no0825
stage2,T3_modality,6v_inf,nonvocal,P/T,place,stop,74,0.656919540229885,0.0719335434114267,0.8066481154739085,,0.25410608108108107,t12.2022.06.23;t12.2022.08.18;t12.2022.08.23,t12.2022.06.23/test:3;t12.2022.06.23/train:48;t12.2022.08.18/test:5;t12.2022.08.18/train:45;t12.2022.08.23/test:2;t12.2022.08.23/train:45,t12.2022.06.21;t12.2022.08.13,P,T,74,128,74,lda,5,10,0,0.5,30,,held_out,all,primary_0729_no0825
stage2,T3_modality,6v_inf,vocal,T/K,place,stop,132,0.6513788098693759,0.06129859356853142,0.7805715094301013,,0.18517727272727272,t12.2022.07.29,t12.2022.07.29/test:31;t12.2022.07.29/train:233,t12.2022.07.27,K,T,132,128,132,lda,5,10,0,0.5,30,,held_out,all,primary_0729_no0825
stage2,T3_modality,6v_inf,nonvocal,T/K,place,stop,132,0.6113570391872278,0.05270080419957566,0.5659999855628277,,0.2529954545454546,t12.2022.06.23;t12.2022.08.18;t12.2022.08.23,t12.2022.06.23/test:10;t12.2022.06.23/train:106;t12.2022.08.18/test:6;t12.2022.08.18/train:63;t12.2022.08.23/test:7;t12.2022.08.23/train:72,t12.2022.06.21;t12.2022.08.13,K,T,132,128,132,lda,5,10,0,0.5,30,,held_out,all,primary_0729_no0825
stage2,T3_modality,6v_inf,vocal,B/D,place,stop,65,0.6707692307692307,0.0769845907889034,0.8846681833928172,,0.18565692307692305,t12.2022.07.29,t12.2022.07.29/test:18;t12.2022.07.29/train:112,t12.2022.07.27,B,D,65,128,65,lda,5,10,0,0.5,30,,held_out,all,primary_0729_no0825
stage2,T3_modality,6v_inf,nonvocal,B/D,place,stop,65,0.6653846153846154,0.08076923076923079,0.8540175464707165,,0.25537000000000004,t12.2022.06.23;t12.2022.08.18;t12.2022.08.23,t12.2022.06.23/train:42;t12.2022.08.18/test:2;t12.2022.08.18/train:28;t12.2022.08.23/test:7;t12.2022.08.23/train:51,t12.2022.06.21;t12.2022.08.13,B,D,65,128,65,lda,5,10,0,0.5,30,,held_out,all,primary_0729_no0825
stage2,T3_modality,6v_inf,vocal,D/G,place,stop,35,0.68,0.11270333099037726,0.9445639243968713,,0.18478,t12.2022.07.29,t12.2022.07.29/test:7;t12.2022.07.29/train:63,t12.2022.07.27,D,G,35,128,35,lda,5,10,0,0.5,30,,held_out,all,primary_0729_no0825
stage2,T3_modality,6v_inf,nonvocal,D/G,place,stop,35,0.5514285714285714,0.1010556524790137,0.25876899438766404,,0.25624,t12.2022.06.23;t12.2022.08.18;t12.2022.08.23,t12.2022.06.23/train:20;t12.2022.08.18/train:22;t12.2022.08.23/train:28,t12.2022.06.21;t12.2022.08.13,D,G,35,128,35,lda,5,10,0,0.5,30,,held_out,all,primary_0729_no0825
stage2,T3_modality,6v_inf,vocal,F/S,place,fricative,69,0.6150529100529101,0.07629672284112692,0.5906685506467444,,0.18630000000000002,t12.2022.07.29,t12.2022.07.29/test:23;t12.2022.07.29/train:115,t12.2022.07.27,F,S,69,128,69,lda,5,10,0,0.5,30,,held_out,all,primary_0729_no0825
stage2,T3_modality,6v_inf,nonvocal,F/S,place,fricative,69,0.5808730158730159,0.08437121796883551,0.4094595744722197,,0.2528920289855073,t12.2022.06.23;t12.2022.08.18;t12.2022.08.23,t12.2022.06.23/test:6;t12.2022.06.23/train:44;t12.2022.08.18/test:2;t12.2022.08.18/train:47;t12.2022.08.23/test:4;t12.2022.08.23/train:35,t12.2022.06.21;t12.2022.08.13,F,S,69,128,69,lda,5,10,0,0.5,30,,held_out,all,primary_0729_no0825
stage2,T3_modality,6v_inf,vocal,F/TH,place,fricative,28,0.7462121212121212,0.10609577339042837,1.310058028689803,,0.18535,t12.2022.07.29,t12.2022.07.29/test:7;t12.2022.07.29/train:49,t12.2022.07.27,F,TH,28,128,28,lda,5,10,0,0.5,30,,held_out,all,primary_0729_no0825
stage2,T3_modality,6v_inf,nonvocal,F/TH,place,fricative,28,0.7181818181818183,0.1139087644194697,1.1484522204334646,,0.2521875,t12.2022.06.23;t12.2022.08.18;t12.2022.08.23,t12.2022.06.23/train:15;t12.2022.08.18/test:3;t12.2022.08.18/train:23;t12.2022.08.23/test:1;t12.2022.08.23/train:14,t12.2022.06.21;t12.2022.08.13,F,TH,28,128,28,lda,5,10,0,0.5,30,,held_out,all,primary_0729_no0825
stage2,T3_modality,6v_inf,vocal,S/SH,place,fricative,12,0.6480000000000001,0.20321417273408862,0.9670111719684285,,0.1863,t12.2022.07.29,t12.2022.07.29/test:4;t12.2022.07.29/train:20,t12.2022.07.27,S,SH,12,128,12,lda,5,10,0,0.5,19,,held_out,all,primary_0729_no0825
stage2,T3_modality,6v_inf,nonvocal,S/SH,place,fricative,12,0.5820000000000001,0.23680371618705648,0.42694211760633843,,0.2532166666666667,t12.2022.06.23;t12.2022.08.18;t12.2022.08.23,t12.2022.06.23/test:2;t12.2022.06.23/train:10;t12.2022.08.18/test:1;t12.2022.08.18/train:6;t12.2022.08.23/train:5,t12.2022.06.21;t12.2022.08.13,S,SH,12,128,12,lda,5,10,0,0.5,19,,held_out,all,primary_0729_no0825
stage2,T3_modality,6v_inf,vocal,V/Z,place,fricative,77,0.5894193548387097,0.0834750401117345,0.454922608546432,,0.1867935064935065,t12.2022.07.29,t12.2022.07.29/test:29;t12.2022.07.29/train:125,t12.2022.07.27,V,Z,77,128,77,lda,5,10,0,0.5,30,,held_out,all,primary_0729_no0825
stage2,T3_modality,6v_inf,nonvocal,V/Z,place,fricative,77,0.6232043010752687,0.08903695639777094,0.631657992149838,,0.25363701298701297,t12.2022.06.23;t12.2022.08.18;t12.2022.08.23,t12.2022.06.23/test:5;t12.2022.06.23/train:50;t12.2022.08.18/test:3;t12.2022.08.18/train:45;t12.2022.08.23/test:6;t12.2022.08.23/train:45,t12.2022.06.21;t12.2022.08.13,V,Z,77,128,77,lda,5,10,0,0.5,30,,held_out,all,primary_0729_no0825
stage2,T3_modality,6v_inf,vocal,M/N,place,nasal,131,0.7060957910014513,0.05921469910302895,1.083629792195283,,0.18632900763358778,t12.2022.07.29,t12.2022.07.29/test:44;t12.2022.07.29/train:218,t12.2022.07.27,M,N,131,128,131,lda,5,10,0,0.5,30,,held_out,all,primary_0729_no0825
stage2,T3_modality,6v_inf,nonvocal,M/N,place,nasal,131,0.6733236574746009,0.04727488798827936,0.8973077149112304,,0.25490114503816796,t12.2022.06.23;t12.2022.08.18;t12.2022.08.23,t12.2022.06.23/test:3;t12.2022.06.23/train:75;t12.2022.08.18/test:11;t12.2022.08.18/train:80;t12.2022.08.23/test:6;t12.2022.08.23/train:87,t12.2022.06.21;t12.2022.08.13,M,N,131,128,131,lda,5,10,0,0.5,30,,held_out,all,primary_0729_no0825
stage2,T3_modality,6v,vocal,P/B,laryngeal,stop,45,0.6699999999999998,0.10328553255208543,0.8817183571780443,,0.17411333333333331,t12.2022.06.21;t12.2022.06.28;t12.2022.08.11;t12.2022.08.13,t12.2022.06.21/test:25;t12.2022.06.28/test:21;t12.2022.08.11/test:20;t12.2022.08.13/test:24,t12.2022.06.21;t12.2022.06.28;t12.2022.08.11;t12.2022.08.13,B,P,45,256,45,lda,5,10,0,0.5,30,,held_out,all,secondary_datematch
stage2,T3_modality,6v,nonvocal,P/B,laryngeal,stop,45,0.5766666666666667,0.11049272363060222,0.38591689572034826,,0.2638688888888889,t12.2022.06.23;t12.2022.08.18;t12.2022.08.23;t12.2022.08.25,t12.2022.06.23/test:2;t12.2022.06.23/train:28;t12.2022.08.18/test:2;t12.2022.08.18/train:14;t12.2022.08.23/test:1;t12.2022.08.23/train:28;t12.2022.08.25/test:2;t12.2022.08.25/train:13,t12.2022.06.21;t12.2022.08.13,B,P,45,256,45,lda,5,10,0,0.5,30,,held_out,all,secondary_datematch
stage2,T3_modality,6v,vocal,T/D,laryngeal,stop,91,0.5586486486486486,0.07827413015846728,0.2964153745965028,,0.1748532967032967,t12.2022.06.21;t12.2022.06.28;t12.2022.08.11;t12.2022.08.13,t12.2022.06.21/test:54;t12.2022.06.28/test:38;t12.2022.08.11/test:51;t12.2022.08.13/test:39,t12.2022.06.21;t12.2022.06.28;t12.2022.08.11;t12.2022.08.13,D,T,91,256,91,lda,5,10,0,0.5,30,,held_out,all,secondary_datematch
stage2,T3_modality,6v,nonvocal,T/D,laryngeal,stop,91,0.5779129129129129,0.0659810895625067,0.39335920360613646,,0.2658225274725275,t12.2022.06.23;t12.2022.08.18;t12.2022.08.23;t12.2022.08.25,t12.2022.06.23/test:5;t12.2022.06.23/train:39;t12.2022.08.18/test:3;t12.2022.08.18/train:42;t12.2022.08.23/test:4;t12.2022.08.23/train:45;t12.2022.08.25/test:2;t12.2022.08.25/train:42,t12.2022.06.21;t12.2022.08.13,D,T,91,256,91,lda,5,10,0,0.5,30,,held_out,all,secondary_datematch
stage2,T3_modality,6v,vocal,K/G,laryngeal,stop,29,0.6690909090909091,0.12943190132223897,0.8728348756633006,,0.17811896551724138,t12.2022.06.21;t12.2022.06.28;t12.2022.08.11;t12.2022.08.13,t12.2022.06.21/test:15;t12.2022.06.28/test:19;t12.2022.08.11/test:15;t12.2022.08.13/test:9,t12.2022.06.21;t12.2022.06.28;t12.2022.08.11;t12.2022.08.13,G,K,29,256,29,lda,5,10,0,0.5,30,,held_out,all,secondary_datematch
stage2,T3_modality,6v,nonvocal,K/G,laryngeal,stop,29,0.6,0.12080423797137968,0.5122517513995767,,0.26929482758620693,t12.2022.06.23;t12.2022.08.18;t12.2022.08.23;t12.2022.08.25,t12.2022.06.23/train:13;t12.2022.08.18/test:1;t12.2022.08.18/train:12;t12.2022.08.23/train:14;t12.2022.08.25/test:2;t12.2022.08.25/train:16,t12.2022.06.21;t12.2022.08.13,G,K,29,256,29,lda,5,10,0,0.5,30,,held_out,all,secondary_datematch
stage2,T3_modality,6v,vocal,F/V,laryngeal,fricative,48,0.5758421052631578,0.08975912672828837,0.383050875955664,,0.175559375,t12.2022.06.21;t12.2022.06.28;t12.2022.08.11;t12.2022.08.13,t12.2022.06.21/test:28;t12.2022.06.28/test:22;t12.2022.08.11/test:27;t12.2022.08.13/test:19,t12.2022.06.21;t12.2022.06.28;t12.2022.08.11;t12.2022.08.13,F,V,48,256,48,lda,5,10,0,0.5,30,,held_out,all,secondary_datematch
stage2,T3_modality,6v,nonvocal,F/V,laryngeal,fricative,48,0.5570526315789474,0.11076345487699492,0.2886992481491453,,0.265196875,t12.2022.06.23;t12.2022.08.18;t12.2022.08.23;t12.2022.08.25,t12.2022.06.23/test:3;t12.2022.06.23/train:28;t12.2022.08.18/test:1;t12.2022.08.18/train:20;t12.2022.08.23/test:1;t12.2022.08.23/train:19;t12.2022.08.25/test:3;t12.2022.08.25/train:21,t12.2022.06.21;t12.2022.08.13,F,V,48,256,48,lda,5,10,0,0.5,30,,held_out,all,secondary_datematch
stage2,T3_modality,6v,vocal,S/Z,laryngeal,fricative,39,0.6106666666666667,0.0950882630916023,0.5589518747060849,,0.17556666666666668,t12.2022.06.21;t12.2022.06.28;t12.2022.08.11;t12.2022.08.13,t12.2022.06.21/test:18;t12.2022.06.28/test:21;t12.2022.08.11/test:25;t12.2022.08.13/test:14,t12.2022.06.21;t12.2022.06.28;t12.2022.08.11;t12.2022.08.13,S,Z,39,256,39,lda,5,10,0,0.5,30,,held_out,all,secondary_datematch
stage2,T3_modality,6v,nonvocal,S/Z,laryngeal,fricative,39,0.4975833333333333,0.10960817208989887,-0.012859789526696322,,0.26340256410256413,t12.2022.06.23;t12.2022.08.18;t12.2022.08.23;t12.2022.08.25,t12.2022.06.23/test:1;t12.2022.06.23/train:28;t12.2022.08.18/test:2;t12.2022.08.18/train:10;t12.2022.08.23/test:1;t12.2022.08.23/train:21;t12.2022.08.25/test:2;t12.2022.08.25/train:13,t12.2022.06.21;t12.2022.08.13,S,Z,39,256,39,lda,5,10,0,0.5,30,,held_out,all,secondary_datematch
stage2,T3_modality,6v,vocal,TH/DH,laryngeal,fricative,15,0.6233333333333334,0.17259457954666158,0.6270783112889782,,0.17666666666666667,t12.2022.06.21;t12.2022.06.28;t12.2022.08.11;t12.2022.08.13,t12.2022.06.21/test:9;t12.2022.06.28/test:8;t12.2022.08.11/test:7;t12.2022.08.13/test:6,t12.2022.06.21;t12.2022.06.28;t12.2022.08.11;t12.2022.08.13,DH,TH,15,256,15,lda,5,10,0,0.5,23,,held_out,all,secondary_datematch
stage2,T3_modality,6v,nonvocal,TH/DH,laryngeal,fricative,15,0.62,0.17333333333333334,0.6348307921362331,,0.2700033333333333,t12.2022.06.23;t12.2022.08.18;t12.2022.08.23;t12.2022.08.25,t12.2022.06.23/test:1;t12.2022.06.23/train:7;t12.2022.08.18/test:1;t12.2022.08.18/train:5;t12.2022.08.23/train:5;t12.2022.08.25/train:11,t12.2022.06.21;t12.2022.08.13,DH,TH,15,256,15,lda,5,10,0,0.5,23,,held_out,all,secondary_datematch
stage2,T3_modality,6v,vocal,P/T,place,stop,45,0.7055555555555556,0.08031573497111645,1.0795053620080242,,0.1745833333333333,t12.2022.06.21;t12.2022.06.28;t12.2022.08.11;t12.2022.08.13,t12.2022.06.21/test:21;t12.2022.06.28/test:24;t12.2022.08.11/test:24;t12.2022.08.13/test:21,t12.2022.06.21;t12.2022.06.28;t12.2022.08.11;t12.2022.08.13,P,T,45,256,45,lda,5,10,0,0.5,30,,held_out,all,secondary_datematch
stage2,T3_modality,6v,nonvocal,P/T,place,stop,45,0.6255555555555555,0.0921686591439577,0.6387653231016481,,0.2694766666666667,t12.2022.06.23;t12.2022.08.18;t12.2022.08.23;t12.2022.08.25,t12.2022.06.23/test:1;t12.2022.06.23/train:16;t12.2022.08.18/test:1;t12.2022.08.18/train:22;t12.2022.08.23/test:1;t12.2022.08.23/train:21;t12.2022.08.25/test:3;t12.2022.08.25/train:25,t12.2022.06.21;t12.2022.08.13,P,T,45,256,45,lda,5,10,0,0.5,30,,held_out,all,secondary_datematch
stage2,T3_modality,6v,vocal,T/K,place,stop,86,0.6419663865546219,0.06574187776383038,0.7264150913669364,,0.1737546511627907,t12.2022.06.21;t12.2022.06.28;t12.2022.08.11;t12.2022.08.13,t12.2022.06.21/test:42;t12.2022.06.28/test:40;t12.2022.08.11/test:48;t12.2022.08.13/test:42,t12.2022.06.21;t12.2022.06.28;t12.2022.08.11;t12.2022.08.13,K,T,86,256,86,lda,5,10,0,0.5,30,,held_out,all,secondary_datematch
stage2,T3_modality,6v,nonvocal,T/K,place,stop,86,0.5712436974789916,0.08207848108185871,0.3600566564470412,,0.2644848837209302,t12.2022.06.23;t12.2022.08.18;t12.2022.08.23;t12.2022.08.25,t12.2022.06.23/test:2;t12.2022.06.23/train:53;t12.2022.08.18/test:6;t12.2022.08.18/train:28;t12.2022.08.23/test:5;t12.2022.08.23/train:40;t12.2022.08.25/test:7;t12.2022.08.25/train:31,t12.2022.06.21;t12.2022.08.13,K,T,86,256,86,lda,5,10,0,0.5,30,,held_out,all,secondary_datematch
stage2,T3_modality,6v,vocal,B/D,place,stop,46,0.6681871345029239,0.09262175800026512,0.8896009694883117,,0.17228804347826088,t12.2022.06.21;t12.2022.06.28;t12.2022.08.11;t12.2022.08.13,t12.2022.06.21/test:24;t12.2022.06.28/test:18;t12.2022.08.11/test:23;t12.2022.08.13/test:27,t12.2022.06.21;t12.2022.06.28;t12.2022.08.11;t12.2022.08.13,B,D,46,256,46,lda,5,10,0,0.5,30,,held_out,all,secondary_datematch
stage2,T3_modality,6v,nonvocal,B/D,place,stop,46,0.6520467836257311,0.08706775574510567,0.7884495267500183,,0.26436195652173916,t12.2022.06.23;t12.2022.08.18;t12.2022.08.23;t12.2022.08.25,t12.2022.06.23/test:2;t12.2022.06.23/train:28;t12.2022.08.18/train:15;t12.2022.08.23/test:2;t12.2022.08.23/train:23;t12.2022.08.25/train:22,t12.2022.06.21;t12.2022.08.13,B,D,46,256,46,lda,5,10,0,0.5,30,,held_out,all,secondary_datematch
stage2,T3_modality,6v,vocal,D/G,place,stop,29,0.5678787878787879,0.11443115990903317,0.33792564114464757,,0.1759293103448276,t12.2022.06.21;t12.2022.06.28;t12.2022.08.11;t12.2022.08.13,t12.2022.06.21/test:16;t12.2022.06.28/test:16;t12.2022.08.11/test:13;t12.2022.08.13/test:13,t12.2022.06.21;t12.2022.06.28;t12.2022.08.11;t12.2022.08.13,D,G,29,256,29,lda,5,10,0,0.5,30,,held_out,all,secondary_datematch
stage2,T3_modality,6v,nonvocal,D/G,place,stop,29,0.6268181818181818,0.12444375778703383,0.6508374714974818,,0.2681896551724138,t12.2022.06.23;t12.2022.08.18;t12.2022.08.23;t12.2022.08.25,t12.2022.06.23/train:7;t12.2022.08.18/test:1;t12.2022.08.18/train:12;t12.2022.08.23/test:3;t12.2022.08.23/train:21;t12.2022.08.25/train:14,t12.2022.06.21;t12.2022.08.13,D,G,29,256,29,lda,5,10,0,0.5,30,,held_out,all,secondary_datematch
stage2,T3_modality,6v,vocal,F/S,place,fricative,48,0.6067894736842105,0.0900401418635844,0.5439484467260584,,0.17527812499999998,t12.2022.06.21;t12.2022.06.28;t12.2022.08.11;t12.2022.08.13,t12.2022.06.21/test:24;t12.2022.06.28/test:23;t12.2022.08.11/test:32;t12.2022.08.13/test:17,t12.2022.06.21;t12.2022.06.28;t12.2022.08.11;t12.2022.08.13,F,S,48,256,48,lda,5,10,0,0.5,30,,held_out,all,secondary_datematch
stage2,T3_modality,6v,nonvocal,F/S,place,fricative,48,0.5761578947368421,0.11287530197086451,0.3840478461172512,,0.26367291666666665,t12.2022.06.23;t12.2022.08.18;t12.2022.08.23;t12.2022.08.25,t12.2022.06.23/test:1;t12.2022.06.23/train:28;t12.2022.08.18/test:2;t12.2022.08.18/train:23;t12.2022.08.23/test:2;t12.2022.08.23/train:13;t12.2022.08.25/test:2;t12.2022.08.25/train:25,t12.2022.06.21;t12.2022.08.13,F,S,48,256,48,lda,5,10,0,0.5,30,,held_out,all,secondary_datematch
stage2,T3_modality,6v,vocal,F/TH,place,fricative,15,0.6466666666666667,0.16206994374857622,0.749350128736932,,0.17496,t12.2022.06.21;t12.2022.06.28;t12.2022.08.11;t12.2022.08.13,t12.2022.06.21/test:9;t12.2022.06.28/test:6;t12.2022.08.11/test:9;t12.2022.08.13/test:6,t12.2022.06.21;t12.2022.06.28;t12.2022.08.11;t12.2022.08.13,F,TH,15,256,15,lda,5,10,0,0.5,23,,held_out,all,secondary_datematch
stage2,T3_modality,6v,nonvocal,F/TH,place,fricative,15,0.74,0.14590712418826196,1.2811599043215889,,0.26539999999999997,t12.2022.06.23;t12.2022.08.18;t12.2022.08.23;t12.2022.08.25,t12.2022.06.23/train:8;t12.2022.08.18/test:1;t12.2022.08.18/train:6;t12.2022.08.23/train:9;t12.2022.08.25/test:1;t12.2022.08.25/train:5,t12.2022.06.21;t12.2022.08.13,F,TH,15,256,15,lda,5,10,0,0.5,23,,held_out,all,secondary_datematch
stage2,T3_modality,6v,vocal,V/Z,place,fricative,39,0.6865833333333333,0.1223022496840421,0.9767077735640506,,0.17503333333333332,t12.2022.06.21;t12.2022.06.28;t12.2022.08.11;t12.2022.08.13,t12.2022.06.21/test:24;t12.2022.06.28/test:17;t12.2022.08.11/test:19;t12.2022.08.13/test:18,t12.2022.06.21;t12.2022.06.28;t12.2022.08.11;t12.2022.08.13,V,Z,39,256,39,lda,5,10,0,0.5,30,,held_out,all,secondary_datematch
stage2,T3_modality,6v,nonvocal,V/Z,place,fricative,39,0.6436666666666666,0.10791341693948699,0.7366685651799021,,0.26945769230769234,t12.2022.06.23;t12.2022.08.18;t12.2022.08.23;t12.2022.08.25,t12.2022.06.23/test:2;t12.2022.06.23/train:23;t12.2022.08.18/test:2;t12.2022.08.18/train:12;t12.2022.08.23/train:13;t12.2022.08.25/test:4;t12.2022.08.25/train:22,t12.2022.06.21;t12.2022.08.13,V,Z,39,256,39,lda,5,10,0,0.5,30,,held_out,all,secondary_datematch
stage2,T3_modality,6v,vocal,M/N,place,nasal,100,0.6569999999999999,0.07450503338701353,0.8111912688788684,,0.174712,t12.2022.06.21;t12.2022.06.28;t12.2022.08.11;t12.2022.08.13,t12.2022.06.21/test:59;t12.2022.06.28/test:46;t12.2022.08.11/test:45;t12.2022.08.13/test:50,t12.2022.06.21;t12.2022.06.28;t12.2022.08.11;t12.2022.08.13,M,N,100,256,100,lda,5,10,0,0.5,30,,held_out,all,secondary_datematch
stage2,T3_modality,6v,nonvocal,M/N,place,nasal,100,0.6825,0.07454025757937788,0.9490586377897265,,0.268362,t12.2022.06.23;t12.2022.08.18;t12.2022.08.23;t12.2022.08.25,t12.2022.06.23/test:3;t12.2022.06.23/train:54;t12.2022.08.18/test:7;t12.2022.08.18/train:29;t12.2022.08.23/test:1;t12.2022.08.23/train:50;t12.2022.08.25/test:6;t12.2022.08.25/train:50,t12.2022.06.21;t12.2022.08.13,M,N,100,256,100,lda,5,10,0,0.5,30,,held_out,all,secondary_datematch
stage2,T3_modality,6v_sup,vocal,P/B,laryngeal,stop,45,0.5844444444444445,0.10437349836282114,0.42603401212660025,,0.1745611111111111,t12.2022.06.21;t12.2022.06.28;t12.2022.08.11;t12.2022.08.13,t12.2022.06.21/test:26;t12.2022.06.28/test:21;t12.2022.08.11/test:20;t12.2022.08.13/test:23,t12.2022.06.21;t12.2022.06.28;t12.2022.08.11;t12.2022.08.13,B,P,45,128,45,lda,5,10,0,0.5,30,,held_out,all,secondary_datematch
stage2,T3_modality,6v_sup,nonvocal,P/B,laryngeal,stop,45,0.48333333333333334,0.1277777777777778,-0.08370451072945129,,0.2602077777777778,t12.2022.06.23;t12.2022.08.18;t12.2022.08.23;t12.2022.08.25,t12.2022.06.23/train:26;t12.2022.08.18/test:3;t12.2022.08.18/train:24;t12.2022.08.23/test:1;t12.2022.08.23/train:20;t12.2022.08.25/train:16,t12.2022.06.21;t12.2022.08.13,B,P,45,128,45,lda,5,10,0,0.5,30,,held_out,all,secondary_datematch
stage2,T3_modality,6v_sup,vocal,T/D,laryngeal,stop,91,0.5312912912912914,0.07342656146379772,0.15716032146486025,,0.1747043956043956,t12.2022.06.21;t12.2022.06.28;t12.2022.08.11;t12.2022.08.13,t12.2022.06.21/test:46;t12.2022.06.28/test:46;t12.2022.08.11/test:48;t12.2022.08.13/test:42,t12.2022.06.21;t12.2022.06.28;t12.2022.08.11;t12.2022.08.13,D,T,91,128,91,lda,5,10,0,0.5,30,,held_out,all,secondary_datematch
stage2,T3_modality,6v_sup,nonvocal,T/D,laryngeal,stop,91,0.4725375375375376,0.0840621070056576,-0.1378185342574714,,0.2644274725274725,t12.2022.06.23;t12.2022.08.18;t12.2022.08.23;t12.2022.08.25,t12.2022.06.23/test:5;t12.2022.06.23/train:47;t12.2022.08.18/test:2;t12.2022.08.18/train:41;t12.2022.08.23/test:4;t12.2022.08.23/train:39;t12.2022.08.25/test:2;t12.2022.08.25/train:42,t12.2022.06.21;t12.2022.08.13,D,T,91,128,91,lda,5,10,0,0.5,30,,held_out,all,secondary_datematch
stage2,T3_modality,6v_sup,vocal,K/G,laryngeal,stop,29,0.43212121212121213,0.11274356350191844,-0.3454871386406253,,0.17474655172413794,t12.2022.06.21;t12.2022.06.28;t12.2022.08.11;t12.2022.08.13,t12.2022.06.21/test:18;t12.2022.06.28/test:13;t12.2022.08.11/test:12;t12.2022.08.13/test:15,t12.2022.06.21;t12.2022.06.28;t12.2022.08.11;t12.2022.08.13,G,K,29,128,29,lda,5,10,0,0.5,30,,held_out,all,secondary_datematch
stage2,T3_modality,6v_sup,nonvocal,K/G,laryngeal,stop,29,0.4240909090909091,0.12822953836274856,-0.3851070786195481,,0.26543275862068966,t12.2022.06.23;t12.2022.08.18;t12.2022.08.23;t12.2022.08.25,t12.2022.06.23/train:12;t12.2022.08.18/test:1;t12.2022.08.18/train:15;t12.2022.08.23/test:2;t12.2022.08.23/train:10;t12.2022.08.25/train:18,t12.2022.06.21;t12.2022.08.13,G,K,29,128,29,lda,5,10,0,0.5,30,,held_out,all,secondary_datematch
stage2,T3_modality,6v_sup,vocal,F/V,laryngeal,fricative,48,0.5280526315789473,0.1150329472254294,0.14134643962411186,,0.174146875,t12.2022.06.21;t12.2022.06.28;t12.2022.08.11;t12.2022.08.13,t12.2022.06.21/test:24;t12.2022.06.28/test:23;t12.2022.08.11/test:26;t12.2022.08.13/test:23,t12.2022.06.21;t12.2022.06.28;t12.2022.08.11;t12.2022.08.13,F,V,48,128,48,lda,5,10,0,0.5,30,,held_out,all,secondary_datematch
stage2,T3_modality,6v_sup,nonvocal,F/V,laryngeal,fricative,48,0.6187894736842106,0.1092469945452712,0.6031843170822632,,0.260709375,t12.2022.06.23;t12.2022.08.18;t12.2022.08.23;t12.2022.08.25,t12.2022.06.23/test:2;t12.2022.06.23/train:25;t12.2022.08.18/test:2;t12.2022.08.18/train:30;t12.2022.08.23/test:2;t12.2022.08.23/train:15;t12.2022.08.25/test:1;t12.2022.08.25/train:19,t12.2022.06.21;t12.2022.08.13,F,V,48,128,48,lda,5,10,0,0.5,30,,held_out,all,secondary_datematch
stage2,T3_modality,6v_sup,vocal,S/Z,laryngeal,fricative,39,0.7195833333333332,0.1027444578121424,1.1584646999873405,,0.17772948717948717,t12.2022.06.21;t12.2022.06.28;t12.2022.08.11;t12.2022.08.13,t12.2022.06.21/test:22;t12.2022.06.28/test:22;t12.2022.08.11/test:23;t12.2022.08.13/test:11,t12.2022.06.21;t12.2022.06.28;t12.2022.08.11;t12.2022.08.13,S,Z,39,128,39,lda,5,10,0,0.5,30,,held_out,all,secondary_datematch
stage2,T3_modality,6v_sup,nonvocal,S/Z,laryngeal,fricative,39,0.55475,0.12876822956166029,0.27760417017694583,,0.2638948717948718,t12.2022.06.23;t12.2022.08.18;t12.2022.08.23;t12.2022.08.25,t12.2022.06.23/test:2;t12.2022.06.23/train:23;t12.2022.08.18/test:2;t12.2022.08.18/train:21;t12.2022.08.23/test:1;t12.2022.08.23/train:8;t12.2022.08.25/test:4;t12.2022.08.25/train:17,t12.2022.06.21;t12.2022.08.13,S,Z,39,128,39,lda,5,10,0,0.5,30,,held_out,all,secondary_datematch
stage2,T3_modality,6v_sup,vocal,TH/DH,laryngeal,fricative,15,0.6433333333333333,0.18260461233069786,0.7345722843852485,,0.17180666666666664,t12.2022.06.21;t12.2022.06.28;t12.2022.08.11;t12.2022.08.13,t12.2022.06.21/test:8;t12.2022.06.28/test:6;t12.2022.08.11/test:6;t12.2022.08.13/test:10,t12.2022.06.21;t12.2022.06.28;t12.2022.08.11;t12.2022.08.13,DH,TH,15,128,15,lda,5,10,0,0.5,23,,held_out,all,secondary_datematch
stage2,T3_modality,6v_sup,nonvocal,TH/DH,laryngeal,fricative,15,0.6166666666666666,0.18633899812498245,0.5944653749137477,,0.26918666666666663,t12.2022.06.23;t12.2022.08.18;t12.2022.08.23;t12.2022.08.25,t12.2022.06.23/train:7;t12.2022.08.18/train:6;t12.2022.08.23/train:8;t12.2022.08.25/test:1;t12.2022.08.25/train:8,t12.2022.06.21;t12.2022.08.13,DH,TH,15,128,15,lda,5,10,0,0.5,23,,held_out,all,secondary_datematch
stage2,T3_modality,6v_sup,vocal,P/T,place,stop,45,0.6411111111111112,0.11611509828348213,0.7214434730726114,,0.17417333333333332,t12.2022.06.21;t12.2022.06.28;t12.2022.08.11;t12.2022.08.13,t12.2022.06.21/test:19;t12.2022.06.28/test:25;t12.2022.08.11/test:24;t12.2022.08.13/test:22,t12.2022.06.21;t12.2022.06.28;t12.2022.08.11;t12.2022.08.13,P,T,45,128,45,lda,5,10,0,0.5,30,,held_out,all,secondary_datematch
stage2,T3_modality,6v_sup,nonvocal,P/T,place,stop,45,0.5155555555555555,0.10717471601588885,0.07786082948980622,,0.26826,t12.2022.06.23;t12.2022.08.18;t12.2022.08.23;t12.2022.08.25,t12.2022.06.23/test:3;t12.2022.06.23/train:19;t12.2022.08.18/test:2;t12.2022.08.18/train:13;t12.2022.08.23/test:2;t12.2022.08.23/train:31;t12.2022.08.25/test:1;t12.2022.08.25/train:19,t12.2022.06.21;t12.2022.08.13,P,T,45,128,45,lda,5,10,0,0.5,30,,held_out,all,secondary_datematch
stage2,T3_modality,6v_sup,vocal,T/K,place,stop,86,0.4767226890756302,0.08134458122090654,-0.11654211457817418,,0.17398662790697675,t12.2022.06.21;t12.2022.06.28;t12.2022.08.11;t12.2022.08.13,t12.2022.06.21/test:40;t12.2022.06.28/test:44;t12.2022.08.11/test:45;t12.2022.08.13/test:43,t12.2022.06.21;t12.2022.06.28;t12.2022.08.11;t12.2022.08.13,K,T,86,128,86,lda,5,10,0,0.5,30,,held_out,all,secondary_datematch
stage2,T3_modality,6v_sup,nonvocal,T/K,place,stop,86,0.5711428571428572,0.09098129751450296,0.35741818892280497,,0.2648232558139535,t12.2022.06.23;t12.2022.08.18;t12.2022.08.23;t12.2022.08.25,t12.2022.06.23/test:2;t12.2022.06.23/train:44;t12.2022.08.18/test:3;t12.2022.08.18/train:39;t12.2022.08.23/test:1;t12.2022.08.23/train:45;t12.2022.08.25/test:3;t12.2022.08.25/train:35,t12.2022.06.21;t12.2022.08.13,K,T,86,128,86,lda,5,10,0,0.5,30,,held_out,all,secondary_datematch
stage2,T3_modality,6v_sup,vocal,B/D,place,stop,46,0.6635672514619883,0.09457680873549247,0.846878935443693,,0.1742032608695652,t12.2022.06.21;t12.2022.06.28;t12.2022.08.11;t12.2022.08.13,t12.2022.06.21/test:28;t12.2022.06.28/test:20;t12.2022.08.11/test:19;t12.2022.08.13/test:25,t12.2022.06.21;t12.2022.06.28;t12.2022.08.11;t12.2022.08.13,B,D,46,128,46,lda,5,10,0,0.5,30,,held_out,all,secondary_datematch
stage2,T3_modality,6v_sup,nonvocal,B/D,place,stop,46,0.579766081871345,0.10381564844246768,0.3998302879810589,,0.2630826086956522,t12.2022.06.23;t12.2022.08.18;t12.2022.08.23;t12.2022.08.25,t12.2022.06.23/test:1;t12.2022.06.23/train:23;t12.2022.08.18/test:1;t12.2022.08.18/train:24;t12.2022.08.23/test:1;t12.2022.08.23/train:22;t12.2022.08.25/train:20,t12.2022.06.21;t12.2022.08.13,B,D,46,128,46,lda,5,10,0,0.5,30,,held_out,all,secondary_datematch
stage2,T3_modality,6v_sup,vocal,D/G,place,stop,29,0.5251515151515151,0.13404972831094716,0.1208289683704303,,0.17535862068965516,t12.2022.06.21;t12.2022.06.28;t12.2022.08.11;t12.2022.08.13,t12.2022.06.21/test:16;t12.2022.06.28/test:14;t12.2022.08.11/test:16;t12.2022.08.13/test:12,t12.2022.06.21;t12.2022.06.28;t12.2022.08.11;t12.2022.08.13,D,G,29,128,29,lda,5,10,0,0.5,30,,held_out,all,secondary_datematch
stage2,T3_modality,6v_sup,nonvocal,D/G,place,stop,29,0.6590909090909091,0.1291883257411649,0.8426986780618606,,0.2663948275862069,t12.2022.06.23;t12.2022.08.18;t12.2022.08.23;t12.2022.08.25,t12.2022.06.23/train:16;t12.2022.08.18/train:11;t12.2022.08.23/test:1;t12.2022.08.23/train:13;t12.2022.08.25/test:1;t12.2022.08.25/train:16,t12.2022.06.21;t12.2022.08.13,D,G,29,128,29,lda,5,10,0,0.5,30,,held_out,all,secondary_datematch
stage2,T3_modality,6v_sup,vocal,F/S,place,fricative,48,0.5565789473684211,0.10478741175374962,0.2826616676012033,,0.17451666666666665,t12.2022.06.21;t12.2022.06.28;t12.2022.08.11;t12.2022.08.13,t12.2022.06.21/test:22;t12.2022.06.28/test:24;t12.2022.08.11/test:30;t12.2022.08.13/test:20,t12.2022.06.21;t12.2022.06.28;t12.2022.08.11;t12.2022.08.13,F,S,48,128,48,lda,5,10,0,0.5,30,,held_out,all,secondary_datematch
stage2,T3_modality,6v_sup,nonvocal,F/S,place,fricative,48,0.5852105263157895,0.0921907723373393,0.4315139393804066,,0.2664375,t12.2022.06.23;t12.2022.08.18;t12.2022.08.23;t12.2022.08.25,t12.2022.06.23/test:1;t12.2022.06.23/train:21;t12.2022.08.18/test:3;t12.2022.08.18/train:16;t12.2022.08.23/test:4;t12.2022.08.23/train:28;t12.2022.08.25/test:1;t12.2022.08.25/train:22,t12.2022.06.21;t12.2022.08.13,F,S,48,128,48,lda,5,10,0,0.5,30,,held_out,all,secondary_datematch
stage2,T3_modality,6v_sup,vocal,F/TH,place,fricative,15,0.6866666666666665,0.18749814813900315,0.9685770747414175,,0.17144333333333334,t12.2022.06.21;t12.2022.06.28;t12.2022.08.11;t12.2022.08.13,t12.2022.06.21/test:9;t12.2022.06.28/test:4;t12.2022.08.11/test:8;t12.2022.08.13/test:9,t12.2022.06.21;t12.2022.06.28;t12.2022.08.11;t12.2022.08.13,F,TH,15,128,15,lda,5,10,0,0.5,23,,held_out,all,secondary_datematch
stage2,T3_modality,6v_sup,nonvocal,F/TH,place,fricative,15,0.5933333333333334,0.1638427430325934,0.47916232445463414,,0.2627,t12.2022.06.23;t12.2022.08.18;t12.2022.08.23;t12.2022.08.25,t12.2022.06.23/train:12;t12.2022.08.18/train:5;t12.2022.08.23/train:4;t12.2022.08.25/train:9,t12.2022.06.21;t12.2022.08.13,F,TH,15,128,15,lda,5,10,0,0.5,23,,held_out,all,secondary_datematch
stage2,T3_modality,6v_sup,vocal,V/Z,place,fricative,39,0.7071666666666667,0.134776151863418,1.0921552732325825,,0.1764294871794872,t12.2022.06.21;t12.2022.06.28;t12.2022.08.11;t12.2022.08.13,t12.2022.06.21/test:23;t12.2022.06.28/test:20;t12.2022.08.11/test:20;t12.2022.08.13/test:15,t12.2022.06.21;t12.2022.06.28;t12.2022.08.11;t12.2022.08.13,V,Z,39,128,39,lda,5,10,0,0.5,30,,held_out,all,secondary_datematch
stage2,T3_modality,6v_sup,nonvocal,V/Z,place,fricative,39,0.5961666666666666,0.1194659412180355,0.485752963409641,,0.2679115384615385,t12.2022.06.23;t12.2022.08.18;t12.2022.08.23;t12.2022.08.25,t12.2022.06.23/test:3;t12.2022.06.23/train:16;t12.2022.08.18/test:1;t12.2022.08.18/train:16;t12.2022.08.23/test:1;t12.2022.08.23/train:19;t12.2022.08.25/train:22,t12.2022.06.21;t12.2022.08.13,V,Z,39,128,39,lda,5,10,0,0.5,30,,held_out,all,secondary_datematch
stage2,T3_modality,6v_sup,vocal,M/N,place,nasal,100,0.6275,0.05482928049865328,0.6503498636106209,,0.17613399999999999,t12.2022.06.21;t12.2022.06.28;t12.2022.08.11;t12.2022.08.13,t12.2022.06.21/test:60;t12.2022.06.28/test:52;t12.2022.08.11/test:44;t12.2022.08.13/test:44,t12.2022.06.21;t12.2022.06.28;t12.2022.08.11;t12.2022.08.13,M,N,100,128,100,lda,5,10,0,0.5,30,,held_out,all,secondary_datematch
stage2,T3_modality,6v_sup,nonvocal,M/N,place,nasal,100,0.6505,0.06735911222692888,0.7737133101773586,,0.265679,t12.2022.06.23;t12.2022.08.18;t12.2022.08.23;t12.2022.08.25,t12.2022.06.23/test:5;t12.2022.06.23/train:53;t12.2022.08.18/test:2;t12.2022.08.18/train:42;t12.2022.08.23/train:47;t12.2022.08.25/test:1;t12.2022.08.25/train:50,t12.2022.06.21;t12.2022.08.13,M,N,100,128,100,lda,5,10,0,0.5,30,,held_out,all,secondary_datematch
stage2,T3_modality,6v_inf,vocal,P/B,laryngeal,stop,45,0.6711111111111113,0.09612235001725408,0.8927690517011689,,0.17411333333333331,t12.2022.06.21;t12.2022.06.28;t12.2022.08.11;t12.2022.08.13,t12.2022.06.21/test:25;t12.2022.06.28/test:21;t12.2022.08.11/test:20;t12.2022.08.13/test:24,t12.2022.06.21;t12.2022.06.28;t12.2022.08.11;t12.2022.08.13,B,P,45,128,45,lda,5,10,0,0.5,30,,held_out,all,secondary_datematch
stage2,T3_modality,6v_inf,nonvocal,P/B,laryngeal,stop,45,0.5455555555555555,0.11795060694635,0.22947121114032906,,0.26572111111111113,t12.2022.06.23;t12.2022.08.18;t12.2022.08.23;t12.2022.08.25,t12.2022.06.23/train:24;t12.2022.08.18/test:1;t12.2022.08.18/train:18;t12.2022.08.23/test:1;t12.2022.08.23/train:24;t12.2022.08.25/test:2;t12.2022.08.25/train:20,t12.2022.06.21;t12.2022.08.13,B,P,45,128,45,lda,5,10,0,0.5,30,,held_out,all,secondary_datematch
stage2,T3_modality,6v_inf,vocal,T/D,laryngeal,stop,91,0.5878078078078078,0.0726790258558679,0.4438870881622,,0.17512637362637362,t12.2022.06.21;t12.2022.06.28;t12.2022.08.11;t12.2022.08.13,t12.2022.06.21/test:46;t12.2022.06.28/test:49;t12.2022.08.11/test:45;t12.2022.08.13/test:42,t12.2022.06.21;t12.2022.06.28;t12.2022.08.11;t12.2022.08.13,D,T,91,128,91,lda,5,10,0,0.5,30,,held_out,all,secondary_datematch
stage2,T3_modality,6v_inf,nonvocal,T/D,laryngeal,stop,91,0.5669519519519519,0.07355038704323032,0.33738284404830077,,0.2674021978021978,t12.2022.06.23;t12.2022.08.18;t12.2022.08.23;t12.2022.08.25,t12.2022.06.23/test:5;t12.2022.06.23/train:44;t12.2022.08.18/test:1;t12.2022.08.18/train:32;t12.2022.08.23/test:7;t12.2022.08.23/train:40;t12.2022.08.25/test:4;t12.2022.08.25/train:49,t12.2022.06.21;t12.2022.08.13,D,T,91,128,91,lda,5,10,0,0.5,30,,held_out,all,secondary_datematch
stage2,T3_modality,6v_inf,vocal,K/G,laryngeal,stop,29,0.5187878787878787,0.12560450706353657,0.0952565486929503,,0.17449310344827584,t12.2022.06.21;t12.2022.06.28;t12.2022.08.11;t12.2022.08.13,t12.2022.06.21/test:17;t12.2022.06.28/test:14;t12.2022.08.11/test:11;t12.2022.08.13/test:16,t12.2022.06.21;t12.2022.06.28;t12.2022.08.11;t12.2022.08.13,G,K,29,128,29,lda,5,10,0,0.5,30,,held_out,all,secondary_datematch
stage2,T3_modality,6v_inf,nonvocal,K/G,laryngeal,stop,29,0.411060606060606,0.1448758215614137,-0.45201387809669424,,0.26425344827586206,t12.2022.06.23;t12.2022.08.18;t12.2022.08.23;t12.2022.08.25,t12.2022.06.23/test:3;t12.2022.06.23/train:18;t12.2022.08.18/train:8;t12.2022.08.23/test:2;t12.2022.08.23/train:14;t12.2022.08.25/train:13,t12.2022.06.21;t12.2022.08.13,G,K,29,128,29,lda,5,10,0,0.5,30,,held_out,all,secondary_datematch
stage2,T3_modality,6v_inf,vocal,F/V,laryngeal,fricative,48,0.502,0.09751420096879079,0.01042488301734296,,0.17559479166666667,t12.2022.06.21;t12.2022.06.28;t12.2022.08.11;t12.2022.08.13,t12.2022.06.21/test:27;t12.2022.06.28/test:23;t12.2022.08.11/test:27;t12.2022.08.13/test:19,t12.2022.06.21;t12.2022.06.28;t12.2022.08.11;t12.2022.08.13,F,V,48,128,48,lda,5,10,0,0.5,30,,held_out,all,secondary_datematch
stage2,T3_modality,6v_inf,nonvocal,F/V,laryngeal,fricative,48,0.6697894736842106,0.0845293962865292,0.887826114664749,,0.2608322916666667,t12.2022.06.23;t12.2022.08.18;t12.2022.08.23;t12.2022.08.25,t12.2022.06.23/test:1;t12.2022.06.23/train:30;t12.2022.08.18/test:4;t12.2022.08.18/train:26;t12.2022.08.23/train:14;t12.2022.08.25/test:1;t12.2022.08.25/train:20,t12.2022.06.21;t12.2022.08.13,F,V,48,128,48,lda,5,10,0,0.5,30,,held_out,all,secondary_datematch
stage2,T3_modality,6v_inf,vocal,S/Z,laryngeal,fricative,39,0.47441666666666665,0.1364632887140958,-0.12856961590357893,,0.1774974358974359,t12.2022.06.21;t12.2022.06.28;t12.2022.08.11;t12.2022.08.13,t12.2022.06.21/test:22;t12.2022.06.28/test:22;t12.2022.08.11/test:22;t12.2022.08.13/test:12,t12.2022.06.21;t12.2022.06.28;t12.2022.08.11;t12.2022.08.13,S,Z,39,128,39,lda,5,10,0,0.5,30,,held_out,all,secondary_datematch
stage2,T3_modality,6v_inf,nonvocal,S/Z,laryngeal,fricative,39,0.5836666666666667,0.11454268976140632,0.42076114871906184,,0.2652012820512821,t12.2022.06.23;t12.2022.08.18;t12.2022.08.23;t12.2022.08.25,t12.2022.06.23/test:3;t12.2022.06.23/train:20;t12.2022.08.18/train:19;t12.2022.08.23/test:1;t12.2022.08.23/train:12;t12.2022.08.25/train:23,t12.2022.06.21;t12.2022.08.13,S,Z,39,128,39,lda,5,10,0,0.5,30,,held_out,all,secondary_datematch
stage2,T3_modality,6v_inf,vocal,TH/DH,laryngeal,fricative,15,0.6066666666666667,0.1818424226264781,0.5376107153992508,,0.17021333333333333,t12.2022.06.21;t12.2022.06.28;t12.2022.08.11;t12.2022.08.13,t12.2022.06.21/test:7;t12.2022.06.28/test:5;t12.2022.08.11/test:8;t12.2022.08.13/test:10,t12.2022.06.21;t12.2022.06.28;t12.2022.08.11;t12.2022.08.13,DH,TH,15,128,15,lda,5,10,0,0.5,23,,held_out,all,secondary_datematch
stage2,T3_modality,6v_inf,nonvocal,TH/DH,laryngeal,fricative,15,0.8733333333333333,0.12274635093014646,2.260940412942071,,0.2725733333333334,t12.2022.06.23;t12.2022.08.18;t12.2022.08.23;t12.2022.08.25,t12.2022.06.23/test:1;t12.2022.06.23/train:3;t12.2022.08.18/test:2;t12.2022.08.18/train:8;t12.2022.08.23/train:5;t12.2022.08.25/test:1;t12.2022.08.25/train:10,t12.2022.06.21;t12.2022.08.13,DH,TH,15,128,15,lda,5,10,0,0.5,23,,held_out,all,secondary_datematch
stage2,T3_modality,6v_inf,vocal,P/T,place,stop,45,0.6366666666666667,0.08972523214765518,0.703741747844498,,0.17454111111111112,t12.2022.06.21;t12.2022.06.28;t12.2022.08.11;t12.2022.08.13,t12.2022.06.21/test:19;t12.2022.06.28/test:27;t12.2022.08.11/test:21;t12.2022.08.13/test:23,t12.2022.06.21;t12.2022.06.28;t12.2022.08.11;t12.2022.08.13,P,T,45,128,45,lda,5,10,0,0.5,30,,held_out,all,secondary_datematch
stage2,T3_modality,6v_inf,nonvocal,P/T,place,stop,45,0.5966666666666667,0.09674326467128994,0.4924446576976298,,0.26619333333333334,t12.2022.06.23;t12.2022.08.18;t12.2022.08.23;t12.2022.08.25,t12.2022.06.23/test:4;t12.2022.06.23/train:22;t12.2022.08.18/train:16;t12.2022.08.23/test:1;t12.2022.08.23/train:28;t12.2022.08.25/train:19,t12.2022.06.21;t12.2022.08.13,P,T,45,128,45,lda,5,10,0,0.5,30,,held_out,all,secondary_datematch
stage2,T3_modality,6v_inf,vocal,T/K,place,stop,86,0.6326218487394959,0.0787632476305922,0.6808924818813438,,0.17487558139534884,t12.2022.06.21;t12.2022.06.28;t12.2022.08.11;t12.2022.08.13,t12.2022.06.21/test:38;t12.2022.06.28/test:51;t12.2022.08.11/test:41;t12.2022.08.13/test:42,t12.2022.06.21;t12.2022.06.28;t12.2022.08.11;t12.2022.08.13,K,T,86,128,86,lda,5,10,0,0.5,30,,held_out,all,secondary_datematch
stage2,T3_modality,6v_inf,nonvocal,T/K,place,stop,86,0.6324201680672269,0.06731928314952018,0.6765356740222075,,0.2655063953488372,t12.2022.06.23;t12.2022.08.18;t12.2022.08.23;t12.2022.08.25,t12.2022.06.23/test:2;t12.2022.06.23/train:48;t12.2022.08.18/test:9;t12.2022.08.18/train:26;t12.2022.08.23/test:5;t12.2022.08.23/train:36;t12.2022.08.25/test:2;t12.2022.08.25/train:44,t12.2022.06.21;t12.2022.08.13,K,T,86,128,86,lda,5,10,0,0.5,30,,held_out,all,secondary_datematch
stage2,T3_modality,6v_inf,vocal,B/D,place,stop,46,0.6524561403508771,0.09623927765554256,0.7865926317033152,,0.17331195652173914,t12.2022.06.21;t12.2022.06.28;t12.2022.08.11;t12.2022.08.13,t12.2022.06.21/test:22;t12.2022.06.28/test:22;t12.2022.08.11/test:23;t12.2022.08.13/test:25,t12.2022.06.21;t12.2022.06.28;t12.2022.08.11;t12.2022.08.13,B,D,46,128,46,lda,5,10,0,0.5,30,,held_out,all,secondary_datematch
stage2,T3_modality,6v_inf,nonvocal,B/D,place,stop,46,0.5997076023391813,0.09324551776111395,0.5073717269451715,,0.26290108695652176,t12.2022.06.23;t12.2022.08.18;t12.2022.08.23;t12.2022.08.25,t12.2022.06.23/test:1;t12.2022.06.23/train:28;t12.2022.08.18/train:19;t12.2022.08.23/test:2;t12.2022.08.23/train:20;t12.2022.08.25/train:22,t12.2022.06.21;t12.2022.08.13,B,D,46,128,46,lda,5,10,0,0.5,30,,held_out,all,secondary_datematch
stage2,T3_modality,6v_inf,vocal,D/G,place,stop,29,0.6646969696969697,0.12279094868877677,0.8430480755403218,,0.17763793103448275,t12.2022.06.21;t12.2022.06.28;t12.2022.08.11;t12.2022.08.13,t12.2022.06.21/test:21;t12.2022.06.28/test:12;t12.2022.08.11/test:17;t12.2022.08.13/test:8,t12.2022.06.21;t12.2022.06.28;t12.2022.08.11;t12.2022.08.13,D,G,29,128,29,lda,5,10,0,0.5,30,,held_out,all,secondary_datematch
stage2,T3_modality,6v_inf,nonvocal,D/G,place,stop,29,0.581060606060606,0.12285113465321801,0.4085449756616386,,0.26170689655172413,t12.2022.06.23;t12.2022.08.18;t12.2022.08.23;t12.2022.08.25,t12.2022.06.23/test:1;t12.2022.06.23/train:18;t12.2022.08.18/train:15;t12.2022.08.23/train:11;t12.2022.08.25/train:13,t12.2022.06.21;t12.2022.08.13,D,G,29,128,29,lda,5,10,0,0.5,30,,held_out,all,secondary_datematch
stage2,T3_modality,6v_inf,vocal,F/S,place,fricative,48,0.5239473684210526,0.0880132355949331,0.12002341860034914,,0.176096875,t12.2022.06.21;t12.2022.06.28;t12.2022.08.11;t12.2022.08.13,t12.2022.06.21/test:31;t12.2022.06.28/test:20;t12.2022.08.11/test:28;t12.2022.08.13/test:17,t12.2022.06.21;t12.2022.06.28;t12.2022.08.11;t12.2022.08.13,F,S,48,128,48,lda,5,10,0,0.5,30,,held_out,all,secondary_datematch
stage2,T3_modality,6v_inf,nonvocal,F/S,place,fricative,48,0.5718421052631579,0.0979318690188699,0.3618236896177189,,0.2609927083333333,t12.2022.06.23;t12.2022.08.18;t12.2022.08.23;t12.2022.08.25,t12.2022.06.23/train:33;t12.2022.08.18/test:1;t12.2022.08.18/train:23;t12.2022.08.23/test:2;t12.2022.08.23/train:12;t12.2022.08.25/test:1;t12.2022.08.25/train:24,t12.2022.06.21;t12.2022.08.13,F,S,48,128,48,lda,5,10,0,0.5,30,,held_out,all,secondary_datematch
stage2,T3_modality,6v_inf,vocal,F/TH,place,fricative,15,0.65,0.1950783318453271,0.7677622896405352,,0.16947333333333334,t12.2022.06.21;t12.2022.06.28;t12.2022.08.11;t12.2022.08.13,t12.2022.06.21/test:6;t12.2022.06.28/test:5;t12.2022.08.11/test:9;t12.2022.08.13/test:10,t12.2022.06.21;t12.2022.06.28;t12.2022.08.11;t12.2022.08.13,F,TH,15,128,15,lda,5,10,0,0.5,23,,held_out,all,secondary_datematch
stage2,T3_modality,6v_inf,nonvocal,F/TH,place,fricative,15,0.6133333333333333,0.16812693617224658,0.580832069209251,,0.26577666666666666,t12.2022.06.23;t12.2022.08.18;t12.2022.08.23;t12.2022.08.25,t12.2022.06.23/train:8;t12.2022.08.18/train:6;t12.2022.08.23/test:1;t12.2022.08.23/train:7;t12.2022.08.25/test:1;t12.2022.08.25/train:7,t12.2022.06.21;t12.2022.08.13,F,TH,15,128,15,lda,5,10,0,0.5,23,,held_out,all,secondary_datematch
stage2,T3_modality,6v_inf,vocal,V/Z,place,fricative,39,0.6966666666666668,0.09879482105184799,1.0325447604611093,,0.17686794871794873,t12.2022.06.21;t12.2022.06.28;t12.2022.08.11;t12.2022.08.13,t12.2022.06.21/test:28;t12.2022.06.28/test:17;t12.2022.08.11/test:18;t12.2022.08.13/test:15,t12.2022.06.21;t12.2022.06.28;t12.2022.08.11;t12.2022.08.13,V,Z,39,128,39,lda,5,10,0,0.5,30,,held_out,all,secondary_datematch
stage2,T3_modality,6v_inf,nonvocal,V/Z,place,fricative,39,0.45524999999999993,0.09968286518309508,-0.22486179113746896,,0.260574358974359,t12.2022.06.23;t12.2022.08.18;t12.2022.08.23;t12.2022.08.25,t12.2022.06.23/test:3;t12.2022.06.23/train:22;t12.2022.08.18/test:1;t12.2022.08.18/train:19;t12.2022.08.23/test:3;t12.2022.08.23/train:16;t12.2022.08.25/train:14,t12.2022.06.21;t12.2022.08.13,V,Z,39,128,39,lda,5,10,0,0.5,30,,held_out,all,secondary_datematch
stage2,T3_modality,6v_inf,vocal,M/N,place,nasal,100,0.6795,0.06589575100110781,0.9329826786207054,,0.1757105,t12.2022.06.21;t12.2022.06.28;t12.2022.08.11;t12.2022.08.13,t12.2022.06.21/test:57;t12.2022.06.28/test:52;t12.2022.08.11/test:46;t12.2022.08.13/test:45,t12.2022.06.21;t12.2022.06.28;t12.2022.08.11;t12.2022.08.13,M,N,100,128,100,lda,5,10,0,0.5,30,,held_out,all,secondary_datematch
stage2,T3_modality,6v_inf,nonvocal,M/N,place,nasal,100,0.6875000000000001,0.05573374202401988,0.9786473549212907,,0.2656475,t12.2022.06.23;t12.2022.08.18;t12.2022.08.23;t12.2022.08.25,t12.2022.06.23/test:2;t12.2022.06.23/train:52;t12.2022.08.18/test:1;t12.2022.08.18/train:41;t12.2022.08.23/test:5;t12.2022.08.23/train:52;t12.2022.08.25/test:7;t12.2022.08.25/train:40,t12.2022.06.21;t12.2022.08.13,M,N,100,128,100,lda,5,10,0,0.5,30,,held_out,all,secondary_datematch
stage2,T3_modality,6v,vocal,P/B,laryngeal,stop,259,0.6341504854368932,0.03905383364778539,0.6855713811110655,,0.18888166023166023,t12.2022.04.28;t12.2022.05.05;t12.2022.05.17;t12.2022.05.19;t12.2022.05.24;t12.2022.05.26;t12.2022.06.02;t12.2022.06.07;t12.2022.06.14;t12.2022.06.16;t12.2022.06.21;t12.2022.06.28;t12.2022.07.05;t12.2022.07.14;t12.2022.07.21;t12.2022.07.27;t12.2022.07.29;t12.2022.08.02;t12.2022.08.11;t12.2022.08.13,t12.2022.04.28/test:23;t12.2022.05.05/test:23;t12.2022.05.17/test:17;t12.2022.05.19/test:10;t12.2022.05.24/test:24;t12.2022.05.26/test:25;t12.2022.06.02/test:26;t12.2022.06.07/test:20;t12.2022.06.14/test:26;t12.2022.06.16/test:23;t12.2022.06.21/test:25;t12.2022.06.28/test:18;t12.2022.07.05/test:17;t12.2022.07.14/test:18;t12.2022.07.21/test:21;t12.2022.07.27/test:16;t12.2022.07.29/test:18;t12.2022.07.29/train:105;t12.2022.08.02/test:23;t12.2022.08.11/test:18;t12.2022.08.13/test:22,t12.2022.04.28;t12.2022.05.05;t12.2022.05.17;t12.2022.05.19;t12.2022.05.24;t12.2022.05.26;t12.2022.06.02;t12.2022.06.07;t12.2022.06.14;t12.2022.06.16;t12.2022.06.21;t12.2022.06.28;t12.2022.07.05;t12.2022.07.14;t12.2022.07.21;t12.2022.07.27;t12.2022.08.02;t12.2022.08.11;t12.2022.08.13,B,P,259,256,259,lda,5,10,0,0.5,30,,held_out,all,tertiary_allvocal
stage2,T3_modality,6v,nonvocal,P/B,laryngeal,stop,259,0.6292120985810307,0.05812975884213935,0.6592051850578646,,0.2657772200772201,t12.2022.06.23;t12.2022.08.18;t12.2022.08.23;t12.2022.08.25,t12.2022.06.23/test:9;t12.2022.06.23/train:125;t12.2022.08.18/test:13;t12.2022.08.18/train:112;t12.2022.08.23/test:6;t12.2022.08.23/train:126;t12.2022.08.25/test:8;t12.2022.08.25/train:119,t12.2022.06.21;t12.2022.08.13,B,P,259,256,259,lda,5,10,0,0.5,30,,held_out,all,tertiary_allvocal
stage2,T3_modality,6v,vocal,T/D,laryngeal,stop,300,0.5413333333333333,0.047608355942581705,0.2076790916778391,,0.18475583333333334,t12.2022.04.28;t12.2022.05.05;t12.2022.05.17;t12.2022.05.19;t12.2022.05.24;t12.2022.05.26;t12.2022.06.02;t12.2022.06.07;t12.2022.06.14;t12.2022.06.16;t12.2022.06.21;t12.2022.06.28;t12.2022.07.05;t12.2022.07.14;t12.2022.07.21;t12.2022.07.27;t12.2022.07.29;t12.2022.08.02;t12.2022.08.11;t12.2022.08.13,t12.2022.04.28/test:20;t12.2022.05.05/test:20;t12.2022.05.17/test:13;t12.2022.05.19/test:11;t12.2022.05.24/test:24;t12.2022.05.26/test:32;t12.2022.06.02/test:30;t12.2022.06.07/test:21;t12.2022.06.14/test:24;t12.2022.06.16/test:21;t12.2022.06.21/test:29;t12.2022.06.28/test:28;t12.2022.07.05/test:23;t12.2022.07.14/test:31;t12.2022.07.21/test:17;t12.2022.07.27/test:32;t12.2022.07.29/test:20;t12.2022.07.29/train:126;t12.2022.08.02/test:30;t12.2022.08.11/test:28;t12.2022.08.13/test:20,t12.2022.04.28;t12.2022.05.05;t12.2022.05.17;t12.2022.05.19;t12.2022.05.24;t12.2022.05.26;t12.2022.06.02;t12.2022.06.07;t12.2022.06.14;t12.2022.06.16;t12.2022.06.21;t12.2022.06.28;t12.2022.07.05;t12.2022.07.14;t12.2022.07.21;t12.2022.07.27;t12.2022.08.02;t12.2022.08.11;t12.2022.08.13,D,T,300,256,300,lda,5,10,0,0.5,30,,held_out,all,tertiary_allvocal
stage2,T3_modality,6v,nonvocal,T/D,laryngeal,stop,300,0.5740000000000001,0.04300000000000001,0.3733874750421826,,0.2642791666666667,t12.2022.06.23;t12.2022.08.18;t12.2022.08.23;t12.2022.08.25,t12.2022.06.23/test:8;t12.2022.06.23/train:149;t12.2022.08.18/test:13;t12.2022.08.18/train:130;t12.2022.08.23/test:24;t12.2022.08.23/train:126;t12.2022.08.25/test:8;t12.2022.08.25/train:142,t12.2022.06.21;t12.2022.08.13,D,T,300,256,300,lda,5,10,0,0.5,30,,held_out,all,tertiary_allvocal
stage2,T3_modality,6v,vocal,K/G,laryngeal,stop,167,0.5993532338308458,0.057077001701694836,0.5039451645583701,,0.1828562874251497,t12.2022.04.28;t12.2022.05.05;t12.2022.05.17;t12.2022.05.19;t12.2022.05.24;t12.2022.05.26;t12.2022.06.02;t12.2022.06.07;t12.2022.06.14;t12.2022.06.16;t12.2022.06.21;t12.2022.06.28;t12.2022.07.05;t12.2022.07.14;t12.2022.07.21;t12.2022.07.27;t12.2022.07.29;t12.2022.08.02;t12.2022.08.11;t12.2022.08.13,t12.2022.04.28/test:9;t12.2022.05.05/test:6;t12.2022.05.17/test:10;t12.2022.05.19/test:5;t12.2022.05.24/test:18;t12.2022.05.26/test:14;t12.2022.06.02/test:11;t12.2022.06.07/test:12;t12.2022.06.14/test:15;t12.2022.06.16/test:17;t12.2022.06.21/test:16;t12.2022.06.28/test:15;t12.2022.07.05/test:15;t12.2022.07.14/test:18;t12.2022.07.21/test:20;t12.2022.07.27/test:18;t12.2022.07.29/test:10;t12.2022.07.29/train:71;t12.2022.08.02/test:11;t12.2022.08.11/test:12;t12.2022.08.13/test:11,t12.2022.04.28;t12.2022.05.05;t12.2022.05.17;t12.2022.05.19;t12.2022.05.24;t12.2022.05.26;t12.2022.06.02;t12.2022.06.07;t12.2022.06.14;t12.2022.06.16;t12.2022.06.21;t12.2022.06.28;t12.2022.07.05;t12.2022.07.14;t12.2022.07.21;t12.2022.07.27;t12.2022.08.02;t12.2022.08.11;t12.2022.08.13,G,K,167,256,167,lda,5,10,0,0.5,30,,held_out,all,tertiary_allvocal
stage2,T3_modality,6v,nonvocal,K/G,laryngeal,stop,167,0.6239167797376752,0.05327708114173626,0.6315901851174941,,0.26543892215568865,t12.2022.06.23;t12.2022.08.18;t12.2022.08.23;t12.2022.08.25,t12.2022.06.23/test:3;t12.2022.06.23/train:79;t12.2022.08.18/test:4;t12.2022.08.18/train:74;t12.2022.08.23/test:8;t12.2022.08.23/train:83;t12.2022.08.25/test:5;t12.2022.08.25/train:78,t12.2022.06.21;t12.2022.08.13,G,K,167,256,167,lda,5,10,0,0.5,30,,held_out,all,tertiary_allvocal
stage2,T3_modality,6v,vocal,F/V,laryngeal,fricative,256,0.6158518941557206,0.03745440439114715,0.5899725916726027,,0.186770703125,t12.2022.04.28;t12.2022.05.05;t12.2022.05.17;t12.2022.05.19;t12.2022.05.24;t12.2022.05.26;t12.2022.06.02;t12.2022.06.07;t12.2022.06.14;t12.2022.06.16;t12.2022.06.21;t12.2022.06.28;t12.2022.07.05;t12.2022.07.14;t12.2022.07.21;t12.2022.07.27;t12.2022.07.29;t12.2022.08.02;t12.2022.08.11;t12.2022.08.13,t12.2022.04.28/test:17;t12.2022.05.05/test:18;t12.2022.05.17/test:15;t12.2022.05.19/test:11;t12.2022.05.24/test:33;t12.2022.05.26/test:17;t12.2022.06.02/test:14;t12.2022.06.07/test:23;t12.2022.06.14/test:27;t12.2022.06.16/test:22;t12.2022.06.21/test:27;t12.2022.06.28/test:21;t12.2022.07.05/test:13;t12.2022.07.14/test:20;t12.2022.07.21/test:22;t12.2022.07.27/test:18;t12.2022.07.29/test:15;t12.2022.07.29/train:109;t12.2022.08.02/test:17;t12.2022.08.11/test:28;t12.2022.08.13/test:25,t12.2022.04.28;t12.2022.05.05;t12.2022.05.17;t12.2022.05.19;t12.2022.05.24;t12.2022.05.26;t12.2022.06.02;t12.2022.06.07;t12.2022.06.14;t12.2022.06.16;t12.2022.06.21;t12.2022.06.28;t12.2022.07.05;t12.2022.07.14;t12.2022.07.21;t12.2022.07.27;t12.2022.08.02;t12.2022.08.11;t12.2022.08.13,F,V,256,256,256,lda,5,10,0,0.5,30,,held_out,all,tertiary_allvocal
stage2,T3_modality,6v,nonvocal,F/V,laryngeal,fricative,256,0.6916238339996191,0.036584262675451985,1.0015315847797819,,0.263875390625,t12.2022.06.23;t12.2022.08.18;t12.2022.08.23;t12.2022.08.25,t12.2022.06.23/test:9;t12.2022.06.23/train:118;t12.2022.08.18/test:10;t12.2022.08.18/train:137;t12.2022.08.23/test:13;t12.2022.08.23/train:105;t12.2022.08.25/test:9;t12.2022.08.25/train:111,t12.2022.06.21;t12.2022.08.13,F,V,256,256,256,lda,5,10,0,0.5,30,,held_out,all,tertiary_allvocal
stage2,T3_modality,6v,vocal,S/Z,laryngeal,fricative,300,0.634,0.03390509630653711,0.6847339105443586,,0.18624566666666667,t12.2022.04.28;t12.2022.05.05;t12.2022.05.17;t12.2022.05.19;t12.2022.05.24;t12.2022.05.26;t12.2022.06.02;t12.2022.06.07;t12.2022.06.14;t12.2022.06.16;t12.2022.06.21;t12.2022.06.28;t12.2022.07.05;t12.2022.07.14;t12.2022.07.21;t12.2022.07.27;t12.2022.07.29;t12.2022.08.02;t12.2022.08.11;t12.2022.08.13,t12.2022.04.28/test:21;t12.2022.05.05/test:19;t12.2022.05.17/test:13;t12.2022.05.19/test:12;t12.2022.05.24/test:28;t12.2022.05.26/test:28;t12.2022.06.02/test:26;t12.2022.06.07/test:24;t12.2022.06.14/test:39;t12.2022.06.16/test:23;t12.2022.06.21/test:25;t12.2022.06.28/test:23;t12.2022.07.05/test:19;t12.2022.07.14/test:28;t12.2022.07.21/test:31;t12.2022.07.27/test:23;t12.2022.07.29/test:30;t12.2022.07.29/train:129;t12.2022.08.02/test:20;t12.2022.08.11/test:23;t12.2022.08.13/test:16,t12.2022.04.28;t12.2022.05.05;t12.2022.05.17;t12.2022.05.19;t12.2022.05.24;t12.2022.05.26;t12.2022.06.02;t12.2022.06.07;t12.2022.06.14;t12.2022.06.16;t12.2022.06.21;t12.2022.06.28;t12.2022.07.05;t12.2022.07.14;t12.2022.07.21;t12.2022.07.27;t12.2022.08.02;t12.2022.08.11;t12.2022.08.13,S,Z,300,256,300,lda,5,10,0,0.5,30,,held_out,all,tertiary_allvocal
stage2,T3_modality,6v,nonvocal,S/Z,laryngeal,fricative,300,0.5923333333333334,0.04142731251508144,0.4672624189770578,,0.2655371666666667,t12.2022.06.23;t12.2022.08.18;t12.2022.08.23;t12.2022.08.25,t12.2022.06.23/test:14;t12.2022.06.23/train:156;t12.2022.08.18/test:12;t12.2022.08.18/train:131;t12.2022.08.23/test:9;t12.2022.08.23/train:121;t12.2022.08.25/test:13;t12.2022.08.25/train:144,t12.2022.06.21;t12.2022.08.13,S,Z,300,256,300,lda,5,10,0,0.5,30,,held_out,all,tertiary_allvocal
stage2,T3_modality,6v,vocal,SH/ZH,laryngeal,fricative,41,0.5705882352941177,0.12529592997860764,0.35808290209673227,,0.20622560975609755,t12.2022.04.28;t12.2022.05.05;t12.2022.05.17;t12.2022.05.19;t12.2022.05.24;t12.2022.05.26;t12.2022.06.02;t12.2022.06.07;t12.2022.06.14;t12.2022.06.16;t12.2022.06.21;t12.2022.06.28;t12.2022.07.14;t12.2022.07.21;t12.2022.07.27;t12.2022.07.29;t12.2022.08.02,t12.2022.04.28/test:6;t12.2022.05.05/test:10;t12.2022.05.17/test:5;t12.2022.05.19/test:2;t12.2022.05.24/test:4;t12.2022.05.26/test:6;t12.2022.06.02/test:4;t12.2022.06.07/test:3;t12.2022.06.14/test:6;t12.2022.06.16/test:5;t12.2022.06.21/test:1;t12.2022.06.28/test:5;t12.2022.07.14/test:1;t12.2022.07.21/test:1;t12.2022.07.27/test:1;t12.2022.07.29/test:5;t12.2022.07.29/train:16;t12.2022.08.02/test:1,t12.2022.04.28;t12.2022.05.05;t12.2022.05.17;t12.2022.05.19;t12.2022.05.24;t12.2022.05.26;t12.2022.06.02;t12.2022.06.07;t12.2022.06.14;t12.2022.06.16;t12.2022.06.21;t12.2022.06.28;t12.2022.07.14;t12.2022.07.21;t12.2022.07.27;t12.2022.08.02,SH,ZH,41,256,41,lda,5,10,0,0.5,30,,held_out,all,tertiary_allvocal
stage2,T3_modality,6v,nonvocal,SH/ZH,laryngeal,fricative,41,0.5715441176470588,0.08960701519010818,0.3624246452607739,,0.26002317073170733,t12.2022.06.23;t12.2022.08.18;t12.2022.08.23;t12.2022.08.25,t12.2022.06.23/test:1;t12.2022.06.23/train:32;t12.2022.08.18/test:1;t12.2022.08.18/train:15;t12.2022.08.23/test:1;t12.2022.08.23/train:15;t12.2022.08.25/train:17,t12.2022.06.21;t12.2022.08.13,SH,ZH,41,256,41,lda,5,10,0,0.5,30,,held_out,all,tertiary_allvocal
stage2,T3_modality,6v,vocal,CH/JH,laryngeal,affricate,47,0.6974269005847951,0.09941389748022599,1.0357269294090918,,0.1815276595744681,t12.2022.04.28;t12.2022.05.05;t12.2022.05.17;t12.2022.05.19;t12.2022.05.24;t12.2022.05.26;t12.2022.06.02;t12.2022.06.07;t12.2022.06.14;t12.2022.06.16;t12.2022.06.21;t12.2022.06.28;t12.2022.07.05;t12.2022.07.14;t12.2022.07.21;t12.2022.07.27;t12.2022.07.29;t12.2022.08.02;t12.2022.08.11;t12.2022.08.13,t12.2022.04.28/test:3;t12.2022.05.05/test:2;t12.2022.05.17/test:2;t12.2022.05.19/test:1;t12.2022.05.24/test:6;t12.2022.05.26/test:4;t12.2022.06.02/test:6;t12.2022.06.07/test:4;t12.2022.06.14/test:3;t12.2022.06.16/test:7;t12.2022.06.21/test:4;t12.2022.06.28/test:2;t12.2022.07.05/test:2;t12.2022.07.14/test:7;t12.2022.07.21/test:5;t12.2022.07.27/test:4;t12.2022.07.29/test:1;t12.2022.07.29/train:19;t12.2022.08.02/test:3;t12.2022.08.11/test:5;t12.2022.08.13/test:4,t12.2022.04.28;t12.2022.05.05;t12.2022.05.17;t12.2022.05.19;t12.2022.05.24;t12.2022.05.26;t12.2022.06.02;t12.2022.06.07;t12.2022.06.14;t12.2022.06.16;t12.2022.06.21;t12.2022.06.28;t12.2022.07.05;t12.2022.07.14;t12.2022.07.21;t12.2022.07.27;t12.2022.08.02;t12.2022.08.11;t12.2022.08.13,CH,JH,47,256,47,lda,5,10,0,0.5,30,,held_out,all,tertiary_allvocal
stage2,T3_modality,6v,nonvocal,CH/JH,laryngeal,affricate,47,0.6530409356725145,0.09288238021733392,0.7867780557295809,,0.26046595744680856,t12.2022.06.23;t12.2022.08.18;t12.2022.08.23;t12.2022.08.25,t12.2022.06.23/test:1;t12.2022.06.23/train:28;t12.2022.08.18/test:1;t12.2022.08.18/train:20;t12.2022.08.23/test:4;t12.2022.08.23/train:24;t12.2022.08.25/train:16,t12.2022.06.21;t12.2022.08.13,CH,JH,47,256,47,lda,5,10,0,0.5,30,,held_out,all,tertiary_allvocal
stage2,T3_modality,6v,vocal,TH/DH,laryngeal,fricative,93,0.7020199146514936,0.07061309707254199,1.0734159426972727,,0.18121881720430105,t12.2022.04.28;t12.2022.05.05;t12.2022.05.17;t12.2022.05.19;t12.2022.05.24;t12.2022.05.26;t12.2022.06.02;t12.2022.06.07;t12.2022.06.14;t12.2022.06.16;t12.2022.06.21;t12.2022.06.28;t12.2022.07.05;t12.2022.07.14;t12.2022.07.21;t12.2022.07.27;t12.2022.07.29;t12.2022.08.02;t12.2022.08.11;t12.2022.08.13,t12.2022.04.28/test:5;t12.2022.05.05/test:3;t12.2022.05.17/test:4;t12.2022.05.19/test:2;t12.2022.05.24/test:6;t12.2022.05.26/test:6;t12.2022.06.02/test:11;t12.2022.06.07/test:7;t12.2022.06.14/test:10;t12.2022.06.16/test:8;t12.2022.06.21/test:5;t12.2022.06.28/test:7;t12.2022.07.05/test:13;t12.2022.07.14/test:6;t12.2022.07.21/test:9;t12.2022.07.27/test:5;t12.2022.07.29/test:5;t12.2022.07.29/train:47;t12.2022.08.02/test:10;t12.2022.08.11/test:7;t12.2022.08.13/test:10,t12.2022.04.28;t12.2022.05.05;t12.2022.05.17;t12.2022.05.19;t12.2022.05.24;t12.2022.05.26;t12.2022.06.02;t12.2022.06.07;t12.2022.06.14;t12.2022.06.16;t12.2022.06.21;t12.2022.06.28;t12.2022.07.05;t12.2022.07.14;t12.2022.07.21;t12.2022.07.27;t12.2022.08.02;t12.2022.08.11;t12.2022.08.13,DH,TH,93,256,93,lda,5,10,0,0.5,30,,held_out,all,tertiary_allvocal
stage2,T3_modality,6v,nonvocal,TH/DH,laryngeal,fricative,93,0.8467140825035564,0.059192441887759586,2.071103130639461,,0.26773494623655913,t12.2022.06.23;t12.2022.08.18;t12.2022.08.23;t12.2022.08.25,t12.2022.06.23/test:6;t12.2022.06.23/train:52;t12.2022.08.18/test:3;t12.2022.08.18/train:25;t12.2022.08.23/test:5;t12.2022.08.23/train:44;t12.2022.08.25/test:6;t12.2022.08.25/train:45,t12.2022.06.21;t12.2022.08.13,DH,TH,93,256,93,lda,5,10,0,0.5,30,,held_out,all,tertiary_allvocal
stage2,T3_modality,6v,vocal,P/T,place,stop,300,0.7709999999999999,0.03241398874971525,1.4846704697775066,,0.18514233333333333,t12.2022.04.28;t12.2022.05.05;t12.2022.05.17;t12.2022.05.19;t12.2022.05.24;t12.2022.05.26;t12.2022.06.02;t12.2022.06.07;t12.2022.06.14;t12.2022.06.16;t12.2022.06.21;t12.2022.06.28;t12.2022.07.05;t12.2022.07.14;t12.2022.07.21;t12.2022.07.27;t12.2022.07.29;t12.2022.08.02;t12.2022.08.11;t12.2022.08.13,t12.2022.04.28/test:21;t12.2022.05.05/test:20;t12.2022.05.17/test:10;t12.2022.05.19/test:12;t12.2022.05.24/test:23;t12.2022.05.26/test:38;t12.2022.06.02/test:31;t12.2022.06.07/test:27;t12.2022.06.14/test:25;t12.2022.06.16/test:27;t12.2022.06.21/test:27;t12.2022.06.28/test:31;t12.2022.07.05/test:19;t12.2022.07.14/test:32;t12.2022.07.21/test:20;t12.2022.07.27/test:28;t12.2022.07.29/test:18;t12.2022.07.29/train:114;t12.2022.08.02/test:27;t12.2022.08.11/test:29;t12.2022.08.13/test:21,t12.2022.04.28;t12.2022.05.05;t12.2022.05.17;t12.2022.05.19;t12.2022.05.24;t12.2022.05.26;t12.2022.06.02;t12.2022.06.07;t12.2022.06.14;t12.2022.06.16;t12.2022.06.21;t12.2022.06.28;t12.2022.07.05;t12.2022.07.14;t12.2022.07.21;t12.2022.07.27;t12.2022.08.02;t12.2022.08.11;t12.2022.08.13,P,T,300,256,300,lda,5,10,0,0.5,30,,held_out,all,tertiary_allvocal
stage2,T3_modality,6v,nonvocal,P/T,place,stop,300,0.7683333333333331,0.035862391318916685,1.4675545806292218,,0.26492133333333334,t12.2022.06.23;t12.2022.08.18;t12.2022.08.23;t12.2022.08.25,t12.2022.06.23/test:12;t12.2022.06.23/train:159;t12.2022.08.18/test:14;t12.2022.08.18/train:129;t12.2022.08.23/test:9;t12.2022.08.23/train:130;t12.2022.08.25/test:11;t12.2022.08.25/train:136,t12.2022.06.21;t12.2022.08.13,P,T,300,256,300,lda,5,10,0,0.5,30,,held_out,all,tertiary_allvocal
stage2,T3_modality,6v,vocal,T/K,place,stop,300,0.6589999999999999,0.03017725412735007,0.8193311704750705,,0.181336,t12.2022.04.28;t12.2022.05.05;t12.2022.05.17;t12.2022.05.19;t12.2022.05.24;t12.2022.05.26;t12.2022.06.02;t12.2022.06.07;t12.2022.06.14;t12.2022.06.16;t12.2022.06.21;t12.2022.06.28;t12.2022.07.05;t12.2022.07.14;t12.2022.07.21;t12.2022.07.27;t12.2022.07.29;t12.2022.08.02;t12.2022.08.11;t12.2022.08.13,t12.2022.04.28/test:14;t12.2022.05.05/test:10;t12.2022.05.17/test:10;t12.2022.05.19/test:9;t12.2022.05.24/test:27;t12.2022.05.26/test:28;t12.2022.06.02/test:29;t12.2022.06.07/test:22;t12.2022.06.14/test:28;t12.2022.06.16/test:37;t12.2022.06.21/test:25;t12.2022.06.28/test:29;t12.2022.07.05/test:32;t12.2022.07.14/test:23;t12.2022.07.21/test:27;t12.2022.07.27/test:34;t12.2022.07.29/test:15;t12.2022.07.29/train:136;t12.2022.08.02/test:17;t12.2022.08.11/test:23;t12.2022.08.13/test:25,t12.2022.04.28;t12.2022.05.05;t12.2022.05.17;t12.2022.05.19;t12.2022.05.24;t12.2022.05.26;t12.2022.06.02;t12.2022.06.07;t12.2022.06.14;t12.2022.06.16;t12.2022.06.21;t12.2022.06.28;t12.2022.07.05;t12.2022.07.14;t12.2022.07.21;t12.2022.07.27;t12.2022.08.02;t12.2022.08.11;t12.2022.08.13,K,T,300,256,300,lda,5,10,0,0.5,30,,held_out,all,tertiary_allvocal
stage2,T3_modality,6v,nonvocal,T/K,place,stop,300,0.6463333333333332,0.04123644558451231,0.7520984063716637,,0.2651208333333333,t12.2022.06.23;t12.2022.08.18;t12.2022.08.23;t12.2022.08.25,t12.2022.06.23/test:15;t12.2022.06.23/train:155;t12.2022.08.18/test:8;t12.2022.08.18/train:134;t12.2022.08.23/test:10;t12.2022.08.23/train:126;t12.2022.08.25/test:10;t12.2022.08.25/train:142,t12.2022.06.21;t12.2022.08.13,K,T,300,256,300,lda,5,10,0,0.5,30,,held_out,all,tertiary_allvocal
stage2,T3_modality,6v,vocal,B/D,place,stop,259,0.7434335324869304,0.03982582027862049,1.3124669747426236,,0.18761814671814672,t12.2022.04.28;t12.2022.05.05;t12.2022.05.17;t12.2022.05.19;t12.2022.05.24;t12.2022.05.26;t12.2022.06.02;t12.2022.06.07;t12.2022.06.14;t12.2022.06.16;t12.2022.06.21;t12.2022.06.28;t12.2022.07.05;t12.2022.07.14;t12.2022.07.21;t12.2022.07.27;t12.2022.07.29;t12.2022.08.02;t12.2022.08.11;t12.2022.08.13,t12.2022.04.28/test:23;t12.2022.05.05/test:16;t12.2022.05.17/test:19;t12.2022.05.19/test:9;t12.2022.05.24/test:25;t12.2022.05.26/test:17;t12.2022.06.02/test:29;t12.2022.06.07/test:16;t12.2022.06.14/test:21;t12.2022.06.16/test:26;t12.2022.06.21/test:23;t12.2022.06.28/test:20;t12.2022.07.05/test:20;t12.2022.07.14/test:19;t12.2022.07.21/test:20;t12.2022.07.27/test:19;t12.2022.07.29/test:20;t12.2022.07.29/train:106;t12.2022.08.02/test:23;t12.2022.08.11/test:23;t12.2022.08.13/test:24,t12.2022.04.28;t12.2022.05.05;t12.2022.05.17;t12.2022.05.19;t12.2022.05.24;t12.2022.05.26;t12.2022.06.02;t12.2022.06.07;t12.2022.06.14;t12.2022.06.16;t12.2022.06.21;t12.2022.06.28;t12.2022.07.05;t12.2022.07.14;t12.2022.07.21;t12.2022.07.27;t12.2022.08.02;t12.2022.08.11;t12.2022.08.13,B,D,259,256,259,lda,5,10,0,0.5,30,,held_out,all,tertiary_allvocal
stage2,T3_modality,6v,nonvocal,B/D,place,stop,259,0.7779630321135174,0.03599072343988879,1.5320994472293532,,0.2647206563706564,t12.2022.06.23;t12.2022.08.18;t12.2022.08.23;t12.2022.08.25,t12.2022.06.23/test:8;t12.2022.06.23/train:122;t12.2022.08.18/test:10;t12.2022.08.18/train:121;t12.2022.08.23/test:14;t12.2022.08.23/train:115;t12.2022.08.25/test:6;t12.2022.08.25/train:122,t12.2022.06.21;t12.2022.08.13,B,D,259,256,259,lda,5,10,0,0.5,30,,held_out,all,tertiary_allvocal
stage2,T3_modality,6v,vocal,D/G,place,stop,167,0.6597557666214382,0.0607032601821938,0.8237515509605741,,0.1862616766467066,t12.2022.04.28;t12.2022.05.05;t12.2022.05.17;t12.2022.05.19;t12.2022.05.24;t12.2022.05.26;t12.2022.06.02;t12.2022.06.07;t12.2022.06.14;t12.2022.06.16;t12.2022.06.21;t12.2022.06.28;t12.2022.07.05;t12.2022.07.14;t12.2022.07.21;t12.2022.07.27;t12.2022.07.29;t12.2022.08.02;t12.2022.08.11;t12.2022.08.13,t12.2022.04.28/test:12;t12.2022.05.05/test:11;t12.2022.05.17/test:10;t12.2022.05.19/test:6;t12.2022.05.24/test:14;t12.2022.05.26/test:13;t12.2022.06.02/test:17;t12.2022.06.07/test:13;t12.2022.06.14/test:19;t12.2022.06.16/test:13;t12.2022.06.21/test:14;t12.2022.06.28/test:17;t12.2022.07.05/test:13;t12.2022.07.14/test:21;t12.2022.07.21/test:20;t12.2022.07.27/test:11;t12.2022.07.29/test:13;t12.2022.07.29/train:63;t12.2022.08.02/test:14;t12.2022.08.11/test:9;t12.2022.08.13/test:11,t12.2022.04.28;t12.2022.05.05;t12.2022.05.17;t12.2022.05.19;t12.2022.05.24;t12.2022.05.26;t12.2022.06.02;t12.2022.06.07;t12.2022.06.14;t12.2022.06.16;t12.2022.06.21;t12.2022.06.28;t12.2022.07.05;t12.2022.07.14;t12.2022.07.21;t12.2022.07.27;t12.2022.08.02;t12.2022.08.11;t12.2022.08.13,D,G,167,256,167,lda,5,10,0,0.5,30,,held_out,all,tertiary_allvocal
stage2,T3_modality,6v,nonvocal,D/G,place,stop,167,0.6619945725915874,0.052948797637948006,0.835664547984762,,0.26369071856287424,t12.2022.06.23;t12.2022.08.18;t12.2022.08.23;t12.2022.08.25,t12.2022.06.23/test:4;t12.2022.06.23/train:77;t12.2022.08.18/test:3;t12.2022.08.18/train:87;t12.2022.08.23/test:9;t12.2022.08.23/train:80;t12.2022.08.25/test:4;t12.2022.08.25/train:70,t12.2022.06.21;t12.2022.08.13,D,G,167,256,167,lda,5,10,0,0.5,30,,held_out,all,tertiary_allvocal
stage2,T3_modality,6v,vocal,F/S,place,fricative,256,0.6078431372549019,0.042016053783356155,0.5470263618914191,,0.1893685546875,t12.2022.04.28;t12.2022.05.05;t12.2022.05.17;t12.2022.05.19;t12.2022.05.24;t12.2022.05.26;t12.2022.06.02;t12.2022.06.07;t12.2022.06.14;t12.2022.06.16;t12.2022.06.21;t12.2022.06.28;t12.2022.07.05;t12.2022.07.14;t12.2022.07.21;t12.2022.07.27;t12.2022.07.29;t12.2022.08.02;t12.2022.08.11;t12.2022.08.13,t12.2022.04.28/test:18;t12.2022.05.05/test:18;t12.2022.05.17/test:19;t12.2022.05.19/test:15;t12.2022.05.24/test:23;t12.2022.05.26/test:15;t12.2022.06.02/test:19;t12.2022.06.07/test:22;t12.2022.06.14/test:25;t12.2022.06.16/test:17;t12.2022.06.21/test:22;t12.2022.06.28/test:18;t12.2022.07.05/test:12;t12.2022.07.14/test:23;t12.2022.07.21/test:19;t12.2022.07.27/test:21;t12.2022.07.29/test:19;t12.2022.07.29/train:122;t12.2022.08.02/test:22;t12.2022.08.11/test:28;t12.2022.08.13/test:15,t12.2022.04.28;t12.2022.05.05;t12.2022.05.17;t12.2022.05.19;t12.2022.05.24;t12.2022.05.26;t12.2022.06.02;t12.2022.06.07;t12.2022.06.14;t12.2022.06.16;t12.2022.06.21;t12.2022.06.28;t12.2022.07.05;t12.2022.07.14;t12.2022.07.21;t12.2022.07.27;t12.2022.08.02;t12.2022.08.11;t12.2022.08.13,F,S,256,256,256,lda,5,10,0,0.5,30,,held_out,all,tertiary_allvocal
stage2,T3_modality,6v,nonvocal,F/S,place,fricative,256,0.6350790024747763,0.044386883402004244,0.6911601864717114,,0.263840234375,t12.2022.06.23;t12.2022.08.18;t12.2022.08.23;t12.2022.08.25,t12.2022.06.23/test:10;t12.2022.06.23/train:135;t12.2022.08.18/test:15;t12.2022.08.18/train:114;t12.2022.08.23/test:10;t12.2022.08.23/train:113;t12.2022.08.25/test:7;t12.2022.08.25/train:108,t12.2022.06.21;t12.2022.08.13,F,S,256,256,256,lda,5,10,0,0.5,30,,held_out,all,tertiary_allvocal
stage2,T3_modality,6v,vocal,F/TH,place,fricative,93,0.7075675675675676,0.06753062702104415,1.0946686502727268,,0.18618494623655915,t12.2022.04.28;t12.2022.05.05;t12.2022.05.17;t12.2022.05.19;t12.2022.05.24;t12.2022.05.26;t12.2022.06.02;t12.2022.06.07;t12.2022.06.14;t12.2022.06.16;t12.2022.06.21;t12.2022.06.28;t12.2022.07.05;t12.2022.07.14;t12.2022.07.21;t12.2022.07.27;t12.2022.07.29;t12.2022.08.02;t12.2022.08.11;t12.2022.08.13,t12.2022.04.28/test:7;t12.2022.05.05/test:4;t12.2022.05.17/test:9;t12.2022.05.19/test:3;t12.2022.05.24/test:6;t12.2022.05.26/test:4;t12.2022.06.02/test:10;t12.2022.06.07/test:7;t12.2022.06.14/test:4;t12.2022.06.16/test:8;t12.2022.06.21/test:9;t12.2022.06.28/test:3;t12.2022.07.05/test:10;t12.2022.07.14/test:9;t12.2022.07.21/test:9;t12.2022.07.27/test:5;t12.2022.07.29/test:4;t12.2022.07.29/train:46;t12.2022.08.02/test:8;t12.2022.08.11/test:12;t12.2022.08.13/test:9,t12.2022.04.28;t12.2022.05.05;t12.2022.05.17;t12.2022.05.19;t12.2022.05.24;t12.2022.05.26;t12.2022.06.02;t12.2022.06.07;t12.2022.06.14;t12.2022.06.16;t12.2022.06.21;t12.2022.06.28;t12.2022.07.05;t12.2022.07.14;t12.2022.07.21;t12.2022.07.27;t12.2022.08.02;t12.2022.08.11;t12.2022.08.13,F,TH,93,256,93,lda,5,10,0,0.5,30,,held_out,all,tertiary_allvocal
stage2,T3_modality,6v,nonvocal,F/TH,place,fricative,93,0.7176671408250354,0.06467523002242238,1.1509222659319547,,0.26345483870967745,t12.2022.06.23;t12.2022.08.18;t12.2022.08.23;t12.2022.08.25,t12.2022.06.23/train:53;t12.2022.08.18/test:6;t12.2022.08.18/train:41;t12.2022.08.23/test:2;t12.2022.08.23/train:42;t12.2022.08.25/test:3;t12.2022.08.25/train:39,t12.2022.06.21;t12.2022.08.13,F,TH,93,256,93,lda,5,10,0,0.5,30,,held_out,all,tertiary_allvocal
stage2,T3_modality,6v,vocal,S/SH,place,fricative,57,0.7173122529644267,0.08255095661696388,1.1491141306220343,,0.19041842105263157,t12.2022.04.28;t12.2022.05.05;t12.2022.05.17;t12.2022.05.19;t12.2022.05.24;t12.2022.05.26;t12.2022.06.02;t12.2022.06.07;t12.2022.06.14;t12.2022.06.16;t12.2022.06.21;t12.2022.06.28;t12.2022.07.05;t12.2022.07.14;t12.2022.07.21;t12.2022.07.27;t12.2022.07.29;t12.2022.08.02;t12.2022.08.11;t12.2022.08.13,t12.2022.04.28/test:3;t12.2022.05.05/test:9;t12.2022.05.17/test:7;t12.2022.05.19/test:2;t12.2022.05.24/test:5;t12.2022.05.26/test:9;t12.2022.06.02/test:6;t12.2022.06.07/test:5;t12.2022.06.14/test:8;t12.2022.06.16/test:3;t12.2022.06.21/test:3;t12.2022.06.28/test:4;t12.2022.07.05/test:2;t12.2022.07.14/test:1;t12.2022.07.21/test:4;t12.2022.07.27/test:3;t12.2022.07.29/test:4;t12.2022.07.29/train:24;t12.2022.08.02/test:3;t12.2022.08.11/test:8;t12.2022.08.13/test:1,t12.2022.04.28;t12.2022.05.05;t12.2022.05.17;t12.2022.05.19;t12.2022.05.24;t12.2022.05.26;t12.2022.06.02;t12.2022.06.07;t12.2022.06.14;t12.2022.06.16;t12.2022.06.21;t12.2022.06.28;t12.2022.07.05;t12.2022.07.14;t12.2022.07.21;t12.2022.07.27;t12.2022.08.02;t12.2022.08.11;t12.2022.08.13,S,SH,57,256,57,lda,5,10,0,0.5,30,,held_out,all,tertiary_allvocal
stage2,T3_modality,6v,nonvocal,S/SH,place,fricative,57,0.6543083003952569,0.10532973158942274,0.7932335836132163,,0.2655482456140351,t12.2022.06.23;t12.2022.08.18;t12.2022.08.23;t12.2022.08.25,t12.2022.06.23/test:4;t12.2022.06.23/train:28;t12.2022.08.18/test:2;t12.2022.08.18/train:24;t12.2022.08.23/test:1;t12.2022.08.23/train:29;t12.2022.08.25/test:1;t12.2022.08.25/train:25,t12.2022.06.21;t12.2022.08.13,S,SH,57,256,57,lda,5,10,0,0.5,30,,held_out,all,tertiary_allvocal
stage2,T3_modality,6v,vocal,V/Z,place,fricative,300,0.7175,0.039060138817526534,1.1514432759179747,,0.18433266666666667,t12.2022.04.28;t12.2022.05.05;t12.2022.05.17;t12.2022.05.19;t12.2022.05.24;t12.2022.05.26;t12.2022.06.02;t12.2022.06.07;t12.2022.06.14;t12.2022.06.16;t12.2022.06.21;t12.2022.06.28;t12.2022.07.05;t12.2022.07.14;t12.2022.07.21;t12.2022.07.27;t12.2022.07.29;t12.2022.08.02;t12.2022.08.11;t12.2022.08.13,t12.2022.04.28/test:15;t12.2022.05.05/test:20;t12.2022.05.17/test:15;t12.2022.05.19/test:10;t12.2022.05.24/test:35;t12.2022.05.26/test:34;t12.2022.06.02/test:24;t12.2022.06.07/test:29;t12.2022.06.14/test:32;t12.2022.06.16/test:29;t12.2022.06.21/test:28;t12.2022.06.28/test:25;t12.2022.07.05/test:21;t12.2022.07.14/test:25;t12.2022.07.21/test:29;t12.2022.07.27/test:23;t12.2022.07.29/test:28;t12.2022.07.29/train:117;t12.2022.08.02/test:16;t12.2022.08.11/test:25;t12.2022.08.13/test:20,t12.2022.04.28;t12.2022.05.05;t12.2022.05.17;t12.2022.05.19;t12.2022.05.24;t12.2022.05.26;t12.2022.06.02;t12.2022.06.07;t12.2022.06.14;t12.2022.06.16;t12.2022.06.21;t12.2022.06.28;t12.2022.07.05;t12.2022.07.14;t12.2022.07.21;t12.2022.07.27;t12.2022.08.02;t12.2022.08.11;t12.2022.08.13,V,Z,300,256,300,lda,5,10,0,0.5,30,,held_out,all,tertiary_allvocal
stage2,T3_modality,6v,nonvocal,V/Z,place,fricative,300,0.6735000000000001,0.03281640849737622,0.8991458618543389,,0.26391033333333336,t12.2022.06.23;t12.2022.08.18;t12.2022.08.23;t12.2022.08.25,t12.2022.06.23/test:9;t12.2022.06.23/train:151;t12.2022.08.18/test:17;t12.2022.08.18/train:133;t12.2022.08.23/test:14;t12.2022.08.23/train:144;t12.2022.08.25/test:6;t12.2022.08.25/train:126,t12.2022.06.21;t12.2022.08.13,V,Z,300,256,300,lda,5,10,0,0.5,30,,held_out,all,tertiary_allvocal
stage2,T3_modality,6v,vocal,M/N,place,nasal,300,0.6725,0.040008679613859344,0.8943460904805263,,0.18803833333333334,t12.2022.04.28;t12.2022.05.05;t12.2022.05.17;t12.2022.05.19;t12.2022.05.24;t12.2022.05.26;t12.2022.06.02;t12.2022.06.07;t12.2022.06.14;t12.2022.06.16;t12.2022.06.21;t12.2022.06.28;t12.2022.07.05;t12.2022.07.14;t12.2022.07.21;t12.2022.07.27;t12.2022.07.29;t12.2022.08.02;t12.2022.08.11;t12.2022.08.13,t12.2022.04.28/test:21;t12.2022.05.05/test:18;t12.2022.05.17/test:19;t12.2022.05.19/test:15;t12.2022.05.24/test:26;t12.2022.05.26/test:25;t12.2022.06.02/test:25;t12.2022.06.07/test:32;t12.2022.06.14/test:22;t12.2022.06.16/test:23;t12.2022.06.21/test:29;t12.2022.06.28/test:30;t12.2022.07.05/test:18;t12.2022.07.14/test:22;t12.2022.07.21/test:33;t12.2022.07.27/test:28;t12.2022.07.29/test:27;t12.2022.07.29/train:123;t12.2022.08.02/test:16;t12.2022.08.11/test:26;t12.2022.08.13/test:22,t12.2022.04.28;t12.2022.05.05;t12.2022.05.17;t12.2022.05.19;t12.2022.05.24;t12.2022.05.26;t12.2022.06.02;t12.2022.06.07;t12.2022.06.14;t12.2022.06.16;t12.2022.06.21;t12.2022.06.28;t12.2022.07.05;t12.2022.07.14;t12.2022.07.21;t12.2022.07.27;t12.2022.08.02;t12.2022.08.11;t12.2022.08.13,M,N,300,256,300,lda,5,10,0,0.5,30,,held_out,all,tertiary_allvocal
stage2,T3_modality,6v,nonvocal,M/N,place,nasal,300,0.7183333333333334,0.03018461712712472,1.156888503679892,,0.264686,t12.2022.06.23;t12.2022.08.18;t12.2022.08.23;t12.2022.08.25,t12.2022.06.23/test:12;t12.2022.06.23/train:169;t12.2022.08.18/test:12;t12.2022.08.18/train:122;t12.2022.08.23/test:9;t12.2022.08.23/train:130;t12.2022.08.25/test:11;t12.2022.08.25/train:135,t12.2022.06.21;t12.2022.08.13,M,N,300,256,300,lda,5,10,0,0.5,30,,held_out,all,tertiary_allvocal
stage2,T3_modality,6v_sup,vocal,P/B,laryngeal,stop,259,0.5918764002987303,0.03747040642836709,0.4654196033998988,,0.18852606177606177,t12.2022.04.28;t12.2022.05.05;t12.2022.05.17;t12.2022.05.19;t12.2022.05.24;t12.2022.05.26;t12.2022.06.02;t12.2022.06.07;t12.2022.06.14;t12.2022.06.16;t12.2022.06.21;t12.2022.06.28;t12.2022.07.05;t12.2022.07.14;t12.2022.07.21;t12.2022.07.27;t12.2022.07.29;t12.2022.08.02;t12.2022.08.11;t12.2022.08.13,t12.2022.04.28/test:21;t12.2022.05.05/test:24;t12.2022.05.17/test:18;t12.2022.05.19/test:9;t12.2022.05.24/test:24;t12.2022.05.26/test:24;t12.2022.06.02/test:25;t12.2022.06.07/test:19;t12.2022.06.14/test:27;t12.2022.06.16/test:24;t12.2022.06.21/test:25;t12.2022.06.28/test:20;t12.2022.07.05/test:14;t12.2022.07.14/test:18;t12.2022.07.21/test:18;t12.2022.07.27/test:16;t12.2022.07.29/test:16;t12.2022.07.29/train:111;t12.2022.08.02/test:24;t12.2022.08.11/test:18;t12.2022.08.13/test:23,t12.2022.04.28;t12.2022.05.05;t12.2022.05.17;t12.2022.05.19;t12.2022.05.24;t12.2022.05.26;t12.2022.06.02;t12.2022.06.07;t12.2022.06.14;t12.2022.06.16;t12.2022.06.21;t12.2022.06.28;t12.2022.07.05;t12.2022.07.14;t12.2022.07.21;t12.2022.07.27;t12.2022.08.02;t12.2022.08.11;t12.2022.08.13,B,P,259,128,259,lda,5,10,0,0.5,30,,held_out,all,tertiary_allvocal
stage2,T3_modality,6v_sup,nonvocal,P/B,laryngeal,stop,259,0.5903379387602689,0.037010018773110456,0.4566986763173295,,0.2655480694980695,t12.2022.06.23;t12.2022.08.18;t12.2022.08.23;t12.2022.08.25,t12.2022.06.23/test:11;t12.2022.06.23/train:128;t12.2022.08.18/test:11;t12.2022.08.18/train:112;t12.2022.08.23/test:8;t12.2022.08.23/train:119;t12.2022.08.25/test:8;t12.2022.08.25/train:121,t12.2022.06.21;t12.2022.08.13,B,P,259,128,259,lda,5,10,0,0.5,30,,held_out,all,tertiary_allvocal
stage2,T3_modality,6v_sup,vocal,T/D,laryngeal,stop,300,0.5413333333333334,0.0410947414857154,0.20804756724515341,,0.18293333333333334,t12.2022.04.28;t12.2022.05.05;t12.2022.05.17;t12.2022.05.19;t12.2022.05.24;t12.2022.05.26;t12.2022.06.02;t12.2022.06.07;t12.2022.06.14;t12.2022.06.16;t12.2022.06.21;t12.2022.06.28;t12.2022.07.05;t12.2022.07.14;t12.2022.07.21;t12.2022.07.27;t12.2022.07.29;t12.2022.08.02;t12.2022.08.11;t12.2022.08.13,t12.2022.04.28/test:16;t12.2022.05.05/test:14;t12.2022.05.17/test:15;t12.2022.05.19/test:11;t12.2022.05.24/test:26;t12.2022.05.26/test:25;t12.2022.06.02/test:34;t12.2022.06.07/test:24;t12.2022.06.14/test:31;t12.2022.06.16/test:24;t12.2022.06.21/test:25;t12.2022.06.28/test:25;t12.2022.07.05/test:26;t12.2022.07.14/test:35;t12.2022.07.21/test:26;t12.2022.07.27/test:27;t12.2022.07.29/test:22;t12.2022.07.29/train:122;t12.2022.08.02/test:23;t12.2022.08.11/test:24;t12.2022.08.13/test:25,t12.2022.04.28;t12.2022.05.05;t12.2022.05.17;t12.2022.05.19;t12.2022.05.24;t12.2022.05.26;t12.2022.06.02;t12.2022.06.07;t12.2022.06.14;t12.2022.06.16;t12.2022.06.21;t12.2022.06.28;t12.2022.07.05;t12.2022.07.14;t12.2022.07.21;t12.2022.07.27;t12.2022.08.02;t12.2022.08.11;t12.2022.08.13,D,T,300,128,300,lda,5,10,0,0.5,30,,held_out,all,tertiary_allvocal
stage2,T3_modality,6v_sup,nonvocal,T/D,laryngeal,stop,300,0.5178333333333334,0.04203206447992348,0.08941055804151549,,0.2648823333333334,t12.2022.06.23;t12.2022.08.18;t12.2022.08.23;t12.2022.08.25,t12.2022.06.23/test:15;t12.2022.06.23/train:153;t12.2022.08.18/test:10;t12.2022.08.18/train:123;t12.2022.08.23/test:16;t12.2022.08.23/train:137;t12.2022.08.25/test:6;t12.2022.08.25/train:140,t12.2022.06.21;t12.2022.08.13,D,T,300,128,300,lda,5,10,0,0.5,30,,held_out,all,tertiary_allvocal
stage2,T3_modality,6v_sup,vocal,K/G,laryngeal,stop,167,0.5286748077792853,0.05932992592521102,0.14413349796913388,,0.1859188622754491,t12.2022.04.28;t12.2022.05.05;t12.2022.05.17;t12.2022.05.19;t12.2022.05.24;t12.2022.05.26;t12.2022.06.02;t12.2022.06.07;t12.2022.06.14;t12.2022.06.16;t12.2022.06.21;t12.2022.06.28;t12.2022.07.05;t12.2022.07.14;t12.2022.07.21;t12.2022.07.27;t12.2022.07.29;t12.2022.08.02;t12.2022.08.11;t12.2022.08.13,t12.2022.04.28/test:12;t12.2022.05.05/test:9;t12.2022.05.17/test:9;t12.2022.05.19/test:6;t12.2022.05.24/test:14;t12.2022.05.26/test:15;t12.2022.06.02/test:10;t12.2022.06.07/test:14;t12.2022.06.14/test:18;t12.2022.06.16/test:18;t12.2022.06.21/test:13;t12.2022.06.28/test:17;t12.2022.07.05/test:11;t12.2022.07.14/test:19;t12.2022.07.21/test:19;t12.2022.07.27/test:18;t12.2022.07.29/test:8;t12.2022.07.29/train:70;t12.2022.08.02/test:12;t12.2022.08.11/test:12;t12.2022.08.13/test:10,t12.2022.04.28;t12.2022.05.05;t12.2022.05.17;t12.2022.05.19;t12.2022.05.24;t12.2022.05.26;t12.2022.06.02;t12.2022.06.07;t12.2022.06.14;t12.2022.06.16;t12.2022.06.21;t12.2022.06.28;t12.2022.07.05;t12.2022.07.14;t12.2022.07.21;t12.2022.07.27;t12.2022.08.02;t12.2022.08.11;t12.2022.08.13,G,K,167,128,167,lda,5,10,0,0.5,30,,held_out,all,tertiary_allvocal
stage2,T3_modality,6v_sup,nonvocal,K/G,laryngeal,stop,167,0.55797829036635,0.05891688159827779,0.29253515410817105,,0.26454610778443116,t12.2022.06.23;t12.2022.08.18;t12.2022.08.23;t12.2022.08.25,t12.2022.06.23/test:4;t12.2022.06.23/train:77;t12.2022.08.18/test:5;t12.2022.08.18/train:86;t12.2022.08.23/test:4;t12.2022.08.23/train:79;t12.2022.08.25/test:3;t12.2022.08.25/train:76,t12.2022.06.21;t12.2022.08.13,G,K,167,128,167,lda,5,10,0,0.5,30,,held_out,all,tertiary_allvocal
stage2,T3_modality,6v_sup,vocal,F/V,laryngeal,fricative,256,0.5742509042451932,0.04812544142622764,0.37470657243719674,,0.188127734375,t12.2022.04.28;t12.2022.05.05;t12.2022.05.17;t12.2022.05.19;t12.2022.05.24;t12.2022.05.26;t12.2022.06.02;t12.2022.06.07;t12.2022.06.14;t12.2022.06.16;t12.2022.06.21;t12.2022.06.28;t12.2022.07.05;t12.2022.07.14;t12.2022.07.21;t12.2022.07.27;t12.2022.07.29;t12.2022.08.02;t12.2022.08.11;t12.2022.08.13,t12.2022.04.28/test:15;t12.2022.05.05/test:20;t12.2022.05.17/test:17;t12.2022.05.19/test:12;t12.2022.05.24/test:31;t12.2022.05.26/test:17;t12.2022.06.02/test:15;t12.2022.06.07/test:25;t12.2022.06.14/test:24;t12.2022.06.16/test:25;t12.2022.06.21/test:30;t12.2022.06.28/test:20;t12.2022.07.05/test:16;t12.2022.07.14/test:20;t12.2022.07.21/test:20;t12.2022.07.27/test:14;t12.2022.07.29/test:21;t12.2022.07.29/train:105;t12.2022.08.02/test:17;t12.2022.08.11/test:27;t12.2022.08.13/test:21,t12.2022.04.28;t12.2022.05.05;t12.2022.05.17;t12.2022.05.19;t12.2022.05.24;t12.2022.05.26;t12.2022.06.02;t12.2022.06.07;t12.2022.06.14;t12.2022.06.16;t12.2022.06.21;t12.2022.06.28;t12.2022.07.05;t12.2022.07.14;t12.2022.07.21;t12.2022.07.27;t12.2022.08.02;t12.2022.08.11;t12.2022.08.13,F,V,256,128,256,lda,5,10,0,0.5,30,,held_out,all,tertiary_allvocal
stage2,T3_modality,6v_sup,nonvocal,F/V,laryngeal,fricative,256,0.5973005901389682,0.05275559571560129,0.4925962601703263,,0.26315937500000003,t12.2022.06.23;t12.2022.08.18;t12.2022.08.23;t12.2022.08.25,t12.2022.06.23/test:10;t12.2022.06.23/train:138;t12.2022.08.18/test:8;t12.2022.08.18/train:126;t12.2022.08.23/test:9;t12.2022.08.23/train:110;t12.2022.08.25/test:9;t12.2022.08.25/train:102,t12.2022.06.21;t12.2022.08.13,F,V,256,128,256,lda,5,10,0,0.5,30,,held_out,all,tertiary_allvocal
stage2,T3_modality,6v_sup,vocal,S/Z,laryngeal,fricative,300,0.6116666666666667,0.0428498671072748,0.5679101413661751,,0.18943000000000002,t12.2022.04.28;t12.2022.05.05;t12.2022.05.17;t12.2022.05.19;t12.2022.05.24;t12.2022.05.26;t12.2022.06.02;t12.2022.06.07;t12.2022.06.14;t12.2022.06.16;t12.2022.06.21;t12.2022.06.28;t12.2022.07.05;t12.2022.07.14;t12.2022.07.21;t12.2022.07.27;t12.2022.07.29;t12.2022.08.02;t12.2022.08.11;t12.2022.08.13,t12.2022.04.28/test:23;t12.2022.05.05/test:26;t12.2022.05.17/test:17;t12.2022.05.19/test:16;t12.2022.05.24/test:24;t12.2022.05.26/test:30;t12.2022.06.02/test:22;t12.2022.06.07/test:25;t12.2022.06.14/test:37;t12.2022.06.16/test:20;t12.2022.06.21/test:28;t12.2022.06.28/test:19;t12.2022.07.05/test:19;t12.2022.07.14/test:21;t12.2022.07.21/test:27;t12.2022.07.27/test:31;t12.2022.07.29/test:30;t12.2022.07.29/train:129;t12.2022.08.02/test:19;t12.2022.08.11/test:23;t12.2022.08.13/test:14,t12.2022.04.28;t12.2022.05.05;t12.2022.05.17;t12.2022.05.19;t12.2022.05.24;t12.2022.05.26;t12.2022.06.02;t12.2022.06.07;t12.2022.06.14;t12.2022.06.16;t12.2022.06.21;t12.2022.06.28;t12.2022.07.05;t12.2022.07.14;t12.2022.07.21;t12.2022.07.27;t12.2022.08.02;t12.2022.08.11;t12.2022.08.13,S,Z,300,128,300,lda,5,10,0,0.5,30,,held_out,all,tertiary_allvocal
stage2,T3_modality,6v_sup,nonvocal,S/Z,laryngeal,fricative,300,0.5586666666666668,0.037526287082819985,0.29511052024699513,,0.26387683333333334,t12.2022.06.23;t12.2022.08.18;t12.2022.08.23;t12.2022.08.25,t12.2022.06.23/test:14;t12.2022.06.23/train:158;t12.2022.08.18/test:12;t12.2022.08.18/train:138;t12.2022.08.23/test:11;t12.2022.08.23/train:125;t12.2022.08.25/test:5;t12.2022.08.25/train:137,t12.2022.06.21;t12.2022.08.13,S,Z,300,128,300,lda,5,10,0,0.5,30,,held_out,all,tertiary_allvocal
stage2,T3_modality,6v_sup,vocal,SH/ZH,laryngeal,fricative,41,0.5325735294117647,0.10041008583489135,0.16570096451107869,,0.19755243902439026,t12.2022.04.28;t12.2022.05.05;t12.2022.05.17;t12.2022.05.19;t12.2022.05.24;t12.2022.05.26;t12.2022.06.02;t12.2022.06.07;t12.2022.06.14;t12.2022.06.16;t12.2022.06.21;t12.2022.06.28;t12.2022.07.14;t12.2022.07.29;t12.2022.08.02,t12.2022.04.28/test:3;t12.2022.05.05/test:11;t12.2022.05.17/test:2;t12.2022.05.19/test:1;t12.2022.05.24/test:5;t12.2022.05.26/test:7;t12.2022.06.02/test:4;t12.2022.06.07/test:5;t12.2022.06.14/test:7;t12.2022.06.16/test:5;t12.2022.06.21/test:3;t12.2022.06.28/test:4;t12.2022.07.14/test:2;t12.2022.07.29/test:3;t12.2022.07.29/train:19;t12.2022.08.02/test:1,t12.2022.04.28;t12.2022.05.05;t12.2022.05.17;t12.2022.05.19;t12.2022.05.24;t12.2022.05.26;t12.2022.06.02;t12.2022.06.07;t12.2022.06.14;t12.2022.06.16;t12.2022.06.21;t12.2022.06.28;t12.2022.07.14;t12.2022.07.27;t12.2022.08.02,SH,ZH,41,128,41,lda,5,10,0,0.5,30,,held_out,all,tertiary_allvocal
stage2,T3_modality,6v_sup,nonvocal,SH/ZH,laryngeal,fricative,41,0.559485294117647,0.11008237026856135,0.295620469112212,,0.2578073170731707,t12.2022.06.23;t12.2022.08.18;t12.2022.08.23;t12.2022.08.25,t12.2022.06.23/test:1;t12.2022.06.23/train:33;t12.2022.08.18/test:2;t12.2022.08.18/train:19;t12.2022.08.23/test:1;t12.2022.08.23/train:9;t12.2022.08.25/train:17,t12.2022.06.21;t12.2022.08.13,SH,ZH,41,128,41,lda,5,10,0,0.5,30,,held_out,all,tertiary_allvocal
stage2,T3_modality,6v_sup,vocal,CH/JH,laryngeal,affricate,47,0.6794152046783626,0.10119791375839222,0.9332612555980224,,0.18331808510638298,t12.2022.04.28;t12.2022.05.05;t12.2022.05.17;t12.2022.05.19;t12.2022.05.24;t12.2022.05.26;t12.2022.06.02;t12.2022.06.07;t12.2022.06.14;t12.2022.06.16;t12.2022.06.21;t12.2022.06.28;t12.2022.07.05;t12.2022.07.14;t12.2022.07.21;t12.2022.07.27;t12.2022.07.29;t12.2022.08.02;t12.2022.08.11;t12.2022.08.13,t12.2022.04.28/test:3;t12.2022.05.05/test:3;t12.2022.05.17/test:2;t12.2022.05.19/test:1;t12.2022.05.24/test:5;t12.2022.05.26/test:6;t12.2022.06.02/test:4;t12.2022.06.07/test:3;t12.2022.06.14/test:3;t12.2022.06.16/test:8;t12.2022.06.21/test:4;t12.2022.06.28/test:3;t12.2022.07.05/test:2;t12.2022.07.14/test:7;t12.2022.07.21/test:7;t12.2022.07.27/test:3;t12.2022.07.29/test:2;t12.2022.07.29/train:17;t12.2022.08.02/test:3;t12.2022.08.11/test:4;t12.2022.08.13/test:4,t12.2022.04.28;t12.2022.05.05;t12.2022.05.17;t12.2022.05.19;t12.2022.05.24;t12.2022.05.26;t12.2022.06.02;t12.2022.06.07;t12.2022.06.14;t12.2022.06.16;t12.2022.06.21;t12.2022.06.28;t12.2022.07.05;t12.2022.07.14;t12.2022.07.21;t12.2022.07.27;t12.2022.08.02;t12.2022.08.11;t12.2022.08.13,CH,JH,47,128,47,lda,5,10,0,0.5,30,,held_out,all,tertiary_allvocal
stage2,T3_modality,6v_sup,nonvocal,CH/JH,laryngeal,affricate,47,0.6094152046783626,0.10334855608573011,0.5570007418771081,,0.26477021276595747,t12.2022.06.23;t12.2022.08.18;t12.2022.08.23;t12.2022.08.25,t12.2022.06.23/test:3;t12.2022.06.23/train:20;t12.2022.08.18/test:2;t12.2022.08.18/train:21;t12.2022.08.23/test:4;t12.2022.08.23/train:23;t12.2022.08.25/test:1;t12.2022.08.25/train:20,t12.2022.06.21;t12.2022.08.13,CH,JH,47,128,47,lda,5,10,0,0.5,30,,held_out,all,tertiary_allvocal
stage2,T3_modality,6v_sup,vocal,TH/DH,laryngeal,fricative,93,0.7208534850640114,0.05575762029846368,1.1723026281928712,,0.18323602150537632,t12.2022.04.28;t12.2022.05.05;t12.2022.05.17;t12.2022.05.19;t12.2022.05.24;t12.2022.05.26;t12.2022.06.02;t12.2022.06.07;t12.2022.06.14;t12.2022.06.16;t12.2022.06.21;t12.2022.06.28;t12.2022.07.05;t12.2022.07.14;t12.2022.07.21;t12.2022.07.27;t12.2022.07.29;t12.2022.08.02;t12.2022.08.11;t12.2022.08.13,t12.2022.04.28/test:8;t12.2022.05.05/test:3;t12.2022.05.17/test:2;t12.2022.05.19/test:2;t12.2022.05.24/test:8;t12.2022.05.26/test:2;t12.2022.06.02/test:10;t12.2022.06.07/test:3;t12.2022.06.14/test:8;t12.2022.06.16/test:8;t12.2022.06.21/test:9;t12.2022.06.28/test:5;t12.2022.07.05/test:10;t12.2022.07.14/test:7;t12.2022.07.21/test:10;t12.2022.07.27/test:7;t12.2022.07.29/test:3;t12.2022.07.29/train:54;t12.2022.08.02/test:11;t12.2022.08.11/test:7;t12.2022.08.13/test:9,t12.2022.04.28;t12.2022.05.05;t12.2022.05.17;t12.2022.05.19;t12.2022.05.24;t12.2022.05.26;t12.2022.06.02;t12.2022.06.07;t12.2022.06.14;t12.2022.06.16;t12.2022.06.21;t12.2022.06.28;t12.2022.07.05;t12.2022.07.14;t12.2022.07.21;t12.2022.07.27;t12.2022.08.02;t12.2022.08.11;t12.2022.08.13,DH,TH,93,128,93,lda,5,10,0,0.5,30,,held_out,all,tertiary_allvocal
stage2,T3_modality,6v_sup,nonvocal,TH/DH,laryngeal,fricative,93,0.7472972972972972,0.056692414785710354,1.3445642065799022,,0.2669258064516129,t12.2022.06.23;t12.2022.08.18;t12.2022.08.23;t12.2022.08.25,t12.2022.06.23/test:4;t12.2022.06.23/train:51;t12.2022.08.18/test:2;t12.2022.08.18/train:31;t12.2022.08.23/test:2;t12.2022.08.23/train:44;t12.2022.08.25/test:2;t12.2022.08.25/train:50,t12.2022.06.21;t12.2022.08.13,DH,TH,93,128,93,lda,5,10,0,0.5,30,,held_out,all,tertiary_allvocal
stage2,T3_modality,6v_sup,vocal,P/T,place,stop,300,0.7245,0.036454309301736425,1.1933066995011088,,0.18532966666666667,t12.2022.04.28;t12.2022.05.05;t12.2022.05.17;t12.2022.05.19;t12.2022.05.24;t12.2022.05.26;t12.2022.06.02;t12.2022.06.07;t12.2022.06.14;t12.2022.06.16;t12.2022.06.21;t12.2022.06.28;t12.2022.07.05;t12.2022.07.14;t12.2022.07.21;t12.2022.07.27;t12.2022.07.29;t12.2022.08.02;t12.2022.08.11;t12.2022.08.13,t12.2022.04.28/test:16;t12.2022.05.05/test:24;t12.2022.05.17/test:9;t12.2022.05.19/test:14;t12.2022.05.24/test:28;t12.2022.05.26/test:31;t12.2022.06.02/test:34;t12.2022.06.07/test:23;t12.2022.06.14/test:21;t12.2022.06.16/test:26;t12.2022.06.21/test:28;t12.2022.06.28/test:29;t12.2022.07.05/test:17;t12.2022.07.14/test:29;t12.2022.07.21/test:23;t12.2022.07.27/test:27;t12.2022.07.29/test:25;t12.2022.07.29/train:127;t12.2022.08.02/test:25;t12.2022.08.11/test:19;t12.2022.08.13/test:25,t12.2022.04.28;t12.2022.05.05;t12.2022.05.17;t12.2022.05.19;t12.2022.05.24;t12.2022.05.26;t12.2022.06.02;t12.2022.06.07;t12.2022.06.14;t12.2022.06.16;t12.2022.06.21;t12.2022.06.28;t12.2022.07.05;t12.2022.07.14;t12.2022.07.21;t12.2022.07.27;t12.2022.08.02;t12.2022.08.11;t12.2022.08.13,P,T,300,128,300,lda,5,10,0,0.5,30,,held_out,all,tertiary_allvocal
stage2,T3_modality,6v_sup,nonvocal,P/T,place,stop,300,0.6921666666666667,0.03856488039654732,1.0059481938420145,,0.26467383333333333,t12.2022.06.23;t12.2022.08.18;t12.2022.08.23;t12.2022.08.25,t12.2022.06.23/test:9;t12.2022.06.23/train:156;t12.2022.08.18/test:16;t12.2022.08.18/train:121;t12.2022.08.23/test:12;t12.2022.08.23/train:150;t12.2022.08.25/test:8;t12.2022.08.25/train:128,t12.2022.06.21;t12.2022.08.13,P,T,300,128,300,lda,5,10,0,0.5,30,,held_out,all,tertiary_allvocal
stage2,T3_modality,6v_sup,vocal,T/K,place,stop,300,0.5624999999999999,0.04021642837337885,0.3145541569594691,,0.18325,t12.2022.04.28;t12.2022.05.05;t12.2022.05.17;t12.2022.05.19;t12.2022.05.24;t12.2022.05.26;t12.2022.06.02;t12.2022.06.07;t12.2022.06.14;t12.2022.06.16;t12.2022.06.21;t12.2022.06.28;t12.2022.07.05;t12.2022.07.14;t12.2022.07.21;t12.2022.07.27;t12.2022.07.29;t12.2022.08.02;t12.2022.08.11;t12.2022.08.13,t12.2022.04.28/test:17;t12.2022.05.05/test:16;t12.2022.05.17/test:8;t12.2022.05.19/test:11;t12.2022.05.24/test:33;t12.2022.05.26/test:27;t12.2022.06.02/test:29;t12.2022.06.07/test:28;t12.2022.06.14/test:33;t12.2022.06.16/test:32;t12.2022.06.21/test:26;t12.2022.06.28/test:23;t12.2022.07.05/test:24;t12.2022.07.14/test:22;t12.2022.07.21/test:24;t12.2022.07.27/test:34;t12.2022.07.29/test:22;t12.2022.07.29/train:121;t12.2022.08.02/test:20;t12.2022.08.11/test:25;t12.2022.08.13/test:25,t12.2022.04.28;t12.2022.05.05;t12.2022.05.17;t12.2022.05.19;t12.2022.05.24;t12.2022.05.26;t12.2022.06.02;t12.2022.06.07;t12.2022.06.14;t12.2022.06.16;t12.2022.06.21;t12.2022.06.28;t12.2022.07.05;t12.2022.07.14;t12.2022.07.21;t12.2022.07.27;t12.2022.08.02;t12.2022.08.11;t12.2022.08.13,K,T,300,128,300,lda,5,10,0,0.5,30,,held_out,all,tertiary_allvocal
stage2,T3_modality,6v_sup,nonvocal,T/K,place,stop,300,0.5571666666666667,0.033499999999999995,0.28759752709634906,,0.265024,t12.2022.06.23;t12.2022.08.18;t12.2022.08.23;t12.2022.08.25,t12.2022.06.23/test:5;t12.2022.06.23/train:154;t12.2022.08.18/test:10;t12.2022.08.18/train:133;t12.2022.08.23/test:12;t12.2022.08.23/train:139;t12.2022.08.25/test:14;t12.2022.08.25/train:133,t12.2022.06.21;t12.2022.08.13,K,T,300,128,300,lda,5,10,0,0.5,30,,held_out,all,tertiary_allvocal
stage2,T3_modality,6v_sup,vocal,B/D,place,stop,259,0.687042569081404,0.049162217467338676,0.9746922350082388,,0.18773880308880309,t12.2022.04.28;t12.2022.05.05;t12.2022.05.17;t12.2022.05.19;t12.2022.05.24;t12.2022.05.26;t12.2022.06.02;t12.2022.06.07;t12.2022.06.14;t12.2022.06.16;t12.2022.06.21;t12.2022.06.28;t12.2022.07.05;t12.2022.07.14;t12.2022.07.21;t12.2022.07.27;t12.2022.07.29;t12.2022.08.02;t12.2022.08.11;t12.2022.08.13,t12.2022.04.28/test:25;t12.2022.05.05/test:15;t12.2022.05.17/test:20;t12.2022.05.19/test:8;t12.2022.05.24/test:25;t12.2022.05.26/test:14;t12.2022.06.02/test:24;t12.2022.06.07/test:18;t12.2022.06.14/test:28;t12.2022.06.16/test:22;t12.2022.06.21/test:25;t12.2022.06.28/test:21;t12.2022.07.05/test:23;t12.2022.07.14/test:19;t12.2022.07.21/test:21;t12.2022.07.27/test:18;t12.2022.07.29/test:15;t12.2022.07.29/train:110;t12.2022.08.02/test:20;t12.2022.08.11/test:20;t12.2022.08.13/test:27,t12.2022.04.28;t12.2022.05.05;t12.2022.05.17;t12.2022.05.19;t12.2022.05.24;t12.2022.05.26;t12.2022.06.02;t12.2022.06.07;t12.2022.06.14;t12.2022.06.16;t12.2022.06.21;t12.2022.06.28;t12.2022.07.05;t12.2022.07.14;t12.2022.07.21;t12.2022.07.27;t12.2022.08.02;t12.2022.08.11;t12.2022.08.13,B,D,259,128,259,lda,5,10,0,0.5,30,,held_out,all,tertiary_allvocal
stage2,T3_modality,6v_sup,nonvocal,B/D,place,stop,259,0.7077445855115759,0.03388406982804787,1.0947451731358235,,0.2639978764478765,t12.2022.06.23;t12.2022.08.18;t12.2022.08.23;t12.2022.08.25,t12.2022.06.23/test:6;t12.2022.06.23/train:122;t12.2022.08.18/test:3;t12.2022.08.18/train:128;t12.2022.08.23/test:20;t12.2022.08.23/train:110;t12.2022.08.25/test:6;t12.2022.08.25/train:123,t12.2022.06.21;t12.2022.08.13,B,D,259,128,259,lda,5,10,0,0.5,30,,held_out,all,tertiary_allvocal
stage2,T3_modality,6v_sup,vocal,D/G,place,stop,167,0.6125554047942107,0.05978065896765572,0.5725774938024863,,0.1852751497005988,t12.2022.04.28;t12.2022.05.05;t12.2022.05.17;t12.2022.05.19;t12.2022.05.24;t12.2022.05.26;t12.2022.06.02;t12.2022.06.07;t12.2022.06.14;t12.2022.06.16;t12.2022.06.21;t12.2022.06.28;t12.2022.07.05;t12.2022.07.14;t12.2022.07.21;t12.2022.07.27;t12.2022.07.29;t12.2022.08.02;t12.2022.08.11;t12.2022.08.13,t12.2022.04.28/test:12;t12.2022.05.05/test:6;t12.2022.05.17/test:15;t12.2022.05.19/test:6;t12.2022.05.24/test:13;t12.2022.05.26/test:16;t12.2022.06.02/test:16;t12.2022.06.07/test:15;t12.2022.06.14/test:13;t12.2022.06.16/test:15;t12.2022.06.21/test:14;t12.2022.06.28/test:18;t12.2022.07.05/test:16;t12.2022.07.14/test:19;t12.2022.07.21/test:18;t12.2022.07.27/test:13;t12.2022.07.29/test:8;t12.2022.07.29/train:60;t12.2022.08.02/test:15;t12.2022.08.11/test:16;t12.2022.08.13/test:10,t12.2022.04.28;t12.2022.05.05;t12.2022.05.17;t12.2022.05.19;t12.2022.05.24;t12.2022.05.26;t12.2022.06.02;t12.2022.06.07;t12.2022.06.14;t12.2022.06.16;t12.2022.06.21;t12.2022.06.28;t12.2022.07.05;t12.2022.07.14;t12.2022.07.21;t12.2022.07.27;t12.2022.08.02;t12.2022.08.11;t12.2022.08.13,D,G,167,128,167,lda,5,10,0,0.5,30,,held_out,all,tertiary_allvocal
stage2,T3_modality,6v_sup,nonvocal,D/G,place,stop,167,0.5401809136137493,0.05152730973071438,0.20146073349827998,,0.2667101796407185,t12.2022.06.23;t12.2022.08.18;t12.2022.08.23;t12.2022.08.25,t12.2022.06.23/test:3;t12.2022.06.23/train:63;t12.2022.08.18/test:5;t12.2022.08.18/train:80;t12.2022.08.23/test:10;t12.2022.08.23/train:86;t12.2022.08.25/test:6;t12.2022.08.25/train:81,t12.2022.06.21;t12.2022.08.13,D,G,167,128,167,lda,5,10,0,0.5,30,,held_out,all,tertiary_allvocal
stage2,T3_modality,6v_sup,vocal,F/S,place,fricative,256,0.5670036169807728,0.04291517070525694,0.3373105626971891,,0.1892076171875,t12.2022.04.28;t12.2022.05.05;t12.2022.05.17;t12.2022.05.19;t12.2022.05.24;t12.2022.05.26;t12.2022.06.02;t12.2022.06.07;t12.2022.06.14;t12.2022.06.16;t12.2022.06.21;t12.2022.06.28;t12.2022.07.05;t12.2022.07.14;t12.2022.07.21;t12.2022.07.27;t12.2022.07.29;t12.2022.08.02;t12.2022.08.11;t12.2022.08.13,t12.2022.04.28/test:16;t12.2022.05.05/test:22;t12.2022.05.17/test:17;t12.2022.05.19/test:13;t12.2022.05.24/test:21;t12.2022.05.26/test:17;t12.2022.06.02/test:20;t12.2022.06.07/test:23;t12.2022.06.14/test:25;t12.2022.06.16/test:21;t12.2022.06.21/test:25;t12.2022.06.28/test:22;t12.2022.07.05/test:15;t12.2022.07.14/test:18;t12.2022.07.21/test:23;t12.2022.07.27/test:16;t12.2022.07.29/test:20;t12.2022.07.29/train:110;t12.2022.08.02/test:20;t12.2022.08.11/test:33;t12.2022.08.13/test:15,t12.2022.04.28;t12.2022.05.05;t12.2022.05.17;t12.2022.05.19;t12.2022.05.24;t12.2022.05.26;t12.2022.06.02;t12.2022.06.07;t12.2022.06.14;t12.2022.06.16;t12.2022.06.21;t12.2022.06.28;t12.2022.07.05;t12.2022.07.14;t12.2022.07.21;t12.2022.07.27;t12.2022.08.02;t12.2022.08.11;t12.2022.08.13,F,S,256,128,256,lda,5,10,0,0.5,30,,held_out,all,tertiary_allvocal
stage2,T3_modality,6v_sup,nonvocal,F/S,place,fricative,256,0.5846087949743004,0.044537838644030506,0.4273309841988633,,0.26320234375,t12.2022.06.23;t12.2022.08.18;t12.2022.08.23;t12.2022.08.25,t12.2022.06.23/test:10;t12.2022.06.23/train:135;t12.2022.08.18/test:10;t12.2022.08.18/train:133;t12.2022.08.23/test:9;t12.2022.08.23/train:92;t12.2022.08.25/test:7;t12.2022.08.25/train:116,t12.2022.06.21;t12.2022.08.13,F,S,256,128,256,lda,5,10,0,0.5,30,,held_out,all,tertiary_allvocal
stage2,T3_modality,6v_sup,vocal,F/TH,place,fricative,93,0.6714935988620199,0.05860815640402075,0.8883294886427902,,0.18746505376344086,t12.2022.04.28;t12.2022.05.05;t12.2022.05.17;t12.2022.05.19;t12.2022.05.24;t12.2022.05.26;t12.2022.06.02;t12.2022.06.07;t12.2022.06.14;t12.2022.06.16;t12.2022.06.21;t12.2022.06.28;t12.2022.07.05;t12.2022.07.14;t12.2022.07.21;t12.2022.07.27;t12.2022.07.29;t12.2022.08.02;t12.2022.08.11;t12.2022.08.13,t12.2022.04.28/test:7;t12.2022.05.05/test:3;t12.2022.05.17/test:6;t12.2022.05.19/test:6;t12.2022.05.24/test:7;t12.2022.05.26/test:2;t12.2022.06.02/test:11;t12.2022.06.07/test:7;t12.2022.06.14/test:4;t12.2022.06.16/test:6;t12.2022.06.21/test:11;t12.2022.06.28/test:4;t12.2022.07.05/test:8;t12.2022.07.14/test:7;t12.2022.07.21/test:8;t12.2022.07.27/test:5;t12.2022.07.29/test:5;t12.2022.07.29/train:49;t12.2022.08.02/test:10;t12.2022.08.11/test:9;t12.2022.08.13/test:11,t12.2022.04.28;t12.2022.05.05;t12.2022.05.17;t12.2022.05.19;t12.2022.05.24;t12.2022.05.26;t12.2022.06.02;t12.2022.06.07;t12.2022.06.14;t12.2022.06.16;t12.2022.06.21;t12.2022.06.28;t12.2022.07.05;t12.2022.07.14;t12.2022.07.21;t12.2022.07.27;t12.2022.08.02;t12.2022.08.11;t12.2022.08.13,F,TH,93,128,93,lda,5,10,0,0.5,30,,held_out,all,tertiary_allvocal
stage2,T3_modality,6v_sup,nonvocal,F/TH,place,fricative,93,0.6661735419630156,0.07121754271552799,0.8610114012832806,,0.2599983870967742,t12.2022.06.23;t12.2022.08.18;t12.2022.08.23;t12.2022.08.25,t12.2022.06.23/test:1;t12.2022.06.23/train:60;t12.2022.08.18/test:3;t12.2022.08.18/train:51;t12.2022.08.23/test:3;t12.2022.08.23/train:35;t12.2022.08.25/test:6;t12.2022.08.25/train:27,t12.2022.06.21;t12.2022.08.13,F,TH,93,128,93,lda,5,10,0,0.5,30,,held_out,all,tertiary_allvocal
stage2,T3_modality,6v_sup,vocal,S/SH,place,fricative,57,0.5623320158102767,0.07742518042368056,0.3189355759923521,,0.1938780701754386,t12.2022.04.28;t12.2022.05.05;t12.2022.05.17;t12.2022.05.19;t12.2022.05.24;t12.2022.05.26;t12.2022.06.02;t12.2022.06.07;t12.2022.06.14;t12.2022.06.16;t12.2022.06.21;t12.2022.06.28;t12.2022.07.05;t12.2022.07.14;t12.2022.07.21;t12.2022.07.27;t12.2022.07.29;t12.2022.08.02;t12.2022.08.11,t12.2022.04.28/test:3;t12.2022.05.05/test:12;t12.2022.05.17/test:5;t12.2022.05.19/test:3;t12.2022.05.24/test:4;t12.2022.05.26/test:10;t12.2022.06.02/test:9;t12.2022.06.07/test:5;t12.2022.06.14/test:6;t12.2022.06.16/test:3;t12.2022.06.21/test:7;t12.2022.06.28/test:5;t12.2022.07.05/test:2;t12.2022.07.14/test:4;t12.2022.07.21/test:3;t12.2022.07.27/test:3;t12.2022.07.29/test:6;t12.2022.07.29/train:18;t12.2022.08.02/test:4;t12.2022.08.11/test:2,t12.2022.04.28;t12.2022.05.05;t12.2022.05.17;t12.2022.05.19;t12.2022.05.24;t12.2022.05.26;t12.2022.06.02;t12.2022.06.07;t12.2022.06.14;t12.2022.06.16;t12.2022.06.21;t12.2022.06.28;t12.2022.07.05;t12.2022.07.14;t12.2022.07.21;t12.2022.07.27;t12.2022.08.02;t12.2022.08.11,S,SH,57,128,57,lda,5,10,0,0.5,30,,held_out,all,tertiary_allvocal
stage2,T3_modality,6v_sup,nonvocal,S/SH,place,fricative,57,0.5824110671936759,0.10150506225838436,0.4169821976011241,,0.2616780701754386,t12.2022.06.23;t12.2022.08.18;t12.2022.08.23;t12.2022.08.25,t12.2022.06.23/test:2;t12.2022.06.23/train:36;t12.2022.08.18/test:1;t12.2022.08.18/train:25;t12.2022.08.23/test:3;t12.2022.08.23/train:24;t12.2022.08.25/test:2;t12.2022.08.25/train:21,t12.2022.06.21;t12.2022.08.13,S,SH,57,128,57,lda,5,10,0,0.5,30,,held_out,all,tertiary_allvocal
stage2,T3_modality,6v_sup,vocal,V/Z,place,fricative,300,0.6779999999999999,0.04683778152066746,0.9240555730200424,,0.18427933333333332,t12.2022.04.28;t12.2022.05.05;t12.2022.05.17;t12.2022.05.19;t12.2022.05.24;t12.2022.05.26;t12.2022.06.02;t12.2022.06.07;t12.2022.06.14;t12.2022.06.16;t12.2022.06.21;t12.2022.06.28;t12.2022.07.05;t12.2022.07.14;t12.2022.07.21;t12.2022.07.27;t12.2022.07.29;t12.2022.08.02;t12.2022.08.11;t12.2022.08.13,t12.2022.04.28/test:14;t12.2022.05.05/test:20;t12.2022.05.17/test:15;t12.2022.05.19/test:11;t12.2022.05.24/test:36;t12.2022.05.26/test:31;t12.2022.06.02/test:27;t12.2022.06.07/test:29;t12.2022.06.14/test:33;t12.2022.06.16/test:25;t12.2022.06.21/test:27;t12.2022.06.28/test:22;t12.2022.07.05/test:17;t12.2022.07.14/test:24;t12.2022.07.21/test:27;t12.2022.07.27/test:24;t12.2022.07.29/test:32;t12.2022.07.29/train:123;t12.2022.08.02/test:17;t12.2022.08.11/test:24;t12.2022.08.13/test:22,t12.2022.04.28;t12.2022.05.05;t12.2022.05.17;t12.2022.05.19;t12.2022.05.24;t12.2022.05.26;t12.2022.06.02;t12.2022.06.07;t12.2022.06.14;t12.2022.06.16;t12.2022.06.21;t12.2022.06.28;t12.2022.07.05;t12.2022.07.14;t12.2022.07.21;t12.2022.07.27;t12.2022.08.02;t12.2022.08.11;t12.2022.08.13,V,Z,300,128,300,lda,5,10,0,0.5,30,,held_out,all,tertiary_allvocal
stage2,T3_modality,6v_sup,nonvocal,V/Z,place,fricative,300,0.6541666666666667,0.04372419874114968,0.7933181521664142,,0.26356433333333334,t12.2022.06.23;t12.2022.08.18;t12.2022.08.23;t12.2022.08.25,t12.2022.06.23/test:10;t12.2022.06.23/train:150;t12.2022.08.18/test:13;t12.2022.08.18/train:150;t12.2022.08.23/test:11;t12.2022.08.23/train:131;t12.2022.08.25/test:7;t12.2022.08.25/train:128,t12.2022.06.21;t12.2022.08.13,V,Z,300,128,300,lda,5,10,0,0.5,30,,held_out,all,tertiary_allvocal
stage2,T3_modality,6v_sup,vocal,M/N,place,nasal,300,0.6296666666666666,0.03547925841640124,0.6619291403806238,,0.19077633333333333,t12.2022.04.28;t12.2022.05.05;t12.2022.05.17;t12.2022.05.19;t12.2022.05.24;t12.2022.05.26;t12.2022.06.02;t12.2022.06.07;t12.2022.06.14;t12.2022.06.16;t12.2022.06.21;t12.2022.06.28;t12.2022.07.05;t12.2022.07.14;t12.2022.07.21;t12.2022.07.27;t12.2022.07.29;t12.2022.08.02;t12.2022.08.11;t12.2022.08.13,t12.2022.04.28/test:32;t12.2022.05.05/test:17;t12.2022.05.17/test:20;t12.2022.05.19/test:13;t12.2022.05.24/test:20;t12.2022.05.26/test:24;t12.2022.06.02/test:24;t12.2022.06.07/test:36;t12.2022.06.14/test:21;t12.2022.06.16/test:25;t12.2022.06.21/test:28;t12.2022.06.28/test:30;t12.2022.07.05/test:13;t12.2022.07.14/test:21;t12.2022.07.21/test:28;t12.2022.07.27/test:20;t12.2022.07.29/test:26;t12.2022.07.29/train:122;t12.2022.08.02/test:15;t12.2022.08.11/test:32;t12.2022.08.13/test:33,t12.2022.04.28;t12.2022.05.05;t12.2022.05.17;t12.2022.05.19;t12.2022.05.24;t12.2022.05.26;t12.2022.06.02;t12.2022.06.07;t12.2022.06.14;t12.2022.06.16;t12.2022.06.21;t12.2022.06.28;t12.2022.07.05;t12.2022.07.14;t12.2022.07.21;t12.2022.07.27;t12.2022.08.02;t12.2022.08.11;t12.2022.08.13,M,N,300,128,300,lda,5,10,0,0.5,30,,held_out,all,tertiary_allvocal
stage2,T3_modality,6v_sup,nonvocal,M/N,place,nasal,300,0.644,0.037455158374900634,0.7391140900875284,,0.26614316666666665,t12.2022.06.23;t12.2022.08.18;t12.2022.08.23;t12.2022.08.25,t12.2022.06.23/test:15;t12.2022.06.23/train:154;t12.2022.08.18/test:7;t12.2022.08.18/train:108;t12.2022.08.23/test:14;t12.2022.08.23/train:151;t12.2022.08.25/test:8;t12.2022.08.25/train:143,t12.2022.06.21;t12.2022.08.13,M,N,300,128,300,lda,5,10,0,0.5,30,,held_out,all,tertiary_allvocal
stage2,T3_modality,6v_inf,vocal,P/B,laryngeal,stop,259,0.6144772218073189,0.038856111924742705,0.5818045795022163,,0.1885430501930502,t12.2022.04.28;t12.2022.05.05;t12.2022.05.17;t12.2022.05.19;t12.2022.05.24;t12.2022.05.26;t12.2022.06.02;t12.2022.06.07;t12.2022.06.14;t12.2022.06.16;t12.2022.06.21;t12.2022.06.28;t12.2022.07.05;t12.2022.07.14;t12.2022.07.21;t12.2022.07.27;t12.2022.07.29;t12.2022.08.02;t12.2022.08.11;t12.2022.08.13,t12.2022.04.28/test:22;t12.2022.05.05/test:24;t12.2022.05.17/test:18;t12.2022.05.19/test:8;t12.2022.05.24/test:22;t12.2022.05.26/test:26;t12.2022.06.02/test:25;t12.2022.06.07/test:16;t12.2022.06.14/test:24;t12.2022.06.16/test:24;t12.2022.06.21/test:25;t12.2022.06.28/test:20;t12.2022.07.05/test:16;t12.2022.07.14/test:17;t12.2022.07.21/test:21;t12.2022.07.27/test:16;t12.2022.07.29/test:18;t12.2022.07.29/train:111;t12.2022.08.02/test:24;t12.2022.08.11/test:20;t12.2022.08.13/test:21,t12.2022.04.28;t12.2022.05.05;t12.2022.05.17;t12.2022.05.19;t12.2022.05.24;t12.2022.05.26;t12.2022.06.02;t12.2022.06.07;t12.2022.06.14;t12.2022.06.16;t12.2022.06.21;t12.2022.06.28;t12.2022.07.05;t12.2022.07.14;t12.2022.07.21;t12.2022.07.27;t12.2022.08.02;t12.2022.08.11;t12.2022.08.13,B,P,259,128,259,lda,5,10,0,0.5,30,,held_out,all,tertiary_allvocal
stage2,T3_modality,6v_inf,nonvocal,P/B,laryngeal,stop,259,0.6322871545929799,0.04056508529394998,0.677390650411172,,0.2634478764478765,t12.2022.06.23;t12.2022.08.18;t12.2022.08.23;t12.2022.08.25,t12.2022.06.23/test:10;t12.2022.06.23/train:142;t12.2022.08.18/test:12;t12.2022.08.18/train:115;t12.2022.08.23/test:8;t12.2022.08.23/train:124;t12.2022.08.25/test:8;t12.2022.08.25/train:99,t12.2022.06.21;t12.2022.08.13,B,P,259,128,259,lda,5,10,0,0.5,30,,held_out,all,tertiary_allvocal
stage2,T3_modality,6v_inf,vocal,T/D,laryngeal,stop,300,0.5495000000000001,0.03885192687914232,0.2487194291330031,,0.18438266666666667,t12.2022.04.28;t12.2022.05.05;t12.2022.05.17;t12.2022.05.19;t12.2022.05.24;t12.2022.05.26;t12.2022.06.02;t12.2022.06.07;t12.2022.06.14;t12.2022.06.16;t12.2022.06.21;t12.2022.06.28;t12.2022.07.05;t12.2022.07.14;t12.2022.07.21;t12.2022.07.27;t12.2022.07.29;t12.2022.08.02;t12.2022.08.11;t12.2022.08.13,t12.2022.04.28/test:20;t12.2022.05.05/test:20;t12.2022.05.17/test:17;t12.2022.05.19/test:8;t12.2022.05.24/test:32;t12.2022.05.26/test:30;t12.2022.06.02/test:30;t12.2022.06.07/test:21;t12.2022.06.14/test:26;t12.2022.06.16/test:26;t12.2022.06.21/test:29;t12.2022.06.28/test:22;t12.2022.07.05/test:30;t12.2022.07.14/test:39;t12.2022.07.21/test:26;t12.2022.07.27/test:20;t12.2022.07.29/test:26;t12.2022.07.29/train:119;t12.2022.08.02/test:19;t12.2022.08.11/test:16;t12.2022.08.13/test:24,t12.2022.04.28;t12.2022.05.05;t12.2022.05.17;t12.2022.05.19;t12.2022.05.24;t12.2022.05.26;t12.2022.06.02;t12.2022.06.07;t12.2022.06.14;t12.2022.06.16;t12.2022.06.21;t12.2022.06.28;t12.2022.07.05;t12.2022.07.14;t12.2022.07.21;t12.2022.07.27;t12.2022.08.02;t12.2022.08.11;t12.2022.08.13,D,T,300,128,300,lda,5,10,0,0.5,30,,held_out,all,tertiary_allvocal
stage2,T3_modality,6v_inf,nonvocal,T/D,laryngeal,stop,300,0.5663333333333332,0.03423610829389215,0.3339820351036239,,0.26410883333333335,t12.2022.06.23;t12.2022.08.18;t12.2022.08.23;t12.2022.08.25,t12.2022.06.23/test:10;t12.2022.06.23/train:149;t12.2022.08.18/test:13;t12.2022.08.18/train:141;t12.2022.08.23/test:18;t12.2022.08.23/train:128;t12.2022.08.25/test:12;t12.2022.08.25/train:129,t12.2022.06.21;t12.2022.08.13,D,T,300,128,300,lda,5,10,0,0.5,30,,held_out,all,tertiary_allvocal
stage2,T3_modality,6v_inf,vocal,K/G,laryngeal,stop,167,0.6493668023518769,0.05065101115230612,0.7690955545862694,,0.18452365269461077,t12.2022.04.28;t12.2022.05.05;t12.2022.05.17;t12.2022.05.19;t12.2022.05.24;t12.2022.05.26;t12.2022.06.02;t12.2022.06.07;t12.2022.06.14;t12.2022.06.16;t12.2022.06.21;t12.2022.06.28;t12.2022.07.05;t12.2022.07.14;t12.2022.07.21;t12.2022.07.27;t12.2022.07.29;t12.2022.08.02;t12.2022.08.11;t12.2022.08.13,t12.2022.04.28/test:10;t12.2022.05.05/test:8;t12.2022.05.17/test:10;t12.2022.05.19/test:4;t12.2022.05.24/test:14;t12.2022.05.26/test:12;t12.2022.06.02/test:13;t12.2022.06.07/test:15;t12.2022.06.14/test:15;t12.2022.06.16/test:16;t12.2022.06.21/test:13;t12.2022.06.28/test:15;t12.2022.07.05/test:11;t12.2022.07.14/test:19;t12.2022.07.21/test:15;t12.2022.07.27/test:16;t12.2022.07.29/test:9;t12.2022.07.29/train:82;t12.2022.08.02/test:14;t12.2022.08.11/test:15;t12.2022.08.13/test:8,t12.2022.04.28;t12.2022.05.05;t12.2022.05.17;t12.2022.05.19;t12.2022.05.24;t12.2022.05.26;t12.2022.06.02;t12.2022.06.07;t12.2022.06.14;t12.2022.06.16;t12.2022.06.21;t12.2022.06.28;t12.2022.07.05;t12.2022.07.14;t12.2022.07.21;t12.2022.07.27;t12.2022.08.02;t12.2022.08.11;t12.2022.08.13,G,K,167,128,167,lda,5,10,0,0.5,30,,held_out,all,tertiary_allvocal
stage2,T3_modality,6v_inf,nonvocal,K/G,laryngeal,stop,167,0.6540841248303935,0.04537274029131426,0.7952888577697671,,0.2643679640718563,t12.2022.06.23;t12.2022.08.18;t12.2022.08.23;t12.2022.08.25,t12.2022.06.23/test:4;t12.2022.06.23/train:76;t12.2022.08.18/test:7;t12.2022.08.18/train:81;t12.2022.08.23/test:9;t12.2022.08.23/train:82;t12.2022.08.25/test:5;t12.2022.08.25/train:70,t12.2022.06.21;t12.2022.08.13,G,K,167,128,167,lda,5,10,0,0.5,30,,held_out,all,tertiary_allvocal
stage2,T3_modality,6v_inf,vocal,F/V,laryngeal,fricative,256,0.5498191509613555,0.04529462374646572,0.2502485390299906,,0.187782421875,t12.2022.04.28;t12.2022.05.05;t12.2022.05.17;t12.2022.05.19;t12.2022.05.24;t12.2022.05.26;t12.2022.06.02;t12.2022.06.07;t12.2022.06.14;t12.2022.06.16;t12.2022.06.21;t12.2022.06.28;t12.2022.07.05;t12.2022.07.14;t12.2022.07.21;t12.2022.07.27;t12.2022.07.29;t12.2022.08.02;t12.2022.08.11;t12.2022.08.13,t12.2022.04.28/test:18;t12.2022.05.05/test:18;t12.2022.05.17/test:15;t12.2022.05.19/test:12;t12.2022.05.24/test:30;t12.2022.05.26/test:20;t12.2022.06.02/test:15;t12.2022.06.07/test:25;t12.2022.06.14/test:25;t12.2022.06.16/test:19;t12.2022.06.21/test:26;t12.2022.06.28/test:21;t12.2022.07.05/test:14;t12.2022.07.14/test:19;t12.2022.07.21/test:21;t12.2022.07.27/test:15;t12.2022.07.29/test:19;t12.2022.07.29/train:113;t12.2022.08.02/test:19;t12.2022.08.11/test:26;t12.2022.08.13/test:22,t12.2022.04.28;t12.2022.05.05;t12.2022.05.17;t12.2022.05.19;t12.2022.05.24;t12.2022.05.26;t12.2022.06.02;t12.2022.06.07;t12.2022.06.14;t12.2022.06.16;t12.2022.06.21;t12.2022.06.28;t12.2022.07.05;t12.2022.07.14;t12.2022.07.21;t12.2022.07.27;t12.2022.08.02;t12.2022.08.11;t12.2022.08.13,F,V,256,128,256,lda,5,10,0,0.5,30,,held_out,all,tertiary_allvocal
stage2,T3_modality,6v_inf,nonvocal,F/V,laryngeal,fricative,256,0.6029335617742242,0.04649215711105265,0.5219323064054866,,0.2633455078125,t12.2022.06.23;t12.2022.08.18;t12.2022.08.23;t12.2022.08.25,t12.2022.06.23/test:9;t12.2022.06.23/train:129;t12.2022.08.18/test:7;t12.2022.08.18/train:134;t12.2022.08.23/test:12;t12.2022.08.23/train:107;t12.2022.08.25/test:11;t12.2022.08.25/train:103,t12.2022.06.21;t12.2022.08.13,F,V,256,128,256,lda,5,10,0,0.5,30,,held_out,all,tertiary_allvocal
stage2,T3_modality,6v_inf,vocal,S/Z,laryngeal,fricative,300,0.5863333333333334,0.034187392087987316,0.43630503735230763,,0.18835983333333334,t12.2022.04.28;t12.2022.05.05;t12.2022.05.17;t12.2022.05.19;t12.2022.05.24;t12.2022.05.26;t12.2022.06.02;t12.2022.06.07;t12.2022.06.14;t12.2022.06.16;t12.2022.06.21;t12.2022.06.28;t12.2022.07.05;t12.2022.07.14;t12.2022.07.21;t12.2022.07.27;t12.2022.07.29;t12.2022.08.02;t12.2022.08.11;t12.2022.08.13,t12.2022.04.28/test:22;t12.2022.05.05/test:26;t12.2022.05.17/test:18;t12.2022.05.19/test:15;t12.2022.05.24/test:27;t12.2022.05.26/test:27;t12.2022.06.02/test:34;t12.2022.06.07/test:23;t12.2022.06.14/test:35;t12.2022.06.16/test:20;t12.2022.06.21/test:22;t12.2022.06.28/test:23;t12.2022.07.05/test:21;t12.2022.07.14/test:21;t12.2022.07.21/test:25;t12.2022.07.27/test:24;t12.2022.07.29/test:29;t12.2022.07.29/train:126;t12.2022.08.02/test:18;t12.2022.08.11/test:27;t12.2022.08.13/test:17,t12.2022.04.28;t12.2022.05.05;t12.2022.05.17;t12.2022.05.19;t12.2022.05.24;t12.2022.05.26;t12.2022.06.02;t12.2022.06.07;t12.2022.06.14;t12.2022.06.16;t12.2022.06.21;t12.2022.06.28;t12.2022.07.05;t12.2022.07.14;t12.2022.07.21;t12.2022.07.27;t12.2022.08.02;t12.2022.08.11;t12.2022.08.13,S,Z,300,128,300,lda,5,10,0,0.5,30,,held_out,all,tertiary_allvocal
stage2,T3_modality,6v_inf,nonvocal,S/Z,laryngeal,fricative,300,0.5673333333333335,0.04875790534193746,0.33912839982497056,,0.2646846666666667,t12.2022.06.23;t12.2022.08.18;t12.2022.08.23;t12.2022.08.25,t12.2022.06.23/test:12;t12.2022.06.23/train:163;t12.2022.08.18/test:12;t12.2022.08.18/train:125;t12.2022.08.23/test:9;t12.2022.08.23/train:130;t12.2022.08.25/test:6;t12.2022.08.25/train:143,t12.2022.06.21;t12.2022.08.13,S,Z,300,128,300,lda,5,10,0,0.5,30,,held_out,all,tertiary_allvocal
stage2,T3_modality,6v_inf,vocal,SH/ZH,laryngeal,fricative,41,0.6189705882352942,0.1315986677081518,0.6034444078556093,,0.20230853658536588,t12.2022.04.28;t12.2022.05.05;t12.2022.05.17;t12.2022.05.19;t12.2022.05.24;t12.2022.05.26;t12.2022.06.02;t12.2022.06.07;t12.2022.06.14;t12.2022.06.16;t12.2022.06.21;t12.2022.06.28;t12.2022.07.14;t12.2022.07.21;t12.2022.07.27;t12.2022.07.29;t12.2022.08.02;t12.2022.08.11,t12.2022.04.28/test:5;t12.2022.05.05/test:8;t12.2022.05.17/test:4;t12.2022.05.19/test:3;t12.2022.05.24/test:1;t12.2022.05.26/test:9;t12.2022.06.02/test:5;t12.2022.06.07/test:6;t12.2022.06.14/test:7;t12.2022.06.16/test:4;t12.2022.06.21/test:2;t12.2022.06.28/test:2;t12.2022.07.14/test:1;t12.2022.07.21/test:1;t12.2022.07.27/test:1;t12.2022.07.29/test:4;t12.2022.07.29/train:17;t12.2022.08.02/test:1;t12.2022.08.11/test:1,t12.2022.04.28;t12.2022.05.05;t12.2022.05.17;t12.2022.05.19;t12.2022.05.24;t12.2022.05.26;t12.2022.06.02;t12.2022.06.07;t12.2022.06.14;t12.2022.06.16;t12.2022.06.21;t12.2022.06.28;t12.2022.07.14;t12.2022.07.21;t12.2022.07.27;t12.2022.08.02;t12.2022.08.11,SH,ZH,41,128,41,lda,5,10,0,0.5,30,,held_out,all,tertiary_allvocal
stage2,T3_modality,6v_inf,nonvocal,SH/ZH,laryngeal,fricative,41,0.5296323529411765,0.10118622238400848,0.15263714425187563,,0.26081219512195125,t12.2022.06.23;t12.2022.08.18;t12.2022.08.23;t12.2022.08.25,t12.2022.06.23/test:1;t12.2022.06.23/train:30;t12.2022.08.18/test:3;t12.2022.08.18/train:17;t12.2022.08.23/train:12;t12.2022.08.25/train:19,t12.2022.06.21;t12.2022.08.13,SH,ZH,41,128,41,lda,5,10,0,0.5,30,,held_out,all,tertiary_allvocal
stage2,T3_modality,6v_inf,vocal,CH/JH,laryngeal,affricate,47,0.6450292397660818,0.10835769706541543,0.7418071836243949,,0.18265212765957448,t12.2022.04.28;t12.2022.05.05;t12.2022.05.17;t12.2022.05.19;t12.2022.05.24;t12.2022.05.26;t12.2022.06.02;t12.2022.06.07;t12.2022.06.14;t12.2022.06.16;t12.2022.06.21;t12.2022.06.28;t12.2022.07.05;t12.2022.07.14;t12.2022.07.21;t12.2022.07.27;t12.2022.07.29;t12.2022.08.02;t12.2022.08.11;t12.2022.08.13,t12.2022.04.28/test:3;t12.2022.05.05/test:3;t12.2022.05.17/test:1;t12.2022.05.19/test:1;t12.2022.05.24/test:6;t12.2022.05.26/test:5;t12.2022.06.02/test:5;t12.2022.06.07/test:3;t12.2022.06.14/test:3;t12.2022.06.16/test:8;t12.2022.06.21/test:4;t12.2022.06.28/test:3;t12.2022.07.05/test:2;t12.2022.07.14/test:7;t12.2022.07.21/test:7;t12.2022.07.27/test:3;t12.2022.07.29/test:2;t12.2022.07.29/train:17;t12.2022.08.02/test:3;t12.2022.08.11/test:5;t12.2022.08.13/test:3,t12.2022.04.28;t12.2022.05.05;t12.2022.05.17;t12.2022.05.19;t12.2022.05.24;t12.2022.05.26;t12.2022.06.02;t12.2022.06.07;t12.2022.06.14;t12.2022.06.16;t12.2022.06.21;t12.2022.06.28;t12.2022.07.05;t12.2022.07.14;t12.2022.07.21;t12.2022.07.27;t12.2022.08.02;t12.2022.08.11;t12.2022.08.13,CH,JH,47,128,47,lda,5,10,0,0.5,30,,held_out,all,tertiary_allvocal
stage2,T3_modality,6v_inf,nonvocal,CH/JH,laryngeal,affricate,47,0.6519883040935673,0.11276317211088048,0.7839190769206522,,0.26290744680851064,t12.2022.06.23;t12.2022.08.18;t12.2022.08.23;t12.2022.08.25,t12.2022.06.23/test:2;t12.2022.06.23/train:25;t12.2022.08.18/test:3;t12.2022.08.18/train:21;t12.2022.08.23/test:1;t12.2022.08.23/train:24;t12.2022.08.25/train:18,t12.2022.06.21;t12.2022.08.13,CH,JH,47,128,47,lda,5,10,0,0.5,30,,held_out,all,tertiary_allvocal
stage2,T3_modality,6v_inf,vocal,TH/DH,laryngeal,fricative,93,0.74773826458037,0.06699245244763831,1.3439798736218287,,0.18283440860215053,t12.2022.04.28;t12.2022.05.05;t12.2022.05.17;t12.2022.05.19;t12.2022.05.24;t12.2022.05.26;t12.2022.06.02;t12.2022.06.07;t12.2022.06.14;t12.2022.06.16;t12.2022.06.21;t12.2022.06.28;t12.2022.07.05;t12.2022.07.14;t12.2022.07.21;t12.2022.07.27;t12.2022.07.29;t12.2022.08.02;t12.2022.08.11;t12.2022.08.13,t12.2022.04.28/test:6;t12.2022.05.05/test:5;t12.2022.05.17/test:4;t12.2022.05.19/test:1;t12.2022.05.24/test:5;t12.2022.05.26/test:3;t12.2022.06.02/test:15;t12.2022.06.07/test:8;t12.2022.06.14/test:8;t12.2022.06.16/test:9;t12.2022.06.21/test:8;t12.2022.06.28/test:4;t12.2022.07.05/test:9;t12.2022.07.14/test:8;t12.2022.07.21/test:9;t12.2022.07.27/test:7;t12.2022.07.29/test:3;t12.2022.07.29/train:53;t12.2022.08.02/test:6;t12.2022.08.11/test:4;t12.2022.08.13/test:11,t12.2022.04.28;t12.2022.05.05;t12.2022.05.17;t12.2022.05.19;t12.2022.05.24;t12.2022.05.26;t12.2022.06.02;t12.2022.06.07;t12.2022.06.14;t12.2022.06.16;t12.2022.06.21;t12.2022.06.28;t12.2022.07.05;t12.2022.07.14;t12.2022.07.21;t12.2022.07.27;t12.2022.08.02;t12.2022.08.11;t12.2022.08.13,DH,TH,93,128,93,lda,5,10,0,0.5,30,,held_out,all,tertiary_allvocal
stage2,T3_modality,6v_inf,nonvocal,TH/DH,laryngeal,fricative,93,0.7633997155049786,0.06391784061766105,1.441417696696404,,0.2653994623655914,t12.2022.06.23;t12.2022.08.18;t12.2022.08.23;t12.2022.08.25,t12.2022.06.23/test:2;t12.2022.06.23/train:47;t12.2022.08.18/test:4;t12.2022.08.18/train:43;t12.2022.08.23/test:3;t12.2022.08.23/train:35;t12.2022.08.25/test:3;t12.2022.08.25/train:49,t12.2022.06.21;t12.2022.08.13,DH,TH,93,128,93,lda,5,10,0,0.5,30,,held_out,all,tertiary_allvocal
stage2,T3_modality,6v_inf,vocal,P/T,place,stop,300,0.7275,0.03641008712492246,1.2152119324660744,,0.18641166666666667,t12.2022.04.28;t12.2022.05.05;t12.2022.05.17;t12.2022.05.19;t12.2022.05.24;t12.2022.05.26;t12.2022.06.02;t12.2022.06.07;t12.2022.06.14;t12.2022.06.16;t12.2022.06.21;t12.2022.06.28;t12.2022.07.05;t12.2022.07.14;t12.2022.07.21;t12.2022.07.27;t12.2022.07.29;t12.2022.08.02;t12.2022.08.11;t12.2022.08.13,t12.2022.04.28/test:17;t12.2022.05.05/test:24;t12.2022.05.17/test:11;t12.2022.05.19/test:15;t12.2022.05.24/test:29;t12.2022.05.26/test:31;t12.2022.06.02/test:30;t12.2022.06.07/test:29;t12.2022.06.14/test:29;t12.2022.06.16/test:23;t12.2022.06.21/test:25;t12.2022.06.28/test:29;t12.2022.07.05/test:24;t12.2022.07.14/test:28;t12.2022.07.21/test:22;t12.2022.07.27/test:24;t12.2022.07.29/test:27;t12.2022.07.29/train:123;t12.2022.08.02/test:25;t12.2022.08.11/test:18;t12.2022.08.13/test:17,t12.2022.04.28;t12.2022.05.05;t12.2022.05.17;t12.2022.05.19;t12.2022.05.24;t12.2022.05.26;t12.2022.06.02;t12.2022.06.07;t12.2022.06.14;t12.2022.06.16;t12.2022.06.21;t12.2022.06.28;t12.2022.07.05;t12.2022.07.14;t12.2022.07.21;t12.2022.07.27;t12.2022.08.02;t12.2022.08.11;t12.2022.08.13,P,T,300,128,300,lda,5,10,0,0.5,30,,held_out,all,tertiary_allvocal
stage2,T3_modality,6v_inf,nonvocal,P/T,place,stop,300,0.6619999999999999,0.04106769479232498,0.8403474076094644,,0.2646343333333333,t12.2022.06.23;t12.2022.08.18;t12.2022.08.23;t12.2022.08.25,t12.2022.06.23/test:13;t12.2022.06.23/train:164;t12.2022.08.18/test:15;t12.2022.08.18/train:121;t12.2022.08.23/test:8;t12.2022.08.23/train:140;t12.2022.08.25/test:8;t12.2022.08.25/train:131,t12.2022.06.21;t12.2022.08.13,P,T,300,128,300,lda,5,10,0,0.5,30,,held_out,all,tertiary_allvocal
stage2,T3_modality,6v_inf,vocal,T/K,place,stop,300,0.6458333333333333,0.042532667183916156,0.7480953090971756,,0.18216166666666667,t12.2022.04.28;t12.2022.05.05;t12.2022.05.17;t12.2022.05.19;t12.2022.05.24;t12.2022.05.26;t12.2022.06.02;t12.2022.06.07;t12.2022.06.14;t12.2022.06.16;t12.2022.06.21;t12.2022.06.28;t12.2022.07.05;t12.2022.07.14;t12.2022.07.21;t12.2022.07.27;t12.2022.07.29;t12.2022.08.02;t12.2022.08.11;t12.2022.08.13,t12.2022.04.28/test:14;t12.2022.05.05/test:12;t12.2022.05.17/test:14;t12.2022.05.19/test:11;t12.2022.05.24/test:26;t12.2022.05.26/test:31;t12.2022.06.02/test:25;t12.2022.06.07/test:21;t12.2022.06.14/test:27;t12.2022.06.16/test:31;t12.2022.06.21/test:30;t12.2022.06.28/test:29;t12.2022.07.05/test:29;t12.2022.07.14/test:29;t12.2022.07.21/test:27;t12.2022.07.27/test:27;t12.2022.07.29/test:15;t12.2022.07.29/train:126;t12.2022.08.02/test:20;t12.2022.08.11/test:28;t12.2022.08.13/test:28,t12.2022.04.28;t12.2022.05.05;t12.2022.05.17;t12.2022.05.19;t12.2022.05.24;t12.2022.05.26;t12.2022.06.02;t12.2022.06.07;t12.2022.06.14;t12.2022.06.16;t12.2022.06.21;t12.2022.06.28;t12.2022.07.05;t12.2022.07.14;t12.2022.07.21;t12.2022.07.27;t12.2022.08.02;t12.2022.08.11;t12.2022.08.13,K,T,300,128,300,lda,5,10,0,0.5,30,,held_out,all,tertiary_allvocal
stage2,T3_modality,6v_inf,nonvocal,T/K,place,stop,300,0.6739999999999998,0.03446576401139091,0.9019303074050582,,0.26449883333333335,t12.2022.06.23;t12.2022.08.18;t12.2022.08.23;t12.2022.08.25,t12.2022.06.23/test:13;t12.2022.06.23/train:167;t12.2022.08.18/test:11;t12.2022.08.18/train:123;t12.2022.08.23/test:10;t12.2022.08.23/train:129;t12.2022.08.25/test:7;t12.2022.08.25/train:140,t12.2022.06.21;t12.2022.08.13,K,T,300,128,300,lda,5,10,0,0.5,30,,held_out,all,tertiary_allvocal
stage2,T3_modality,6v_inf,vocal,B/D,place,stop,259,0.7166430171769977,0.03681454191093799,1.1512698268499002,,0.1862092664092664,t12.2022.04.28;t12.2022.05.05;t12.2022.05.17;t12.2022.05.19;t12.2022.05.24;t12.2022.05.26;t12.2022.06.02;t12.2022.06.07;t12.2022.06.14;t12.2022.06.16;t12.2022.06.21;t12.2022.06.28;t12.2022.07.05;t12.2022.07.14;t12.2022.07.21;t12.2022.07.27;t12.2022.07.29;t12.2022.08.02;t12.2022.08.11;t12.2022.08.13,t12.2022.04.28/test:22;t12.2022.05.05/test:17;t12.2022.05.17/test:21;t12.2022.05.19/test:6;t12.2022.05.24/test:27;t12.2022.05.26/test:16;t12.2022.06.02/test:32;t12.2022.06.07/test:17;t12.2022.06.14/test:27;t12.2022.06.16/test:21;t12.2022.06.21/test:27;t12.2022.06.28/test:16;t12.2022.07.05/test:19;t12.2022.07.14/test:20;t12.2022.07.21/test:27;t12.2022.07.27/test:19;t12.2022.07.29/test:17;t12.2022.07.29/train:106;t12.2022.08.02/test:21;t12.2022.08.11/test:17;t12.2022.08.13/test:23,t12.2022.04.28;t12.2022.05.05;t12.2022.05.17;t12.2022.05.19;t12.2022.05.24;t12.2022.05.26;t12.2022.06.02;t12.2022.06.07;t12.2022.06.14;t12.2022.06.16;t12.2022.06.21;t12.2022.06.28;t12.2022.07.05;t12.2022.07.14;t12.2022.07.21;t12.2022.07.27;t12.2022.08.02;t12.2022.08.11;t12.2022.08.13,B,D,259,128,259,lda,5,10,0,0.5,30,,held_out,all,tertiary_allvocal
stage2,T3_modality,6v_inf,nonvocal,B/D,place,stop,259,0.7279854368932038,0.04777078546235943,1.2143212321990107,,0.26563880308880305,t12.2022.06.23;t12.2022.08.18;t12.2022.08.23;t12.2022.08.25,t12.2022.06.23/test:13;t12.2022.06.23/train:129;t12.2022.08.18/test:4;t12.2022.08.18/train:116;t12.2022.08.23/test:10;t12.2022.08.23/train:108;t12.2022.08.25/test:8;t12.2022.08.25/train:130,t12.2022.06.21;t12.2022.08.13,B,D,259,128,259,lda,5,10,0,0.5,30,,held_out,all,tertiary_allvocal
stage2,T3_modality,6v_inf,vocal,D/G,place,stop,167,0.6580280416101312,0.05163849843245852,0.8140160492601877,,0.18543772455089821,t12.2022.04.28;t12.2022.05.05;t12.2022.05.17;t12.2022.05.19;t12.2022.05.24;t12.2022.05.26;t12.2022.06.02;t12.2022.06.07;t12.2022.06.14;t12.2022.06.16;t12.2022.06.21;t12.2022.06.28;t12.2022.07.05;t12.2022.07.14;t12.2022.07.21;t12.2022.07.27;t12.2022.07.29;t12.2022.08.02;t12.2022.08.11;t12.2022.08.13,t12.2022.04.28/test:11;t12.2022.05.05/test:11;t12.2022.05.17/test:15;t12.2022.05.19/test:5;t12.2022.05.24/test:14;t12.2022.05.26/test:13;t12.2022.06.02/test:17;t12.2022.06.07/test:13;t12.2022.06.14/test:12;t12.2022.06.16/test:12;t12.2022.06.21/test:19;t12.2022.06.28/test:16;t12.2022.07.05/test:14;t12.2022.07.14/test:29;t12.2022.07.21/test:19;t12.2022.07.27/test:13;t12.2022.07.29/test:8;t12.2022.07.29/train:59;t12.2022.08.02/test:12;t12.2022.08.11/test:11;t12.2022.08.13/test:11,t12.2022.04.28;t12.2022.05.05;t12.2022.05.17;t12.2022.05.19;t12.2022.05.24;t12.2022.05.26;t12.2022.06.02;t12.2022.06.07;t12.2022.06.14;t12.2022.06.16;t12.2022.06.21;t12.2022.06.28;t12.2022.07.05;t12.2022.07.14;t12.2022.07.21;t12.2022.07.27;t12.2022.08.02;t12.2022.08.11;t12.2022.08.13,D,G,167,128,167,lda,5,10,0,0.5,30,,held_out,all,tertiary_allvocal
stage2,T3_modality,6v_inf,nonvocal,D/G,place,stop,167,0.633853459972863,0.05189718859010524,0.6836937028388343,,0.2649476047904192,t12.2022.06.23;t12.2022.08.18;t12.2022.08.23;t12.2022.08.25,t12.2022.06.23/test:4;t12.2022.06.23/train:70;t12.2022.08.18/test:4;t12.2022.08.18/train:83;t12.2022.08.23/test:13;t12.2022.08.23/train:75;t12.2022.08.25/test:4;t12.2022.08.25/train:81,t12.2022.06.21;t12.2022.08.13,D,G,167,128,167,lda,5,10,0,0.5,30,,held_out,all,tertiary_allvocal
stage2,T3_modality,6v_inf,vocal,F/S,place,fricative,256,0.5769141442984961,0.0400684163625877,0.3881188315752555,,0.1913935546875,t12.2022.04.28;t12.2022.05.05;t12.2022.05.17;t12.2022.05.19;t12.2022.05.24;t12.2022.05.26;t12.2022.06.02;t12.2022.06.07;t12.2022.06.14;t12.2022.06.16;t12.2022.06.21;t12.2022.06.28;t12.2022.07.05;t12.2022.07.14;t12.2022.07.21;t12.2022.07.27;t12.2022.07.29;t12.2022.08.02;t12.2022.08.11;t12.2022.08.13,t12.2022.04.28/test:25;t12.2022.05.05/test:20;t12.2022.05.17/test:17;t12.2022.05.19/test:15;t12.2022.05.24/test:24;t12.2022.05.26/test:17;t12.2022.06.02/test:15;t12.2022.06.07/test:21;t12.2022.06.14/test:26;t12.2022.06.16/test:16;t12.2022.06.21/test:25;t12.2022.06.28/test:22;t12.2022.07.05/test:13;t12.2022.07.14/test:19;t12.2022.07.21/test:19;t12.2022.07.27/test:21;t12.2022.07.29/test:20;t12.2022.07.29/train:111;t12.2022.08.02/test:14;t12.2022.08.11/test:31;t12.2022.08.13/test:21,t12.2022.04.28;t12.2022.05.05;t12.2022.05.17;t12.2022.05.19;t12.2022.05.24;t12.2022.05.26;t12.2022.06.02;t12.2022.06.07;t12.2022.06.14;t12.2022.06.16;t12.2022.06.21;t12.2022.06.28;t12.2022.07.05;t12.2022.07.14;t12.2022.07.21;t12.2022.07.27;t12.2022.08.02;t12.2022.08.11;t12.2022.08.13,F,S,256,128,256,lda,5,10,0,0.5,30,,held_out,all,tertiary_allvocal
stage2,T3_modality,6v_inf,nonvocal,F/S,place,fricative,256,0.6068379973348563,0.04605461812507902,0.5421009606487746,,0.2640005859375,t12.2022.06.23;t12.2022.08.18;t12.2022.08.23;t12.2022.08.25,t12.2022.06.23/test:8;t12.2022.06.23/train:129;t12.2022.08.18/test:7;t12.2022.08.18/train:129;t12.2022.08.23/test:12;t12.2022.08.23/train:104;t12.2022.08.25/test:11;t12.2022.08.25/train:112,t12.2022.06.21;t12.2022.08.13,F,S,256,128,256,lda,5,10,0,0.5,30,,held_out,all,tertiary_allvocal
stage2,T3_modality,6v_inf,vocal,F/TH,place,fricative,93,0.7319061166429589,0.06437676811817944,1.2419582476643978,,0.18901236559139786,t12.2022.04.28;t12.2022.05.05;t12.2022.05.17;t12.2022.05.19;t12.2022.05.24;t12.2022.05.26;t12.2022.06.02;t12.2022.06.07;t12.2022.06.14;t12.2022.06.16;t12.2022.06.21;t12.2022.06.28;t12.2022.07.05;t12.2022.07.14;t12.2022.07.21;t12.2022.07.27;t12.2022.07.29;t12.2022.08.02;t12.2022.08.11;t12.2022.08.13,t12.2022.04.28/test:10;t12.2022.05.05/test:5;t12.2022.05.17/test:5;t12.2022.05.19/test:4;t12.2022.05.24/test:8;t12.2022.05.26/test:3;t12.2022.06.02/test:10;t12.2022.06.07/test:8;t12.2022.06.14/test:9;t12.2022.06.16/test:5;t12.2022.06.21/test:9;t12.2022.06.28/test:7;t12.2022.07.05/test:10;t12.2022.07.14/test:6;t12.2022.07.21/test:8;t12.2022.07.27/test:5;t12.2022.07.29/test:4;t12.2022.07.29/train:46;t12.2022.08.02/test:9;t12.2022.08.11/test:8;t12.2022.08.13/test:7,t12.2022.04.28;t12.2022.05.05;t12.2022.05.17;t12.2022.05.19;t12.2022.05.24;t12.2022.05.26;t12.2022.06.02;t12.2022.06.07;t12.2022.06.14;t12.2022.06.16;t12.2022.06.21;t12.2022.06.28;t12.2022.07.05;t12.2022.07.14;t12.2022.07.21;t12.2022.07.27;t12.2022.08.02;t12.2022.08.11;t12.2022.08.13,F,TH,93,128,93,lda,5,10,0,0.5,30,,held_out,all,tertiary_allvocal
stage2,T3_modality,6v_inf,nonvocal,F/TH,place,fricative,93,0.7693456614509246,0.051290288499560736,1.4766370204367203,,0.2608231182795699,t12.2022.06.23;t12.2022.08.18;t12.2022.08.23;t12.2022.08.25,t12.2022.06.23/train:61;t12.2022.08.18/test:2;t12.2022.08.18/train:42;t12.2022.08.23/test:6;t12.2022.08.23/train:35;t12.2022.08.25/test:3;t12.2022.08.25/train:37,t12.2022.06.21;t12.2022.08.13,F,TH,93,128,93,lda,5,10,0,0.5,30,,held_out,all,tertiary_allvocal
stage2,T3_modality,6v_inf,vocal,S/SH,place,fricative,57,0.7138339920948618,0.09585530321202364,1.1287576761008453,,0.19127894736842102,t12.2022.04.28;t12.2022.05.05;t12.2022.05.17;t12.2022.05.19;t12.2022.05.24;t12.2022.05.26;t12.2022.06.02;t12.2022.06.07;t12.2022.06.14;t12.2022.06.16;t12.2022.06.21;t12.2022.06.28;t12.2022.07.05;t12.2022.07.14;t12.2022.07.21;t12.2022.07.27;t12.2022.07.29;t12.2022.08.02;t12.2022.08.11;t12.2022.08.13,t12.2022.04.28/test:2;t12.2022.05.05/test:11;t12.2022.05.17/test:5;t12.2022.05.19/test:3;t12.2022.05.24/test:4;t12.2022.05.26/test:10;t12.2022.06.02/test:9;t12.2022.06.07/test:6;t12.2022.06.14/test:7;t12.2022.06.16/test:6;t12.2022.06.21/test:4;t12.2022.06.28/test:6;t12.2022.07.05/test:1;t12.2022.07.14/test:2;t12.2022.07.21/test:1;t12.2022.07.27/test:5;t12.2022.07.29/test:4;t12.2022.07.29/train:19;t12.2022.08.02/test:3;t12.2022.08.11/test:2;t12.2022.08.13/test:4,t12.2022.04.28;t12.2022.05.05;t12.2022.05.17;t12.2022.05.19;t12.2022.05.24;t12.2022.05.26;t12.2022.06.02;t12.2022.06.07;t12.2022.06.14;t12.2022.06.16;t12.2022.06.21;t12.2022.06.28;t12.2022.07.05;t12.2022.07.14;t12.2022.07.21;t12.2022.07.27;t12.2022.08.02;t12.2022.08.11;t12.2022.08.13,S,SH,57,128,57,lda,5,10,0,0.5,30,,held_out,all,tertiary_allvocal
stage2,T3_modality,6v_inf,nonvocal,S/SH,place,fricative,57,0.5849407114624505,0.11755387925391723,0.4356244448318698,,0.2612482456140351,t12.2022.06.23;t12.2022.08.18;t12.2022.08.23;t12.2022.08.25,t12.2022.06.23/test:3;t12.2022.06.23/train:38;t12.2022.08.18/test:2;t12.2022.08.18/train:22;t12.2022.08.23/test:3;t12.2022.08.23/train:26;t12.2022.08.25/test:2;t12.2022.08.25/train:18,t12.2022.06.21;t12.2022.08.13,S,SH,57,128,57,lda,5,10,0,0.5,30,,held_out,all,tertiary_allvocal
stage2,T3_modality,6v_inf,vocal,V/Z,place,fricative,300,0.6573333333333332,0.04192055979269997,0.8101153202346558,,0.18582083333333335,t12.2022.04.28;t12.2022.05.05;t12.2022.05.17;t12.2022.05.19;t12.2022.05.24;t12.2022.05.26;t12.2022.06.02;t12.2022.06.07;t12.2022.06.14;t12.2022.06.16;t12.2022.06.21;t12.2022.06.28;t12.2022.07.05;t12.2022.07.14;t12.2022.07.21;t12.2022.07.27;t12.2022.07.29;t12.2022.08.02;t12.2022.08.11;t12.2022.08.13,t12.2022.04.28/test:16;t12.2022.05.05/test:23;t12.2022.05.17/test:16;t12.2022.05.19/test:12;t12.2022.05.24/test:34;t12.2022.05.26/test:33;t12.2022.06.02/test:24;t12.2022.06.07/test:29;t12.2022.06.14/test:35;t12.2022.06.16/test:28;t12.2022.06.21/test:29;t12.2022.06.28/test:22;t12.2022.07.05/test:21;t12.2022.07.14/test:22;t12.2022.07.21/test:26;t12.2022.07.27/test:25;t12.2022.07.29/test:30;t12.2022.07.29/train:117;t12.2022.08.02/test:16;t12.2022.08.11/test:23;t12.2022.08.13/test:19,t12.2022.04.28;t12.2022.05.05;t12.2022.05.17;t12.2022.05.19;t12.2022.05.24;t12.2022.05.26;t12.2022.06.02;t12.2022.06.07;t12.2022.06.14;t12.2022.06.16;t12.2022.06.21;t12.2022.06.28;t12.2022.07.05;t12.2022.07.14;t12.2022.07.21;t12.2022.07.27;t12.2022.08.02;t12.2022.08.11;t12.2022.08.13,V,Z,300,128,300,lda,5,10,0,0.5,30,,held_out,all,tertiary_allvocal
stage2,T3_modality,6v_inf,nonvocal,V/Z,place,fricative,300,0.6231666666666666,0.04353446910208048,0.6278790697169963,,0.265548,t12.2022.06.23;t12.2022.08.18;t12.2022.08.23;t12.2022.08.25,t12.2022.06.23/test:11;t12.2022.06.23/train:149;t12.2022.08.18/test:11;t12.2022.08.18/train:126;t12.2022.08.23/test:14;t12.2022.08.23/train:134;t12.2022.08.25/test:9;t12.2022.08.25/train:146,t12.2022.06.21;t12.2022.08.13,V,Z,300,128,300,lda,5,10,0,0.5,30,,held_out,all,tertiary_allvocal
stage2,T3_modality,6v_inf,vocal,M/N,place,nasal,300,0.6476666666666666,0.035474560525036024,0.7584384674666436,,0.18728566666666666,t12.2022.04.28;t12.2022.05.05;t12.2022.05.17;t12.2022.05.19;t12.2022.05.24;t12.2022.05.26;t12.2022.06.02;t12.2022.06.07;t12.2022.06.14;t12.2022.06.16;t12.2022.06.21;t12.2022.06.28;t12.2022.07.05;t12.2022.07.14;t12.2022.07.21;t12.2022.07.27;t12.2022.07.29;t12.2022.08.02;t12.2022.08.11;t12.2022.08.13,t12.2022.04.28/test:19;t12.2022.05.05/test:18;t12.2022.05.17/test:15;t12.2022.05.19/test:13;t12.2022.05.24/test:22;t12.2022.05.26/test:25;t12.2022.06.02/test:22;t12.2022.06.07/test:33;t12.2022.06.14/test:28;t12.2022.06.16/test:25;t12.2022.06.21/test:36;t12.2022.06.28/test:28;t12.2022.07.05/test:20;t12.2022.07.14/test:22;t12.2022.07.21/test:32;t12.2022.07.27/test:20;t12.2022.07.29/test:27;t12.2022.07.29/train:125;t12.2022.08.02/test:18;t12.2022.08.11/test:28;t12.2022.08.13/test:24,t12.2022.04.28;t12.2022.05.05;t12.2022.05.17;t12.2022.05.19;t12.2022.05.24;t12.2022.05.26;t12.2022.06.02;t12.2022.06.07;t12.2022.06.14;t12.2022.06.16;t12.2022.06.21;t12.2022.06.28;t12.2022.07.05;t12.2022.07.14;t12.2022.07.21;t12.2022.07.27;t12.2022.08.02;t12.2022.08.11;t12.2022.08.13,M,N,300,128,300,lda,5,10,0,0.5,30,,held_out,all,tertiary_allvocal
stage2,T3_modality,6v_inf,nonvocal,M/N,place,nasal,300,0.6831666666666668,0.03835108284723594,0.9529447235368204,,0.2660266666666667,t12.2022.06.23;t12.2022.08.18;t12.2022.08.23;t12.2022.08.25,t12.2022.06.23/test:9;t12.2022.06.23/train:151;t12.2022.08.18/test:12;t12.2022.08.18/train:121;t12.2022.08.23/test:12;t12.2022.08.23/train:133;t12.2022.08.25/test:9;t12.2022.08.25/train:153,t12.2022.06.21;t12.2022.08.13,M,N,300,128,300,lda,5,10,0,0.5,30,,held_out,all,tertiary_allvocal
stage2,T3_modality,6v,vocal,P/B,laryngeal,stop,28,0.7503030303030304,0.10085675228350055,1.3464176264766867,,0.18738571428571427,t12.2022.07.29,t12.2022.07.29/test:12;t12.2022.07.29/train:44,t12.2022.07.27,B,P,28,256,28,lda,5,10,0,0.5,30,,held_out,initial,primary_0729_initial
stage2,T3_modality,6v,nonvocal,P/B,laryngeal,stop,28,0.5993939393939394,0.10544888525387827,0.4989516037619191,,0.26435714285714285,t12.2022.06.23;t12.2022.08.18;t12.2022.08.23;t12.2022.08.25,t12.2022.06.23/test:3;t12.2022.06.23/train:15;t12.2022.08.18/train:12;t12.2022.08.23/train:17;t12.2022.08.25/test:1;t12.2022.08.25/train:8,t12.2022.06.21;t12.2022.08.13,B,P,28,256,28,lda,5,10,0,0.5,30,,held_out,initial,primary_0729_initial
stage2,T3_modality,6v,vocal,T/D,laryngeal,stop,49,0.7861578947368421,0.08310426318521083,1.599746555023692,,0.18529183673469388,t12.2022.07.29,t12.2022.07.29/test:12;t12.2022.07.29/train:86,t12.2022.07.27,D,T,49,256,49,lda,5,10,0,0.5,30,,held_out,initial,primary_0729_initial
stage2,T3_modality,6v,nonvocal,T/D,laryngeal,stop,49,0.6911578947368422,0.09087716588768817,0.9959593919885528,,0.263530612244898,t12.2022.06.23;t12.2022.08.18;t12.2022.08.23;t12.2022.08.25,t12.2022.06.23/test:5;t12.2022.06.23/train:20;t12.2022.08.18/test:2;t12.2022.08.18/train:23;t12.2022.08.23/test:4;t12.2022.08.23/train:27;t12.2022.08.25/train:17,t12.2022.06.21;t12.2022.08.13,D,T,49,256,49,lda,5,10,0,0.5,30,,held_out,initial,primary_0729_initial
stage2,T3_modality,6v,vocal,K/G,laryngeal,stop,28,0.8013636363636364,0.09432095042790603,1.692495596261776,,0.18535,t12.2022.07.29,t12.2022.07.29/test:7;t12.2022.07.29/train:49,t12.2022.07.27,G,K,28,256,28,lda,5,10,0,0.5,30,,held_out,initial,primary_0729_initial
stage2,T3_modality,6v,nonvocal,K/G,laryngeal,stop,28,0.5731818181818182,0.141003633972279,0.368105242053831,,0.2631964285714286,t12.2022.06.23;t12.2022.08.18;t12.2022.08.23;t12.2022.08.25,t12.2022.06.23/train:10;t12.2022.08.18/train:16;t12.2022.08.23/test:2;t12.2022.08.23/train:18;t12.2022.08.25/train:10,t12.2022.06.21;t12.2022.08.13,G,K,28,256,28,lda,5,10,0,0.5,30,,held_out,initial,primary_0729_initial
stage2,T3_modality,6v,vocal,TH/DH,laryngeal,fricative,18,0.8128571428571427,0.12612958998342835,1.9213554638839687,,0.1863,t12.2022.07.29,t12.2022.07.29/test:6;t12.2022.07.29/train:30,t12.2022.07.27,DH,TH,18,256,18,lda,5,10,0,0.5,28,,held_out,initial,primary_0729_initial
stage2,T3_modality,6v,nonvocal,TH/DH,laryngeal,fricative,18,0.9360714285714284,0.0985927771912614,3.100910830251306,,0.2712361111111111,t12.2022.06.23;t12.2022.08.18;t12.2022.08.23;t12.2022.08.25,t12.2022.06.23/test:1;t12.2022.06.23/train:7;t12.2022.08.18/test:1;t12.2022.08.18/train:6;t12.2022.08.23/test:1;t12.2022.08.23/train:7;t12.2022.08.25/test:1;t12.2022.08.25/train:12,t12.2022.06.21;t12.2022.08.13,DH,TH,18,256,18,lda,5,10,0,0.5,28,,held_out,initial,primary_0729_initial
stage2,T3_modality,6v,vocal,P/T,place,stop,28,0.7354545454545456,0.1334524261522198,1.2564381753472347,,0.18738571428571427,t12.2022.07.29,t12.2022.07.29/test:12;t12.2022.07.29/train:44,t12.2022.07.27,P,T,28,256,28,lda,5,10,0,0.5,30,,held_out,initial,primary_0729_initial
stage2,T3_modality,6v,nonvocal,P/T,place,stop,28,0.8309090909090908,0.08311873194191961,1.9075606771576163,,0.26581785714285716,t12.2022.06.23;t12.2022.08.18;t12.2022.08.23;t12.2022.08.25,t12.2022.06.23/test:2;t12.2022.06.23/train:14;t12.2022.08.18/train:14;t12.2022.08.23/test:1;t12.2022.08.23/train:10;t12.2022.08.25/test:2;t12.2022.08.25/train:13,t12.2022.06.21;t12.2022.08.13,P,T,28,256,28,lda,5,10,0,0.5,30,,held_out,initial,primary_0729_initial
stage2,T3_modality,6v,vocal,T/K,place,stop,45,0.7833333333333334,0.08552669065744807,1.5837634396628173,,0.18553999999999998,t12.2022.07.29,t12.2022.07.29/test:12;t12.2022.07.29/train:78,t12.2022.07.27,K,T,45,256,45,lda,5,10,0,0.5,30,,held_out,initial,primary_0729_initial
stage2,T3_modality,6v,nonvocal,T/K,place,stop,45,0.8088888888888889,0.09760085002665665,1.7425939646903525,,0.2674488888888889,t12.2022.06.23;t12.2022.08.18;t12.2022.08.23;t12.2022.08.25,t12.2022.06.23/test:3;t12.2022.06.23/train:16;t12.2022.08.18/test:3;t12.2022.08.18/train:19;t12.2022.08.23/test:2;t12.2022.08.23/train:24;t12.2022.08.25/train:23,t12.2022.06.21;t12.2022.08.13,K,T,45,256,45,lda,5,10,0,0.5,30,,held_out,initial,primary_0729_initial
stage2,T3_modality,6v,vocal,B/D,place,stop,40,0.76125,0.09494241675879121,1.419036570556531,,0.186775,t12.2022.07.29,t12.2022.07.29/test:15;t12.2022.07.29/train:65,t12.2022.07.27,B,D,40,256,40,lda,5,10,0,0.5,30,,held_out,initial,primary_0729_initial
stage2,T3_modality,6v,nonvocal,B/D,place,stop,40,0.70625,0.10986497394529342,1.0827965901499321,,0.2671275,t12.2022.06.23;t12.2022.08.18;t12.2022.08.23;t12.2022.08.25,t12.2022.06.23/test:3;t12.2022.06.23/train:11;t12.2022.08.18/test:1;t12.2022.08.18/train:21;t12.2022.08.23/test:3;t12.2022.08.23/train:20;t12.2022.08.25/train:21,t12.2022.06.21;t12.2022.08.13,B,D,40,256,40,lda,5,10,0,0.5,30,,held_out,initial,primary_0729_initial
stage2,T3_modality,6v,vocal,D/G,place,stop,28,0.635,0.12703522211734117,0.6940052079089971,,0.18657142857142858,t12.2022.07.29,t12.2022.07.29/test:10;t12.2022.07.29/train:46,t12.2022.07.27,D,G,28,256,28,lda,5,10,0,0.5,30,,held_out,initial,primary_0729_initial
stage2,T3_modality,6v,nonvocal,D/G,place,stop,28,0.7172727272727273,0.13630840632377408,1.1414217046544723,,0.2665410714285714,t12.2022.06.23;t12.2022.08.18;t12.2022.08.23;t12.2022.08.25,t12.2022.06.23/test:2;t12.2022.06.23/train:10;t12.2022.08.18/test:1;t12.2022.08.18/train:15;t12.2022.08.23/test:2;t12.2022.08.23/train:10;t12.2022.08.25/test:1;t12.2022.08.25/train:15,t12.2022.06.21;t12.2022.08.13,D,G,28,256,28,lda,5,10,0,0.5,30,,held_out,initial,primary_0729_initial
stage2,T3_modality,6v,vocal,F/S,place,fricative,40,0.66125,0.10975113894625423,0.8348419968629179,,0.186205,t12.2022.07.29,t12.2022.07.29/test:13;t12.2022.07.29/train:67,t12.2022.07.27,F,S,40,256,40,lda,5,10,0,0.5,30,,held_out,initial,primary_0729_initial
stage2,T3_modality,6v,nonvocal,F/S,place,fricative,40,0.6725,0.105,0.892633675352614,,0.26300125,t12.2022.06.23;t12.2022.08.18;t12.2022.08.23;t12.2022.08.25,t12.2022.06.23/test:4;t12.2022.06.23/train:25;t12.2022.08.18/test:2;t12.2022.08.18/train:16;t12.2022.08.23/test:1;t12.2022.08.23/train:15;t12.2022.08.25/test:1;t12.2022.08.25/train:16,t12.2022.06.21;t12.2022.08.13,F,S,40,256,40,lda,5,10,0,0.5,30,,held_out,initial,primary_0729_initial
stage2,T3_modality,6v,vocal,F/TH,place,fricative,18,0.8175,0.11733053345839971,1.8063532331140406,,0.18376666666666666,t12.2022.07.29,t12.2022.07.29/test:2;t12.2022.07.29/train:34,t12.2022.07.27,F,TH,18,256,18,lda,5,10,0,0.5,28,,held_out,initial,primary_0729_initial
stage2,T3_modality,6v,nonvocal,F/TH,place,fricative,18,0.8007142857142858,0.12264932589646445,1.6795609043923203,,0.2756861111111111,t12.2022.06.23;t12.2022.08.18;t12.2022.08.23;t12.2022.08.25,t12.2022.06.23/test:1;t12.2022.06.23/train:7;t12.2022.08.18/train:4;t12.2022.08.23/test:1;t12.2022.08.23/train:6;t12.2022.08.25/test:1;t12.2022.08.25/train:16,t12.2022.06.21;t12.2022.08.13,F,TH,18,256,18,lda,5,10,0,0.5,28,,held_out,initial,primary_0729_initial
stage2,T3_modality,6v,vocal,M/N,place,nasal,26,0.6741818181818182,0.11574209003192694,0.8993179107858933,,0.18732307692307693,t12.2022.07.29,t12.2022.07.29/test:11;t12.2022.07.29/train:41,t12.2022.07.27,M,N,26,256,26,lda,5,10,0,0.5,30,,held_out,initial,primary_0729_initial
stage2,T3_modality,6v,nonvocal,M/N,place,nasal,26,0.6890909090909091,0.11166656387479337,0.9939092577819456,,0.271,t12.2022.06.23;t12.2022.08.18;t12.2022.08.23;t12.2022.08.25,t12.2022.06.23/test:1;t12.2022.06.23/train:12;t12.2022.08.18/train:9;t12.2022.08.23/train:13;t12.2022.08.25/test:2;t12.2022.08.25/train:15,t12.2022.06.21;t12.2022.08.13,M,N,26,256,26,lda,5,10,0,0.5,30,,held_out,initial,primary_0729_initial
stage2,T3_modality,6v_sup,vocal,P/B,laryngeal,stop,28,0.722121212121212,0.11202329877039546,1.1737057038111756,,0.18738571428571427,t12.2022.07.29,t12.2022.07.29/test:12;t12.2022.07.29/train:44,t12.2022.07.27,B,P,28,128,28,lda,5,10,0,0.5,30,,held_out,initial,primary_0729_initial
stage2,T3_modality,6v_sup,nonvocal,P/B,laryngeal,stop,28,0.6103030303030303,0.1270665718522276,0.5605249284387297,,0.2609125,t12.2022.06.23;t12.2022.08.18;t12.2022.08.23;t12.2022.08.25,t12.2022.06.23/test:1;t12.2022.06.23/train:19;t12.2022.08.18/train:13;t12.2022.08.23/train:12;t12.2022.08.25/train:11,t12.2022.06.21;t12.2022.08.13,B,P,28,128,28,lda,5,10,0,0.5,30,,held_out,initial,primary_0729_initial
stage2,T3_modality,6v_sup,vocal,T/D,laryngeal,stop,49,0.672578947368421,0.08590900616769014,0.8914581377702797,,0.18552448979591837,t12.2022.07.29,t12.2022.07.29/test:13;t12.2022.07.29/train:85,t12.2022.07.27,D,T,49,128,49,lda,5,10,0,0.5,30,,held_out,initial,primary_0729_initial
stage2,T3_modality,6v_sup,nonvocal,T/D,laryngeal,stop,49,0.724736842105263,0.09030572879800934,1.1902792086063523,,0.2672857142857143,t12.2022.06.23;t12.2022.08.18;t12.2022.08.23;t12.2022.08.25,t12.2022.06.23/test:1;t12.2022.06.23/train:14;t12.2022.08.18/test:1;t12.2022.08.18/train:23;t12.2022.08.23/test:6;t12.2022.08.23/train:26;t12.2022.08.25/test:1;t12.2022.08.25/train:26,t12.2022.06.21;t12.2022.08.13,D,T,49,128,49,lda,5,10,0,0.5,30,,held_out,initial,primary_0729_initial
stage2,T3_modality,6v_sup,vocal,K/G,laryngeal,stop,28,0.7707575757575756,0.11065596632526982,1.484427515400061,,0.18453571428571428,t12.2022.07.29,t12.2022.07.29/test:5;t12.2022.07.29/train:51,t12.2022.07.27,G,K,28,128,28,lda,5,10,0,0.5,30,,held_out,initial,primary_0729_initial
stage2,T3_modality,6v_sup,nonvocal,K/G,laryngeal,stop,28,0.5409090909090909,0.1268843279942081,0.20569755505513063,,0.2624053571428572,t12.2022.06.23;t12.2022.08.18;t12.2022.08.23;t12.2022.08.25,t12.2022.06.23/train:16;t12.2022.08.18/test:2;t12.2022.08.18/train:12;t12.2022.08.23/test:1;t12.2022.08.23/train:13;t12.2022.08.25/train:12,t12.2022.06.21;t12.2022.08.13,G,K,28,128,28,lda,5,10,0,0.5,30,,held_out,initial,primary_0729_initial
stage2,T3_modality,6v_sup,vocal,TH/DH,laryngeal,fricative,18,0.6799999999999998,0.1415944193527299,0.9688150357795826,,0.18313333333333334,t12.2022.07.29,t12.2022.07.29/test:1;t12.2022.07.29/train:35,t12.2022.07.27,DH,TH,18,128,18,lda,5,10,0,0.5,28,,held_out,initial,primary_0729_initial
stage2,T3_modality,6v_sup,nonvocal,TH/DH,laryngeal,fricative,18,0.7578571428571429,0.11856712556736003,1.3928239408021055,,0.2692722222222222,t12.2022.06.23;t12.2022.08.18;t12.2022.08.23;t12.2022.08.25,t12.2022.06.23/test:1;t12.2022.06.23/train:7;t12.2022.08.18/test:1;t12.2022.08.18/train:5;t12.2022.08.23/test:2;t12.2022.08.23/train:8;t12.2022.08.25/train:12,t12.2022.06.21;t12.2022.08.13,DH,TH,18,128,18,lda,5,10,0,0.5,28,,held_out,initial,primary_0729_initial
stage2,T3_modality,6v_sup,vocal,P/T,place,stop,28,0.7324242424242425,0.11573258495905096,1.2361935960649284,,0.18616428571428573,t12.2022.07.29,t12.2022.07.29/test:9;t12.2022.07.29/train:47,t12.2022.07.27,P,T,28,128,28,lda,5,10,0,0.5,30,,held_out,initial,primary_0729_initial
stage2,T3_modality,6v_sup,nonvocal,P/T,place,stop,28,0.7080303030303031,0.12358668416627237,1.1070712859926446,,0.2644714285714286,t12.2022.06.23;t12.2022.08.18;t12.2022.08.23;t12.2022.08.25,t12.2022.06.23/test:1;t12.2022.06.23/train:12;t12.2022.08.18/test:1;t12.2022.08.18/train:14;t12.2022.08.23/test:3;t12.2022.08.23/train:12;t12.2022.08.25/test:2;t12.2022.08.25/train:11,t12.2022.06.21;t12.2022.08.13,P,T,28,128,28,lda,5,10,0,0.5,30,,held_out,initial,primary_0729_initial
stage2,T3_modality,6v_sup,vocal,T/K,place,stop,45,0.7022222222222222,0.09213516640723501,1.0639222629211555,,0.18604666666666667,t12.2022.07.29,t12.2022.07.29/test:14;t12.2022.07.29/train:76,t12.2022.07.27,K,T,45,128,45,lda,5,10,0,0.5,30,,held_out,initial,primary_0729_initial
stage2,T3_modality,6v_sup,nonvocal,T/K,place,stop,45,0.66,0.08580770922803477,0.8229901976494517,,0.2626677777777778,t12.2022.06.23;t12.2022.08.18;t12.2022.08.23;t12.2022.08.25,t12.2022.06.23/test:2;t12.2022.06.23/train:21;t12.2022.08.18/test:2;t12.2022.08.18/train:21;t12.2022.08.23/test:3;t12.2022.08.23/train:27;t12.2022.08.25/test:1;t12.2022.08.25/train:13,t12.2022.06.21;t12.2022.08.13,K,T,45,128,45,lda,5,10,0,0.5,30,,held_out,initial,primary_0729_initial
stage2,T3_modality,6v_sup,vocal,B/D,place,stop,40,0.70375,0.0982741700550048,1.0751230915614785,,0.18592,t12.2022.07.29,t12.2022.07.29/test:12;t12.2022.07.29/train:68,t12.2022.07.27,B,D,40,128,40,lda,5,10,0,0.5,30,,held_out,initial,primary_0729_initial
stage2,T3_modality,6v_sup,nonvocal,B/D,place,stop,40,0.72625,0.10375,1.2015270958526971,,0.2614725,t12.2022.06.23;t12.2022.08.18;t12.2022.08.23;t12.2022.08.25,t12.2022.06.23/test:1;t12.2022.06.23/train:30;t12.2022.08.18/train:9;t12.2022.08.23/test:4;t12.2022.08.23/train:19;t12.2022.08.25/train:17,t12.2022.06.21;t12.2022.08.13,B,D,40,128,40,lda,5,10,0,0.5,30,,held_out,initial,primary_0729_initial
stage2,T3_modality,6v_sup,vocal,D/G,place,stop,28,0.6137878787878788,0.10790059789746272,0.5819374317602664,,0.18616428571428573,t12.2022.07.29,t12.2022.07.29/test:9;t12.2022.07.29/train:47,t12.2022.07.27,D,G,28,128,28,lda,5,10,0,0.5,30,,held_out,initial,primary_0729_initial
stage2,T3_modality,6v_sup,nonvocal,D/G,place,stop,28,0.5583333333333332,0.15147916239245074,0.2987581888036562,,0.2666375,t12.2022.06.23;t12.2022.08.18;t12.2022.08.23;t12.2022.08.25,t12.2022.06.23/test:2;t12.2022.06.23/train:14;t12.2022.08.18/test:1;t12.2022.08.18/train:10;t12.2022.08.23/test:3;t12.2022.08.23/train:8;t12.2022.08.25/test:1;t12.2022.08.25/train:17,t12.2022.06.21;t12.2022.08.13,D,G,28,128,28,lda,5,10,0,0.5,30,,held_out,initial,primary_0729_initial
stage2,T3_modality,6v_sup,vocal,F/S,place,fricative,40,0.655,0.11939953936259554,0.7956123440678909,,0.18649,t12.2022.07.29,t12.2022.07.29/test:14;t12.2022.07.29/train:66,t12.2022.07.27,F,S,40,128,40,lda,5,10,0,0.5,30,,held_out,initial,primary_0729_initial
stage2,T3_modality,6v_sup,nonvocal,F/S,place,fricative,40,0.69375,0.10625,1.0105756126996126,,0.25591125000000003,t12.2022.06.23;t12.2022.08.18;t12.2022.08.23;t12.2022.08.25,t12.2022.06.23/test:2;t12.2022.06.23/train:25;t12.2022.08.18/test:1;t12.2022.08.18/train:26;t12.2022.08.23/test:3;t12.2022.08.23/train:14;t12.2022.08.25/test:1;t12.2022.08.25/train:8,t12.2022.06.21;t12.2022.08.13,F,S,40,128,40,lda,5,10,0,0.5,30,,held_out,initial,primary_0729_initial
stage2,T3_modality,6v_sup,vocal,F/TH,place,fricative,18,0.8807142857142856,0.10192283996299578,2.4968700342127796,,0.18503333333333333,t12.2022.07.29,t12.2022.07.29/test:4;t12.2022.07.29/train:32,t12.2022.07.27,F,TH,18,128,18,lda,5,10,0,0.5,28,,held_out,initial,primary_0729_initial
stage2,T3_modality,6v_sup,nonvocal,F/TH,place,fricative,18,0.6503571428571427,0.13860134065965257,0.7811144898416502,,0.2670666666666667,t12.2022.06.23;t12.2022.08.18;t12.2022.08.23;t12.2022.08.25,t12.2022.06.23/train:9;t12.2022.08.18/train:8;t12.2022.08.23/test:1;t12.2022.08.23/train:6;t12.2022.08.25/test:1;t12.2022.08.25/train:11,t12.2022.06.21;t12.2022.08.13,F,TH,18,128,18,lda,5,10,0,0.5,28,,held_out,initial,primary_0729_initial
stage2,T3_modality,6v_sup,vocal,M/N,place,nasal,26,0.6481818181818181,0.15258922332320904,0.7580282768818711,,0.18688461538461537,t12.2022.07.29,t12.2022.07.29/test:10;t12.2022.07.29/train:42,t12.2022.07.27,M,N,26,128,26,lda,5,10,0,0.5,30,,held_out,initial,primary_0729_initial
stage2,T3_modality,6v_sup,nonvocal,M/N,place,nasal,26,0.628909090909091,0.15299424717753765,0.6611884833139594,,0.2678673076923077,t12.2022.06.23;t12.2022.08.18;t12.2022.08.23;t12.2022.08.25,t12.2022.06.23/test:1;t12.2022.06.23/train:11;t12.2022.08.18/test:1;t12.2022.08.18/train:8;t12.2022.08.23/train:21;t12.2022.08.25/train:10,t12.2022.06.21;t12.2022.08.13,M,N,26,128,26,lda,5,10,0,0.5,30,,held_out,initial,primary_0729_initial
stage2,T3_modality,6v_inf,vocal,P/B,laryngeal,stop,28,0.6207575757575757,0.11400354818636886,0.6250913469927771,,0.18738571428571427,t12.2022.07.29,t12.2022.07.29/test:12;t12.2022.07.29/train:44,t12.2022.07.27,B,P,28,128,28,lda,5,10,0,0.5,30,,held_out,initial,primary_0729_initial
stage2,T3_modality,6v_inf,nonvocal,P/B,laryngeal,stop,28,0.6016666666666667,0.13151384233393906,0.5141158763827651,,0.2661678571428571,t12.2022.06.23;t12.2022.08.18;t12.2022.08.23;t12.2022.08.25,t12.2022.06.23/test:1;t12.2022.06.23/train:15;t12.2022.08.18/test:2;t12.2022.08.18/train:10;t12.2022.08.23/train:15;t12.2022.08.25/test:1;t12.2022.08.25/train:12,t12.2022.06.21;t12.2022.08.13,B,P,28,128,28,lda,5,10,0,0.5,30,,held_out,initial,primary_0729_initial
stage2,T3_modality,6v_inf,vocal,T/D,laryngeal,stop,49,0.7430526315789473,0.08113078938448452,1.308712778363725,,0.18552448979591837,t12.2022.07.29,t12.2022.07.29/test:13;t12.2022.07.29/train:85,t12.2022.07.27,D,T,49,128,49,lda,5,10,0,0.5,30,,held_out,initial,primary_0729_initial
stage2,T3_modality,6v_inf,nonvocal,T/D,laryngeal,stop,49,0.7208421052631578,0.10604295371801466,1.1815708668139902,,0.2657969387755102,t12.2022.06.23;t12.2022.08.18;t12.2022.08.23;t12.2022.08.25,t12.2022.06.23/test:2;t12.2022.06.23/train:25;t12.2022.08.18/test:2;t12.2022.08.18/train:21;t12.2022.08.23/test:2;t12.2022.08.23/train:21;t12.2022.08.25/test:3;t12.2022.08.25/train:22,t12.2022.06.21;t12.2022.08.13,D,T,49,128,49,lda,5,10,0,0.5,30,,held_out,initial,primary_0729_initial
stage2,T3_modality,6v_inf,vocal,K/G,laryngeal,stop,28,0.7272727272727272,0.13425131648502162,1.2105657179284517,,0.18657142857142858,t12.2022.07.29,t12.2022.07.29/test:10;t12.2022.07.29/train:46,t12.2022.07.27,G,K,28,128,28,lda,5,10,0,0.5,30,,held_out,initial,primary_0729_initial
stage2,T3_modality,6v_inf,nonvocal,K/G,laryngeal,stop,28,0.6227272727272727,0.15653795779747787,0.6261148778849952,,0.2622732142857143,t12.2022.06.23;t12.2022.08.18;t12.2022.08.23;t12.2022.08.25,t12.2022.06.23/train:13;t12.2022.08.18/test:1;t12.2022.08.18/train:17;t12.2022.08.23/train:14;t12.2022.08.25/train:11,t12.2022.06.21;t12.2022.08.13,G,K,28,128,28,lda,5,10,0,0.5,30,,held_out,initial,primary_0729_initial
stage2,T3_modality,6v_inf,vocal,TH/DH,laryngeal,fricative,18,0.805,0.1536063083313432,1.772717947603487,,0.1844,t12.2022.07.29,t12.2022.07.29/test:3;t12.2022.07.29/train:33,t12.2022.07.27,DH,TH,18,128,18,lda,5,10,0,0.5,28,,held_out,initial,primary_0729_initial
stage2,T3_modality,6v_inf,nonvocal,TH/DH,laryngeal,fricative,18,0.6507142857142857,0.15199187679690285,0.7624719644327125,,0.2717805555555556,t12.2022.06.23;t12.2022.08.18;t12.2022.08.23;t12.2022.08.25,t12.2022.06.23/test:1;t12.2022.06.23/train:11;t12.2022.08.18/train:2;t12.2022.08.23/train:8;t12.2022.08.25/train:14,t12.2022.06.21;t12.2022.08.13,DH,TH,18,128,18,lda,5,10,0,0.5,28,,held_out,initial,primary_0729_initial
stage2,T3_modality,6v_inf,vocal,P/T,place,stop,28,0.7692424242424244,0.10481092776286449,1.469260442728949,,0.18657142857142858,t12.2022.07.29,t12.2022.07.29/test:10;t12.2022.07.29/train:46,t12.2022.07.27,P,T,28,128,28,lda,5,10,0,0.5,30,,held_out,initial,primary_0729_initial
stage2,T3_modality,6v_inf,nonvocal,P/T,place,stop,28,0.7486363636363635,0.09625315278725993,1.3332416690002111,,0.2710214285714286,t12.2022.06.23;t12.2022.08.18;t12.2022.08.23;t12.2022.08.25,t12.2022.06.23/train:8;t12.2022.08.18/test:2;t12.2022.08.18/train:12;t12.2022.08.23/test:1;t12.2022.08.23/train:12;t12.2022.08.25/train:21,t12.2022.06.21;t12.2022.08.13,P,T,28,128,28,lda,5,10,0,0.5,30,,held_out,initial,primary_0729_initial
stage2,T3_modality,6v_inf,vocal,T/K,place,stop,45,0.8122222222222223,0.06563084189165491,1.7678269000016031,,0.1857933333333333,t12.2022.07.29,t12.2022.07.29/test:13;t12.2022.07.29/train:77,t12.2022.07.27,K,T,45,128,45,lda,5,10,0,0.5,30,,held_out,initial,primary_0729_initial
stage2,T3_modality,6v_inf,nonvocal,T/K,place,stop,45,0.7177777777777778,0.10051718113687681,1.14967310646523,,0.2608344444444445,t12.2022.06.23;t12.2022.08.18;t12.2022.08.23;t12.2022.08.25,t12.2022.06.23/test:4;t12.2022.06.23/train:23;t12.2022.08.18/test:2;t12.2022.08.18/train:27;t12.2022.08.23/test:1;t12.2022.08.23/train:17;t12.2022.08.25/train:16,t12.2022.06.21;t12.2022.08.13,K,T,45,128,45,lda,5,10,0,0.5,30,,held_out,initial,primary_0729_initial
stage2,T3_modality,6v_inf,vocal,B/D,place,stop,40,0.6675,0.09307255234493142,0.8683498120491655,,0.186205,t12.2022.07.29,t12.2022.07.29/test:13;t12.2022.07.29/train:67,t12.2022.07.27,B,D,40,128,40,lda,5,10,0,0.5,30,,held_out,initial,primary_0729_initial
stage2,T3_modality,6v_inf,nonvocal,B/D,place,stop,40,0.7325,0.08663861725581729,1.2432968166656821,,0.25989375,t12.2022.06.23;t12.2022.08.18;t12.2022.08.23;t12.2022.08.25,t12.2022.06.23/test:1;t12.2022.06.23/train:22;t12.2022.08.18/train:22;t12.2022.08.23/test:6;t12.2022.08.23/train:10;t12.2022.08.25/test:1;t12.2022.08.25/train:18,t12.2022.06.21;t12.2022.08.13,B,D,40,128,40,lda,5,10,0,0.5,30,,held_out,initial,primary_0729_initial
stage2,T3_modality,6v_inf,vocal,D/G,place,stop,28,0.4857575757575758,0.11987558594859817,-0.07138107587268319,,0.18575714285714287,t12.2022.07.29,t12.2022.07.29/test:8;t12.2022.07.29/train:48,t12.2022.07.27,D,G,28,128,28,lda,5,10,0,0.5,30,,held_out,initial,primary_0729_initial
stage2,T3_modality,6v_inf,nonvocal,D/G,place,stop,28,0.5869696969696969,0.14122024947344017,0.44064246744884683,,0.26914642857142856,t12.2022.06.23;t12.2022.08.18;t12.2022.08.23;t12.2022.08.25,t12.2022.06.23/test:1;t12.2022.06.23/train:5;t12.2022.08.18/train:16;t12.2022.08.23/test:2;t12.2022.08.23/train:17;t12.2022.08.25/test:1;t12.2022.08.25/train:14,t12.2022.06.21;t12.2022.08.13,D,G,28,128,28,lda,5,10,0,0.5,30,,held_out,initial,primary_0729_initial
stage2,T3_modality,6v_inf,vocal,F/S,place,fricative,40,0.64875,0.11516971173012461,0.7619001380694137,,0.18592,t12.2022.07.29,t12.2022.07.29/test:12;t12.2022.07.29/train:68,t12.2022.07.27,F,S,40,128,40,lda,5,10,0,0.5,30,,held_out,initial,primary_0729_initial
stage2,T3_modality,6v_inf,nonvocal,F/S,place,fricative,40,0.60125,0.10960867894468941,0.511862414697953,,0.26278250000000003,t12.2022.06.23;t12.2022.08.18;t12.2022.08.23;t12.2022.08.25,t12.2022.06.23/test:2;t12.2022.06.23/train:24;t12.2022.08.18/train:20;t12.2022.08.23/test:2;t12.2022.08.23/train:12;t12.2022.08.25/test:2;t12.2022.08.25/train:18,t12.2022.06.21;t12.2022.08.13,F,S,40,128,40,lda,5,10,0,0.5,30,,held_out,initial,primary_0729_initial
stage2,T3_modality,6v_inf,vocal,F/TH,place,fricative,18,0.775,0.13956016916128516,1.5038242277384857,,0.18376666666666666,t12.2022.07.29,t12.2022.07.29/test:2;t12.2022.07.29/train:34,t12.2022.07.27,F,TH,18,128,18,lda,5,10,0,0.5,28,,held_out,initial,primary_0729_initial
stage2,T3_modality,6v_inf,nonvocal,F/TH,place,fricative,18,0.6403571428571427,0.12325361691095582,0.7075766531642265,,0.26845833333333335,t12.2022.06.23;t12.2022.08.18;t12.2022.08.23;t12.2022.08.25,t12.2022.06.23/train:8;t12.2022.08.18/train:9;t12.2022.08.23/train:7;t12.2022.08.25/test:1;t12.2022.08.25/train:11,t12.2022.06.21;t12.2022.08.13,F,TH,18,128,18,lda,5,10,0,0.5,28,,held_out,initial,primary_0729_initial
stage2,T3_modality,6v_inf,vocal,M/N,place,nasal,26,0.6012727272727273,0.12528328231031577,0.5304313650830178,,0.18732307692307693,t12.2022.07.29,t12.2022.07.29/test:11;t12.2022.07.29/train:41,t12.2022.07.27,M,N,26,128,26,lda,5,10,0,0.5,30,,held_out,initial,primary_0729_initial
stage2,T3_modality,6v_inf,nonvocal,M/N,place,nasal,26,0.7210909090909091,0.12018498139146222,1.1675235308214729,,0.2700192307692308,t12.2022.06.23;t12.2022.08.18;t12.2022.08.23;t12.2022.08.25,t12.2022.06.23/test:1;t12.2022.06.23/train:13;t12.2022.08.18/test:2;t12.2022.08.18/train:6;t12.2022.08.23/train:15;t12.2022.08.25/test:1;t12.2022.08.25/train:14,t12.2022.06.21;t12.2022.08.13,M,N,26,128,26,lda,5,10,0,0.5,30,,held_out,initial,primary_0729_initial
