session,partition,modality,input_layer_from,trial_idx,sentence,phone_idx,phoneme,word_idx,position_in_word,word,start_bin,end_bin,n_bins,rnn_start_step,rnn_end_step,rnn_center_start,rnn_center_end,seg_start_bin,seg_end_bin,score
t12.2022.07.29,train,vocal,t12.2022.07.27,0,what kind of running do you do,0,W,0,initial,what,20,52,32,5,5,36,40,16,40,0.9360050442749833
t12.2022.07.29,train,vocal,t12.2022.07.27,0,what kind of running do you do,1,AH,0,medial,what,24,56,32,6,6,40,44,40,44,0.999998581023726
t12.2022.07.29,train,vocal,t12.2022.07.27,0,what kind of running do you do,2,T,0,final,what,28,60,32,7,7,44,48,44,48,0.9999755340356391
t12.2022.07.29,train,vocal,t12.2022.07.27,0,what kind of running do you do,3,SIL,0,sil,what,32,72,40,8,10,48,60,48,60,0.9565156262665471
t12.2022.07.29,train,vocal,t12.2022.07.27,0,what kind of running do you do,4,K,1,initial,kind,44,76,32,11,11,60,64,60,68,0.9998451262511421
t12.2022.07.29,train,vocal,t12.2022.07.27,0,what kind of running do you do,5,AY,1,medial,kind,56,88,32,14,14,72,76,68,76,0.9953601969567816
t12.2022.07.29,train,vocal,t12.2022.07.27,0,what kind of running do you do,6,N,1,medial,kind,60,92,32,15,15,76,80,76,80,0.9999498909890366
t12.2022.07.29,train,vocal,t12.2022.07.27,0,what kind of running do you do,7,D,1,final,kind,64,96,32,16,16,80,84,80,84,0.997903552166677
t12.2022.07.29,train,vocal,t12.2022.07.27,0,what kind of running do you do,8,SIL,1,sil,kind,68,100,32,17,17,84,88,84,92,0.9995252128670509
t12.2022.07.29,train,vocal,t12.2022.07.27,0,what kind of running do you do,9,AH,2,initial,of,80,112,32,20,20,96,100,92,100,0.6984101749355369
t12.2022.07.29,train,vocal,t12.2022.07.27,0,what kind of running do you do,10,V,2,final,of,84,116,32,21,21,100,104,100,104,0.9999765731515255
t12.2022.07.29,train,vocal,t12.2022.07.27,0,what kind of running do you do,11,SIL,2,sil,of,88,128,40,22,24,104,116,104,116,0.9997304482272886
t12.2022.07.29,train,vocal,t12.2022.07.27,0,what kind of running do you do,12,R,3,initial,running,100,132,32,25,25,116,120,116,124,0.038566270113273314
t12.2022.07.29,train,vocal,t12.2022.07.27,0,what kind of running do you do,13,AH,3,medial,running,108,140,32,27,27,124,128,124,128,0.9903072773261385
t12.2022.07.29,train,vocal,t12.2022.07.27,0,what kind of running do you do,14,N,3,medial,running,112,144,32,28,28,128,132,128,132,0.9998823199477772
t12.2022.07.29,train,vocal,t12.2022.07.27,0,what kind of running do you do,15,IH,3,medial,running,116,148,32,29,29,132,136,132,136,0.0012339271963387175
t12.2022.07.29,train,vocal,t12.2022.07.27,0,what kind of running do you do,16,NG,3,final,running,120,152,32,30,30,136,140,136,140,0.0018466517399958126
t12.2022.07.29,train,vocal,t12.2022.07.27,0,what kind of running do you do,17,SIL,3,sil,running,124,172,48,31,35,140,160,140,160,0.9996817515816755
t12.2022.07.29,train,vocal,t12.2022.07.27,0,what kind of running do you do,18,D,4,initial,do,144,176,32,36,36,160,164,160,168,0.024733453537986016
t12.2022.07.29,train,vocal,t12.2022.07.27,0,what kind of running do you do,19,UW,4,final,do,152,184,32,38,38,168,172,168,172,0.999999151008069
t12.2022.07.29,train,vocal,t12.2022.07.27,0,what kind of running do you do,20,SIL,4,sil,do,156,200,44,39,42,172,188,172,188,0.9768769882742887
t12.2022.07.29,train,vocal,t12.2022.07.27,0,what kind of running do you do,21,Y,5,initial,you,172,208,36,43,44,188,196,188,196,0.9871784985105667
t12.2022.07.29,train,vocal,t12.2022.07.27,0,what kind of running do you do,22,UW,5,final,you,180,212,32,45,45,196,200,196,200,0.9999615083941269
t12.2022.07.29,train,vocal,t12.2022.07.27,0,what kind of running do you do,23,SIL,5,sil,you,184,228,44,46,49,200,216,200,216,0.9970234935473395
t12.2022.07.29,train,vocal,t12.2022.07.27,0,what kind of running do you do,24,D,6,initial,do,200,232,32,50,50,216,220,216,224,0.3777555369117846
t12.2022.07.29,train,vocal,t12.2022.07.27,0,what kind of running do you do,25,UW,6,final,do,208,240,32,52,52,224,228,224,228,0.07407262477425999
t12.2022.07.29,train,vocal,t12.2022.07.27,0,what kind of running do you do,26,SIL,6,sil,do,212,300,88,53,67,228,288,228,288,0.9863318606084042
t12.2022.07.29,train,vocal,t12.2022.07.27,1,do you mind if i ask what it's worth down there,0,D,0,initial,do,16,48,32,4,4,32,36,16,40,0.0005843799764185044
t12.2022.07.29,train,vocal,t12.2022.07.27,1,do you mind if i ask what it's worth down there,1,UW,0,final,do,24,56,32,6,6,40,44,40,48,0.3836713128967792
t12.2022.07.29,train,vocal,t12.2022.07.27,1,do you mind if i ask what it's worth down there,2,SIL,0,sil,do,32,64,32,8,8,48,52,48,52,0.9887567108546551
t12.2022.07.29,train,vocal,t12.2022.07.27,1,do you mind if i ask what it's worth down there,3,Y,1,initial,you,36,68,32,9,9,52,56,52,56,0.9798324868379884
t12.2022.07.29,train,vocal,t12.2022.07.27,1,do you mind if i ask what it's worth down there,4,UW,1,final,you,40,72,32,10,10,56,60,56,60,0.9754935636511218
t12.2022.07.29,train,vocal,t12.2022.07.27,1,do you mind if i ask what it's worth down there,5,SIL,1,sil,you,44,84,40,11,13,60,72,60,72,0.9838017090123147
t12.2022.07.29,train,vocal,t12.2022.07.27,1,do you mind if i ask what it's worth down there,6,M,2,initial,mind,56,88,32,14,14,72,76,72,80,0.9982078465858275
t12.2022.07.29,train,vocal,t12.2022.07.27,1,do you mind if i ask what it's worth down there,7,AY,2,medial,mind,68,100,32,17,17,84,88,80,88,0.012337044790273735
t12.2022.07.29,train,vocal,t12.2022.07.27,1,do you mind if i ask what it's worth down there,8,N,2,medial,mind,72,112,40,18,20,88,100,88,100,0.9762579690270163
t12.2022.07.29,train,vocal,t12.2022.07.27,1,do you mind if i ask what it's worth down there,9,D,2,final,mind,84,116,32,21,21,100,104,100,104,0.03827182513506116
t12.2022.07.29,train,vocal,t12.2022.07.27,1,do you mind if i ask what it's worth down there,10,SIL,2,sil,mind,88,128,40,22,24,104,116,104,124,0.9995109467856521
t12.2022.07.29,train,vocal,t12.2022.07.27,1,do you mind if i ask what it's worth down there,11,IH,3,initial,if,112,144,32,28,28,128,132,124,132,0.9903315230038533
t12.2022.07.29,train,vocal,t12.2022.07.27,1,do you mind if i ask what it's worth down there,12,F,3,final,if,116,148,32,29,29,132,136,132,136,0.9844005059707609
t12.2022.07.29,train,vocal,t12.2022.07.27,1,do you mind if i ask what it's worth down there,13,SIL,3,sil,if,120,160,40,30,32,136,148,136,152,0.9966647138818905
t12.2022.07.29,train,vocal,t12.2022.07.27,1,do you mind if i ask what it's worth down there,14,AY,4,single,i,136,168,32,34,34,152,156,152,156,0.6238122200436906
t12.2022.07.29,train,vocal,t12.2022.07.27,1,do you mind if i ask what it's worth down there,15,SIL,4,sil,i,140,184,44,35,38,156,172,156,176,0.9719003791935532
t12.2022.07.29,train,vocal,t12.2022.07.27,1,do you mind if i ask what it's worth down there,16,AE,5,initial,ask,160,192,32,40,40,176,180,176,180,0.010741249029442665
t12.2022.07.29,train,vocal,t12.2022.07.27,1,do you mind if i ask what it's worth down there,17,S,5,medial,ask,164,196,32,41,41,180,184,180,184,0.09057699704337019
t12.2022.07.29,train,vocal,t12.2022.07.27,1,do you mind if i ask what it's worth down there,18,K,5,final,ask,168,200,32,42,42,184,188,184,188,0.0013036326807089604
t12.2022.07.29,train,vocal,t12.2022.07.27,1,do you mind if i ask what it's worth down there,19,SIL,5,sil,ask,172,216,44,43,46,188,204,188,204,0.9995792435191038
t12.2022.07.29,train,vocal,t12.2022.07.27,1,do you mind if i ask what it's worth down there,20,W,6,initial,what,188,220,32,47,47,204,208,204,212,0.9983673778907456
t12.2022.07.29,train,vocal,t12.2022.07.27,1,do you mind if i ask what it's worth down there,21,AH,6,medial,what,196,228,32,49,49,212,216,212,216,0.9988892287684719
t12.2022.07.29,train,vocal,t12.2022.07.27,1,do you mind if i ask what it's worth down there,22,T,6,final,what,200,232,32,50,50,216,220,216,220,0.9999324696133979
t12.2022.07.29,train,vocal,t12.2022.07.27,1,do you mind if i ask what it's worth down there,23,SIL,6,sil,what,204,244,40,51,53,220,232,220,236,0.8047146868603688
t12.2022.07.29,train,vocal,t12.2022.07.27,1,do you mind if i ask what it's worth down there,24,IH,7,initial,it's,220,252,32,55,55,236,240,236,240,0.9999962390829275
t12.2022.07.29,train,vocal,t12.2022.07.27,1,do you mind if i ask what it's worth down there,25,T,7,medial,it's,224,256,32,56,56,240,244,240,244,0.9999943000455372
t12.2022.07.29,train,vocal,t12.2022.07.27,1,do you mind if i ask what it's worth down there,26,S,7,final,it's,228,260,32,57,57,244,248,244,248,0.13644738663225345
t12.2022.07.29,train,vocal,t12.2022.07.27,1,do you mind if i ask what it's worth down there,27,SIL,7,sil,it's,232,272,40,58,60,248,260,248,260,0.9994921847268903
t12.2022.07.29,train,vocal,t12.2022.07.27,1,do you mind if i ask what it's worth down there,28,W,8,initial,worth,244,276,32,61,61,260,264,260,268,0.9999897484315625
t12.2022.07.29,train,vocal,t12.2022.07.27,1,do you mind if i ask what it's worth down there,29,ER,8,medial,worth,252,284,32,63,63,268,272,268,272,0.34111358773073397
t12.2022.07.29,train,vocal,t12.2022.07.27,1,do you mind if i ask what it's worth down there,30,TH,8,final,worth,256,288,32,64,64,272,276,272,276,0.844783537277243
t12.2022.07.29,train,vocal,t12.2022.07.27,1,do you mind if i ask what it's worth down there,31,SIL,8,sil,worth,260,312,52,65,70,276,300,276,300,0.9986569431485309
t12.2022.07.29,train,vocal,t12.2022.07.27,1,do you mind if i ask what it's worth down there,32,D,9,initial,down,284,316,32,71,71,300,304,300,308,0.8573202424294287
t12.2022.07.29,train,vocal,t12.2022.07.27,1,do you mind if i ask what it's worth down there,33,AW,9,medial,down,292,324,32,73,73,308,312,308,312,0.9902799571474084
t12.2022.07.29,train,vocal,t12.2022.07.27,1,do you mind if i ask what it's worth down there,34,N,9,final,down,296,328,32,74,74,312,316,312,316,0.999895497223721
t12.2022.07.29,train,vocal,t12.2022.07.27,1,do you mind if i ask what it's worth down there,35,SIL,9,sil,down,300,344,44,75,78,316,332,316,332,0.8090200625136844
t12.2022.07.29,train,vocal,t12.2022.07.27,1,do you mind if i ask what it's worth down there,36,DH,10,initial,there,316,348,32,79,79,332,336,332,336,0.9999845229753758
t12.2022.07.29,train,vocal,t12.2022.07.27,1,do you mind if i ask what it's worth down there,37,EH,10,medial,there,320,352,32,80,80,336,340,336,340,0.9999920006790075
t12.2022.07.29,train,vocal,t12.2022.07.27,1,do you mind if i ask what it's worth down there,38,R,10,final,there,324,356,32,81,81,340,344,340,344,0.9998615640175356
t12.2022.07.29,train,vocal,t12.2022.07.27,1,do you mind if i ask what it's worth down there,39,SIL,10,sil,there,328,388,60,82,89,344,376,344,376,0.9996271530009943
t12.2022.07.29,train,vocal,t12.2022.07.27,2,everything has changed for me from that point on,0,EH,0,initial,everything,20,52,32,5,5,36,40,16,40,0.05451931262750858
t12.2022.07.29,train,vocal,t12.2022.07.27,2,everything has changed for me from that point on,1,V,0,medial,everything,24,56,32,6,6,40,44,40,44,0.03915777901772323
t12.2022.07.29,train,vocal,t12.2022.07.27,2,everything has changed for me from that point on,2,R,0,medial,everything,28,60,32,7,7,44,48,44,48,0.7195070363731331
t12.2022.07.29,train,vocal,t12.2022.07.27,2,everything has changed for me from that point on,3,IY,0,medial,everything,32,64,32,8,8,48,52,48,52,0.005962418225721207
t12.2022.07.29,train,vocal,t12.2022.07.27,2,everything has changed for me from that point on,4,TH,0,medial,everything,36,68,32,9,9,52,56,52,56,0.9985911130925228
t12.2022.07.29,train,vocal,t12.2022.07.27,2,everything has changed for me from that point on,5,IH,0,medial,everything,40,72,32,10,10,56,60,56,60,0.9999090027800942
t12.2022.07.29,train,vocal,t12.2022.07.27,2,everything has changed for me from that point on,6,NG,0,final,everything,44,80,36,11,12,60,68,60,68,0.9629470484486014
t12.2022.07.29,train,vocal,t12.2022.07.27,2,everything has changed for me from that point on,7,SIL,0,sil,everything,52,92,40,13,15,68,80,68,80,0.897459989537404
t12.2022.07.29,train,vocal,t12.2022.07.27,2,everything has changed for me from that point on,8,HH,1,initial,has,64,96,32,16,16,80,84,80,88,0.06918144753330054
t12.2022.07.29,train,vocal,t12.2022.07.27,2,everything has changed for me from that point on,9,AE,1,medial,has,72,104,32,18,18,88,92,88,92,0.0813652410913951
t12.2022.07.29,train,vocal,t12.2022.07.27,2,everything has changed for me from that point on,10,Z,1,final,has,76,108,32,19,19,92,96,92,96,0.031889275973997044
t12.2022.07.29,train,vocal,t12.2022.07.27,2,everything has changed for me from that point on,11,SIL,1,sil,has,80,124,44,20,23,96,112,96,112,0.9996468232037343
t12.2022.07.29,train,vocal,t12.2022.07.27,2,everything has changed for me from that point on,12,CH,2,initial,changed,96,128,32,24,24,112,116,112,120,0.001162717149689446
t12.2022.07.29,train,vocal,t12.2022.07.27,2,everything has changed for me from that point on,13,EY,2,medial,changed,108,140,32,27,27,124,128,120,128,0.9092936585890413
t12.2022.07.29,train,vocal,t12.2022.07.27,2,everything has changed for me from that point on,14,N,2,medial,changed,112,144,32,28,28,128,132,128,132,0.7284373047242745
t12.2022.07.29,train,vocal,t12.2022.07.27,2,everything has changed for me from that point on,15,JH,2,medial,changed,116,148,32,29,29,132,136,132,136,0.2317432887973096
t12.2022.07.29,train,vocal,t12.2022.07.27,2,everything has changed for me from that point on,16,D,2,final,changed,120,152,32,30,30,136,140,136,140,0.0018707746907119492
t12.2022.07.29,train,vocal,t12.2022.07.27,2,everything has changed for me from that point on,17,SIL,2,sil,changed,124,164,40,31,33,140,152,140,152,0.9712919873424246
t12.2022.07.29,train,vocal,t12.2022.07.27,2,everything has changed for me from that point on,18,F,3,initial,for,136,168,32,34,34,152,156,152,160,0.9998124886166339
t12.2022.07.29,train,vocal,t12.2022.07.27,2,everything has changed for me from that point on,19,AO,3,medial,for,144,176,32,36,36,160,164,160,164,0.9993485430715031
t12.2022.07.29,train,vocal,t12.2022.07.27,2,everything has changed for me from that point on,20,R,3,final,for,148,180,32,37,37,164,168,164,168,0.9997959738250196
t12.2022.07.29,train,vocal,t12.2022.07.27,2,everything has changed for me from that point on,21,SIL,3,sil,for,152,188,36,38,39,168,176,168,176,0.9999166739417025
t12.2022.07.29,train,vocal,t12.2022.07.27,2,everything has changed for me from that point on,22,M,4,initial,me,160,192,32,40,40,176,180,176,184,0.9999731159081717
t12.2022.07.29,train,vocal,t12.2022.07.27,2,everything has changed for me from that point on,23,IY,4,final,me,168,200,32,42,42,184,188,184,192,0.9997883478077839
t12.2022.07.29,train,vocal,t12.2022.07.27,2,everything has changed for me from that point on,24,SIL,4,sil,me,176,228,52,44,49,192,216,192,216,0.9997701104207337
t12.2022.07.29,train,vocal,t12.2022.07.27,2,everything has changed for me from that point on,25,F,5,initial,from,200,232,32,50,50,216,220,216,220,0.4566222522471373
t12.2022.07.29,train,vocal,t12.2022.07.27,2,everything has changed for me from that point on,26,R,5,medial,from,204,236,32,51,51,220,224,220,224,0.6271605453265209
t12.2022.07.29,train,vocal,t12.2022.07.27,2,everything has changed for me from that point on,27,AH,5,medial,from,208,240,32,52,52,224,228,224,228,0.9997280641781048
t12.2022.07.29,train,vocal,t12.2022.07.27,2,everything has changed for me from that point on,28,M,5,final,from,212,248,36,53,54,228,236,228,236,0.8424782630509363
t12.2022.07.29,train,vocal,t12.2022.07.27,2,everything has changed for me from that point on,29,SIL,5,sil,from,220,260,40,55,57,236,248,236,248,0.9861521513763547
t12.2022.07.29,train,vocal,t12.2022.07.27,2,everything has changed for me from that point on,30,DH,6,initial,that,232,264,32,58,58,248,252,248,252,0.9999611339924396
t12.2022.07.29,train,vocal,t12.2022.07.27,2,everything has changed for me from that point on,31,AE,6,medial,that,236,272,36,59,60,252,260,252,260,0.9955337756428939
t12.2022.07.29,train,vocal,t12.2022.07.27,2,everything has changed for me from that point on,32,T,6,final,that,244,276,32,61,61,260,264,260,264,0.9999987258950751
t12.2022.07.29,train,vocal,t12.2022.07.27,2,everything has changed for me from that point on,33,SIL,6,sil,that,248,312,64,62,70,264,300,264,300,0.9781810327009796
t12.2022.07.29,train,vocal,t12.2022.07.27,2,everything has changed for me from that point on,34,P,7,initial,point,284,316,32,71,71,300,304,300,308,0.9987844989509043
t12.2022.07.29,train,vocal,t12.2022.07.27,2,everything has changed for me from that point on,35,OY,7,medial,point,292,324,32,73,73,308,312,308,312,0.9994416449911087
t12.2022.07.29,train,vocal,t12.2022.07.27,2,everything has changed for me from that point on,36,N,7,medial,point,296,328,32,74,74,312,316,312,316,0.9864437114965388
t12.2022.07.29,train,vocal,t12.2022.07.27,2,everything has changed for me from that point on,37,T,7,final,point,300,332,32,75,75,316,320,316,320,0.9992900729642061
t12.2022.07.29,train,vocal,t12.2022.07.27,2,everything has changed for me from that point on,38,SIL,7,sil,point,304,340,36,76,77,320,328,320,332,0.9151927638020722
t12.2022.07.29,train,vocal,t12.2022.07.27,2,everything has changed for me from that point on,39,AA,8,initial,on,316,348,32,79,79,332,336,332,336,0.9989376711263165
t12.2022.07.29,train,vocal,t12.2022.07.27,2,everything has changed for me from that point on,40,N,8,final,on,320,356,36,80,81,336,344,336,344,0.9881657302773064
t12.2022.07.29,train,vocal,t12.2022.07.27,2,everything has changed for me from that point on,41,SIL,8,sil,on,328,380,52,82,87,344,368,344,368,0.9999445020030912
t12.2022.07.29,train,vocal,t12.2022.07.27,3,when we bought it,0,W,0,initial,when,8,40,32,2,2,24,28,16,32,0.988346694303147
t12.2022.07.29,train,vocal,t12.2022.07.27,3,when we bought it,1,EH,0,medial,when,16,48,32,4,4,32,36,32,36,0.004056754861199206
t12.2022.07.29,train,vocal,t12.2022.07.27,3,when we bought it,2,N,0,final,when,20,56,36,5,6,36,44,36,44,0.7538076436275793
t12.2022.07.29,train,vocal,t12.2022.07.27,3,when we bought it,3,SIL,0,sil,when,28,64,36,7,8,44,52,44,52,0.9990182014691165
t12.2022.07.29,train,vocal,t12.2022.07.27,3,when we bought it,4,W,1,initial,we,36,68,32,9,9,52,56,52,60,0.0014252965171955454
t12.2022.07.29,train,vocal,t12.2022.07.27,3,when we bought it,5,IY,1,final,we,44,76,32,11,11,60,64,60,68,0.0935039652897183
t12.2022.07.29,train,vocal,t12.2022.07.27,3,when we bought it,6,SIL,1,sil,we,52,88,36,13,14,68,76,68,76,0.9984161221933843
t12.2022.07.29,train,vocal,t12.2022.07.27,3,when we bought it,7,B,2,initial,bought,60,92,32,15,15,76,80,76,84,0.9989008872081306
t12.2022.07.29,train,vocal,t12.2022.07.27,3,when we bought it,8,AA,2,medial,bought,68,100,32,17,17,84,88,84,88,0.18988332718185774
t12.2022.07.29,train,vocal,t12.2022.07.27,3,when we bought it,9,T,2,final,bought,72,108,36,18,19,88,96,88,96,0.9674315382479063
t12.2022.07.29,train,vocal,t12.2022.07.27,3,when we bought it,10,SIL,2,sil,bought,80,116,36,20,21,96,104,96,108,0.9999038591773239
t12.2022.07.29,train,vocal,t12.2022.07.27,3,when we bought it,11,IH,3,initial,it,92,128,36,23,24,108,116,108,116,0.9988529613595972
t12.2022.07.29,train,vocal,t12.2022.07.27,3,when we bought it,12,T,3,final,it,100,132,32,25,25,116,120,116,120,0.9999488575536682
t12.2022.07.29,train,vocal,t12.2022.07.27,3,when we bought it,13,SIL,3,sil,it,104,160,56,26,32,120,148,120,148,0.9999389987982708
t12.2022.07.29,train,vocal,t12.2022.07.27,4,we got pretty lucky on that,0,W,0,initial,we,12,44,32,3,3,28,32,16,32,0.9992126640194606
t12.2022.07.29,train,vocal,t12.2022.07.27,4,we got pretty lucky on that,1,IY,0,final,we,16,48,32,4,4,32,36,32,40,0.9999492996162118
t12.2022.07.29,train,vocal,t12.2022.07.27,4,we got pretty lucky on that,2,SIL,0,sil,we,24,64,40,6,8,40,52,40,52,0.9996698429822631
t12.2022.07.29,train,vocal,t12.2022.07.27,4,we got pretty lucky on that,3,G,1,initial,got,36,68,32,9,9,52,56,52,60,0.758062559177493
t12.2022.07.29,train,vocal,t12.2022.07.27,4,we got pretty lucky on that,4,AA,1,medial,got,44,76,32,11,11,60,64,60,64,0.9727350515788692
t12.2022.07.29,train,vocal,t12.2022.07.27,4,we got pretty lucky on that,5,T,1,final,got,48,84,36,12,13,64,72,64,72,0.9932497950903076
t12.2022.07.29,train,vocal,t12.2022.07.27,4,we got pretty lucky on that,6,SIL,1,sil,got,56,96,40,14,16,72,84,72,84,0.9999416035123329
t12.2022.07.29,train,vocal,t12.2022.07.27,4,we got pretty lucky on that,7,P,2,initial,pretty,68,100,32,17,17,84,88,84,88,0.006090140299023711
t12.2022.07.29,train,vocal,t12.2022.07.27,4,we got pretty lucky on that,8,R,2,medial,pretty,72,104,32,18,18,88,92,88,92,0.020134970669781448
t12.2022.07.29,train,vocal,t12.2022.07.27,4,we got pretty lucky on that,9,IH,2,medial,pretty,76,112,36,19,20,92,100,92,100,0.13790847127112665
t12.2022.07.29,train,vocal,t12.2022.07.27,4,we got pretty lucky on that,10,T,2,medial,pretty,84,116,32,21,21,100,104,100,104,0.35201861377942506
t12.2022.07.29,train,vocal,t12.2022.07.27,4,we got pretty lucky on that,11,IY,2,final,pretty,88,124,36,22,23,104,112,104,112,0.999930513772121
t12.2022.07.29,train,vocal,t12.2022.07.27,4,we got pretty lucky on that,12,SIL,2,sil,pretty,96,136,40,24,26,112,124,112,124,0.9168798105381352
t12.2022.07.29,train,vocal,t12.2022.07.27,4,we got pretty lucky on that,13,L,3,initial,lucky,108,140,32,27,27,124,128,124,132,0.999307104213574
t12.2022.07.29,train,vocal,t12.2022.07.27,4,we got pretty lucky on that,14,AH,3,medial,lucky,116,148,32,29,29,132,136,132,136,0.7679440432544822
t12.2022.07.29,train,vocal,t12.2022.07.27,4,we got pretty lucky on that,15,K,3,medial,lucky,120,156,36,30,31,136,144,136,148,0.8024695199110141
t12.2022.07.29,train,vocal,t12.2022.07.27,4,we got pretty lucky on that,16,IY,3,final,lucky,132,168,36,33,34,148,156,148,156,0.5969334396020887
t12.2022.07.29,train,vocal,t12.2022.07.27,4,we got pretty lucky on that,17,SIL,3,sil,lucky,140,180,40,35,37,156,168,156,172,0.881117012765107
t12.2022.07.29,train,vocal,t12.2022.07.27,4,we got pretty lucky on that,18,AA,4,initial,on,160,192,32,40,40,176,180,172,180,0.9988429713946487
t12.2022.07.29,train,vocal,t12.2022.07.27,4,we got pretty lucky on that,19,N,4,final,on,164,196,32,41,41,180,184,180,184,0.9998016531930743
t12.2022.07.29,train,vocal,t12.2022.07.27,4,we got pretty lucky on that,20,SIL,4,sil,on,168,208,40,42,44,184,196,184,196,0.9956902441827641
t12.2022.07.29,train,vocal,t12.2022.07.27,4,we got pretty lucky on that,21,DH,5,initial,that,180,212,32,45,45,196,200,196,200,0.999993667696286
t12.2022.07.29,train,vocal,t12.2022.07.27,4,we got pretty lucky on that,22,AE,5,medial,that,184,220,36,46,47,200,208,200,208,0.9635919937069138
t12.2022.07.29,train,vocal,t12.2022.07.27,4,we got pretty lucky on that,23,T,5,final,that,192,224,32,48,48,208,212,208,212,0.9999953748723182
t12.2022.07.29,train,vocal,t12.2022.07.27,4,we got pretty lucky on that,24,SIL,5,sil,that,196,252,56,49,55,212,240,212,240,0.9999432091993121
t12.2022.07.29,train,vocal,t12.2022.07.27,5,i wouldn't take it apart,0,AY,0,single,i,44,76,32,11,11,60,64,16,68,0.999982510870688
t12.2022.07.29,train,vocal,t12.2022.07.27,5,i wouldn't take it apart,1,SIL,0,sil,i,52,92,40,13,15,68,80,68,80,0.9999330561118299
t12.2022.07.29,train,vocal,t12.2022.07.27,5,i wouldn't take it apart,2,W,1,initial,wouldn't,64,100,36,16,17,80,88,80,92,0.8513302810522798
t12.2022.07.29,train,vocal,t12.2022.07.27,5,i wouldn't take it apart,3,UH,1,medial,wouldn't,76,108,32,19,19,92,96,92,96,0.9999114640480812
t12.2022.07.29,train,vocal,t12.2022.07.27,5,i wouldn't take it apart,4,D,1,medial,wouldn't,80,112,32,20,20,96,100,96,100,0.9978169723378751
t12.2022.07.29,train,vocal,t12.2022.07.27,5,i wouldn't take it apart,5,AH,1,medial,wouldn't,84,116,32,21,21,100,104,100,104,0.9986736983804684
t12.2022.07.29,train,vocal,t12.2022.07.27,5,i wouldn't take it apart,6,N,1,medial,wouldn't,88,120,32,22,22,104,108,104,108,0.9916776411590462
t12.2022.07.29,train,vocal,t12.2022.07.27,5,i wouldn't take it apart,7,T,1,final,wouldn't,92,128,36,23,24,108,116,108,116,0.9773590950739726
t12.2022.07.29,train,vocal,t12.2022.07.27,5,i wouldn't take it apart,8,SIL,1,sil,wouldn't,100,136,36,25,26,116,124,116,124,0.9994668030073932
t12.2022.07.29,train,vocal,t12.2022.07.27,5,i wouldn't take it apart,9,T,2,initial,take,108,140,32,27,27,124,128,124,132,0.9990494693817511
t12.2022.07.29,train,vocal,t12.2022.07.27,5,i wouldn't take it apart,10,EY,2,medial,take,116,148,32,29,29,132,136,132,136,0.9989436376981438
t12.2022.07.29,train,vocal,t12.2022.07.27,5,i wouldn't take it apart,11,K,2,final,take,120,156,36,30,31,136,144,136,144,0.9785162175041373
t12.2022.07.29,train,vocal,t12.2022.07.27,5,i wouldn't take it apart,12,SIL,2,sil,take,128,164,36,32,33,144,152,144,156,0.9991072125283942
t12.2022.07.29,train,vocal,t12.2022.07.27,5,i wouldn't take it apart,13,IH,3,initial,it,144,176,32,36,36,160,164,156,164,0.9999869007873623
t12.2022.07.29,train,vocal,t12.2022.07.27,5,i wouldn't take it apart,14,T,3,final,it,148,180,32,37,37,164,168,164,168,0.9999943105100987
t12.2022.07.29,train,vocal,t12.2022.07.27,5,i wouldn't take it apart,15,SIL,3,sil,it,152,208,56,38,44,168,196,168,204,0.9337222484529468
t12.2022.07.29,train,vocal,t12.2022.07.27,5,i wouldn't take it apart,16,AH,4,initial,apart,192,228,36,48,49,208,216,204,216,0.726120282452964
t12.2022.07.29,train,vocal,t12.2022.07.27,5,i wouldn't take it apart,17,P,4,medial,apart,200,232,32,50,50,216,220,216,224,0.0010430215591431544
t12.2022.07.29,train,vocal,t12.2022.07.27,5,i wouldn't take it apart,18,AA,4,medial,apart,212,244,32,53,53,228,232,224,232,4.8477912774831274e-05
t12.2022.07.29,train,vocal,t12.2022.07.27,5,i wouldn't take it apart,19,R,4,medial,apart,216,248,32,54,54,232,236,232,236,0.11819504953580763
t12.2022.07.29,train,vocal,t12.2022.07.27,5,i wouldn't take it apart,20,T,4,final,apart,220,252,32,55,55,236,240,236,240,0.999988722289686
t12.2022.07.29,train,vocal,t12.2022.07.27,5,i wouldn't take it apart,21,SIL,4,sil,apart,224,272,48,56,60,240,260,240,260,0.9866906523096393
t12.2022.07.29,train,vocal,t12.2022.07.27,6,i was thinking about throwing some,0,AY,0,single,i,44,76,32,11,11,60,64,16,68,0.9999833743147204
t12.2022.07.29,train,vocal,t12.2022.07.27,6,i was thinking about throwing some,1,SIL,0,sil,i,52,96,44,13,16,68,84,68,84,0.9995765124874214
t12.2022.07.29,train,vocal,t12.2022.07.27,6,i was thinking about throwing some,2,W,1,initial,was,68,100,32,17,17,84,88,84,88,0.9576077818387752
t12.2022.07.29,train,vocal,t12.2022.07.27,6,i was thinking about throwing some,3,AA,1,medial,was,72,104,32,18,18,88,92,88,92,0.2955270644980588
t12.2022.07.29,train,vocal,t12.2022.07.27,6,i was thinking about throwing some,4,Z,1,final,was,76,108,32,19,19,92,96,92,96,0.6518168068275745
t12.2022.07.29,train,vocal,t12.2022.07.27,6,i was thinking about throwing some,5,SIL,1,sil,was,80,112,32,20,20,96,100,96,100,0.9492714556565689
t12.2022.07.29,train,vocal,t12.2022.07.27,6,i was thinking about throwing some,6,TH,2,initial,thinking,84,120,36,21,22,100,108,100,108,0.8441091545735464
t12.2022.07.29,train,vocal,t12.2022.07.27,6,i was thinking about throwing some,7,IH,2,medial,thinking,92,128,36,23,24,108,116,108,116,0.9868876064243961
t12.2022.07.29,train,vocal,t12.2022.07.27,6,i was thinking about throwing some,8,NG,2,medial,thinking,100,132,32,25,25,116,120,116,120,0.9946634928968735
t12.2022.07.29,train,vocal,t12.2022.07.27,6,i was thinking about throwing some,9,K,2,medial,thinking,104,136,32,26,26,120,124,120,124,0.013650612842942984
t12.2022.07.29,train,vocal,t12.2022.07.27,6,i was thinking about throwing some,10,IH,2,medial,thinking,108,140,32,27,27,124,128,124,128,0.0006584510756810971
t12.2022.07.29,train,vocal,t12.2022.07.27,6,i was thinking about throwing some,11,NG,2,final,thinking,112,144,32,28,28,128,132,128,132,0.027925004137385825
t12.2022.07.29,train,vocal,t12.2022.07.27,6,i was thinking about throwing some,12,SIL,2,sil,thinking,116,152,36,29,30,132,140,132,140,0.9922952415700204
t12.2022.07.29,train,vocal,t12.2022.07.27,6,i was thinking about throwing some,13,AH,3,initial,about,124,160,36,31,32,140,148,140,148,0.9990146867632245
t12.2022.07.29,train,vocal,t12.2022.07.27,6,i was thinking about throwing some,14,B,3,medial,about,132,172,40,33,35,148,160,148,160,0.999385234310968
t12.2022.07.29,train,vocal,t12.2022.07.27,6,i was thinking about throwing some,15,AW,3,medial,about,144,180,36,36,37,160,168,160,168,0.9990323701628554
t12.2022.07.29,train,vocal,t12.2022.07.27,6,i was thinking about throwing some,16,T,3,final,about,152,188,36,38,39,168,176,168,176,0.9996687653681194
t12.2022.07.29,train,vocal,t12.2022.07.27,6,i was thinking about throwing some,17,SIL,3,sil,about,160,204,44,40,43,176,192,176,192,0.9241541455939539
t12.2022.07.29,train,vocal,t12.2022.07.27,6,i was thinking about throwing some,18,TH,4,initial,throwing,176,208,32,44,44,192,196,192,196,0.8974807556843503
t12.2022.07.29,train,vocal,t12.2022.07.27,6,i was thinking about throwing some,19,R,4,medial,throwing,180,212,32,45,45,196,200,196,200,0.0020255514393577377
t12.2022.07.29,train,vocal,t12.2022.07.27,6,i was thinking about throwing some,20,OW,4,medial,throwing,184,216,32,46,46,200,204,200,208,0.3190619141029574
t12.2022.07.29,train,vocal,t12.2022.07.27,6,i was thinking about throwing some,21,IH,4,medial,throwing,192,228,36,48,49,208,216,208,216,0.8896501559105143
t12.2022.07.29,train,vocal,t12.2022.07.27,6,i was thinking about throwing some,22,NG,4,final,throwing,200,232,32,50,50,216,220,216,220,0.9970847648868527
t12.2022.07.29,train,vocal,t12.2022.07.27,6,i was thinking about throwing some,23,SIL,4,sil,throwing,204,240,36,51,52,220,228,220,228,0.9891635413559123
t12.2022.07.29,train,vocal,t12.2022.07.27,6,i was thinking about throwing some,24,S,5,initial,some,212,244,32,53,53,228,232,228,236,0.04590786076037865
t12.2022.07.29,train,vocal,t12.2022.07.27,6,i was thinking about throwing some,25,AH,5,medial,some,220,252,32,55,55,236,240,236,240,0.003935149163565855
t12.2022.07.29,train,vocal,t12.2022.07.27,6,i was thinking about throwing some,26,M,5,final,some,224,256,32,56,56,240,244,240,244,0.9993661525845284
t12.2022.07.29,train,vocal,t12.2022.07.27,6,i was thinking about throwing some,27,SIL,5,sil,some,228,284,56,57,63,244,272,244,272,0.998855799748198
t12.2022.07.29,train,vocal,t12.2022.07.27,7,two seasons and that would be spring and fall,0,T,0,initial,two,48,80,32,12,12,64,68,16,68,0.06320931990529025
t12.2022.07.29,train,vocal,t12.2022.07.27,7,two seasons and that would be spring and fall,1,UW,0,final,two,52,84,32,13,13,68,72,68,76,0.8934053499845904
t12.2022.07.29,train,vocal,t12.2022.07.27,7,two seasons and that would be spring and fall,2,SIL,0,sil,two,60,100,40,15,17,76,88,76,88,0.9992588744678272
t12.2022.07.29,train,vocal,t12.2022.07.27,7,two seasons and that would be spring and fall,3,S,1,initial,seasons,72,104,32,18,18,88,92,88,96,0.06562135433266747
t12.2022.07.29,train,vocal,t12.2022.07.27,7,two seasons and that would be spring and fall,4,IY,1,medial,seasons,80,112,32,20,20,96,100,96,100,0.002701881509871446
t12.2022.07.29,train,vocal,t12.2022.07.27,7,two seasons and that would be spring and fall,5,Z,1,medial,seasons,84,116,32,21,21,100,104,100,108,0.20340541586316055
t12.2022.07.29,train,vocal,t12.2022.07.27,7,two seasons and that would be spring and fall,6,AH,1,medial,seasons,92,124,32,23,23,108,112,108,112,0.29095212733509995
t12.2022.07.29,train,vocal,t12.2022.07.27,7,two seasons and that would be spring and fall,7,N,1,medial,seasons,96,128,32,24,24,112,116,112,116,0.04780342397498765
t12.2022.07.29,train,vocal,t12.2022.07.27,7,two seasons and that would be spring and fall,8,Z,1,final,seasons,100,132,32,25,25,116,120,116,120,0.008058102447346668
t12.2022.07.29,train,vocal,t12.2022.07.27,7,two seasons and that would be spring and fall,9,SIL,1,sil,seasons,104,140,36,26,27,120,128,120,132,0.9551333462811529
t12.2022.07.29,train,vocal,t12.2022.07.27,7,two seasons and that would be spring and fall,10,AH,2,initial,and,116,148,32,29,29,132,136,132,136,0.9979364310239134
t12.2022.07.29,train,vocal,t12.2022.07.27,7,two seasons and that would be spring and fall,11,N,2,medial,and,120,152,32,30,30,136,140,136,140,0.9999826483921307
t12.2022.07.29,train,vocal,t12.2022.07.27,7,two seasons and that would be spring and fall,12,D,2,final,and,124,156,32,31,31,140,144,140,144,0.991019075558177
t12.2022.07.29,train,vocal,t12.2022.07.27,7,two seasons and that would be spring and fall,13,SIL,2,sil,and,128,164,36,32,33,144,152,144,152,0.9800722195906137
t12.2022.07.29,train,vocal,t12.2022.07.27,7,two seasons and that would be spring and fall,14,DH,3,initial,that,136,168,32,34,34,152,156,152,156,0.9999924131443159
t12.2022.07.29,train,vocal,t12.2022.07.27,7,two seasons and that would be spring and fall,15,AE,3,medial,that,140,176,36,35,36,156,164,156,164,0.7730472449970229
t12.2022.07.29,train,vocal,t12.2022.07.27,7,two seasons and that would be spring and fall,16,T,3,final,that,148,180,32,37,37,164,168,164,168,0.998638205777112
t12.2022.07.29,train,vocal,t12.2022.07.27,7,two seasons and that would be spring and fall,17,SIL,3,sil,that,152,200,48,38,42,168,188,168,188,0.9998583749719885
t12.2022.07.29,train,vocal,t12.2022.07.27,7,two seasons and that would be spring and fall,18,W,4,initial,would,172,204,32,43,43,188,192,188,196,0.999969898045157
t12.2022.07.29,train,vocal,t12.2022.07.27,7,two seasons and that would be spring and fall,19,UH,4,medial,would,180,212,32,45,45,196,200,196,200,0.9999944352258471
t12.2022.07.29,train,vocal,t12.2022.07.27,7,two seasons and that would be spring and fall,20,D,4,final,would,184,220,36,46,47,200,208,200,208,0.8025948640471562
t12.2022.07.29,train,vocal,t12.2022.07.27,7,two seasons and that would be spring and fall,21,SIL,4,sil,would,192,232,40,48,50,208,220,208,220,0.9988458297239817
t12.2022.07.29,train,vocal,t12.2022.07.27,7,two seasons and that would be spring and fall,22,B,5,initial,be,204,236,32,51,51,220,224,220,228,0.9893947959861422
t12.2022.07.29,train,vocal,t12.2022.07.27,7,two seasons and that would be spring and fall,23,IY,5,final,be,216,248,32,54,54,232,236,228,236,0.9999531767224052
t12.2022.07.29,train,vocal,t12.2022.07.27,7,two seasons and that would be spring and fall,24,SIL,5,sil,be,220,272,52,55,60,236,260,236,260,0.9137025616694459
t12.2022.07.29,train,vocal,t12.2022.07.27,7,two seasons and that would be spring and fall,25,S,6,initial,spring,244,276,32,61,61,260,264,260,264,0.15705276674004132
t12.2022.07.29,train,vocal,t12.2022.07.27,7,two seasons and that would be spring and fall,26,P,6,medial,spring,248,280,32,62,62,264,268,264,268,0.0599698781725008
t12.2022.07.29,train,vocal,t12.2022.07.27,7,two seasons and that would be spring and fall,27,R,6,medial,spring,252,284,32,63,63,268,272,268,272,0.6265866912956308
t12.2022.07.29,train,vocal,t12.2022.07.27,7,two seasons and that would be spring and fall,28,IH,6,medial,spring,256,288,32,64,64,272,276,272,276,0.7703699561346388
t12.2022.07.29,train,vocal,t12.2022.07.27,7,two seasons and that would be spring and fall,29,NG,6,final,spring,260,300,40,65,67,276,288,276,288,0.797700462820778
t12.2022.07.29,train,vocal,t12.2022.07.27,7,two seasons and that would be spring and fall,30,SIL,6,sil,spring,272,312,40,68,70,288,300,288,304,0.9862296381523011
t12.2022.07.29,train,vocal,t12.2022.07.27,7,two seasons and that would be spring and fall,31,AH,7,initial,and,288,320,32,72,72,304,308,304,308,0.6718933932750709
t12.2022.07.29,train,vocal,t12.2022.07.27,7,two seasons and that would be spring and fall,32,N,7,medial,and,292,324,32,73,73,308,312,308,312,0.9999885383496361
t12.2022.07.29,train,vocal,t12.2022.07.27,7,two seasons and that would be spring and fall,33,D,7,final,and,296,328,32,74,74,312,316,312,316,0.13421211958143928
t12.2022.07.29,train,vocal,t12.2022.07.27,7,two seasons and that would be spring and fall,34,SIL,7,sil,and,300,340,40,75,77,316,328,316,328,0.9681336354293606
t12.2022.07.29,train,vocal,t12.2022.07.27,7,two seasons and that would be spring and fall,35,F,8,initial,fall,312,344,32,78,78,328,332,328,336,0.9976764987634041
t12.2022.07.29,train,vocal,t12.2022.07.27,7,two seasons and that would be spring and fall,36,AO,8,medial,fall,320,352,32,80,80,336,340,336,340,0.8026792626187171
t12.2022.07.29,train,vocal,t12.2022.07.27,7,two seasons and that would be spring and fall,37,L,8,final,fall,324,360,36,81,82,340,348,340,348,0.9998135300301425
t12.2022.07.29,train,vocal,t12.2022.07.27,7,two seasons and that would be spring and fall,38,SIL,8,sil,fall,332,380,48,83,87,348,368,348,368,0.9571869516232013
t12.2022.07.29,train,vocal,t12.2022.07.27,8,i have to be real careful,0,AY,0,single,i,40,76,36,10,11,56,64,16,64,0.9966390388717696
t12.2022.07.29,train,vocal,t12.2022.07.27,8,i have to be real careful,1,SIL,0,sil,i,48,88,40,12,14,64,76,64,76,0.9986226381712066
t12.2022.07.29,train,vocal,t12.2022.07.27,8,i have to be real careful,2,HH,1,initial,have,60,96,36,15,16,76,84,76,84,0.9755270237495378
t12.2022.07.29,train,vocal,t12.2022.07.27,8,i have to be real careful,3,AE,1,medial,have,68,100,32,17,17,84,88,84,88,0.9999966750857389
t12.2022.07.29,train,vocal,t12.2022.07.27,8,i have to be real careful,4,V,1,final,have,72,104,32,18,18,88,92,88,92,0.9999758179737
t12.2022.07.29,train,vocal,t12.2022.07.27,8,i have to be real careful,5,SIL,1,sil,have,76,116,40,19,21,92,104,92,104,0.9999229817277876
t12.2022.07.29,train,vocal,t12.2022.07.27,8,i have to be real careful,6,T,2,initial,to,88,120,32,22,22,104,108,104,108,0.9992187361333922
t12.2022.07.29,train,vocal,t12.2022.07.27,8,i have to be real careful,7,UW,2,final,to,92,128,36,23,24,108,116,108,116,0.9747884060405911
t12.2022.07.29,train,vocal,t12.2022.07.27,8,i have to be real careful,8,SIL,2,sil,to,100,136,36,25,26,116,124,116,124,0.9999853125232105
t12.2022.07.29,train,vocal,t12.2022.07.27,8,i have to be real careful,9,B,3,initial,be,108,140,32,27,27,124,128,124,132,0.6891653059154843
t12.2022.07.29,train,vocal,t12.2022.07.27,8,i have to be real careful,10,IY,3,final,be,120,152,32,30,30,136,140,132,140,0.999868537760291
t12.2022.07.29,train,vocal,t12.2022.07.27,8,i have to be real careful,11,SIL,3,sil,be,124,180,56,31,37,140,168,140,168,0.9376729065141699
t12.2022.07.29,train,vocal,t12.2022.07.27,8,i have to be real careful,12,R,4,initial,real,152,184,32,38,38,168,172,168,176,0.971106333476831
t12.2022.07.29,train,vocal,t12.2022.07.27,8,i have to be real careful,13,IY,4,medial,real,160,192,32,40,40,176,180,176,180,0.9997899395571626
t12.2022.07.29,train,vocal,t12.2022.07.27,8,i have to be real careful,14,L,4,final,real,164,200,36,41,42,180,188,180,188,0.9966526456492704
t12.2022.07.29,train,vocal,t12.2022.07.27,8,i have to be real careful,15,SIL,4,sil,real,172,224,52,43,48,188,212,188,212,0.9964780894683468
t12.2022.07.29,train,vocal,t12.2022.07.27,8,i have to be real careful,16,K,5,initial,careful,196,228,32,49,49,212,216,212,220,0.3579066782716503
t12.2022.07.29,train,vocal,t12.2022.07.27,8,i have to be real careful,17,EH,5,medial,careful,204,236,32,51,51,220,224,220,224,0.9890327143303153
t12.2022.07.29,train,vocal,t12.2022.07.27,8,i have to be real careful,18,R,5,medial,careful,208,240,32,52,52,224,228,224,228,0.22984719954916943
t12.2022.07.29,train,vocal,t12.2022.07.27,8,i have to be real careful,19,F,5,medial,careful,212,244,32,53,53,228,232,228,232,0.9937820850530154
t12.2022.07.29,train,vocal,t12.2022.07.27,8,i have to be real careful,20,AH,5,medial,careful,216,252,36,54,55,232,240,232,240,0.6891342060478571
t12.2022.07.29,train,vocal,t12.2022.07.27,8,i have to be real careful,21,L,5,final,careful,224,256,32,56,56,240,244,240,244,0.9996090539184781
t12.2022.07.29,train,vocal,t12.2022.07.27,8,i have to be real careful,22,SIL,5,sil,careful,228,268,40,57,59,244,256,244,256,0.9998982786051201
t12.2022.07.29,train,vocal,t12.2022.07.27,9,you need a special nursing home for that,0,Y,0,initial,you,56,92,36,14,15,72,80,16,80,0.8246686314318437
t12.2022.07.29,train,vocal,t12.2022.07.27,9,you need a special nursing home for that,1,UW,0,final,you,64,96,32,16,16,80,84,80,84,0.9998942906077605
t12.2022.07.29,train,vocal,t12.2022.07.27,9,you need a special nursing home for that,2,SIL,0,sil,you,68,112,44,17,20,84,100,84,100,0.9511226071486834
t12.2022.07.29,train,vocal,t12.2022.07.27,9,you need a special nursing home for that,3,N,1,initial,need,84,116,32,21,21,100,104,100,108,0.9999847411274277
t12.2022.07.29,train,vocal,t12.2022.07.27,9,you need a special nursing home for that,4,IY,1,medial,need,92,124,32,23,23,108,112,108,112,0.9996043721792619
t12.2022.07.29,train,vocal,t12.2022.07.27,9,you need a special nursing home for that,5,D,1,final,need,96,128,32,24,24,112,116,112,116,0.9998577055103629
t12.2022.07.29,train,vocal,t12.2022.07.27,9,you need a special nursing home for that,6,SIL,1,sil,need,100,148,48,25,29,116,136,116,140,0.9520584042285556
t12.2022.07.29,train,vocal,t12.2022.07.27,9,you need a special nursing home for that,7,AH,2,single,a,128,160,32,32,32,144,148,140,148,0.9999854843969239
t12.2022.07.29,train,vocal,t12.2022.07.27,9,you need a special nursing home for that,8,SIL,2,sil,a,132,184,52,33,38,148,172,148,172,0.947216289645317
t12.2022.07.29,train,vocal,t12.2022.07.27,9,you need a special nursing home for that,9,S,3,initial,special,156,188,32,39,39,172,176,172,176,0.6795524559393298
t12.2022.07.29,train,vocal,t12.2022.07.27,9,you need a special nursing home for that,10,P,3,medial,special,160,192,32,40,40,176,180,176,184,0.9984871761447225
t12.2022.07.29,train,vocal,t12.2022.07.27,9,you need a special nursing home for that,11,EH,3,medial,special,172,204,32,43,43,188,192,184,192,0.7590068279428077
t12.2022.07.29,train,vocal,t12.2022.07.27,9,you need a special nursing home for that,12,SH,3,medial,special,176,208,32,44,44,192,196,192,200,0.9928537136320736
t12.2022.07.29,train,vocal,t12.2022.07.27,9,you need a special nursing home for that,13,AH,3,medial,special,184,216,32,46,46,200,204,200,204,0.8297822212688643
t12.2022.07.29,train,vocal,t12.2022.07.27,9,you need a special nursing home for that,14,L,3,final,special,188,220,32,47,47,204,208,204,208,0.9996577205248715
t12.2022.07.29,train,vocal,t12.2022.07.27,9,you need a special nursing home for that,15,SIL,3,sil,special,192,232,40,48,50,208,220,208,220,0.9910688703798062
t12.2022.07.29,train,vocal,t12.2022.07.27,9,you need a special nursing home for that,16,N,4,initial,nursing,204,236,32,51,51,220,224,220,228,0.8487300668350086
t12.2022.07.29,train,vocal,t12.2022.07.27,9,you need a special nursing home for that,17,ER,4,medial,nursing,212,244,32,53,53,228,232,228,232,7.15497695927685e-05
t12.2022.07.29,train,vocal,t12.2022.07.27,9,you need a special nursing home for that,18,S,4,medial,nursing,216,248,32,54,54,232,236,232,244,0.0684575907120181
t12.2022.07.29,train,vocal,t12.2022.07.27,9,you need a special nursing home for that,19,IH,4,medial,nursing,232,272,40,58,60,248,260,244,260,0.5023011268724252
t12.2022.07.29,train,vocal,t12.2022.07.27,9,you need a special nursing home for that,20,NG,4,final,nursing,244,276,32,61,61,260,264,260,264,0.5829629592777161
t12.2022.07.29,train,vocal,t12.2022.07.27,9,you need a special nursing home for that,21,SIL,4,sil,nursing,248,292,44,62,65,264,280,264,280,0.9984394541566823
t12.2022.07.29,train,vocal,t12.2022.07.27,9,you need a special nursing home for that,22,HH,5,initial,home,264,300,36,66,67,280,288,280,288,0.9878820097646801
t12.2022.07.29,train,vocal,t12.2022.07.27,9,you need a special nursing home for that,23,OW,5,medial,home,272,304,32,68,68,288,292,288,292,0.9503674497848774
t12.2022.07.29,train,vocal,t12.2022.07.27,9,you need a special nursing home for that,24,M,5,final,home,276,312,36,69,70,292,300,292,300,0.9994808938199692
t12.2022.07.29,train,vocal,t12.2022.07.27,9,you need a special nursing home for that,25,SIL,5,sil,home,284,332,48,71,75,300,320,300,320,0.880004458108129
t12.2022.07.29,train,vocal,t12.2022.07.27,9,you need a special nursing home for that,26,F,6,initial,for,304,336,32,76,76,320,324,320,328,0.991444744484194
t12.2022.07.29,train,vocal,t12.2022.07.27,9,you need a special nursing home for that,27,AO,6,medial,for,312,344,32,78,78,328,332,328,332,0.9995754951823027
t12.2022.07.29,train,vocal,t12.2022.07.27,9,you need a special nursing home for that,28,R,6,final,for,316,348,32,79,79,332,336,332,336,0.9996849885509252
t12.2022.07.29,train,vocal,t12.2022.07.27,9,you need a special nursing home for that,29,SIL,6,sil,for,320,356,36,80,81,336,344,336,344,0.9995497827978532
t12.2022.07.29,train,vocal,t12.2022.07.27,9,you need a special nursing home for that,30,DH,7,initial,that,328,360,32,82,82,344,348,344,348,0.9991790434679737
t12.2022.07.29,train,vocal,t12.2022.07.27,9,you need a special nursing home for that,31,AE,7,medial,that,332,364,32,83,83,348,352,348,352,0.9933613473890281
t12.2022.07.29,train,vocal,t12.2022.07.27,9,you need a special nursing home for that,32,T,7,final,that,336,368,32,84,84,352,356,352,356,0.9999322326866971
t12.2022.07.29,train,vocal,t12.2022.07.27,9,you need a special nursing home for that,33,SIL,7,sil,that,340,388,48,85,89,356,376,356,376,0.995015535525192
t12.2022.07.29,train,vocal,t12.2022.07.27,10,i was impressed by them,0,AY,0,single,i,20,52,32,5,5,36,40,16,44,0.9999989612016063
t12.2022.07.29,train,vocal,t12.2022.07.27,10,i was impressed by them,1,SIL,0,sil,i,28,64,36,7,8,44,52,44,52,0.9997072404706586
t12.2022.07.29,train,vocal,t12.2022.07.27,10,i was impressed by them,2,W,1,initial,was,36,72,36,9,10,52,60,52,60,0.9492383631055645
t12.2022.07.29,train,vocal,t12.2022.07.27,10,i was impressed by them,3,AA,1,medial,was,44,80,36,11,12,60,68,60,68,0.9919811335855226
t12.2022.07.29,train,vocal,t12.2022.07.27,10,i was impressed by them,4,Z,1,final,was,52,84,32,13,13,68,72,68,72,0.9999974173973328
t12.2022.07.29,train,vocal,t12.2022.07.27,10,i was impressed by them,5,SIL,1,sil,was,56,96,40,14,16,72,84,72,88,0.839385644804982
t12.2022.07.29,train,vocal,t12.2022.07.27,10,i was impressed by them,6,IH,2,initial,impressed,76,108,32,19,19,92,96,88,96,0.8243213638765122
t12.2022.07.29,train,vocal,t12.2022.07.27,10,i was impressed by them,7,M,2,medial,impressed,80,112,32,20,20,96,100,96,100,0.9804151868572797
t12.2022.07.29,train,vocal,t12.2022.07.27,10,i was impressed by them,8,P,2,medial,impressed,84,120,36,21,22,100,108,100,108,0.9723579825618589
t12.2022.07.29,train,vocal,t12.2022.07.27,10,i was impressed by them,9,R,2,medial,impressed,92,124,32,23,23,108,112,108,112,0.8911707516699175
t12.2022.07.29,train,vocal,t12.2022.07.27,10,i was impressed by them,10,EH,2,medial,impressed,96,128,32,24,24,112,116,112,116,0.2982194437187059
t12.2022.07.29,train,vocal,t12.2022.07.27,10,i was impressed by them,11,S,2,medial,impressed,100,136,36,25,26,116,124,116,124,0.9197264575613198
t12.2022.07.29,train,vocal,t12.2022.07.27,10,i was impressed by them,12,T,2,final,impressed,108,140,32,27,27,124,128,124,132,0.17852583918040288
t12.2022.07.29,train,vocal,t12.2022.07.27,10,i was impressed by them,13,SIL,2,sil,impressed,116,152,36,29,30,132,140,132,140,0.9878314502014204
t12.2022.07.29,train,vocal,t12.2022.07.27,10,i was impressed by them,14,B,3,initial,by,124,156,32,31,31,140,144,140,144,0.8543055881608845
t12.2022.07.29,train,vocal,t12.2022.07.27,10,i was impressed by them,15,AY,3,final,by,128,160,32,32,32,144,148,144,152,0.17169674646795985
t12.2022.07.29,train,vocal,t12.2022.07.27,10,i was impressed by them,16,SIL,3,sil,by,136,176,40,34,36,152,164,152,164,0.9696368012606408
t12.2022.07.29,train,vocal,t12.2022.07.27,10,i was impressed by them,17,DH,4,initial,them,148,184,36,37,38,164,172,164,172,0.7717116992676964
t12.2022.07.29,train,vocal,t12.2022.07.27,10,i was impressed by them,18,EH,4,medial,them,156,188,32,39,39,172,176,172,176,0.9999987433065943
t12.2022.07.29,train,vocal,t12.2022.07.27,10,i was impressed by them,19,M,4,final,them,160,192,32,40,40,176,180,176,180,0.9999881486318397
t12.2022.07.29,train,vocal,t12.2022.07.27,10,i was impressed by them,20,SIL,4,sil,them,164,216,52,41,46,180,204,180,204,0.9996013822782058
t12.2022.07.29,train,vocal,t12.2022.07.27,11,the more tax you pay,0,DH,0,initial,the,8,40,32,2,2,24,28,16,28,0.9876309306093513
t12.2022.07.29,train,vocal,t12.2022.07.27,11,the more tax you pay,1,AH,0,final,the,12,44,32,3,3,28,32,28,36,0.014271575163448869
t12.2022.07.29,train,vocal,t12.2022.07.27,11,the more tax you pay,2,SIL,0,sil,the,20,60,40,5,7,36,48,36,48,0.9881212128455655
t12.2022.07.29,train,vocal,t12.2022.07.27,11,the more tax you pay,3,M,1,initial,more,32,64,32,8,8,48,52,48,56,0.999937841604267
t12.2022.07.29,train,vocal,t12.2022.07.27,11,the more tax you pay,4,AO,1,medial,more,40,72,32,10,10,56,60,56,60,0.9618989232465274
t12.2022.07.29,train,vocal,t12.2022.07.27,11,the more tax you pay,5,R,1,final,more,44,80,36,11,12,60,68,60,68,0.7084514733307041
t12.2022.07.29,train,vocal,t12.2022.07.27,11,the more tax you pay,6,SIL,1,sil,more,52,96,44,13,16,68,84,68,84,0.9984700916900855
t12.2022.07.29,train,vocal,t12.2022.07.27,11,the more tax you pay,7,T,2,initial,tax,68,100,32,17,17,84,88,84,92,0.5692067804726739
t12.2022.07.29,train,vocal,t12.2022.07.27,11,the more tax you pay,8,AE,2,medial,tax,76,108,32,19,19,92,96,92,96,0.29409220478289133
t12.2022.07.29,train,vocal,t12.2022.07.27,11,the more tax you pay,9,K,2,medial,tax,80,112,32,20,20,96,100,96,100,0.9996323930034957
t12.2022.07.29,train,vocal,t12.2022.07.27,11,the more tax you pay,10,S,2,final,tax,84,120,36,21,22,100,108,100,108,0.94102518327898
t12.2022.07.29,train,vocal,t12.2022.07.27,11,the more tax you pay,11,SIL,2,sil,tax,92,128,36,23,24,108,116,108,116,0.9999100404255084
t12.2022.07.29,train,vocal,t12.2022.07.27,11,the more tax you pay,12,Y,3,initial,you,100,132,32,25,25,116,120,116,124,0.9539685131661668
t12.2022.07.29,train,vocal,t12.2022.07.27,11,the more tax you pay,13,UW,3,final,you,112,144,32,28,28,128,132,124,132,0.999793786333286
t12.2022.07.29,train,vocal,t12.2022.07.27,11,the more tax you pay,14,SIL,3,sil,you,116,164,48,29,33,132,152,132,152,0.9600724767327987
t12.2022.07.29,train,vocal,t12.2022.07.27,11,the more tax you pay,15,P,4,initial,pay,136,168,32,34,34,152,156,152,160,0.05289439291686816
t12.2022.07.29,train,vocal,t12.2022.07.27,11,the more tax you pay,16,EY,4,final,pay,144,176,32,36,36,160,164,160,168,0.032309983369201885
t12.2022.07.29,train,vocal,t12.2022.07.27,11,the more tax you pay,17,SIL,4,sil,pay,152,204,52,38,43,168,192,168,192,0.9997149766466841
t12.2022.07.29,train,vocal,t12.2022.07.27,12,and i have to admit he has a point,0,AH,0,initial,and,36,68,32,9,9,52,56,16,56,0.4453705243677689
t12.2022.07.29,train,vocal,t12.2022.07.27,12,and i have to admit he has a point,1,N,0,medial,and,40,72,32,10,10,56,60,56,60,0.9999945783439732
t12.2022.07.29,train,vocal,t12.2022.07.27,12,and i have to admit he has a point,2,D,0,final,and,44,76,32,11,11,60,64,60,64,0.7425316647164132
t12.2022.07.29,train,vocal,t12.2022.07.27,12,and i have to admit he has a point,3,SIL,0,sil,and,48,84,36,12,13,64,72,64,76,0.9970611311166496
t12.2022.07.29,train,vocal,t12.2022.07.27,12,and i have to admit he has a point,4,AY,1,single,i,60,92,32,15,15,76,80,76,84,0.999908954895863
t12.2022.07.29,train,vocal,t12.2022.07.27,12,and i have to admit he has a point,5,SIL,1,sil,i,68,108,40,17,19,84,96,84,96,0.985109718368443
t12.2022.07.29,train,vocal,t12.2022.07.27,12,and i have to admit he has a point,6,HH,2,initial,have,80,116,36,20,21,96,104,96,104,0.9988239097897917
t12.2022.07.29,train,vocal,t12.2022.07.27,12,and i have to admit he has a point,7,AE,2,medial,have,88,124,36,22,23,104,112,104,112,0.953878200737263
t12.2022.07.29,train,vocal,t12.2022.07.27,12,and i have to admit he has a point,8,V,2,final,have,96,128,32,24,24,112,116,112,116,0.9999968944076754
t12.2022.07.29,train,vocal,t12.2022.07.27,12,and i have to admit he has a point,9,SIL,2,sil,have,100,148,48,25,29,116,136,116,136,0.9800149718748538
t12.2022.07.29,train,vocal,t12.2022.07.27,12,and i have to admit he has a point,10,T,3,initial,to,120,152,32,30,30,136,140,136,144,0.9999999171325693
t12.2022.07.29,train,vocal,t12.2022.07.27,12,and i have to admit he has a point,11,UW,3,final,to,128,160,32,32,32,144,148,144,148,0.9999988603206577
t12.2022.07.29,train,vocal,t12.2022.07.27,12,and i have to admit he has a point,12,SIL,3,sil,to,132,176,44,33,36,148,164,148,168,0.9814610090616067
t12.2022.07.29,train,vocal,t12.2022.07.27,12,and i have to admit he has a point,13,AH,4,initial,admit,156,188,32,39,39,172,176,168,176,0.7724404914016219
t12.2022.07.29,train,vocal,t12.2022.07.27,12,and i have to admit he has a point,14,D,4,medial,admit,160,192,32,40,40,176,180,176,180,0.15093298612528483
t12.2022.07.29,train,vocal,t12.2022.07.27,12,and i have to admit he has a point,15,M,4,medial,admit,164,200,36,41,42,180,188,180,192,0.594950107641436
t12.2022.07.29,train,vocal,t12.2022.07.27,12,and i have to admit he has a point,16,IH,4,medial,admit,176,208,32,44,44,192,196,192,196,0.007118635305305246
t12.2022.07.29,train,vocal,t12.2022.07.27,12,and i have to admit he has a point,17,T,4,final,admit,180,216,36,45,46,196,204,196,204,0.8335108827851199
t12.2022.07.29,train,vocal,t12.2022.07.27,12,and i have to admit he has a point,18,SIL,4,sil,admit,188,240,52,47,52,204,228,204,232,0.9997398093841593
t12.2022.07.29,train,vocal,t12.2022.07.27,12,and i have to admit he has a point,19,HH,5,initial,he,216,248,32,54,54,232,236,232,240,0.9966668613042171
t12.2022.07.29,train,vocal,t12.2022.07.27,12,and i have to admit he has a point,20,IY,5,final,he,224,256,32,56,56,240,244,240,244,0.9989419482715238
t12.2022.07.29,train,vocal,t12.2022.07.27,12,and i have to admit he has a point,21,SIL,5,sil,he,228,272,44,57,60,244,260,244,260,0.9424894694034176
t12.2022.07.29,train,vocal,t12.2022.07.27,12,and i have to admit he has a point,22,HH,6,initial,has,244,276,32,61,61,260,264,260,268,0.8044900305629511
t12.2022.07.29,train,vocal,t12.2022.07.27,12,and i have to admit he has a point,23,AE,6,medial,has,252,284,32,63,63,268,272,268,272,0.8527870005806742
t12.2022.07.29,train,vocal,t12.2022.07.27,12,and i have to admit he has a point,24,Z,6,final,has,256,288,32,64,64,272,276,272,276,0.9996441414209571
t12.2022.07.29,train,vocal,t12.2022.07.27,12,and i have to admit he has a point,25,SIL,6,sil,has,260,304,44,65,68,276,292,276,296,0.9459355372742632
t12.2022.07.29,train,vocal,t12.2022.07.27,12,and i have to admit he has a point,26,AH,7,single,a,280,312,32,70,70,296,300,296,300,0.9995539708648503
t12.2022.07.29,train,vocal,t12.2022.07.27,12,and i have to admit he has a point,27,SIL,7,sil,a,284,332,48,71,75,300,320,300,320,0.9858499082973683
t12.2022.07.29,train,vocal,t12.2022.07.27,12,and i have to admit he has a point,28,P,8,initial,point,304,336,32,76,76,320,324,320,324,0.9998800953706714
t12.2022.07.29,train,vocal,t12.2022.07.27,12,and i have to admit he has a point,29,OY,8,medial,point,308,344,36,77,78,324,332,324,332,0.9948005737101141
t12.2022.07.29,train,vocal,t12.2022.07.27,12,and i have to admit he has a point,30,N,8,medial,point,316,348,32,79,79,332,336,332,336,0.9965641632056743
t12.2022.07.29,train,vocal,t12.2022.07.27,12,and i have to admit he has a point,31,T,8,final,point,320,352,32,80,80,336,340,336,340,0.9950979398400648
t12.2022.07.29,train,vocal,t12.2022.07.27,12,and i have to admit he has a point,32,SIL,8,sil,point,324,368,44,81,84,340,356,340,356,0.9999418172484943
t12.2022.07.29,train,vocal,t12.2022.07.27,13,in terms of demanding,0,IH,0,initial,in,28,60,32,7,7,44,48,16,48,0.9998138604573593
t12.2022.07.29,train,vocal,t12.2022.07.27,13,in terms of demanding,1,N,0,final,in,32,64,32,8,8,48,52,48,52,0.9999586085958521
t12.2022.07.29,train,vocal,t12.2022.07.27,13,in terms of demanding,2,SIL,0,sil,in,36,76,40,9,11,52,64,52,64,0.9547325054111994
t12.2022.07.29,train,vocal,t12.2022.07.27,13,in terms of demanding,3,T,1,initial,terms,48,80,32,12,12,64,68,64,72,0.3333182645896411
t12.2022.07.29,train,vocal,t12.2022.07.27,13,in terms of demanding,4,ER,1,medial,terms,56,88,32,14,14,72,76,72,76,0.009059014223715517
t12.2022.07.29,train,vocal,t12.2022.07.27,13,in terms of demanding,5,M,1,medial,terms,60,92,32,15,15,76,80,76,80,0.9999925846742926
t12.2022.07.29,train,vocal,t12.2022.07.27,13,in terms of demanding,6,Z,1,final,terms,64,96,32,16,16,80,84,80,84,0.3447895078218043
t12.2022.07.29,train,vocal,t12.2022.07.27,13,in terms of demanding,7,SIL,1,sil,terms,68,108,40,17,19,84,96,84,100,0.9892952927036266
t12.2022.07.29,train,vocal,t12.2022.07.27,13,in terms of demanding,8,AH,2,initial,of,88,120,32,22,22,104,108,100,108,0.999998003576736
t12.2022.07.29,train,vocal,t12.2022.07.27,13,in terms of demanding,9,V,2,final,of,92,124,32,23,23,108,112,108,112,0.999999030010262
t12.2022.07.29,train,vocal,t12.2022.07.27,13,in terms of demanding,10,SIL,2,sil,of,96,136,40,24,26,112,124,112,124,0.9798101765050201
t12.2022.07.29,train,vocal,t12.2022.07.27,13,in terms of demanding,11,D,3,initial,demanding,108,140,32,27,27,124,128,124,132,0.8342688296841683
t12.2022.07.29,train,vocal,t12.2022.07.27,13,in terms of demanding,12,IH,3,medial,demanding,116,148,32,29,29,132,136,132,136,0.9664797006268729
t12.2022.07.29,train,vocal,t12.2022.07.27,13,in terms of demanding,13,M,3,medial,demanding,120,152,32,30,30,136,140,136,144,0.026957123678180143
t12.2022.07.29,train,vocal,t12.2022.07.27,13,in terms of demanding,14,AE,3,medial,demanding,132,164,32,33,33,148,152,144,152,0.002420184874392428
t12.2022.07.29,train,vocal,t12.2022.07.27,13,in terms of demanding,15,N,3,medial,demanding,136,168,32,34,34,152,156,152,156,0.9926955877346317
t12.2022.07.29,train,vocal,t12.2022.07.27,13,in terms of demanding,16,D,3,medial,demanding,140,172,32,35,35,156,160,156,160,0.028720850733112847
t12.2022.07.29,train,vocal,t12.2022.07.27,13,in terms of demanding,17,IH,3,medial,demanding,144,176,32,36,36,160,164,160,164,0.01929766505158621
t12.2022.07.29,train,vocal,t12.2022.07.27,13,in terms of demanding,18,NG,3,final,demanding,148,180,32,37,37,164,168,164,168,0.008212880072699805
t12.2022.07.29,train,vocal,t12.2022.07.27,13,in terms of demanding,19,SIL,3,sil,demanding,152,192,40,38,40,168,180,168,180,0.9999904939842095
t12.2022.07.29,train,vocal,t12.2022.07.27,14,the kid's having to give up his,0,DH,0,initial,the,20,56,36,5,6,36,44,16,44,0.9815561117133803
t12.2022.07.29,train,vocal,t12.2022.07.27,14,the kid's having to give up his,1,AH,0,final,the,28,60,32,7,7,44,48,44,52,0.9999652520289561
t12.2022.07.29,train,vocal,t12.2022.07.27,14,the kid's having to give up his,2,SIL,0,sil,the,36,76,40,9,11,52,64,52,64,0.9999097524646746
t12.2022.07.29,train,vocal,t12.2022.07.27,14,the kid's having to give up his,3,K,1,initial,kid's,48,80,32,12,12,64,68,64,72,0.8499899602296429
t12.2022.07.29,train,vocal,t12.2022.07.27,14,the kid's having to give up his,4,IH,1,medial,kid's,56,88,32,14,14,72,76,72,76,0.0005455305859213121
t12.2022.07.29,train,vocal,t12.2022.07.27,14,the kid's having to give up his,5,D,1,medial,kid's,60,96,36,15,16,76,84,76,84,0.6845345873149127
t12.2022.07.29,train,vocal,t12.2022.07.27,14,the kid's having to give up his,6,Z,1,final,kid's,68,100,32,17,17,84,88,84,88,0.0352741996938964
t12.2022.07.29,train,vocal,t12.2022.07.27,14,the kid's having to give up his,7,SIL,1,sil,kid's,72,120,48,18,22,88,108,88,112,0.998623566424212
t12.2022.07.29,train,vocal,t12.2022.07.27,14,the kid's having to give up his,8,HH,2,initial,having,96,128,32,24,24,112,116,112,116,0.0024247103667833165
t12.2022.07.29,train,vocal,t12.2022.07.27,14,the kid's having to give up his,9,AE,2,medial,having,100,132,32,25,25,116,120,116,124,0.007311055371969678
t12.2022.07.29,train,vocal,t12.2022.07.27,14,the kid's having to give up his,10,V,2,medial,having,108,140,32,27,27,124,128,124,128,0.19555264852608467
t12.2022.07.29,train,vocal,t12.2022.07.27,14,the kid's having to give up his,11,IH,2,medial,having,112,144,32,28,28,128,132,128,132,0.5966543929752772
t12.2022.07.29,train,vocal,t12.2022.07.27,14,the kid's having to give up his,12,NG,2,final,having,116,148,32,29,29,132,136,132,136,0.2341754521242983
t12.2022.07.29,train,vocal,t12.2022.07.27,14,the kid's having to give up his,13,SIL,2,sil,having,120,160,40,30,32,136,148,136,148,0.8482727594101771
t12.2022.07.29,train,vocal,t12.2022.07.27,14,the kid's having to give up his,14,T,3,initial,to,132,164,32,33,33,148,152,148,156,0.1971468219166737
t12.2022.07.29,train,vocal,t12.2022.07.27,14,the kid's having to give up his,15,UW,3,final,to,140,172,32,35,35,156,160,156,164,0.9251538854109088
t12.2022.07.29,train,vocal,t12.2022.07.27,14,the kid's having to give up his,16,SIL,3,sil,to,148,192,44,37,40,164,180,164,180,0.9511063837563442
t12.2022.07.29,train,vocal,t12.2022.07.27,14,the kid's having to give up his,17,G,4,initial,give,164,196,32,41,41,180,184,180,188,0.1933923636377485
t12.2022.07.29,train,vocal,t12.2022.07.27,14,the kid's having to give up his,18,IH,4,medial,give,176,208,32,44,44,192,196,188,196,0.049429733746716636
t12.2022.07.29,train,vocal,t12.2022.07.27,14,the kid's having to give up his,19,V,4,final,give,180,212,32,45,45,196,200,196,200,0.2454482290533202
t12.2022.07.29,train,vocal,t12.2022.07.27,14,the kid's having to give up his,20,SIL,4,sil,give,184,232,48,46,50,200,220,200,228,0.8905869273677256
t12.2022.07.29,train,vocal,t12.2022.07.27,14,the kid's having to give up his,21,AH,5,initial,up,216,248,32,54,54,232,236,228,236,0.9999433117840829
t12.2022.07.29,train,vocal,t12.2022.07.27,14,the kid's having to give up his,22,P,5,final,up,220,252,32,55,55,236,240,236,240,0.9999870950835184
t12.2022.07.29,train,vocal,t12.2022.07.27,14,the kid's having to give up his,23,SIL,5,sil,up,224,268,44,56,59,240,256,240,256,0.9986589109764537
t12.2022.07.29,train,vocal,t12.2022.07.27,14,the kid's having to give up his,24,HH,6,initial,his,240,276,36,60,61,256,264,256,264,0.9300050062261913
t12.2022.07.29,train,vocal,t12.2022.07.27,14,the kid's having to give up his,25,IH,6,medial,his,248,280,32,62,62,264,268,264,268,0.11798792664071944
t12.2022.07.29,train,vocal,t12.2022.07.27,14,the kid's having to give up his,26,Z,6,final,his,252,284,32,63,63,268,272,268,272,0.18841745993365666
t12.2022.07.29,train,vocal,t12.2022.07.27,14,the kid's having to give up his,27,SIL,6,sil,his,256,300,44,64,67,272,288,272,288,0.9997840876788691
t12.2022.07.29,train,vocal,t12.2022.07.27,15,that's what i was about to say,0,DH,0,initial,that's,28,64,36,7,8,44,52,16,56,0.9685924039767866
t12.2022.07.29,train,vocal,t12.2022.07.27,15,that's what i was about to say,1,AE,0,medial,that's,40,72,32,10,10,56,60,56,60,0.9999671158650985
t12.2022.07.29,train,vocal,t12.2022.07.27,15,that's what i was about to say,2,T,0,medial,that's,44,76,32,11,11,60,64,60,64,0.999989865893876
t12.2022.07.29,train,vocal,t12.2022.07.27,15,that's what i was about to say,3,S,0,final,that's,48,80,32,12,12,64,68,64,68,0.9985165364268979
t12.2022.07.29,train,vocal,t12.2022.07.27,15,that's what i was about to say,4,SIL,0,sil,that's,52,88,36,13,14,68,76,68,76,0.991074564624587
t12.2022.07.29,train,vocal,t12.2022.07.27,15,that's what i was about to say,5,W,1,initial,what,60,92,32,15,15,76,80,76,80,0.999293341905058
t12.2022.07.29,train,vocal,t12.2022.07.27,15,that's what i was about to say,6,AH,1,medial,what,64,96,32,16,16,80,84,80,84,0.9993924596564399
t12.2022.07.29,train,vocal,t12.2022.07.27,15,that's what i was about to say,7,T,1,final,what,68,100,32,17,17,84,88,84,88,0.9999902943798404
t12.2022.07.29,train,vocal,t12.2022.07.27,15,that's what i was about to say,8,SIL,1,sil,what,72,112,40,18,20,88,100,88,104,0.9972228464817735
t12.2022.07.29,train,vocal,t12.2022.07.27,15,that's what i was about to say,9,AY,2,single,i,92,124,32,23,23,108,112,104,116,0.9999836238848802
t12.2022.07.29,train,vocal,t12.2022.07.27,15,that's what i was about to say,10,SIL,2,sil,i,100,144,44,25,28,116,132,116,132,0.9989804975272711
t12.2022.07.29,train,vocal,t12.2022.07.27,15,that's what i was about to say,11,W,3,initial,was,116,148,32,29,29,132,136,132,140,0.9999795304338148
t12.2022.07.29,train,vocal,t12.2022.07.27,15,that's what i was about to say,12,AA,3,medial,was,124,156,32,31,31,140,144,140,144,0.9993492671093752
t12.2022.07.29,train,vocal,t12.2022.07.27,15,that's what i was about to say,13,Z,3,final,was,128,160,32,32,32,144,148,144,148,0.99454868192807
t12.2022.07.29,train,vocal,t12.2022.07.27,15,that's what i was about to say,14,SIL,3,sil,was,132,180,48,33,37,148,168,148,168,0.8279787130354522
t12.2022.07.29,train,vocal,t12.2022.07.27,15,that's what i was about to say,15,AH,4,initial,about,152,188,36,38,39,168,176,168,176,0.9846692891442561
t12.2022.07.29,train,vocal,t12.2022.07.27,15,that's what i was about to say,16,B,4,medial,about,160,200,40,40,42,176,188,176,188,0.9754199475193194
t12.2022.07.29,train,vocal,t12.2022.07.27,15,that's what i was about to say,17,AW,4,medial,about,172,212,40,43,45,188,200,188,200,0.8261285409705007
t12.2022.07.29,train,vocal,t12.2022.07.27,15,that's what i was about to say,18,T,4,final,about,184,220,36,46,47,200,208,200,208,0.9552666056361799
t12.2022.07.29,train,vocal,t12.2022.07.27,15,that's what i was about to say,19,SIL,4,sil,about,192,232,40,48,50,208,220,208,220,0.9998812057136702
t12.2022.07.29,train,vocal,t12.2022.07.27,15,that's what i was about to say,20,T,5,initial,to,204,236,32,51,51,220,224,220,228,0.9999994301664775
t12.2022.07.29,train,vocal,t12.2022.07.27,15,that's what i was about to say,21,UW,5,final,to,212,244,32,53,53,228,232,228,236,0.9999948914467153
t12.2022.07.29,train,vocal,t12.2022.07.27,15,that's what i was about to say,22,SIL,5,sil,to,220,260,40,55,57,236,248,236,248,0.9992605343188127
t12.2022.07.29,train,vocal,t12.2022.07.27,15,that's what i was about to say,23,S,6,initial,say,232,264,32,58,58,248,252,248,252,0.7920602976209096
t12.2022.07.29,train,vocal,t12.2022.07.27,15,that's what i was about to say,24,EY,6,final,say,236,268,32,59,59,252,256,252,256,0.9518491032143088
t12.2022.07.29,train,vocal,t12.2022.07.27,15,that's what i was about to say,25,SIL,6,sil,say,240,284,44,60,63,256,272,256,272,0.9896413903066763
t12.2022.07.29,train,vocal,t12.2022.07.27,16,which one do you like,0,W,0,initial,which,20,52,32,5,5,36,40,16,40,0.9998288021490317
t12.2022.07.29,train,vocal,t12.2022.07.27,16,which one do you like,1,IH,0,medial,which,24,56,32,6,6,40,44,40,44,0.9879375238928961
t12.2022.07.29,train,vocal,t12.2022.07.27,16,which one do you like,2,CH,0,final,which,28,60,32,7,7,44,48,44,48,0.6287219531065726
t12.2022.07.29,train,vocal,t12.2022.07.27,16,which one do you like,3,SIL,0,sil,which,32,76,44,8,11,48,64,48,64,0.8819917880787387
t12.2022.07.29,train,vocal,t12.2022.07.27,16,which one do you like,4,W,1,initial,one,48,80,32,12,12,64,68,64,72,0.9810502635811029
t12.2022.07.29,train,vocal,t12.2022.07.27,16,which one do you like,5,AH,1,medial,one,56,88,32,14,14,72,76,72,76,0.9751546181328847
t12.2022.07.29,train,vocal,t12.2022.07.27,16,which one do you like,6,N,1,final,one,60,96,36,15,16,76,84,76,84,0.9962880668389074
t12.2022.07.29,train,vocal,t12.2022.07.27,16,which one do you like,7,SIL,1,sil,one,68,108,40,17,19,84,96,84,96,0.9994277208235114
t12.2022.07.29,train,vocal,t12.2022.07.27,16,which one do you like,8,D,2,initial,do,80,112,32,20,20,96,100,96,104,0.9712648515182329
t12.2022.07.29,train,vocal,t12.2022.07.27,16,which one do you like,9,UW,2,final,do,88,120,32,22,22,104,108,104,108,0.9999970246535417
t12.2022.07.29,train,vocal,t12.2022.07.27,16,which one do you like,10,SIL,2,sil,do,92,132,40,23,25,108,120,108,120,0.974161155300404
t12.2022.07.29,train,vocal,t12.2022.07.27,16,which one do you like,11,Y,3,initial,you,104,136,32,26,26,120,124,120,124,0.48695380671737437
t12.2022.07.29,train,vocal,t12.2022.07.27,16,which one do you like,12,UW,3,final,you,108,140,32,27,27,124,128,124,128,0.6813754001371355
t12.2022.07.29,train,vocal,t12.2022.07.27,16,which one do you like,13,SIL,3,sil,you,112,168,56,28,34,128,156,128,156,0.9773489516124882
t12.2022.07.29,train,vocal,t12.2022.07.27,16,which one do you like,14,L,4,initial,like,140,172,32,35,35,156,160,156,164,0.8849901009386203
t12.2022.07.29,train,vocal,t12.2022.07.27,16,which one do you like,15,AY,4,medial,like,148,180,32,37,37,164,168,164,168,0.9862541301207003
t12.2022.07.29,train,vocal,t12.2022.07.27,16,which one do you like,16,K,4,final,like,152,184,32,38,38,168,172,168,172,0.9987651530655729
t12.2022.07.29,train,vocal,t12.2022.07.27,16,which one do you like,17,SIL,4,sil,like,156,192,36,39,40,172,180,172,180,0.9974680246661749
t12.2022.07.29,train,vocal,t12.2022.07.27,17,i live in a farming community,0,AY,0,single,i,24,56,32,6,6,40,44,16,48,0.9994751898755501
t12.2022.07.29,train,vocal,t12.2022.07.27,17,i live in a farming community,1,SIL,0,sil,i,32,68,36,8,9,48,56,48,56,0.996467580496744
t12.2022.07.29,train,vocal,t12.2022.07.27,17,i live in a farming community,2,L,1,initial,live,40,72,32,10,10,56,60,56,64,0.9999972412573955
t12.2022.07.29,train,vocal,t12.2022.07.27,17,i live in a farming community,3,AY,1,medial,live,48,80,32,12,12,64,68,64,68,0.9989556329315391
t12.2022.07.29,train,vocal,t12.2022.07.27,17,i live in a farming community,4,V,1,final,live,52,88,36,13,14,68,76,68,76,0.8196432839112695
t12.2022.07.29,train,vocal,t12.2022.07.27,17,i live in a farming community,5,SIL,1,sil,live,60,96,36,15,16,76,84,76,88,0.8877888995942109
t12.2022.07.29,train,vocal,t12.2022.07.27,17,i live in a farming community,6,IH,2,initial,in,72,104,32,18,18,88,92,88,92,0.9999983919742608
t12.2022.07.29,train,vocal,t12.2022.07.27,17,i live in a farming community,7,N,2,final,in,76,108,32,19,19,92,96,92,96,0.9997539917179835
t12.2022.07.29,train,vocal,t12.2022.07.27,17,i live in a farming community,8,SIL,2,sil,in,80,120,40,20,22,96,108,96,112,0.9801159760745719
t12.2022.07.29,train,vocal,t12.2022.07.27,17,i live in a farming community,9,AH,3,single,a,100,132,32,25,25,116,120,112,120,0.9995822128080682
t12.2022.07.29,train,vocal,t12.2022.07.27,17,i live in a farming community,10,SIL,3,sil,a,104,156,52,26,31,120,144,120,144,0.9885895418055936
t12.2022.07.29,train,vocal,t12.2022.07.27,17,i live in a farming community,11,F,4,initial,farming,128,160,32,32,32,144,148,144,152,0.6570385111536562
t12.2022.07.29,train,vocal,t12.2022.07.27,17,i live in a farming community,12,AA,4,medial,farming,136,172,36,34,35,152,160,152,160,0.9886204792508384
t12.2022.07.29,train,vocal,t12.2022.07.27,17,i live in a farming community,13,R,4,medial,farming,144,176,32,36,36,160,164,160,164,0.03675837385352322
t12.2022.07.29,train,vocal,t12.2022.07.27,17,i live in a farming community,14,M,4,medial,farming,148,180,32,37,37,164,168,164,168,0.08653087422825444
t12.2022.07.29,train,vocal,t12.2022.07.27,17,i live in a farming community,15,IH,4,medial,farming,152,184,32,38,38,168,172,168,172,0.4080169673732095
t12.2022.07.29,train,vocal,t12.2022.07.27,17,i live in a farming community,16,NG,4,final,farming,156,188,32,39,39,172,176,172,176,0.32539848124202336
t12.2022.07.29,train,vocal,t12.2022.07.27,17,i live in a farming community,17,SIL,4,sil,farming,160,220,60,40,47,176,208,176,208,0.9651786940875403
t12.2022.07.29,train,vocal,t12.2022.07.27,17,i live in a farming community,18,K,5,initial,community,192,224,32,48,48,208,212,208,216,0.9999316002226337
t12.2022.07.29,train,vocal,t12.2022.07.27,17,i live in a farming community,19,AH,5,medial,community,200,232,32,50,50,216,220,216,220,0.9993970828926961
t12.2022.07.29,train,vocal,t12.2022.07.27,17,i live in a farming community,20,M,5,medial,community,204,236,32,51,51,220,224,220,224,0.999716304205366
t12.2022.07.29,train,vocal,t12.2022.07.27,17,i live in a farming community,21,Y,5,medial,community,208,244,36,52,53,224,232,224,232,0.5345284540012706
t12.2022.07.29,train,vocal,t12.2022.07.27,17,i live in a farming community,22,UW,5,medial,community,216,252,36,54,55,232,240,232,240,0.8795425648441074
t12.2022.07.29,train,vocal,t12.2022.07.27,17,i live in a farming community,23,N,5,medial,community,224,256,32,56,56,240,244,240,244,0.9733683052202443
t12.2022.07.29,train,vocal,t12.2022.07.27,17,i live in a farming community,24,AH,5,medial,community,228,264,36,57,58,244,252,244,252,0.7069045439646375
t12.2022.07.29,train,vocal,t12.2022.07.27,17,i live in a farming community,25,T,5,medial,community,236,268,32,59,59,252,256,252,256,0.6790978876778025
t12.2022.07.29,train,vocal,t12.2022.07.27,17,i live in a farming community,26,IY,5,final,community,240,276,36,60,61,256,264,256,264,0.7703055786755848
t12.2022.07.29,train,vocal,t12.2022.07.27,17,i live in a farming community,27,SIL,5,sil,community,248,292,44,62,65,264,280,264,280,0.8552173158699792
t12.2022.07.29,train,vocal,t12.2022.07.27,18,what is this,0,W,0,initial,what,16,48,32,4,4,32,36,16,36,0.9332339132434552
t12.2022.07.29,train,vocal,t12.2022.07.27,18,what is this,1,AH,0,medial,what,20,52,32,5,5,36,40,36,40,0.9999770072501084
t12.2022.07.29,train,vocal,t12.2022.07.27,18,what is this,2,T,0,final,what,24,60,36,6,7,40,48,40,48,0.9949576257713554
t12.2022.07.29,train,vocal,t12.2022.07.27,18,what is this,3,SIL,0,sil,what,32,68,36,8,9,48,56,48,60,0.9997785160383936
t12.2022.07.29,train,vocal,t12.2022.07.27,18,what is this,4,IH,1,initial,is,48,80,32,12,12,64,68,60,68,0.9819670912830233
t12.2022.07.29,train,vocal,t12.2022.07.27,18,what is this,5,Z,1,final,is,52,88,36,13,14,68,76,68,76,0.7519728744588222
t12.2022.07.29,train,vocal,t12.2022.07.27,18,what is this,6,SIL,1,sil,is,60,92,32,15,15,76,80,76,80,0.9982996927236043
t12.2022.07.29,train,vocal,t12.2022.07.27,18,what is this,7,DH,2,initial,this,64,100,36,16,17,80,88,80,88,0.9499393118807985
t12.2022.07.29,train,vocal,t12.2022.07.27,18,what is this,8,IH,2,medial,this,72,104,32,18,18,88,92,88,92,0.999995388521197
t12.2022.07.29,train,vocal,t12.2022.07.27,18,what is this,9,S,2,final,this,76,108,32,19,19,92,96,92,96,0.9996165264782365
t12.2022.07.29,train,vocal,t12.2022.07.27,18,what is this,10,SIL,2,sil,this,80,132,52,20,25,96,120,96,120,0.9999788888526989
t12.2022.07.29,train,vocal,t12.2022.07.27,19,we're backing it,0,W,0,initial,we're,12,44,32,3,3,28,32,16,32,0.0032070693023227605
t12.2022.07.29,train,vocal,t12.2022.07.27,19,we're backing it,1,IY,0,medial,we're,16,48,32,4,4,32,36,32,36,0.016691624230780515
t12.2022.07.29,train,vocal,t12.2022.07.27,19,we're backing it,2,R,0,final,we're,20,52,32,5,5,36,40,36,40,0.9655231452034256
t12.2022.07.29,train,vocal,t12.2022.07.27,19,we're backing it,3,SIL,0,sil,we're,24,68,44,6,9,40,56,40,56,0.9994720226207632
t12.2022.07.29,train,vocal,t12.2022.07.27,19,we're backing it,4,B,1,initial,backing,40,72,32,10,10,56,60,56,64,0.9041797402391463
t12.2022.07.29,train,vocal,t12.2022.07.27,19,we're backing it,5,AE,1,medial,backing,48,80,32,12,12,64,68,64,68,0.12182231994155959
t12.2022.07.29,train,vocal,t12.2022.07.27,19,we're backing it,6,K,1,medial,backing,52,88,36,13,14,68,76,68,80,0.876844359650202
t12.2022.07.29,train,vocal,t12.2022.07.27,19,we're backing it,7,IH,1,medial,backing,64,96,32,16,16,80,84,80,84,0.9967637690826228
t12.2022.07.29,train,vocal,t12.2022.07.27,19,we're backing it,8,NG,1,final,backing,68,104,36,17,18,84,92,84,92,0.937158130299521
t12.2022.07.29,train,vocal,t12.2022.07.27,19,we're backing it,9,SIL,1,sil,backing,76,108,32,19,19,92,96,92,100,0.9999378513406829
t12.2022.07.29,train,vocal,t12.2022.07.27,19,we're backing it,10,IH,2,initial,it,84,116,32,21,21,100,104,100,104,0.9999959231915627
t12.2022.07.29,train,vocal,t12.2022.07.27,19,we're backing it,11,T,2,final,it,88,120,32,22,22,104,108,104,108,0.9999897845410862
t12.2022.07.29,train,vocal,t12.2022.07.27,19,we're backing it,12,SIL,2,sil,it,92,140,48,23,27,108,128,108,128,0.9989099047882217
t12.2022.07.29,train,vocal,t12.2022.07.27,20,that's excellent advice,0,DH,0,initial,that's,44,76,32,11,11,60,64,16,64,0.9999395925470617
t12.2022.07.29,train,vocal,t12.2022.07.27,20,that's excellent advice,1,AE,0,medial,that's,48,80,32,12,12,64,68,64,68,0.9998969903050167
t12.2022.07.29,train,vocal,t12.2022.07.27,20,that's excellent advice,2,T,0,medial,that's,52,88,36,13,14,68,76,68,76,0.9473999669907169
t12.2022.07.29,train,vocal,t12.2022.07.27,20,that's excellent advice,3,S,0,final,that's,60,92,32,15,15,76,80,76,80,0.999783757637007
t12.2022.07.29,train,vocal,t12.2022.07.27,20,that's excellent advice,4,SIL,0,sil,that's,64,100,36,16,17,80,88,80,92,0.9978415078321956
t12.2022.07.29,train,vocal,t12.2022.07.27,20,that's excellent advice,5,EH,1,initial,excellent,80,112,32,20,20,96,100,92,100,0.7763885007968807
t12.2022.07.29,train,vocal,t12.2022.07.27,20,that's excellent advice,6,K,1,medial,excellent,84,116,32,21,21,100,104,100,104,0.9762120311973197
t12.2022.07.29,train,vocal,t12.2022.07.27,20,that's excellent advice,7,S,1,medial,excellent,88,120,32,22,22,104,108,104,108,0.8493665020244523
t12.2022.07.29,train,vocal,t12.2022.07.27,20,that's excellent advice,8,AH,1,medial,excellent,92,132,40,23,25,108,120,108,120,0.8625575091093157
t12.2022.07.29,train,vocal,t12.2022.07.27,20,that's excellent advice,9,L,1,medial,excellent,104,140,36,26,27,120,128,120,128,0.9475026253297261
t12.2022.07.29,train,vocal,t12.2022.07.27,20,that's excellent advice,10,AH,1,medial,excellent,112,144,32,28,28,128,132,128,132,0.856386267432442
t12.2022.07.29,train,vocal,t12.2022.07.27,20,that's excellent advice,11,N,1,medial,excellent,116,152,36,29,30,132,140,132,140,0.8855107051686496
t12.2022.07.29,train,vocal,t12.2022.07.27,20,that's excellent advice,12,T,1,final,excellent,124,156,32,31,31,140,144,140,144,0.3997456556377912
t12.2022.07.29,train,vocal,t12.2022.07.27,20,that's excellent advice,13,SIL,1,sil,excellent,128,164,36,32,33,144,152,144,156,0.9993957137024545
t12.2022.07.29,train,vocal,t12.2022.07.27,20,that's excellent advice,14,AE,2,initial,advice,144,176,32,36,36,160,164,156,164,0.005337573936720079
t12.2022.07.29,train,vocal,t12.2022.07.27,20,that's excellent advice,15,D,2,medial,advice,148,180,32,37,37,164,168,164,168,0.9996652270359684
t12.2022.07.29,train,vocal,t12.2022.07.27,20,that's excellent advice,16,V,2,medial,advice,152,188,36,38,39,168,176,168,180,0.5133385915323059
t12.2022.07.29,train,vocal,t12.2022.07.27,20,that's excellent advice,17,AY,2,medial,advice,164,196,32,41,41,180,184,180,184,0.22128523065708644
t12.2022.07.29,train,vocal,t12.2022.07.27,20,that's excellent advice,18,S,2,final,advice,168,200,32,42,42,184,188,184,188,0.9926374322201902
t12.2022.07.29,train,vocal,t12.2022.07.27,20,that's excellent advice,19,SIL,2,sil,advice,172,212,40,43,45,188,200,188,200,0.9993342755971321
t12.2022.07.29,train,vocal,t12.2022.07.27,21,there's no reason that we shouldn't do it,0,DH,0,initial,there's,12,48,36,3,4,28,36,16,36,0.9331799518491477
t12.2022.07.29,train,vocal,t12.2022.07.27,21,there's no reason that we shouldn't do it,1,EH,0,medial,there's,20,52,32,5,5,36,40,36,40,0.9997444422361934
t12.2022.07.29,train,vocal,t12.2022.07.27,21,there's no reason that we shouldn't do it,2,R,0,medial,there's,24,56,32,6,6,40,44,40,44,0.9995846273252752
t12.2022.07.29,train,vocal,t12.2022.07.27,21,there's no reason that we shouldn't do it,3,Z,0,final,there's,28,60,32,7,7,44,48,44,48,0.97860573705603
t12.2022.07.29,train,vocal,t12.2022.07.27,21,there's no reason that we shouldn't do it,4,SIL,0,sil,there's,32,68,36,8,9,48,56,48,56,0.9890628124759757
t12.2022.07.29,train,vocal,t12.2022.07.27,21,there's no reason that we shouldn't do it,5,N,1,initial,no,40,72,32,10,10,56,60,56,60,0.9999628281342298
t12.2022.07.29,train,vocal,t12.2022.07.27,21,there's no reason that we shouldn't do it,6,OW,1,final,no,44,76,32,11,11,60,64,60,68,0.998891828986627
t12.2022.07.29,train,vocal,t12.2022.07.27,21,there's no reason that we shouldn't do it,7,SIL,1,sil,no,52,92,40,13,15,68,80,68,80,0.9903327928891256
t12.2022.07.29,train,vocal,t12.2022.07.27,21,there's no reason that we shouldn't do it,8,R,2,initial,reason,64,96,32,16,16,80,84,80,88,0.011724198392770828
t12.2022.07.29,train,vocal,t12.2022.07.27,21,there's no reason that we shouldn't do it,9,IY,2,medial,reason,72,104,32,18,18,88,92,88,92,0.032277001212602116
t12.2022.07.29,train,vocal,t12.2022.07.27,21,there's no reason that we shouldn't do it,10,Z,2,medial,reason,76,108,32,19,19,92,96,92,100,0.8506623507318967
t12.2022.07.29,train,vocal,t12.2022.07.27,21,there's no reason that we shouldn't do it,11,AH,2,medial,reason,84,116,32,21,21,100,104,100,104,0.0006232019902588295
t12.2022.07.29,train,vocal,t12.2022.07.27,21,there's no reason that we shouldn't do it,12,N,2,final,reason,88,120,32,22,22,104,108,104,108,0.02315286439241586
t12.2022.07.29,train,vocal,t12.2022.07.27,21,there's no reason that we shouldn't do it,13,SIL,2,sil,reason,92,136,44,23,26,108,124,108,124,0.9922684593763426
t12.2022.07.29,train,vocal,t12.2022.07.27,21,there's no reason that we shouldn't do it,14,DH,3,initial,that,108,140,32,27,27,124,128,124,128,0.9995069589552094
t12.2022.07.29,train,vocal,t12.2022.07.27,21,there's no reason that we shouldn't do it,15,AE,3,medial,that,112,144,32,28,28,128,132,128,132,0.9999950927434483
t12.2022.07.29,train,vocal,t12.2022.07.27,21,there's no reason that we shouldn't do it,16,T,3,final,that,116,148,32,29,29,132,136,132,136,0.9999987042582613
t12.2022.07.29,train,vocal,t12.2022.07.27,21,there's no reason that we shouldn't do it,17,SIL,3,sil,that,120,164,44,30,33,136,152,136,152,0.962009986308561
t12.2022.07.29,train,vocal,t12.2022.07.27,21,there's no reason that we shouldn't do it,18,W,4,initial,we,136,168,32,34,34,152,156,152,160,0.9999998800263927
t12.2022.07.29,train,vocal,t12.2022.07.27,21,there's no reason that we shouldn't do it,19,IY,4,final,we,144,176,32,36,36,160,164,160,164,0.5836373181462648
t12.2022.07.29,train,vocal,t12.2022.07.27,21,there's no reason that we shouldn't do it,20,SIL,4,sil,we,148,196,48,37,41,164,184,164,184,0.9558362943200187
t12.2022.07.29,train,vocal,t12.2022.07.27,21,there's no reason that we shouldn't do it,21,SH,5,initial,shouldn't,168,200,32,42,42,184,188,184,192,0.9957271467780562
t12.2022.07.29,train,vocal,t12.2022.07.27,21,there's no reason that we shouldn't do it,22,UH,5,medial,shouldn't,176,208,32,44,44,192,196,192,196,0.7092879681089909
t12.2022.07.29,train,vocal,t12.2022.07.27,21,there's no reason that we shouldn't do it,23,D,5,medial,shouldn't,180,212,32,45,45,196,200,196,200,0.755764017054918
t12.2022.07.29,train,vocal,t12.2022.07.27,21,there's no reason that we shouldn't do it,24,AH,5,medial,shouldn't,184,220,36,46,47,200,208,200,208,0.9152207826889838
t12.2022.07.29,train,vocal,t12.2022.07.27,21,there's no reason that we shouldn't do it,25,N,5,medial,shouldn't,192,228,36,48,49,208,216,208,216,0.7443422256357953
t12.2022.07.29,train,vocal,t12.2022.07.27,21,there's no reason that we shouldn't do it,26,T,5,final,shouldn't,200,232,32,50,50,216,220,216,220,0.9869540718306424
t12.2022.07.29,train,vocal,t12.2022.07.27,21,there's no reason that we shouldn't do it,27,SIL,5,sil,shouldn't,204,240,36,51,52,220,228,220,228,0.9682256693703091
t12.2022.07.29,train,vocal,t12.2022.07.27,21,there's no reason that we shouldn't do it,28,D,6,initial,do,212,244,32,53,53,228,232,228,232,0.9998326036674613
t12.2022.07.29,train,vocal,t12.2022.07.27,21,there's no reason that we shouldn't do it,29,UW,6,final,do,216,248,32,54,54,232,236,232,236,0.9999940711350939
t12.2022.07.29,train,vocal,t12.2022.07.27,21,there's no reason that we shouldn't do it,30,SIL,6,sil,do,220,260,40,55,57,236,248,236,252,0.9367979564050475
t12.2022.07.29,train,vocal,t12.2022.07.27,21,there's no reason that we shouldn't do it,31,IH,7,initial,it,236,268,32,59,59,252,256,252,256,0.9999999449327089
t12.2022.07.29,train,vocal,t12.2022.07.27,21,there's no reason that we shouldn't do it,32,T,7,final,it,240,276,36,60,61,256,264,256,264,0.8600114880048624
t12.2022.07.29,train,vocal,t12.2022.07.27,21,there's no reason that we shouldn't do it,33,SIL,7,sil,it,248,292,44,62,65,264,280,264,280,0.9999987901946629
t12.2022.07.29,train,vocal,t12.2022.07.27,22,i type up the tapes of what people talked about,0,AY,0,single,i,52,84,32,13,13,68,72,16,76,0.9999963740076326
t12.2022.07.29,train,vocal,t12.2022.07.27,22,i type up the tapes of what people talked about,1,SIL,0,sil,i,60,104,44,15,18,76,92,76,92,0.7886061928393582
t12.2022.07.29,train,vocal,t12.2022.07.27,22,i type up the tapes of what people talked about,2,T,1,initial,type,76,108,32,19,19,92,96,92,100,0.9229867674888693
t12.2022.07.29,train,vocal,t12.2022.07.27,22,i type up the tapes of what people talked about,3,AY,1,medial,type,88,120,32,22,22,104,108,100,108,0.435210079338876
t12.2022.07.29,train,vocal,t12.2022.07.27,22,i type up the tapes of what people talked about,4,P,1,final,type,92,128,36,23,24,108,116,108,116,0.8470321212942983
t12.2022.07.29,train,vocal,t12.2022.07.27,22,i type up the tapes of what people talked about,5,SIL,1,sil,type,100,136,36,25,26,116,124,116,128,0.9837262375364415
t12.2022.07.29,train,vocal,t12.2022.07.27,22,i type up the tapes of what people talked about,6,AH,2,initial,up,116,148,32,29,29,132,136,128,136,0.999551460571859
t12.2022.07.29,train,vocal,t12.2022.07.27,22,i type up the tapes of what people talked about,7,P,2,final,up,120,152,32,30,30,136,140,136,140,0.9907507872532212
t12.2022.07.29,train,vocal,t12.2022.07.27,22,i type up the tapes of what people talked about,8,SIL,2,sil,up,124,160,36,31,32,140,148,140,148,0.9986523223996582
t12.2022.07.29,train,vocal,t12.2022.07.27,22,i type up the tapes of what people talked about,9,DH,3,initial,the,132,168,36,33,34,148,156,148,156,0.988243272100725
t12.2022.07.29,train,vocal,t12.2022.07.27,22,i type up the tapes of what people talked about,10,AH,3,final,the,140,176,36,35,36,156,164,156,164,0.7759645468454233
t12.2022.07.29,train,vocal,t12.2022.07.27,22,i type up the tapes of what people talked about,11,SIL,3,sil,the,148,192,44,37,40,164,180,164,180,0.9847038398282717
t12.2022.07.29,train,vocal,t12.2022.07.27,22,i type up the tapes of what people talked about,12,T,4,initial,tapes,164,196,32,41,41,180,184,180,192,0.23403269575967597
t12.2022.07.29,train,vocal,t12.2022.07.27,22,i type up the tapes of what people talked about,13,EY,4,medial,tapes,180,212,32,45,45,196,200,192,200,0.9004004253538511
t12.2022.07.29,train,vocal,t12.2022.07.27,22,i type up the tapes of what people talked about,14,P,4,medial,tapes,184,216,32,46,46,200,204,200,204,0.960003097665787
t12.2022.07.29,train,vocal,t12.2022.07.27,22,i type up the tapes of what people talked about,15,S,4,final,tapes,188,224,36,47,48,204,212,204,212,0.889262622710388
t12.2022.07.29,train,vocal,t12.2022.07.27,22,i type up the tapes of what people talked about,16,SIL,4,sil,tapes,196,232,36,49,50,212,220,212,224,0.9999150385708393
t12.2022.07.29,train,vocal,t12.2022.07.27,22,i type up the tapes of what people talked about,17,AH,5,initial,of,212,244,32,53,53,228,232,224,232,0.999993434493931
t12.2022.07.29,train,vocal,t12.2022.07.27,22,i type up the tapes of what people talked about,18,V,5,final,of,216,248,32,54,54,232,236,232,236,0.9999936848275135
t12.2022.07.29,train,vocal,t12.2022.07.27,22,i type up the tapes of what people talked about,19,SIL,5,sil,of,220,264,44,55,58,236,252,236,252,0.9898456898328429
t12.2022.07.29,train,vocal,t12.2022.07.27,22,i type up the tapes of what people talked about,20,W,6,initial,what,236,268,32,59,59,252,256,252,260,0.9979218583092219
t12.2022.07.29,train,vocal,t12.2022.07.27,22,i type up the tapes of what people talked about,21,AH,6,medial,what,244,276,32,61,61,260,264,260,264,0.9999071659393698
t12.2022.07.29,train,vocal,t12.2022.07.27,22,i type up the tapes of what people talked about,22,T,6,final,what,248,284,36,62,63,264,272,264,272,0.9938130992278965
t12.2022.07.29,train,vocal,t12.2022.07.27,22,i type up the tapes of what people talked about,23,SIL,6,sil,what,256,304,48,64,68,272,292,272,292,0.9998524817775202
t12.2022.07.29,train,vocal,t12.2022.07.27,22,i type up the tapes of what people talked about,24,P,7,initial,people,276,308,32,69,69,292,296,292,300,0.9892365519134665
t12.2022.07.29,train,vocal,t12.2022.07.27,22,i type up the tapes of what people talked about,25,IY,7,medial,people,284,316,32,71,71,300,304,300,304,0.9925228965078591
t12.2022.07.29,train,vocal,t12.2022.07.27,22,i type up the tapes of what people talked about,26,P,7,medial,people,288,320,32,72,72,304,308,304,308,0.9787976619195983
t12.2022.07.29,train,vocal,t12.2022.07.27,22,i type up the tapes of what people talked about,27,AH,7,medial,people,292,336,44,73,76,308,324,308,324,0.8363992273942262
t12.2022.07.29,train,vocal,t12.2022.07.27,22,i type up the tapes of what people talked about,28,L,7,final,people,308,340,32,77,77,324,328,324,328,0.9998763338977495
t12.2022.07.29,train,vocal,t12.2022.07.27,22,i type up the tapes of what people talked about,29,SIL,7,sil,people,312,372,60,78,85,328,360,328,360,0.9793145776479801
t12.2022.07.29,train,vocal,t12.2022.07.27,22,i type up the tapes of what people talked about,30,T,8,initial,talked,344,376,32,86,86,360,364,360,368,0.022310954502598512
t12.2022.07.29,train,vocal,t12.2022.07.27,22,i type up the tapes of what people talked about,31,AO,8,medial,talked,356,388,32,89,89,372,376,368,376,0.2986473721019668
t12.2022.07.29,train,vocal,t12.2022.07.27,22,i type up the tapes of what people talked about,32,K,8,medial,talked,360,396,36,90,91,376,384,376,384,0.8845590811638093
t12.2022.07.29,train,vocal,t12.2022.07.27,22,i type up the tapes of what people talked about,33,T,8,final,talked,368,400,32,92,92,384,388,384,388,0.07841911651517448
t12.2022.07.29,train,vocal,t12.2022.07.27,22,i type up the tapes of what people talked about,34,SIL,8,sil,talked,372,412,40,93,95,388,400,388,404,0.8105812848813908
t12.2022.07.29,train,vocal,t12.2022.07.27,22,i type up the tapes of what people talked about,35,AH,9,initial,about,388,424,36,97,98,404,412,404,412,0.9997268021966919
t12.2022.07.29,train,vocal,t12.2022.07.27,22,i type up the tapes of what people talked about,36,B,9,medial,about,396,432,36,99,100,412,420,412,420,0.9962024545788835
t12.2022.07.29,train,vocal,t12.2022.07.27,22,i type up the tapes of what people talked about,37,AW,9,medial,about,404,440,36,101,102,420,428,420,428,0.9998792628191263
t12.2022.07.29,train,vocal,t12.2022.07.27,22,i type up the tapes of what people talked about,38,T,9,final,about,412,448,36,103,104,428,436,428,436,0.8396357978429744
t12.2022.07.29,train,vocal,t12.2022.07.27,22,i type up the tapes of what people talked about,39,SIL,9,sil,about,420,456,36,105,106,436,444,436,444,0.9999996837807836
t12.2022.07.29,train,vocal,t12.2022.07.27,23,it's easy to check messages,0,IH,0,initial,it's,36,68,32,9,9,52,56,16,56,0.9999997438948801
t12.2022.07.29,train,vocal,t12.2022.07.27,23,it's easy to check messages,1,T,0,medial,it's,40,72,32,10,10,56,60,56,60,0.9999775606781015
t12.2022.07.29,train,vocal,t12.2022.07.27,23,it's easy to check messages,2,S,0,final,it's,44,80,36,11,12,60,68,60,68,0.9939490867186764
t12.2022.07.29,train,vocal,t12.2022.07.27,23,it's easy to check messages,3,SIL,0,sil,it's,52,88,36,13,14,68,76,68,80,0.9975370224962272
t12.2022.07.29,train,vocal,t12.2022.07.27,23,it's easy to check messages,4,IY,1,initial,easy,68,100,32,17,17,84,88,80,88,0.028036468397770478
t12.2022.07.29,train,vocal,t12.2022.07.27,23,it's easy to check messages,5,Z,1,medial,easy,72,104,32,18,18,88,92,88,92,0.9796603311996772
t12.2022.07.29,train,vocal,t12.2022.07.27,23,it's easy to check messages,6,IY,1,final,easy,76,108,32,19,19,92,96,92,96,0.003608821464726588
t12.2022.07.29,train,vocal,t12.2022.07.27,23,it's easy to check messages,7,SIL,1,sil,easy,80,124,44,20,23,96,112,96,112,0.8622091831671506
t12.2022.07.29,train,vocal,t12.2022.07.27,23,it's easy to check messages,8,T,2,initial,to,96,128,32,24,24,112,116,112,120,0.9992553906586003
t12.2022.07.29,train,vocal,t12.2022.07.27,23,it's easy to check messages,9,UW,2,final,to,104,136,32,26,26,120,124,120,124,0.9999960825066743
t12.2022.07.29,train,vocal,t12.2022.07.27,23,it's easy to check messages,10,SIL,2,sil,to,108,164,56,27,33,124,152,124,152,0.9817436183468937
t12.2022.07.29,train,vocal,t12.2022.07.27,23,it's easy to check messages,11,CH,3,initial,check,136,168,32,34,34,152,156,152,160,0.020108816175326415
t12.2022.07.29,train,vocal,t12.2022.07.27,23,it's easy to check messages,12,EH,3,medial,check,148,180,32,37,37,164,168,160,168,0.7881160090592105
t12.2022.07.29,train,vocal,t12.2022.07.27,23,it's easy to check messages,13,K,3,final,check,152,184,32,38,38,168,172,168,176,0.9980355908592612
t12.2022.07.29,train,vocal,t12.2022.07.27,23,it's easy to check messages,14,SIL,3,sil,check,160,204,44,40,43,176,192,176,192,0.9983948120004028
t12.2022.07.29,train,vocal,t12.2022.07.27,23,it's easy to check messages,15,M,4,initial,messages,176,208,32,44,44,192,196,192,200,0.08654771229602438
t12.2022.07.29,train,vocal,t12.2022.07.27,23,it's easy to check messages,16,EH,4,medial,messages,184,216,32,46,46,200,204,200,204,0.7678732316677072
t12.2022.07.29,train,vocal,t12.2022.07.27,23,it's easy to check messages,17,S,4,medial,messages,188,220,32,47,47,204,208,204,212,0.9347835578523531
t12.2022.07.29,train,vocal,t12.2022.07.27,23,it's easy to check messages,18,AH,4,medial,messages,196,228,32,49,49,212,216,212,216,0.7110362703154279
t12.2022.07.29,train,vocal,t12.2022.07.27,23,it's easy to check messages,19,JH,4,medial,messages,200,232,32,50,50,216,220,216,220,0.5247948094865124
t12.2022.07.29,train,vocal,t12.2022.07.27,23,it's easy to check messages,20,AH,4,medial,messages,204,236,32,51,51,220,224,220,224,0.024983201637929952
t12.2022.07.29,train,vocal,t12.2022.07.27,23,it's easy to check messages,21,Z,4,final,messages,208,240,32,52,52,224,228,224,228,0.7521505041993164
t12.2022.07.29,train,vocal,t12.2022.07.27,23,it's easy to check messages,22,SIL,4,sil,messages,212,252,40,53,55,228,240,228,240,0.9983049322153237
t12.2022.07.29,train,vocal,t12.2022.07.27,24,you get a lot of graphics in there,0,Y,0,initial,you,40,76,36,10,11,56,64,16,64,0.8689609397473594
t12.2022.07.29,train,vocal,t12.2022.07.27,24,you get a lot of graphics in there,1,UW,0,final,you,48,80,32,12,12,64,68,64,68,0.9999874598916841
t12.2022.07.29,train,vocal,t12.2022.07.27,24,you get a lot of graphics in there,2,SIL,0,sil,you,52,96,44,13,16,68,84,68,84,0.9519689964399412
t12.2022.07.29,train,vocal,t12.2022.07.27,24,you get a lot of graphics in there,3,G,1,initial,get,68,100,32,17,17,84,88,84,92,0.9996484378790285
t12.2022.07.29,train,vocal,t12.2022.07.27,24,you get a lot of graphics in there,4,EH,1,medial,get,76,108,32,19,19,92,96,92,96,0.9982285034960678
t12.2022.07.29,train,vocal,t12.2022.07.27,24,you get a lot of graphics in there,5,T,1,final,get,80,112,32,20,20,96,100,96,100,0.9997850255964316
t12.2022.07.29,train,vocal,t12.2022.07.27,24,you get a lot of graphics in there,6,SIL,1,sil,get,84,124,40,21,23,100,112,100,116,0.9740950331464063
t12.2022.07.29,train,vocal,t12.2022.07.27,24,you get a lot of graphics in there,7,AH,2,single,a,104,136,32,26,26,120,124,116,124,0.999945185178889
t12.2022.07.29,train,vocal,t12.2022.07.27,24,you get a lot of graphics in there,8,SIL,2,sil,a,108,148,40,27,29,124,136,124,136,0.9957414907385558
t12.2022.07.29,train,vocal,t12.2022.07.27,24,you get a lot of graphics in there,9,L,3,initial,lot,120,156,36,30,31,136,144,136,148,0.9990912464669985
t12.2022.07.29,train,vocal,t12.2022.07.27,24,you get a lot of graphics in there,10,AA,3,medial,lot,132,164,32,33,33,148,152,148,152,0.9999972982059786
t12.2022.07.29,train,vocal,t12.2022.07.27,24,you get a lot of graphics in there,11,T,3,final,lot,136,172,36,34,35,152,160,152,160,0.7971190660637294
t12.2022.07.29,train,vocal,t12.2022.07.27,24,you get a lot of graphics in there,12,SIL,3,sil,lot,144,184,40,36,38,160,172,160,176,0.9769752512287889
t12.2022.07.29,train,vocal,t12.2022.07.27,24,you get a lot of graphics in there,13,AH,4,initial,of,160,192,32,40,40,176,180,176,180,0.9999936131498744
t12.2022.07.29,train,vocal,t12.2022.07.27,24,you get a lot of graphics in there,14,V,4,final,of,164,196,32,41,41,180,184,180,184,0.9999993668560633
t12.2022.07.29,train,vocal,t12.2022.07.27,24,you get a lot of graphics in there,15,SIL,4,sil,of,168,208,40,42,44,184,196,184,196,0.9930496992739583
t12.2022.07.29,train,vocal,t12.2022.07.27,24,you get a lot of graphics in there,16,G,5,initial,graphics,180,212,32,45,45,196,200,196,204,0.0001253673274851638
t12.2022.07.29,train,vocal,t12.2022.07.27,24,you get a lot of graphics in there,17,R,5,medial,graphics,188,220,32,47,47,204,208,204,208,0.4696519508165189
t12.2022.07.29,train,vocal,t12.2022.07.27,24,you get a lot of graphics in there,18,AE,5,medial,graphics,192,224,32,48,48,208,212,208,212,0.7522371674927217
t12.2022.07.29,train,vocal,t12.2022.07.27,24,you get a lot of graphics in there,19,F,5,medial,graphics,196,228,32,49,49,212,216,212,220,0.9833055523826151
t12.2022.07.29,train,vocal,t12.2022.07.27,24,you get a lot of graphics in there,20,IH,5,medial,graphics,204,240,36,51,52,220,228,220,228,0.447738408866111
t12.2022.07.29,train,vocal,t12.2022.07.27,24,you get a lot of graphics in there,21,K,5,medial,graphics,212,248,36,53,54,228,236,228,236,0.9380746593747713
t12.2022.07.29,train,vocal,t12.2022.07.27,24,you get a lot of graphics in there,22,S,5,final,graphics,220,252,32,55,55,236,240,236,240,0.5514928130762857
t12.2022.07.29,train,vocal,t12.2022.07.27,24,you get a lot of graphics in there,23,SIL,5,sil,graphics,224,260,36,56,57,240,248,240,252,0.9119697668125379
t12.2022.07.29,train,vocal,t12.2022.07.27,24,you get a lot of graphics in there,24,IH,6,initial,in,240,272,32,60,60,256,260,252,260,0.9999996350546767
t12.2022.07.29,train,vocal,t12.2022.07.27,24,you get a lot of graphics in there,25,N,6,final,in,244,276,32,61,61,260,264,260,264,0.9999901922502558
t12.2022.07.29,train,vocal,t12.2022.07.27,24,you get a lot of graphics in there,26,SIL,6,sil,in,248,296,48,62,66,264,284,264,284,0.9927403522877059
t12.2022.07.29,train,vocal,t12.2022.07.27,24,you get a lot of graphics in there,27,DH,7,initial,there,268,300,32,67,67,284,288,284,288,0.9999937778231778
t12.2022.07.29,train,vocal,t12.2022.07.27,24,you get a lot of graphics in there,28,EH,7,medial,there,272,304,32,68,68,288,292,288,292,0.994562498939214
t12.2022.07.29,train,vocal,t12.2022.07.27,24,you get a lot of graphics in there,29,R,7,final,there,276,308,32,69,69,292,296,292,296,0.9322056664317606
t12.2022.07.29,train,vocal,t12.2022.07.27,24,you get a lot of graphics in there,30,SIL,7,sil,there,280,332,52,70,75,296,320,296,320,0.9999911474531973
t12.2022.07.29,train,vocal,t12.2022.07.27,25,these may be the droids you are looking for,0,DH,0,initial,these,36,68,32,9,9,52,56,16,60,0.9997497101349745
t12.2022.07.29,train,vocal,t12.2022.07.27,25,these may be the droids you are looking for,1,IY,0,medial,these,44,76,32,11,11,60,64,60,68,0.0016964090349046825
t12.2022.07.29,train,vocal,t12.2022.07.27,25,these may be the droids you are looking for,2,Z,0,final,these,52,84,32,13,13,68,72,68,72,0.10743684403508895
t12.2022.07.29,train,vocal,t12.2022.07.27,25,these may be the droids you are looking for,3,SIL,0,sil,these,56,92,36,14,15,72,80,72,80,0.9999256322221447
t12.2022.07.29,train,vocal,t12.2022.07.27,25,these may be the droids you are looking for,4,M,1,initial,may,64,96,32,16,16,80,84,80,88,0.9999022085203487
t12.2022.07.29,train,vocal,t12.2022.07.27,25,these may be the droids you are looking for,5,EY,1,final,may,72,104,32,18,18,88,92,88,96,0.9982694707080431
t12.2022.07.29,train,vocal,t12.2022.07.27,25,these may be the droids you are looking for,6,SIL,1,sil,may,80,120,40,20,22,96,108,96,108,0.8709129678036261
t12.2022.07.29,train,vocal,t12.2022.07.27,25,these may be the droids you are looking for,7,B,2,initial,be,92,124,32,23,23,108,112,108,116,0.897256101527805
t12.2022.07.29,train,vocal,t12.2022.07.27,25,these may be the droids you are looking for,8,IY,2,final,be,100,132,32,25,25,116,120,116,120,0.9623285316311935
t12.2022.07.29,train,vocal,t12.2022.07.27,25,these may be the droids you are looking for,9,SIL,2,sil,be,104,152,48,26,30,120,140,120,140,0.8491927257110833
t12.2022.07.29,train,vocal,t12.2022.07.27,25,these may be the droids you are looking for,10,DH,3,initial,the,124,156,32,31,31,140,144,140,148,0.9999913559078774
t12.2022.07.29,train,vocal,t12.2022.07.27,25,these may be the droids you are looking for,11,AH,3,final,the,132,164,32,33,33,148,152,148,152,0.9999999758359109
t12.2022.07.29,train,vocal,t12.2022.07.27,25,these may be the droids you are looking for,12,SIL,3,sil,the,136,184,48,34,38,152,172,152,172,0.9356638705705912
t12.2022.07.29,train,vocal,t12.2022.07.27,25,these may be the droids you are looking for,13,D,4,initial,droids,156,188,32,39,39,172,176,172,176,0.009904009279887407
t12.2022.07.29,train,vocal,t12.2022.07.27,25,these may be the droids you are looking for,14,R,4,medial,droids,160,192,32,40,40,176,180,176,180,0.2707166529464882
t12.2022.07.29,train,vocal,t12.2022.07.27,25,these may be the droids you are looking for,15,OY,4,medial,droids,164,196,32,41,41,180,184,180,184,0.12558073826877442
t12.2022.07.29,train,vocal,t12.2022.07.27,25,these may be the droids you are looking for,16,D,4,medial,droids,168,204,36,42,43,184,192,184,192,0.7478746337970811
t12.2022.07.29,train,vocal,t12.2022.07.27,25,these may be the droids you are looking for,17,Z,4,final,droids,176,208,32,44,44,192,196,192,196,0.20093686575697944
t12.2022.07.29,train,vocal,t12.2022.07.27,25,these may be the droids you are looking for,18,SIL,4,sil,droids,180,228,48,45,49,196,216,196,216,0.9994274705858066
t12.2022.07.29,train,vocal,t12.2022.07.27,25,these may be the droids you are looking for,19,Y,5,initial,you,200,232,32,50,50,216,220,216,224,0.9998823394424484
t12.2022.07.29,train,vocal,t12.2022.07.27,25,these may be the droids you are looking for,20,UW,5,final,you,208,240,32,52,52,224,228,224,232,0.001366445824356286
t12.2022.07.29,train,vocal,t12.2022.07.27,25,these may be the droids you are looking for,21,SIL,5,sil,you,216,260,44,54,57,232,248,232,252,0.9983013586613974
t12.2022.07.29,train,vocal,t12.2022.07.27,25,these may be the droids you are looking for,22,AA,6,initial,are,240,272,32,60,60,256,260,252,260,0.9153211062938741
t12.2022.07.29,train,vocal,t12.2022.07.27,25,these may be the droids you are looking for,23,R,6,final,are,244,276,32,61,61,260,264,260,264,0.9679461075554536
t12.2022.07.29,train,vocal,t12.2022.07.27,25,these may be the droids you are looking for,24,SIL,6,sil,are,248,292,44,62,65,264,280,264,280,0.9944782424289387
t12.2022.07.29,train,vocal,t12.2022.07.27,25,these may be the droids you are looking for,25,L,7,initial,looking,264,296,32,66,66,280,284,280,288,0.9810171088229852
t12.2022.07.29,train,vocal,t12.2022.07.27,25,these may be the droids you are looking for,26,UH,7,medial,looking,272,304,32,68,68,288,292,288,292,0.11527589296505003
t12.2022.07.29,train,vocal,t12.2022.07.27,25,these may be the droids you are looking for,27,K,7,medial,looking,276,308,32,69,69,292,296,292,300,0.8757041439771167
t12.2022.07.29,train,vocal,t12.2022.07.27,25,these may be the droids you are looking for,28,IH,7,medial,looking,288,320,32,72,72,304,308,300,308,0.9928224069632829
t12.2022.07.29,train,vocal,t12.2022.07.27,25,these may be the droids you are looking for,29,NG,7,final,looking,292,324,32,73,73,308,312,308,312,0.9998274342801589
t12.2022.07.29,train,vocal,t12.2022.07.27,25,these may be the droids you are looking for,30,SIL,7,sil,looking,296,336,40,74,76,312,324,312,324,0.9991989660093514
t12.2022.07.29,train,vocal,t12.2022.07.27,25,these may be the droids you are looking for,31,F,8,initial,for,308,340,32,77,77,324,328,324,332,0.9978422152422176
t12.2022.07.29,train,vocal,t12.2022.07.27,25,these may be the droids you are looking for,32,AO,8,medial,for,316,348,32,79,79,332,336,332,336,0.9998611040430824
t12.2022.07.29,train,vocal,t12.2022.07.27,25,these may be the droids you are looking for,33,R,8,final,for,320,352,32,80,80,336,340,336,340,0.9998676984730118
t12.2022.07.29,train,vocal,t12.2022.07.27,25,these may be the droids you are looking for,34,SIL,8,sil,for,324,364,40,81,83,340,352,340,352,0.9975461678688657
t12.2022.07.29,train,vocal,t12.2022.07.27,26,no decision has been taken yet on the cremation,0,N,0,initial,no,40,72,32,10,10,56,60,16,64,0.8643470128642621
t12.2022.07.29,train,vocal,t12.2022.07.27,26,no decision has been taken yet on the cremation,1,OW,0,final,no,48,80,32,12,12,64,68,64,68,0.9993176503159215
t12.2022.07.29,train,vocal,t12.2022.07.27,26,no decision has been taken yet on the cremation,2,SIL,0,sil,no,52,96,44,13,16,68,84,68,84,0.9947941419805382
t12.2022.07.29,train,vocal,t12.2022.07.27,26,no decision has been taken yet on the cremation,3,D,1,initial,decision,68,100,32,17,17,84,88,84,92,0.9999545905883263
t12.2022.07.29,train,vocal,t12.2022.07.27,26,no decision has been taken yet on the cremation,4,IH,1,medial,decision,76,108,32,19,19,92,96,92,96,0.9998634723402998
t12.2022.07.29,train,vocal,t12.2022.07.27,26,no decision has been taken yet on the cremation,5,S,1,medial,decision,80,112,32,20,20,96,100,96,100,0.9997236010506573
t12.2022.07.29,train,vocal,t12.2022.07.27,26,no decision has been taken yet on the cremation,6,IH,1,medial,decision,84,120,36,21,22,100,108,100,108,0.9875821799709507
t12.2022.07.29,train,vocal,t12.2022.07.27,26,no decision has been taken yet on the cremation,7,ZH,1,medial,decision,92,124,32,23,23,108,112,108,112,0.9982500990366677
t12.2022.07.29,train,vocal,t12.2022.07.27,26,no decision has been taken yet on the cremation,8,AH,1,medial,decision,96,132,36,24,25,112,120,112,120,0.90043533599927
t12.2022.07.29,train,vocal,t12.2022.07.27,26,no decision has been taken yet on the cremation,9,N,1,final,decision,104,136,32,26,26,120,124,120,124,0.9999411533049092
t12.2022.07.29,train,vocal,t12.2022.07.27,26,no decision has been taken yet on the cremation,10,SIL,1,sil,decision,108,148,40,27,29,124,136,124,136,0.9684355109041647
t12.2022.07.29,train,vocal,t12.2022.07.27,26,no decision has been taken yet on the cremation,11,HH,2,initial,has,120,156,36,30,31,136,144,136,144,0.8570398526206069
t12.2022.07.29,train,vocal,t12.2022.07.27,26,no decision has been taken yet on the cremation,12,AE,2,medial,has,128,160,32,32,32,144,148,144,148,0.9500094748714574
t12.2022.07.29,train,vocal,t12.2022.07.27,26,no decision has been taken yet on the cremation,13,Z,2,final,has,132,164,32,33,33,148,152,148,152,0.44728245135277284
t12.2022.07.29,train,vocal,t12.2022.07.27,26,no decision has been taken yet on the cremation,14,SIL,2,sil,has,136,184,48,34,38,152,172,152,172,0.9500458167231105
t12.2022.07.29,train,vocal,t12.2022.07.27,26,no decision has been taken yet on the cremation,15,B,3,initial,been,156,192,36,39,40,172,180,172,184,0.9999139532829606
t12.2022.07.29,train,vocal,t12.2022.07.27,26,no decision has been taken yet on the cremation,16,IH,3,medial,been,168,200,32,42,42,184,188,184,188,0.9999335529238411
t12.2022.07.29,train,vocal,t12.2022.07.27,26,no decision has been taken yet on the cremation,17,N,3,final,been,172,208,36,43,44,188,196,188,196,0.7748999058040942
t12.2022.07.29,train,vocal,t12.2022.07.27,26,no decision has been taken yet on the cremation,18,SIL,3,sil,been,180,224,44,45,48,196,212,196,212,0.9990755877295088
t12.2022.07.29,train,vocal,t12.2022.07.27,26,no decision has been taken yet on the cremation,19,T,4,initial,taken,196,228,32,49,49,212,216,212,220,0.7015337968000402
t12.2022.07.29,train,vocal,t12.2022.07.27,26,no decision has been taken yet on the cremation,20,EY,4,medial,taken,208,240,32,52,52,224,228,220,228,0.9947649335877686
t12.2022.07.29,train,vocal,t12.2022.07.27,26,no decision has been taken yet on the cremation,21,K,4,medial,taken,212,244,32,53,53,228,232,228,236,0.9985986633657118
t12.2022.07.29,train,vocal,t12.2022.07.27,26,no decision has been taken yet on the cremation,22,AH,4,medial,taken,220,252,32,55,55,236,240,236,240,0.00517673030831339
t12.2022.07.29,train,vocal,t12.2022.07.27,26,no decision has been taken yet on the cremation,23,N,4,final,taken,224,256,32,56,56,240,244,240,244,0.009299620355682565
t12.2022.07.29,train,vocal,t12.2022.07.27,26,no decision has been taken yet on the cremation,24,SIL,4,sil,taken,228,268,40,57,59,244,256,244,256,0.7789663769018137
t12.2022.07.29,train,vocal,t12.2022.07.27,26,no decision has been taken yet on the cremation,25,Y,5,initial,yet,240,272,32,60,60,256,260,256,264,0.6764681267518782
t12.2022.07.29,train,vocal,t12.2022.07.27,26,no decision has been taken yet on the cremation,26,EH,5,medial,yet,248,280,32,62,62,264,268,264,268,0.4570957520743014
t12.2022.07.29,train,vocal,t12.2022.07.27,26,no decision has been taken yet on the cremation,27,T,5,final,yet,252,284,32,63,63,268,272,268,272,0.999143459522027
t12.2022.07.29,train,vocal,t12.2022.07.27,26,no decision has been taken yet on the cremation,28,SIL,5,sil,yet,256,304,48,64,68,272,292,272,296,0.9242477056137428
t12.2022.07.29,train,vocal,t12.2022.07.27,26,no decision has been taken yet on the cremation,29,AA,6,initial,on,280,316,36,70,71,296,304,296,304,0.9641635740067936
t12.2022.07.29,train,vocal,t12.2022.07.27,26,no decision has been taken yet on the cremation,30,N,6,final,on,288,320,32,72,72,304,308,304,308,0.9986376293882663
t12.2022.07.29,train,vocal,t12.2022.07.27,26,no decision has been taken yet on the cremation,31,SIL,6,sil,on,292,336,44,73,76,308,324,308,324,0.977703535405624
t12.2022.07.29,train,vocal,t12.2022.07.27,26,no decision has been taken yet on the cremation,32,DH,7,initial,the,308,340,32,77,77,324,328,324,332,0.9999355894031399
t12.2022.07.29,train,vocal,t12.2022.07.27,26,no decision has been taken yet on the cremation,33,AH,7,final,the,316,348,32,79,79,332,336,332,336,0.9999999367526422
t12.2022.07.29,train,vocal,t12.2022.07.27,26,no decision has been taken yet on the cremation,34,SIL,7,sil,the,320,376,56,80,86,336,364,336,364,0.9362939372785528
t12.2022.07.29,train,vocal,t12.2022.07.27,26,no decision has been taken yet on the cremation,35,K,8,initial,cremation,348,380,32,87,87,364,368,364,368,0.9856977817268775
t12.2022.07.29,train,vocal,t12.2022.07.27,26,no decision has been taken yet on the cremation,36,R,8,medial,cremation,352,384,32,88,88,368,372,368,372,0.014314454839745236
t12.2022.07.29,train,vocal,t12.2022.07.27,26,no decision has been taken yet on the cremation,37,IY,8,medial,cremation,356,388,32,89,89,372,376,372,376,0.005972873319337837
t12.2022.07.29,train,vocal,t12.2022.07.27,26,no decision has been taken yet on the cremation,38,M,8,medial,cremation,360,392,32,90,90,376,380,376,388,0.9651018967395323
t12.2022.07.29,train,vocal,t12.2022.07.27,26,no decision has been taken yet on the cremation,39,EY,8,medial,cremation,376,408,32,94,94,392,396,388,396,0.0005254926308088833
t12.2022.07.29,train,vocal,t12.2022.07.27,26,no decision has been taken yet on the cremation,40,SH,8,medial,cremation,380,412,32,95,95,396,400,396,404,0.025710051250967494
t12.2022.07.29,train,vocal,t12.2022.07.27,26,no decision has been taken yet on the cremation,41,AH,8,medial,cremation,388,424,36,97,98,404,412,404,412,0.997782533034167
t12.2022.07.29,train,vocal,t12.2022.07.27,26,no decision has been taken yet on the cremation,42,N,8,final,cremation,396,432,36,99,100,412,420,412,420,0.9782934746003196
t12.2022.07.29,train,vocal,t12.2022.07.27,26,no decision has been taken yet on the cremation,43,SIL,8,sil,cremation,404,440,36,101,102,420,428,420,428,0.9988255253611845
t12.2022.07.29,train,vocal,t12.2022.07.27,27,illegal or something like that,0,IH,0,initial,illegal,36,68,32,9,9,52,56,16,56,0.7291441686083158
t12.2022.07.29,train,vocal,t12.2022.07.27,27,illegal or something like that,1,L,0,medial,illegal,40,76,36,10,11,56,64,56,64,0.9679733775504431
t12.2022.07.29,train,vocal,t12.2022.07.27,27,illegal or something like that,2,IY,0,medial,illegal,48,80,32,12,12,64,68,64,68,0.001444883091538466
t12.2022.07.29,train,vocal,t12.2022.07.27,27,illegal or something like that,3,G,0,medial,illegal,52,88,36,13,14,68,76,68,76,0.40153651922181216
t12.2022.07.29,train,vocal,t12.2022.07.27,27,illegal or something like that,4,AH,0,medial,illegal,60,92,32,15,15,76,80,76,80,0.961474885663243
t12.2022.07.29,train,vocal,t12.2022.07.27,27,illegal or something like that,5,L,0,final,illegal,64,96,32,16,16,80,84,80,84,0.41119575501422695
t12.2022.07.29,train,vocal,t12.2022.07.27,27,illegal or something like that,6,SIL,0,sil,illegal,68,112,44,17,20,84,100,84,104,0.9964532647109707
t12.2022.07.29,train,vocal,t12.2022.07.27,27,illegal or something like that,7,AO,1,initial,or,92,124,32,23,23,108,112,104,112,0.8036745369216292
t12.2022.07.29,train,vocal,t12.2022.07.27,27,illegal or something like that,8,R,1,final,or,96,128,32,24,24,112,116,112,116,0.8385932964135868
t12.2022.07.29,train,vocal,t12.2022.07.27,27,illegal or something like that,9,SIL,1,sil,or,100,136,36,25,26,116,124,116,124,0.9975247986554312
t12.2022.07.29,train,vocal,t12.2022.07.27,27,illegal or something like that,10,S,2,initial,something,108,144,36,27,28,124,132,124,132,0.9885078160357447
t12.2022.07.29,train,vocal,t12.2022.07.27,27,illegal or something like that,11,AH,2,medial,something,116,148,32,29,29,132,136,132,136,0.9999776645683186
t12.2022.07.29,train,vocal,t12.2022.07.27,27,illegal or something like that,12,M,2,medial,something,120,152,32,30,30,136,140,136,140,0.9997986886752038
t12.2022.07.29,train,vocal,t12.2022.07.27,27,illegal or something like that,13,TH,2,medial,something,124,160,36,31,32,140,148,140,148,0.9544075043716835
t12.2022.07.29,train,vocal,t12.2022.07.27,27,illegal or something like that,14,IH,2,medial,something,132,168,36,33,34,148,156,148,156,0.9521681404871369
t12.2022.07.29,train,vocal,t12.2022.07.27,27,illegal or something like that,15,NG,2,final,something,140,172,32,35,35,156,160,156,160,0.9996457163909525
t12.2022.07.29,train,vocal,t12.2022.07.27,27,illegal or something like that,16,SIL,2,sil,something,144,188,44,36,39,160,176,160,176,0.9919662662434426
t12.2022.07.29,train,vocal,t12.2022.07.27,27,illegal or something like that,17,L,3,initial,like,160,196,36,40,41,176,184,176,184,0.8640921334480178
t12.2022.07.29,train,vocal,t12.2022.07.27,27,illegal or something like that,18,AY,3,medial,like,168,200,32,42,42,184,188,184,188,0.9995697281725564
t12.2022.07.29,train,vocal,t12.2022.07.27,27,illegal or something like that,19,K,3,final,like,172,204,32,43,43,188,192,188,192,0.9998154923466612
t12.2022.07.29,train,vocal,t12.2022.07.27,27,illegal or something like that,20,SIL,3,sil,like,176,220,44,44,47,192,208,192,208,0.9322383997923395
t12.2022.07.29,train,vocal,t12.2022.07.27,27,illegal or something like that,21,DH,4,initial,that,192,224,32,48,48,208,212,208,216,0.9997879626118292
t12.2022.07.29,train,vocal,t12.2022.07.27,27,illegal or something like that,22,AE,4,medial,that,200,232,32,50,50,216,220,216,220,0.9999977744103622
t12.2022.07.29,train,vocal,t12.2022.07.27,27,illegal or something like that,23,T,4,final,that,204,236,32,51,51,220,224,220,224,0.9999753164353388
t12.2022.07.29,train,vocal,t12.2022.07.27,27,illegal or something like that,24,SIL,4,sil,that,208,256,48,52,56,224,244,224,244,0.9999931026621024
t12.2022.07.29,train,vocal,t12.2022.07.27,28,growing up on the farm,0,G,0,initial,growing,36,68,32,9,9,52,56,16,56,0.01800771766312756
t12.2022.07.29,train,vocal,t12.2022.07.27,28,growing up on the farm,1,R,0,medial,growing,40,72,32,10,10,56,60,56,60,0.03021764231272986
t12.2022.07.29,train,vocal,t12.2022.07.27,28,growing up on the farm,2,OW,0,medial,growing,44,76,32,11,11,60,64,60,68,0.0018678532713964835
t12.2022.07.29,train,vocal,t12.2022.07.27,28,growing up on the farm,3,IH,0,medial,growing,56,92,36,14,15,72,80,68,80,0.9950523283883088
t12.2022.07.29,train,vocal,t12.2022.07.27,28,growing up on the farm,4,NG,0,final,growing,64,96,32,16,16,80,84,80,84,0.9998618675472882
t12.2022.07.29,train,vocal,t12.2022.07.27,28,growing up on the farm,5,SIL,0,sil,growing,68,104,36,17,18,84,92,84,96,0.9977113881914578
t12.2022.07.29,train,vocal,t12.2022.07.27,28,growing up on the farm,6,AH,1,initial,up,84,116,32,21,21,100,104,96,104,0.9982242176442793
t12.2022.07.29,train,vocal,t12.2022.07.27,28,growing up on the farm,7,P,1,final,up,88,120,32,22,22,104,108,104,108,0.9999738754373374
t12.2022.07.29,train,vocal,t12.2022.07.27,28,growing up on the farm,8,SIL,1,sil,up,92,136,44,23,26,108,124,108,128,0.9255542054290726
t12.2022.07.29,train,vocal,t12.2022.07.27,28,growing up on the farm,9,AA,2,initial,on,112,144,32,28,28,128,132,128,132,0.9999071354632564
t12.2022.07.29,train,vocal,t12.2022.07.27,28,growing up on the farm,10,N,2,final,on,116,148,32,29,29,132,136,132,136,0.9999702786552648
t12.2022.07.29,train,vocal,t12.2022.07.27,28,growing up on the farm,11,SIL,2,sil,on,120,164,44,30,33,136,152,136,152,0.9872289629839655
t12.2022.07.29,train,vocal,t12.2022.07.27,28,growing up on the farm,12,DH,3,initial,the,136,168,32,34,34,152,156,152,160,0.9999924609514435
t12.2022.07.29,train,vocal,t12.2022.07.27,28,growing up on the farm,13,AH,3,final,the,144,176,32,36,36,160,164,160,168,0.9999999161442233
t12.2022.07.29,train,vocal,t12.2022.07.27,28,growing up on the farm,14,SIL,3,sil,the,152,192,40,38,40,168,180,168,180,0.9792567052836841
t12.2022.07.29,train,vocal,t12.2022.07.27,28,growing up on the farm,15,F,4,initial,farm,164,196,32,41,41,180,184,180,188,0.8192009768726827
t12.2022.07.29,train,vocal,t12.2022.07.27,28,growing up on the farm,16,AA,4,medial,farm,176,208,32,44,44,192,196,188,196,0.9085749384571593
t12.2022.07.29,train,vocal,t12.2022.07.27,28,growing up on the farm,17,R,4,medial,farm,180,212,32,45,45,196,200,196,200,0.9903401380485707
t12.2022.07.29,train,vocal,t12.2022.07.27,28,growing up on the farm,18,M,4,final,farm,184,216,32,46,46,200,204,200,204,0.9996934033040795
t12.2022.07.29,train,vocal,t12.2022.07.27,28,growing up on the farm,19,SIL,4,sil,farm,188,232,44,47,50,204,220,204,220,0.8924767483128929
t12.2022.07.29,train,vocal,t12.2022.07.27,29,wait five minutes,0,W,0,initial,wait,44,76,32,11,11,60,64,16,68,0.020666075664971098
t12.2022.07.29,train,vocal,t12.2022.07.27,29,wait five minutes,1,EY,0,medial,wait,52,84,32,13,13,68,72,68,72,0.08255759379979606
t12.2022.07.29,train,vocal,t12.2022.07.27,29,wait five minutes,2,T,0,final,wait,56,88,32,14,14,72,76,72,76,0.9999687328700606
t12.2022.07.29,train,vocal,t12.2022.07.27,29,wait five minutes,3,SIL,0,sil,wait,60,100,40,15,17,76,88,76,88,0.9554833508361608
t12.2022.07.29,train,vocal,t12.2022.07.27,29,wait five minutes,4,F,1,initial,five,72,104,32,18,18,88,92,88,96,0.7621787091520453
t12.2022.07.29,train,vocal,t12.2022.07.27,29,wait five minutes,5,AY,1,medial,five,84,116,32,21,21,100,104,96,104,0.06612236078194583
t12.2022.07.29,train,vocal,t12.2022.07.27,29,wait five minutes,6,V,1,final,five,88,120,32,22,22,104,108,104,112,0.9790898729505223
t12.2022.07.29,train,vocal,t12.2022.07.27,29,wait five minutes,7,SIL,1,sil,five,96,136,40,24,26,112,124,112,124,0.9524950516027225
t12.2022.07.29,train,vocal,t12.2022.07.27,29,wait five minutes,8,M,2,initial,minutes,108,140,32,27,27,124,128,124,132,0.9997676601710084
t12.2022.07.29,train,vocal,t12.2022.07.27,29,wait five minutes,9,IH,2,medial,minutes,116,148,32,29,29,132,136,132,136,0.27194851267906284
t12.2022.07.29,train,vocal,t12.2022.07.27,29,wait five minutes,10,N,2,medial,minutes,120,152,32,30,30,136,140,136,140,0.9922582186325661
t12.2022.07.29,train,vocal,t12.2022.07.27,29,wait five minutes,11,AH,2,medial,minutes,124,156,32,31,31,140,144,140,144,0.9155987322881114
t12.2022.07.29,train,vocal,t12.2022.07.27,29,wait five minutes,12,T,2,medial,minutes,128,164,36,32,33,144,152,144,152,0.8015363575733037
t12.2022.07.29,train,vocal,t12.2022.07.27,29,wait five minutes,13,S,2,final,minutes,136,168,32,34,34,152,156,152,156,0.5848502763504948
t12.2022.07.29,train,vocal,t12.2022.07.27,29,wait five minutes,14,SIL,2,sil,minutes,140,176,36,35,36,156,164,156,164,0.9975820905456253
t12.2022.07.29,train,vocal,t12.2022.07.27,30,for trump this is business as usual,0,F,0,initial,for,36,68,32,9,9,52,56,16,56,0.9959889167657094
t12.2022.07.29,train,vocal,t12.2022.07.27,30,for trump this is business as usual,1,AO,0,medial,for,40,72,32,10,10,56,60,56,60,0.999971896588913
t12.2022.07.29,train,vocal,t12.2022.07.27,30,for trump this is business as usual,2,R,0,final,for,44,80,36,11,12,60,68,60,68,0.9050497115639766
t12.2022.07.29,train,vocal,t12.2022.07.27,30,for trump this is business as usual,3,SIL,0,sil,for,52,88,36,13,14,68,76,68,76,0.9956728680953033
t12.2022.07.29,train,vocal,t12.2022.07.27,30,for trump this is business as usual,4,T,1,initial,trump,60,92,32,15,15,76,80,76,80,0.9937855953180974
t12.2022.07.29,train,vocal,t12.2022.07.27,30,for trump this is business as usual,5,R,1,medial,trump,64,96,32,16,16,80,84,80,88,1.37912788956264e-05
t12.2022.07.29,train,vocal,t12.2022.07.27,30,for trump this is business as usual,6,AH,1,medial,trump,72,104,32,18,18,88,92,88,92,0.17849864626875397
t12.2022.07.29,train,vocal,t12.2022.07.27,30,for trump this is business as usual,7,M,1,medial,trump,76,108,32,19,19,92,96,92,96,0.9989557320622082
t12.2022.07.29,train,vocal,t12.2022.07.27,30,for trump this is business as usual,8,P,1,final,trump,80,112,32,20,20,96,100,96,100,0.8447117840102079
t12.2022.07.29,train,vocal,t12.2022.07.27,30,for trump this is business as usual,9,SIL,1,sil,trump,84,128,44,21,24,100,116,100,116,0.9738939511997102
t12.2022.07.29,train,vocal,t12.2022.07.27,30,for trump this is business as usual,10,DH,2,initial,this,100,132,32,25,25,116,120,116,124,0.8787243924734585
t12.2022.07.29,train,vocal,t12.2022.07.27,30,for trump this is business as usual,11,IH,2,medial,this,108,140,32,27,27,124,128,124,128,0.9979419840247856
t12.2022.07.29,train,vocal,t12.2022.07.27,30,for trump this is business as usual,12,S,2,final,this,112,144,32,28,28,128,132,128,132,0.9875318073566377
t12.2022.07.29,train,vocal,t12.2022.07.27,30,for trump this is business as usual,13,SIL,2,sil,this,116,156,40,29,31,132,144,132,148,0.9997273949239803
t12.2022.07.29,train,vocal,t12.2022.07.27,30,for trump this is business as usual,14,IH,3,initial,is,132,164,32,33,33,148,152,148,152,0.9999982397607088
t12.2022.07.29,train,vocal,t12.2022.07.27,30,for trump this is business as usual,15,Z,3,final,is,136,168,32,34,34,152,156,152,156,0.9999588369288857
t12.2022.07.29,train,vocal,t12.2022.07.27,30,for trump this is business as usual,16,SIL,3,sil,is,140,184,44,35,38,156,172,156,172,0.9426477030779099
t12.2022.07.29,train,vocal,t12.2022.07.27,30,for trump this is business as usual,17,B,4,initial,business,156,188,32,39,39,172,176,172,180,0.11705459423872566
t12.2022.07.29,train,vocal,t12.2022.07.27,30,for trump this is business as usual,18,IH,4,medial,business,168,200,32,42,42,184,188,180,188,0.8017770694288211
t12.2022.07.29,train,vocal,t12.2022.07.27,30,for trump this is business as usual,19,Z,4,medial,business,172,204,32,43,43,188,192,188,192,0.0050760720383226515
t12.2022.07.29,train,vocal,t12.2022.07.27,30,for trump this is business as usual,20,N,4,medial,business,176,208,32,44,44,192,196,192,196,0.00041736349004964054
t12.2022.07.29,train,vocal,t12.2022.07.27,30,for trump this is business as usual,21,AH,4,medial,business,180,212,32,45,45,196,200,196,200,0.01195361363396708
t12.2022.07.29,train,vocal,t12.2022.07.27,30,for trump this is business as usual,22,S,4,final,business,184,216,32,46,46,200,204,200,204,0.003486987213117971
t12.2022.07.29,train,vocal,t12.2022.07.27,30,for trump this is business as usual,23,SIL,4,sil,business,188,228,40,47,49,204,216,204,220,0.8968185735230433
t12.2022.07.29,train,vocal,t12.2022.07.27,30,for trump this is business as usual,24,AE,5,initial,as,208,240,32,52,52,224,228,220,228,0.9525501770935508
t12.2022.07.29,train,vocal,t12.2022.07.27,30,for trump this is business as usual,25,Z,5,final,as,212,244,32,53,53,228,232,228,232,0.9998131776680913
t12.2022.07.29,train,vocal,t12.2022.07.27,30,for trump this is business as usual,26,SIL,5,sil,as,216,260,44,54,57,232,248,232,248,0.9217038609368574
t12.2022.07.29,train,vocal,t12.2022.07.27,30,for trump this is business as usual,27,Y,6,initial,usual,232,264,32,58,58,248,252,248,256,0.9999794507374369
t12.2022.07.29,train,vocal,t12.2022.07.27,30,for trump this is business as usual,28,UW,6,medial,usual,240,272,32,60,60,256,260,256,260,0.9907631982199633
t12.2022.07.29,train,vocal,t12.2022.07.27,30,for trump this is business as usual,29,ZH,6,medial,usual,244,276,32,61,61,260,264,260,264,0.9990472083539288
t12.2022.07.29,train,vocal,t12.2022.07.27,30,for trump this is business as usual,30,AH,6,medial,usual,248,280,32,62,62,264,268,264,268,0.999919324474559
t12.2022.07.29,train,vocal,t12.2022.07.27,30,for trump this is business as usual,31,W,6,medial,usual,252,284,32,63,63,268,272,268,272,0.9731567014747309
t12.2022.07.29,train,vocal,t12.2022.07.27,30,for trump this is business as usual,32,AH,6,medial,usual,256,292,36,64,65,272,280,272,280,0.8540481635123541
t12.2022.07.29,train,vocal,t12.2022.07.27,30,for trump this is business as usual,33,L,6,final,usual,264,296,32,66,66,280,284,280,284,0.9885875885462531
t12.2022.07.29,train,vocal,t12.2022.07.27,30,for trump this is business as usual,34,SIL,6,sil,usual,268,312,44,67,70,284,300,284,300,0.9531237287780269
t12.2022.07.29,train,vocal,t12.2022.07.27,31,to make this whole thing work,0,T,0,initial,to,40,72,32,10,10,56,60,16,60,0.9421142518534144
t12.2022.07.29,train,vocal,t12.2022.07.27,31,to make this whole thing work,1,UW,0,final,to,44,76,32,11,11,60,64,60,68,0.9999494432283365
t12.2022.07.29,train,vocal,t12.2022.07.27,31,to make this whole thing work,2,SIL,0,sil,to,52,92,40,13,15,68,80,68,80,0.9910422516306271
t12.2022.07.29,train,vocal,t12.2022.07.27,31,to make this whole thing work,3,M,1,initial,make,64,96,32,16,16,80,84,80,88,0.9995265633389633
t12.2022.07.29,train,vocal,t12.2022.07.27,31,to make this whole thing work,4,EY,1,medial,make,72,104,32,18,18,88,92,88,92,0.969746273256698
t12.2022.07.29,train,vocal,t12.2022.07.27,31,to make this whole thing work,5,K,1,final,make,76,108,32,19,19,92,96,92,96,0.9995431500389927
t12.2022.07.29,train,vocal,t12.2022.07.27,31,to make this whole thing work,6,SIL,1,sil,make,80,124,44,20,23,96,112,96,112,0.9821895291345143
t12.2022.07.29,train,vocal,t12.2022.07.27,31,to make this whole thing work,7,DH,2,initial,this,96,128,32,24,24,112,116,112,116,0.9854923109130727
t12.2022.07.29,train,vocal,t12.2022.07.27,31,to make this whole thing work,8,IH,2,medial,this,100,132,32,25,25,116,120,116,120,0.9999509755041397
t12.2022.07.29,train,vocal,t12.2022.07.27,31,to make this whole thing work,9,S,2,final,this,104,136,32,26,26,120,124,120,124,0.9981489916371216
t12.2022.07.29,train,vocal,t12.2022.07.27,31,to make this whole thing work,10,SIL,2,sil,this,108,160,52,27,32,124,148,124,148,0.9952405627724472
t12.2022.07.29,train,vocal,t12.2022.07.27,31,to make this whole thing work,11,HH,3,initial,whole,132,168,36,33,34,148,156,148,160,0.8386038631437144
t12.2022.07.29,train,vocal,t12.2022.07.27,31,to make this whole thing work,12,OW,3,medial,whole,144,176,32,36,36,160,164,160,164,0.9997258262528858
t12.2022.07.29,train,vocal,t12.2022.07.27,31,to make this whole thing work,13,L,3,final,whole,148,180,32,37,37,164,168,164,168,0.9999378121791556
t12.2022.07.29,train,vocal,t12.2022.07.27,31,to make this whole thing work,14,SIL,3,sil,whole,152,200,48,38,42,168,188,168,188,0.9981053294488372
t12.2022.07.29,train,vocal,t12.2022.07.27,31,to make this whole thing work,15,TH,4,initial,thing,172,204,32,43,43,188,192,188,196,0.999239463475277
t12.2022.07.29,train,vocal,t12.2022.07.27,31,to make this whole thing work,16,IH,4,medial,thing,180,212,32,45,45,196,200,196,200,0.9993244710937409
t12.2022.07.29,train,vocal,t12.2022.07.27,31,to make this whole thing work,17,NG,4,final,thing,184,216,32,46,46,200,204,200,204,0.9964885781013012
t12.2022.07.29,train,vocal,t12.2022.07.27,31,to make this whole thing work,18,SIL,4,sil,thing,188,232,44,47,50,204,220,204,220,0.988094641524744
t12.2022.07.29,train,vocal,t12.2022.07.27,31,to make this whole thing work,19,W,5,initial,work,204,236,32,51,51,220,224,220,228,0.9999129676970682
t12.2022.07.29,train,vocal,t12.2022.07.27,31,to make this whole thing work,20,ER,5,medial,work,212,244,32,53,53,228,232,228,232,0.9995136408130049
t12.2022.07.29,train,vocal,t12.2022.07.27,31,to make this whole thing work,21,K,5,final,work,216,248,32,54,54,232,236,232,236,0.9999947719015075
t12.2022.07.29,train,vocal,t12.2022.07.27,31,to make this whole thing work,22,SIL,5,sil,work,220,272,52,55,60,236,260,236,260,0.9602717664831517
t12.2022.07.29,train,vocal,t12.2022.07.27,32,it's got to have those things,0,IH,0,initial,it's,32,64,32,8,8,48,52,16,52,0.9999996541977499
t12.2022.07.29,train,vocal,t12.2022.07.27,32,it's got to have those things,1,T,0,medial,it's,36,68,32,9,9,52,56,52,56,0.9999921411387127
t12.2022.07.29,train,vocal,t12.2022.07.27,32,it's got to have those things,2,S,0,final,it's,40,72,32,10,10,56,60,56,60,0.999992022868897
t12.2022.07.29,train,vocal,t12.2022.07.27,32,it's got to have those things,3,SIL,0,sil,it's,44,80,36,11,12,60,68,60,68,0.8513647585855226
t12.2022.07.29,train,vocal,t12.2022.07.27,32,it's got to have those things,4,G,1,initial,got,52,84,32,13,13,68,72,68,76,0.9998703152702126
t12.2022.07.29,train,vocal,t12.2022.07.27,32,it's got to have those things,5,AA,1,medial,got,60,92,32,15,15,76,80,76,80,0.9987864226860255
t12.2022.07.29,train,vocal,t12.2022.07.27,32,it's got to have those things,6,T,1,final,got,64,100,36,16,17,80,88,80,88,0.8095329525655179
t12.2022.07.29,train,vocal,t12.2022.07.27,32,it's got to have those things,7,SIL,1,sil,got,72,112,40,18,20,88,100,88,100,0.8843253667798773
t12.2022.07.29,train,vocal,t12.2022.07.27,32,it's got to have those things,8,T,2,initial,to,84,116,32,21,21,100,104,100,104,0.982812765369092
t12.2022.07.29,train,vocal,t12.2022.07.27,32,it's got to have those things,9,UW,2,final,to,88,120,32,22,22,104,108,104,108,0.9966605743897773
t12.2022.07.29,train,vocal,t12.2022.07.27,32,it's got to have those things,10,SIL,2,sil,to,92,132,40,23,25,108,120,108,120,0.9867649724858337
t12.2022.07.29,train,vocal,t12.2022.07.27,32,it's got to have those things,11,HH,3,initial,have,104,140,36,26,27,120,128,120,128,0.9721242649458466
t12.2022.07.29,train,vocal,t12.2022.07.27,32,it's got to have those things,12,AE,3,medial,have,112,144,32,28,28,128,132,128,132,0.9999996200719881
t12.2022.07.29,train,vocal,t12.2022.07.27,32,it's got to have those things,13,V,3,final,have,116,148,32,29,29,132,136,132,136,0.9998740272542832
t12.2022.07.29,train,vocal,t12.2022.07.27,32,it's got to have those things,14,SIL,3,sil,have,120,176,56,30,36,136,164,136,164,0.997869969961499
t12.2022.07.29,train,vocal,t12.2022.07.27,32,it's got to have those things,15,DH,4,initial,those,148,180,32,37,37,164,168,164,172,0.8621386976516171
t12.2022.07.29,train,vocal,t12.2022.07.27,32,it's got to have those things,16,OW,4,medial,those,156,188,32,39,39,172,176,172,176,0.9997869623630204
t12.2022.07.29,train,vocal,t12.2022.07.27,32,it's got to have those things,17,Z,4,final,those,160,196,36,40,41,176,184,176,184,0.9252881523841466
t12.2022.07.29,train,vocal,t12.2022.07.27,32,it's got to have those things,18,SIL,4,sil,those,168,208,40,42,44,184,196,184,196,0.9994945991333207
t12.2022.07.29,train,vocal,t12.2022.07.27,32,it's got to have those things,19,TH,5,initial,things,180,212,32,45,45,196,200,196,204,0.9999710248238033
t12.2022.07.29,train,vocal,t12.2022.07.27,32,it's got to have those things,20,IH,5,medial,things,188,220,32,47,47,204,208,204,208,0.9999984646803883
t12.2022.07.29,train,vocal,t12.2022.07.27,32,it's got to have those things,21,NG,5,medial,things,192,224,32,48,48,208,212,208,212,0.9999615380553716
t12.2022.07.29,train,vocal,t12.2022.07.27,32,it's got to have those things,22,Z,5,final,things,196,228,32,49,49,212,216,212,216,0.9969590597330519
t12.2022.07.29,train,vocal,t12.2022.07.27,32,it's got to have those things,23,SIL,5,sil,things,200,244,44,50,53,216,232,216,232,0.942818594682785
t12.2022.07.29,train,vocal,t12.2022.07.27,33,i can't believe they can,0,AY,0,single,i,16,48,32,4,4,32,36,16,40,0.9999368938506125
t12.2022.07.29,train,vocal,t12.2022.07.27,33,i can't believe they can,1,SIL,0,sil,i,24,64,40,6,8,40,52,40,52,0.9983329823483157
t12.2022.07.29,train,vocal,t12.2022.07.27,33,i can't believe they can,2,K,1,initial,can't,36,68,32,9,9,52,56,52,60,0.9999440703719003
t12.2022.07.29,train,vocal,t12.2022.07.27,33,i can't believe they can,3,AE,1,medial,can't,44,76,32,11,11,60,64,60,64,0.9997539438251972
t12.2022.07.29,train,vocal,t12.2022.07.27,33,i can't believe they can,4,N,1,medial,can't,48,80,32,12,12,64,68,64,68,0.9988394110551257
t12.2022.07.29,train,vocal,t12.2022.07.27,33,i can't believe they can,5,T,1,final,can't,52,84,32,13,13,68,72,68,72,0.999183398301258
t12.2022.07.29,train,vocal,t12.2022.07.27,33,i can't believe they can,6,SIL,1,sil,can't,56,96,40,14,16,72,84,72,84,0.9938932145112611
t12.2022.07.29,train,vocal,t12.2022.07.27,33,i can't believe they can,7,B,2,initial,believe,68,100,32,17,17,84,88,84,92,0.17915971944888104
t12.2022.07.29,train,vocal,t12.2022.07.27,33,i can't believe they can,8,IH,2,medial,believe,76,108,32,19,19,92,96,92,96,0.9967077353629197
t12.2022.07.29,train,vocal,t12.2022.07.27,33,i can't believe they can,9,L,2,medial,believe,80,116,36,20,21,96,104,96,104,0.976513893200998
t12.2022.07.29,train,vocal,t12.2022.07.27,33,i can't believe they can,10,IY,2,medial,believe,88,120,32,22,22,104,108,104,108,0.999975714322725
t12.2022.07.29,train,vocal,t12.2022.07.27,33,i can't believe they can,11,V,2,final,believe,92,124,32,23,23,108,112,108,112,0.0007259563760358258
t12.2022.07.29,train,vocal,t12.2022.07.27,33,i can't believe they can,12,SIL,2,sil,believe,96,136,40,24,26,112,124,112,124,0.9999759040780415
t12.2022.07.29,train,vocal,t12.2022.07.27,33,i can't believe they can,13,DH,3,initial,they,108,140,32,27,27,124,128,124,132,0.8261795826015759
t12.2022.07.29,train,vocal,t12.2022.07.27,33,i can't believe they can,14,EY,3,final,they,116,148,32,29,29,132,136,132,140,0.998439284563047
t12.2022.07.29,train,vocal,t12.2022.07.27,33,i can't believe they can,15,SIL,3,sil,they,124,168,44,31,34,140,156,140,156,0.9880273481080122
t12.2022.07.29,train,vocal,t12.2022.07.27,33,i can't believe they can,16,K,4,initial,can,140,172,32,35,35,156,160,156,160,0.9997455000415318
t12.2022.07.29,train,vocal,t12.2022.07.27,33,i can't believe they can,17,AE,4,medial,can,144,176,32,36,36,160,164,160,164,0.9954997177791277
t12.2022.07.29,train,vocal,t12.2022.07.27,33,i can't believe they can,18,N,4,final,can,148,184,36,37,38,164,172,164,172,0.9692143945295193
t12.2022.07.29,train,vocal,t12.2022.07.27,33,i can't believe they can,19,SIL,4,sil,can,156,208,52,39,44,172,196,172,196,0.9998753377718627
t12.2022.07.29,train,vocal,t12.2022.07.27,34,the decisions i made were mine and mine alone,0,DH,0,initial,the,20,52,32,5,5,36,40,16,44,0.7594516032906493
t12.2022.07.29,train,vocal,t12.2022.07.27,34,the decisions i made were mine and mine alone,1,AH,0,final,the,28,60,32,7,7,44,48,44,52,0.010350991744423922
t12.2022.07.29,train,vocal,t12.2022.07.27,34,the decisions i made were mine and mine alone,2,SIL,0,sil,the,36,76,40,9,11,52,64,52,64,0.9991250795968178
t12.2022.07.29,train,vocal,t12.2022.07.27,34,the decisions i made were mine and mine alone,3,D,1,initial,decisions,48,80,32,12,12,64,68,64,72,0.9984508834534744
t12.2022.07.29,train,vocal,t12.2022.07.27,34,the decisions i made were mine and mine alone,4,IH,1,medial,decisions,56,88,32,14,14,72,76,72,76,0.9929779155713654
t12.2022.07.29,train,vocal,t12.2022.07.27,34,the decisions i made were mine and mine alone,5,S,1,medial,decisions,60,92,32,15,15,76,80,76,80,0.9936982183770048
t12.2022.07.29,train,vocal,t12.2022.07.27,34,the decisions i made were mine and mine alone,6,IH,1,medial,decisions,64,100,36,16,17,80,88,80,88,0.957051429480899
t12.2022.07.29,train,vocal,t12.2022.07.27,34,the decisions i made were mine and mine alone,7,ZH,1,medial,decisions,72,104,32,18,18,88,92,88,92,0.9998897780473067
t12.2022.07.29,train,vocal,t12.2022.07.27,34,the decisions i made were mine and mine alone,8,AH,1,medial,decisions,76,112,36,19,20,92,100,92,100,0.902272059973976
t12.2022.07.29,train,vocal,t12.2022.07.27,34,the decisions i made were mine and mine alone,9,N,1,medial,decisions,84,116,32,21,21,100,104,100,104,0.99989977299893
t12.2022.07.29,train,vocal,t12.2022.07.27,34,the decisions i made were mine and mine alone,10,Z,1,final,decisions,88,120,32,22,22,104,108,104,108,0.06367948427940226
t12.2022.07.29,train,vocal,t12.2022.07.27,34,the decisions i made were mine and mine alone,11,SIL,1,sil,decisions,92,124,32,23,23,108,112,108,116,0.9999883272660015
t12.2022.07.29,train,vocal,t12.2022.07.27,34,the decisions i made were mine and mine alone,12,AY,2,single,i,100,132,32,25,25,116,120,116,120,0.9981244802369156
t12.2022.07.29,train,vocal,t12.2022.07.27,34,the decisions i made were mine and mine alone,13,SIL,2,sil,i,104,148,44,26,29,120,136,120,136,0.915788802889692
t12.2022.07.29,train,vocal,t12.2022.07.27,34,the decisions i made were mine and mine alone,14,M,3,initial,made,120,156,36,30,31,136,144,136,148,0.7576527628487071
t12.2022.07.29,train,vocal,t12.2022.07.27,34,the decisions i made were mine and mine alone,15,EY,3,medial,made,132,164,32,33,33,148,152,148,152,0.8987361549167917
t12.2022.07.29,train,vocal,t12.2022.07.27,34,the decisions i made were mine and mine alone,16,D,3,final,made,136,172,36,34,35,152,160,152,160,0.716564025694806
t12.2022.07.29,train,vocal,t12.2022.07.27,34,the decisions i made were mine and mine alone,17,SIL,3,sil,made,144,188,44,36,39,160,176,160,176,0.9960641014192768
t12.2022.07.29,train,vocal,t12.2022.07.27,34,the decisions i made were mine and mine alone,18,W,4,initial,were,160,192,32,40,40,176,180,176,184,0.5815979559376175
t12.2022.07.29,train,vocal,t12.2022.07.27,34,the decisions i made were mine and mine alone,19,ER,4,final,were,168,204,36,42,43,184,192,184,192,0.7926983125305445
t12.2022.07.29,train,vocal,t12.2022.07.27,34,the decisions i made were mine and mine alone,20,SIL,4,sil,were,176,220,44,44,47,192,208,192,208,0.9986272701303712
t12.2022.07.29,train,vocal,t12.2022.07.27,34,the decisions i made were mine and mine alone,21,M,5,initial,mine,192,224,32,48,48,208,212,208,216,0.9999629269302246
t12.2022.07.29,train,vocal,t12.2022.07.27,34,the decisions i made were mine and mine alone,22,AY,5,medial,mine,200,232,32,50,50,216,220,216,220,0.00010241186364096254
t12.2022.07.29,train,vocal,t12.2022.07.27,34,the decisions i made were mine and mine alone,23,N,5,final,mine,204,236,32,51,51,220,224,220,224,0.2663042950453467
t12.2022.07.29,train,vocal,t12.2022.07.27,34,the decisions i made were mine and mine alone,24,SIL,5,sil,mine,208,256,48,52,56,224,244,224,260,0.993980214654363
t12.2022.07.29,train,vocal,t12.2022.07.27,34,the decisions i made were mine and mine alone,25,AH,6,initial,and,260,296,36,65,66,276,284,260,284,0.9439198739927646
t12.2022.07.29,train,vocal,t12.2022.07.27,34,the decisions i made were mine and mine alone,26,N,6,medial,and,268,300,32,67,67,284,288,284,288,0.999940234177707
t12.2022.07.29,train,vocal,t12.2022.07.27,34,the decisions i made were mine and mine alone,27,D,6,final,and,272,308,36,68,69,288,296,288,296,0.9191947637573432
t12.2022.07.29,train,vocal,t12.2022.07.27,34,the decisions i made were mine and mine alone,28,SIL,6,sil,and,280,320,40,70,72,296,308,296,308,0.9975492346245382
t12.2022.07.29,train,vocal,t12.2022.07.27,34,the decisions i made were mine and mine alone,29,M,7,initial,mine,292,324,32,73,73,308,312,308,316,0.9815404859395652
t12.2022.07.29,train,vocal,t12.2022.07.27,34,the decisions i made were mine and mine alone,30,AY,7,medial,mine,304,336,32,76,76,320,324,316,324,0.9531602478483379
t12.2022.07.29,train,vocal,t12.2022.07.27,34,the decisions i made were mine and mine alone,31,N,7,final,mine,308,344,36,77,78,324,332,324,332,0.6847840813080153
t12.2022.07.29,train,vocal,t12.2022.07.27,34,the decisions i made were mine and mine alone,32,SIL,7,sil,mine,316,360,44,79,82,332,348,332,352,0.8511802736655237
t12.2022.07.29,train,vocal,t12.2022.07.27,34,the decisions i made were mine and mine alone,33,AH,8,initial,alone,336,368,32,84,84,352,356,352,356,0.9974329414302756
t12.2022.07.29,train,vocal,t12.2022.07.27,34,the decisions i made were mine and mine alone,34,L,8,medial,alone,340,376,36,85,86,356,364,356,364,0.9604455938401897
t12.2022.07.29,train,vocal,t12.2022.07.27,34,the decisions i made were mine and mine alone,35,OW,8,medial,alone,348,388,40,87,89,364,376,364,376,0.9812611927089342
t12.2022.07.29,train,vocal,t12.2022.07.27,34,the decisions i made were mine and mine alone,36,N,8,final,alone,360,392,32,90,90,376,380,376,380,0.006899867193662392
t12.2022.07.29,train,vocal,t12.2022.07.27,34,the decisions i made were mine and mine alone,37,SIL,8,sil,alone,364,400,36,91,92,380,388,380,388,0.9999870754147606
t12.2022.07.29,train,vocal,t12.2022.07.27,35,it's kind of difficult,0,IH,0,initial,it's,28,60,32,7,7,44,48,16,48,0.999999179077681
t12.2022.07.29,train,vocal,t12.2022.07.27,35,it's kind of difficult,1,T,0,medial,it's,32,64,32,8,8,48,52,48,52,0.9999549671651051
t12.2022.07.29,train,vocal,t12.2022.07.27,35,it's kind of difficult,2,S,0,final,it's,36,72,36,9,10,52,60,52,60,0.9956450429604085
t12.2022.07.29,train,vocal,t12.2022.07.27,35,it's kind of difficult,3,SIL,0,sil,it's,44,80,36,11,12,60,68,60,68,0.9999047161766303
t12.2022.07.29,train,vocal,t12.2022.07.27,35,it's kind of difficult,4,K,1,initial,kind,52,88,36,13,14,68,76,68,76,0.9440228091020824
t12.2022.07.29,train,vocal,t12.2022.07.27,35,it's kind of difficult,5,AY,1,medial,kind,60,96,36,15,16,76,84,76,84,0.9916273785162381
t12.2022.07.29,train,vocal,t12.2022.07.27,35,it's kind of difficult,6,N,1,medial,kind,68,100,32,17,17,84,88,84,88,0.9998395274497841
t12.2022.07.29,train,vocal,t12.2022.07.27,35,it's kind of difficult,7,D,1,final,kind,72,108,36,18,19,88,96,88,96,0.9999256310767843
t12.2022.07.29,train,vocal,t12.2022.07.27,35,it's kind of difficult,8,SIL,1,sil,kind,80,112,32,20,20,96,100,96,104,0.9998615229486189
t12.2022.07.29,train,vocal,t12.2022.07.27,35,it's kind of difficult,9,AH,2,initial,of,92,124,32,23,23,108,112,104,112,0.9973349615982995
t12.2022.07.29,train,vocal,t12.2022.07.27,35,it's kind of difficult,10,V,2,final,of,96,128,32,24,24,112,116,112,116,0.9999809748327112
t12.2022.07.29,train,vocal,t12.2022.07.27,35,it's kind of difficult,11,SIL,2,sil,of,100,140,40,25,27,116,128,116,128,0.9641056303705043
t12.2022.07.29,train,vocal,t12.2022.07.27,35,it's kind of difficult,12,D,3,initial,difficult,112,144,32,28,28,128,132,128,132,0.004647804562529023
t12.2022.07.29,train,vocal,t12.2022.07.27,35,it's kind of difficult,13,IH,3,medial,difficult,116,148,32,29,29,132,136,132,136,0.6077985038529841
t12.2022.07.29,train,vocal,t12.2022.07.27,35,it's kind of difficult,14,F,3,medial,difficult,120,152,32,30,30,136,140,136,140,0.9614149112397292
t12.2022.07.29,train,vocal,t12.2022.07.27,35,it's kind of difficult,15,AH,3,medial,difficult,124,160,36,31,32,140,148,140,148,0.6793405467273921
t12.2022.07.29,train,vocal,t12.2022.07.27,35,it's kind of difficult,16,K,3,medial,difficult,132,164,32,33,33,148,152,148,152,0.9236993349750866
t12.2022.07.29,train,vocal,t12.2022.07.27,35,it's kind of difficult,17,AH,3,medial,difficult,136,172,36,34,35,152,160,152,160,0.8187594497962405
t12.2022.07.29,train,vocal,t12.2022.07.27,35,it's kind of difficult,18,L,3,medial,difficult,144,176,32,36,36,160,164,160,164,0.9946941929861914
t12.2022.07.29,train,vocal,t12.2022.07.27,35,it's kind of difficult,19,T,3,final,difficult,148,184,36,37,38,164,172,164,172,0.9567480037653838
t12.2022.07.29,train,vocal,t12.2022.07.27,35,it's kind of difficult,20,SIL,3,sil,difficult,156,196,40,39,41,172,184,172,184,0.9996178631330587
t12.2022.07.29,train,vocal,t12.2022.07.27,36,my wife was president,0,M,0,initial,my,16,48,32,4,4,32,36,16,40,0.9996478093855701
t12.2022.07.29,train,vocal,t12.2022.07.27,36,my wife was president,1,AY,0,final,my,24,56,32,6,6,40,44,40,48,0.04747408998131494
t12.2022.07.29,train,vocal,t12.2022.07.27,36,my wife was president,2,SIL,0,sil,my,32,68,36,8,9,48,56,48,56,0.9794387291728923
t12.2022.07.29,train,vocal,t12.2022.07.27,36,my wife was president,3,W,1,initial,wife,40,72,32,10,10,56,60,56,60,0.00012679338614856884
t12.2022.07.29,train,vocal,t12.2022.07.27,36,my wife was president,4,AY,1,medial,wife,44,76,32,11,11,60,64,60,64,0.012696857161097192
t12.2022.07.29,train,vocal,t12.2022.07.27,36,my wife was president,5,F,1,final,wife,48,80,32,12,12,64,68,64,68,0.2822185208868637
t12.2022.07.29,train,vocal,t12.2022.07.27,36,my wife was president,6,SIL,1,sil,wife,52,92,40,13,15,68,80,68,80,0.9915154455191613
t12.2022.07.29,train,vocal,t12.2022.07.27,36,my wife was president,7,W,2,initial,was,64,100,36,16,17,80,88,80,92,0.7366973871657543
t12.2022.07.29,train,vocal,t12.2022.07.27,36,my wife was president,8,AA,2,medial,was,76,108,32,19,19,92,96,92,96,0.41717717829177
t12.2022.07.29,train,vocal,t12.2022.07.27,36,my wife was president,9,Z,2,final,was,80,112,32,20,20,96,100,96,100,0.09150382857416209
t12.2022.07.29,train,vocal,t12.2022.07.27,36,my wife was president,10,SIL,2,sil,was,84,128,44,21,24,100,116,100,116,0.9469296132814892
t12.2022.07.29,train,vocal,t12.2022.07.27,36,my wife was president,11,P,3,initial,president,100,132,32,25,25,116,120,116,120,0.9915378916011247
t12.2022.07.29,train,vocal,t12.2022.07.27,36,my wife was president,12,R,3,medial,president,104,136,32,26,26,120,124,120,124,0.36703598314574365
t12.2022.07.29,train,vocal,t12.2022.07.27,36,my wife was president,13,EH,3,medial,president,108,140,32,27,27,124,128,124,128,0.7869218834119308
t12.2022.07.29,train,vocal,t12.2022.07.27,36,my wife was president,14,Z,3,medial,president,112,144,32,28,28,128,132,128,136,0.0800045948297151
t12.2022.07.29,train,vocal,t12.2022.07.27,36,my wife was president,15,AH,3,medial,president,120,152,32,30,30,136,140,136,140,0.07582161854850747
t12.2022.07.29,train,vocal,t12.2022.07.27,36,my wife was president,16,D,3,medial,president,124,156,32,31,31,140,144,140,144,0.000769084882729748
t12.2022.07.29,train,vocal,t12.2022.07.27,36,my wife was president,17,EH,3,medial,president,128,160,32,32,32,144,148,144,148,0.001024893321346222
t12.2022.07.29,train,vocal,t12.2022.07.27,36,my wife was president,18,N,3,medial,president,132,164,32,33,33,148,152,148,152,0.03587710810725889
t12.2022.07.29,train,vocal,t12.2022.07.27,36,my wife was president,19,T,3,final,president,136,168,32,34,34,152,156,152,156,0.03157325727504773
t12.2022.07.29,train,vocal,t12.2022.07.27,36,my wife was president,20,SIL,3,sil,president,140,180,40,35,37,156,168,156,168,0.9990666576400041
t12.2022.07.29,train,vocal,t12.2022.07.27,37,i think this is like two years ago,0,AY,0,single,i,44,76,32,11,11,60,64,16,68,0.999994458093569
t12.2022.07.29,train,vocal,t12.2022.07.27,37,i think this is like two years ago,1,SIL,0,sil,i,52,92,40,13,15,68,80,68,80,0.9887234941655186
t12.2022.07.29,train,vocal,t12.2022.07.27,37,i think this is like two years ago,2,TH,1,initial,think,64,96,32,16,16,80,84,80,88,0.9999995813098602
t12.2022.07.29,train,vocal,t12.2022.07.27,37,i think this is like two years ago,3,IH,1,medial,think,72,104,32,18,18,88,92,88,92,0.9987421421090703
t12.2022.07.29,train,vocal,t12.2022.07.27,37,i think this is like two years ago,4,NG,1,medial,think,76,108,32,19,19,92,96,92,96,0.9999963803846793
t12.2022.07.29,train,vocal,t12.2022.07.27,37,i think this is like two years ago,5,K,1,final,think,80,116,36,20,21,96,104,96,104,0.9816569935647309
t12.2022.07.29,train,vocal,t12.2022.07.27,37,i think this is like two years ago,6,SIL,1,sil,think,88,124,36,22,23,104,112,104,112,0.9968261992020222
t12.2022.07.29,train,vocal,t12.2022.07.27,37,i think this is like two years ago,7,DH,2,initial,this,96,128,32,24,24,112,116,112,116,0.9681603581494659
t12.2022.07.29,train,vocal,t12.2022.07.27,37,i think this is like two years ago,8,IH,2,medial,this,100,132,32,25,25,116,120,116,120,0.7207888341161066
t12.2022.07.29,train,vocal,t12.2022.07.27,37,i think this is like two years ago,9,S,2,final,this,104,136,32,26,26,120,124,120,124,0.7749852026752342
t12.2022.07.29,train,vocal,t12.2022.07.27,37,i think this is like two years ago,10,SIL,2,sil,this,108,148,40,27,29,124,136,124,140,0.9790729891376991
t12.2022.07.29,train,vocal,t12.2022.07.27,37,i think this is like two years ago,11,IH,3,initial,is,128,160,32,32,32,144,148,140,148,0.9998298682033155
t12.2022.07.29,train,vocal,t12.2022.07.27,37,i think this is like two years ago,12,Z,3,final,is,132,164,32,33,33,148,152,148,152,0.9997569402468306
t12.2022.07.29,train,vocal,t12.2022.07.27,37,i think this is like two years ago,13,SIL,3,sil,is,136,176,40,34,36,152,164,152,164,0.9914392394050658
t12.2022.07.29,train,vocal,t12.2022.07.27,37,i think this is like two years ago,14,L,4,initial,like,148,180,32,37,37,164,168,164,172,0.9999610070155387
t12.2022.07.29,train,vocal,t12.2022.07.27,37,i think this is like two years ago,15,AY,4,medial,like,156,188,32,39,39,172,176,172,176,0.9997723591633775
t12.2022.07.29,train,vocal,t12.2022.07.27,37,i think this is like two years ago,16,K,4,final,like,160,192,32,40,40,176,180,176,180,0.9999892878530618
t12.2022.07.29,train,vocal,t12.2022.07.27,37,i think this is like two years ago,17,SIL,4,sil,like,164,216,52,41,46,180,204,180,204,0.980355730261303
t12.2022.07.29,train,vocal,t12.2022.07.27,37,i think this is like two years ago,18,T,5,initial,two,188,224,36,47,48,204,212,204,216,0.9944827300176147
t12.2022.07.29,train,vocal,t12.2022.07.27,37,i think this is like two years ago,19,UW,5,final,two,200,232,32,50,50,216,220,216,220,0.9999946685749271
t12.2022.07.29,train,vocal,t12.2022.07.27,37,i think this is like two years ago,20,SIL,5,sil,two,204,252,48,51,55,220,240,220,240,0.9991781836019232
t12.2022.07.29,train,vocal,t12.2022.07.27,37,i think this is like two years ago,21,Y,6,initial,years,224,260,36,56,57,240,248,240,248,0.9901115967041808
t12.2022.07.29,train,vocal,t12.2022.07.27,37,i think this is like two years ago,22,IH,6,medial,years,232,264,32,58,58,248,252,248,252,0.6969103434120046
t12.2022.07.29,train,vocal,t12.2022.07.27,37,i think this is like two years ago,23,R,6,medial,years,236,268,32,59,59,252,256,252,260,0.9996185457962092
t12.2022.07.29,train,vocal,t12.2022.07.27,37,i think this is like two years ago,24,Z,6,final,years,244,276,32,61,61,260,264,260,264,0.6902172638652957
t12.2022.07.29,train,vocal,t12.2022.07.27,37,i think this is like two years ago,25,SIL,6,sil,years,248,292,44,62,65,264,280,264,284,0.9660464544189122
t12.2022.07.29,train,vocal,t12.2022.07.27,37,i think this is like two years ago,26,AH,7,initial,ago,268,300,32,67,67,284,288,284,288,0.9999888347443449
t12.2022.07.29,train,vocal,t12.2022.07.27,37,i think this is like two years ago,27,G,7,medial,ago,272,312,40,68,70,288,300,288,300,0.8364673977406879
t12.2022.07.29,train,vocal,t12.2022.07.27,37,i think this is like two years ago,28,OW,7,final,ago,284,320,36,71,72,300,308,300,308,0.918571127999143
t12.2022.07.29,train,vocal,t12.2022.07.27,37,i think this is like two years ago,29,SIL,7,sil,ago,292,336,44,73,76,308,324,308,324,0.9999626019565035
t12.2022.07.29,train,vocal,t12.2022.07.27,38,republicans were also dismayed by the decision,0,R,0,initial,republicans,12,44,32,3,3,28,32,16,36,0.0061970788835545
t12.2022.07.29,train,vocal,t12.2022.07.27,38,republicans were also dismayed by the decision,1,IH,0,medial,republicans,20,52,32,5,5,36,40,36,44,1.1751858621509366e-05
t12.2022.07.29,train,vocal,t12.2022.07.27,38,republicans were also dismayed by the decision,2,P,0,medial,republicans,32,64,32,8,8,48,52,44,56,0.9821120996840849
t12.2022.07.29,train,vocal,t12.2022.07.27,38,republicans were also dismayed by the decision,3,AH,0,medial,republicans,40,72,32,10,10,56,60,56,60,0.23823614769192974
t12.2022.07.29,train,vocal,t12.2022.07.27,38,republicans were also dismayed by the decision,4,B,0,medial,republicans,44,76,32,11,11,60,64,60,64,0.9999587795755405
t12.2022.07.29,train,vocal,t12.2022.07.27,38,republicans were also dismayed by the decision,5,L,0,medial,republicans,48,80,32,12,12,64,68,64,68,0.9769581854080652
t12.2022.07.29,train,vocal,t12.2022.07.27,38,republicans were also dismayed by the decision,6,IH,0,medial,republicans,52,88,36,13,14,68,76,68,76,0.7387976824997603
t12.2022.07.29,train,vocal,t12.2022.07.27,38,republicans were also dismayed by the decision,7,K,0,medial,republicans,60,96,36,15,16,76,84,76,84,0.8042699231944467
t12.2022.07.29,train,vocal,t12.2022.07.27,38,republicans were also dismayed by the decision,8,AH,0,medial,republicans,68,100,32,17,17,84,88,84,88,0.08132870903969056
t12.2022.07.29,train,vocal,t12.2022.07.27,38,republicans were also dismayed by the decision,9,N,0,medial,republicans,72,104,32,18,18,88,92,88,92,0.8198936489904342
t12.2022.07.29,train,vocal,t12.2022.07.27,38,republicans were also dismayed by the decision,10,Z,0,final,republicans,76,108,32,19,19,92,96,92,96,0.5923933315519254
t12.2022.07.29,train,vocal,t12.2022.07.27,38,republicans were also dismayed by the decision,11,SIL,0,sil,republicans,80,120,40,20,22,96,108,96,108,0.9508297390470671
t12.2022.07.29,train,vocal,t12.2022.07.27,38,republicans were also dismayed by the decision,12,W,1,initial,were,92,124,32,23,23,108,112,108,116,0.9999915155568471
t12.2022.07.29,train,vocal,t12.2022.07.27,38,republicans were also dismayed by the decision,13,ER,1,final,were,100,132,32,25,25,116,120,116,124,0.1114145080160833
t12.2022.07.29,train,vocal,t12.2022.07.27,38,republicans were also dismayed by the decision,14,SIL,1,sil,were,108,144,36,27,28,124,132,124,136,0.9996082592513252
t12.2022.07.29,train,vocal,t12.2022.07.27,38,republicans were also dismayed by the decision,15,AO,2,initial,also,124,160,36,31,32,140,148,136,148,0.8380948546346907
t12.2022.07.29,train,vocal,t12.2022.07.27,38,republicans were also dismayed by the decision,16,L,2,medial,also,132,164,32,33,33,148,152,148,152,0.9999213708930151
t12.2022.07.29,train,vocal,t12.2022.07.27,38,republicans were also dismayed by the decision,17,S,2,medial,also,136,172,36,34,35,152,160,152,160,0.6102416955589134
t12.2022.07.29,train,vocal,t12.2022.07.27,38,republicans were also dismayed by the decision,18,OW,2,final,also,144,176,32,36,36,160,164,160,164,0.4575923251382727
t12.2022.07.29,train,vocal,t12.2022.07.27,38,republicans were also dismayed by the decision,19,SIL,2,sil,also,148,212,64,37,45,164,200,164,220,0.9934639144950016
t12.2022.07.29,train,vocal,t12.2022.07.27,38,republicans were also dismayed by the decision,20,D,3,initial,dismayed,220,252,32,55,55,236,240,220,244,0.9851068463414225
t12.2022.07.29,train,vocal,t12.2022.07.27,38,republicans were also dismayed by the decision,21,IH,3,medial,dismayed,228,260,32,57,57,244,248,244,248,0.9769987579909514
t12.2022.07.29,train,vocal,t12.2022.07.27,38,republicans were also dismayed by the decision,22,S,3,medial,dismayed,232,264,32,58,58,248,252,248,256,0.9985046536387366
t12.2022.07.29,train,vocal,t12.2022.07.27,38,republicans were also dismayed by the decision,23,M,3,medial,dismayed,240,272,32,60,60,256,260,256,264,0.004642260058921943
t12.2022.07.29,train,vocal,t12.2022.07.27,38,republicans were also dismayed by the decision,24,EY,3,medial,dismayed,252,284,32,63,63,268,272,264,276,0.028629508532885265
t12.2022.07.29,train,vocal,t12.2022.07.27,38,republicans were also dismayed by the decision,25,D,3,final,dismayed,260,296,36,65,66,276,284,276,284,0.7321147055967295
t12.2022.07.29,train,vocal,t12.2022.07.27,38,republicans were also dismayed by the decision,26,SIL,3,sil,dismayed,268,308,40,67,69,284,296,284,296,0.9930649421265768
t12.2022.07.29,train,vocal,t12.2022.07.27,38,republicans were also dismayed by the decision,27,B,4,initial,by,280,312,32,70,70,296,300,296,304,0.9984754449964481
t12.2022.07.29,train,vocal,t12.2022.07.27,38,republicans were also dismayed by the decision,28,AY,4,final,by,288,320,32,72,72,304,308,304,312,0.18775008510293764
t12.2022.07.29,train,vocal,t12.2022.07.27,38,republicans were also dismayed by the decision,29,SIL,4,sil,by,300,340,40,75,77,316,328,312,328,0.9549764880044712
t12.2022.07.29,train,vocal,t12.2022.07.27,38,republicans were also dismayed by the decision,30,DH,5,initial,the,312,344,32,78,78,328,332,328,336,0.9999977593776019
t12.2022.07.29,train,vocal,t12.2022.07.27,38,republicans were also dismayed by the decision,31,AH,5,final,the,320,352,32,80,80,336,340,336,344,0.9999981381917282
t12.2022.07.29,train,vocal,t12.2022.07.27,38,republicans were also dismayed by the decision,32,SIL,5,sil,the,328,380,52,82,87,344,368,344,368,0.9883215341595107
t12.2022.07.29,train,vocal,t12.2022.07.27,38,republicans were also dismayed by the decision,33,D,6,initial,decision,352,384,32,88,88,368,372,368,376,0.30680010075302405
t12.2022.07.29,train,vocal,t12.2022.07.27,38,republicans were also dismayed by the decision,34,IH,6,medial,decision,360,392,32,90,90,376,380,376,380,0.9999544602252096
t12.2022.07.29,train,vocal,t12.2022.07.27,38,republicans were also dismayed by the decision,35,S,6,medial,decision,364,396,32,91,91,380,384,380,384,0.9986914503219569
t12.2022.07.29,train,vocal,t12.2022.07.27,38,republicans were also dismayed by the decision,36,IH,6,medial,decision,368,404,36,92,93,384,392,384,392,0.9427963464607152
t12.2022.07.29,train,vocal,t12.2022.07.27,38,republicans were also dismayed by the decision,37,ZH,6,medial,decision,376,408,32,94,94,392,396,392,396,0.9997678374960107
t12.2022.07.29,train,vocal,t12.2022.07.27,38,republicans were also dismayed by the decision,38,AH,6,medial,decision,380,412,32,95,95,396,400,396,400,0.9992778001748248
t12.2022.07.29,train,vocal,t12.2022.07.27,38,republicans were also dismayed by the decision,39,N,6,final,decision,384,416,32,96,96,400,404,400,404,0.9995440108484593
t12.2022.07.29,train,vocal,t12.2022.07.27,38,republicans were also dismayed by the decision,40,SIL,6,sil,decision,388,436,48,97,101,404,424,404,424,0.9987340976764083
t12.2022.07.29,train,vocal,t12.2022.07.27,39,she didn't feel that public schools were safe,0,SH,0,initial,she,32,64,32,8,8,48,52,16,56,0.9819069629729105
t12.2022.07.29,train,vocal,t12.2022.07.27,39,she didn't feel that public schools were safe,1,IY,0,final,she,40,72,32,10,10,56,60,56,64,0.999939197093665
t12.2022.07.29,train,vocal,t12.2022.07.27,39,she didn't feel that public schools were safe,2,SIL,0,sil,she,48,84,36,12,13,64,72,64,72,0.9986164751831375
t12.2022.07.29,train,vocal,t12.2022.07.27,39,she didn't feel that public schools were safe,3,D,1,initial,didn't,56,88,32,14,14,72,76,72,80,0.9999749954719876
t12.2022.07.29,train,vocal,t12.2022.07.27,39,she didn't feel that public schools were safe,4,IH,1,medial,didn't,64,96,32,16,16,80,84,80,84,0.9991091788007972
t12.2022.07.29,train,vocal,t12.2022.07.27,39,she didn't feel that public schools were safe,5,D,1,medial,didn't,68,100,32,17,17,84,88,84,88,0.9999628234295103
t12.2022.07.29,train,vocal,t12.2022.07.27,39,she didn't feel that public schools were safe,6,AH,1,medial,didn't,72,104,32,18,18,88,92,88,92,0.9999248793605539
t12.2022.07.29,train,vocal,t12.2022.07.27,39,she didn't feel that public schools were safe,7,N,1,medial,didn't,76,108,32,19,19,92,96,92,96,0.9986081287134863
t12.2022.07.29,train,vocal,t12.2022.07.27,39,she didn't feel that public schools were safe,8,T,1,final,didn't,80,116,36,20,21,96,104,96,104,0.9826424752114986
t12.2022.07.29,train,vocal,t12.2022.07.27,39,she didn't feel that public schools were safe,9,SIL,1,sil,didn't,88,120,32,22,22,104,108,104,108,0.9998307642478006
t12.2022.07.29,train,vocal,t12.2022.07.27,39,she didn't feel that public schools were safe,10,F,2,initial,feel,92,124,32,23,23,108,112,108,116,0.9954841523465872
t12.2022.07.29,train,vocal,t12.2022.07.27,39,she didn't feel that public schools were safe,11,IY,2,medial,feel,100,132,32,25,25,116,120,116,120,0.12227768431857396
t12.2022.07.29,train,vocal,t12.2022.07.27,39,she didn't feel that public schools were safe,12,L,2,final,feel,104,140,36,26,27,120,128,120,128,0.8829260301266002
t12.2022.07.29,train,vocal,t12.2022.07.27,39,she didn't feel that public schools were safe,13,SIL,2,sil,feel,112,168,56,28,34,128,156,128,156,0.9972524789315255
t12.2022.07.29,train,vocal,t12.2022.07.27,39,she didn't feel that public schools were safe,14,DH,3,initial,that,140,176,36,35,36,156,164,156,164,0.7894955833518523
t12.2022.07.29,train,vocal,t12.2022.07.27,39,she didn't feel that public schools were safe,15,AE,3,medial,that,148,180,32,37,37,164,168,164,168,0.9999999420148851
t12.2022.07.29,train,vocal,t12.2022.07.27,39,she didn't feel that public schools were safe,16,T,3,final,that,152,184,32,38,38,168,172,168,172,0.9995406682424286
t12.2022.07.29,train,vocal,t12.2022.07.27,39,she didn't feel that public schools were safe,17,SIL,3,sil,that,156,208,52,39,44,172,196,172,196,0.9331184575934341
t12.2022.07.29,train,vocal,t12.2022.07.27,39,she didn't feel that public schools were safe,18,P,4,initial,public,180,216,36,45,46,196,204,196,208,0.8634650565223321
t12.2022.07.29,train,vocal,t12.2022.07.27,39,she didn't feel that public schools were safe,19,AH,4,medial,public,196,228,32,49,49,212,216,208,216,0.018351126545255402
t12.2022.07.29,train,vocal,t12.2022.07.27,39,she didn't feel that public schools were safe,20,B,4,medial,public,200,232,32,50,50,216,220,216,220,0.9997274984128283
t12.2022.07.29,train,vocal,t12.2022.07.27,39,she didn't feel that public schools were safe,21,L,4,medial,public,204,236,32,51,51,220,224,220,224,0.9895705387342993
t12.2022.07.29,train,vocal,t12.2022.07.27,39,she didn't feel that public schools were safe,22,IH,4,medial,public,208,240,32,52,52,224,228,224,228,0.999862986468756
t12.2022.07.29,train,vocal,t12.2022.07.27,39,she didn't feel that public schools were safe,23,K,4,final,public,212,248,36,53,54,228,236,228,236,0.9858261229434264
t12.2022.07.29,train,vocal,t12.2022.07.27,39,she didn't feel that public schools were safe,24,SIL,4,sil,public,220,256,36,55,56,236,244,236,244,0.9992160431553501
t12.2022.07.29,train,vocal,t12.2022.07.27,39,she didn't feel that public schools were safe,25,S,5,initial,schools,228,260,32,57,57,244,248,244,248,0.32668857154173375
t12.2022.07.29,train,vocal,t12.2022.07.27,39,she didn't feel that public schools were safe,26,K,5,medial,schools,232,264,32,58,58,248,252,248,256,0.41225373923687114
t12.2022.07.29,train,vocal,t12.2022.07.27,39,she didn't feel that public schools were safe,27,UW,5,medial,schools,244,276,32,61,61,260,264,256,264,0.19187276179963733
t12.2022.07.29,train,vocal,t12.2022.07.27,39,she didn't feel that public schools were safe,28,L,5,medial,schools,248,280,32,62,62,264,268,264,268,0.004321308820029076
t12.2022.07.29,train,vocal,t12.2022.07.27,39,she didn't feel that public schools were safe,29,Z,5,final,schools,252,284,32,63,63,268,272,268,272,0.014721525815496957
t12.2022.07.29,train,vocal,t12.2022.07.27,39,she didn't feel that public schools were safe,30,SIL,5,sil,schools,256,316,60,64,71,272,304,272,304,0.9981277033383638
t12.2022.07.29,train,vocal,t12.2022.07.27,39,she didn't feel that public schools were safe,31,W,6,initial,were,288,320,32,72,72,304,308,304,312,0.9999463478662853
t12.2022.07.29,train,vocal,t12.2022.07.27,39,she didn't feel that public schools were safe,32,ER,6,final,were,296,332,36,74,75,312,320,312,320,0.9874131707749854
t12.2022.07.29,train,vocal,t12.2022.07.27,39,she didn't feel that public schools were safe,33,SIL,6,sil,were,304,344,40,76,78,320,332,320,332,0.996704407531959
t12.2022.07.29,train,vocal,t12.2022.07.27,39,she didn't feel that public schools were safe,34,S,7,initial,safe,316,352,36,79,80,332,340,332,344,0.8802049824608453
t12.2022.07.29,train,vocal,t12.2022.07.27,39,she didn't feel that public schools were safe,35,EY,7,medial,safe,328,360,32,82,82,344,348,344,348,0.7692249731281553
t12.2022.07.29,train,vocal,t12.2022.07.27,39,she didn't feel that public schools were safe,36,F,7,final,safe,332,364,32,83,83,348,352,348,352,0.9988393713516591
t12.2022.07.29,train,vocal,t12.2022.07.27,39,she didn't feel that public schools were safe,37,SIL,7,sil,safe,336,380,44,84,87,352,368,352,368,0.9994097466547025
t12.2022.07.29,train,vocal,t12.2022.07.27,40,i was reading the paper just this morning,0,AY,0,single,i,40,72,32,10,10,56,60,16,64,0.999985542879534
t12.2022.07.29,train,vocal,t12.2022.07.27,40,i was reading the paper just this morning,1,SIL,0,sil,i,48,92,44,12,15,64,80,64,80,0.9012141061508916
t12.2022.07.29,train,vocal,t12.2022.07.27,40,i was reading the paper just this morning,2,W,1,initial,was,64,96,32,16,16,80,84,80,88,0.8808653628616356
t12.2022.07.29,train,vocal,t12.2022.07.27,40,i was reading the paper just this morning,3,AA,1,medial,was,72,104,32,18,18,88,92,88,92,0.8981494981918983
t12.2022.07.29,train,vocal,t12.2022.07.27,40,i was reading the paper just this morning,4,Z,1,final,was,76,108,32,19,19,92,96,92,96,0.30384706386415017
t12.2022.07.29,train,vocal,t12.2022.07.27,40,i was reading the paper just this morning,5,SIL,1,sil,was,80,120,40,20,22,96,108,96,108,0.9641372311526962
t12.2022.07.29,train,vocal,t12.2022.07.27,40,i was reading the paper just this morning,6,R,2,initial,reading,92,124,32,23,23,108,112,108,116,1.194173940242392e-05
t12.2022.07.29,train,vocal,t12.2022.07.27,40,i was reading the paper just this morning,7,EH,2,medial,reading,100,132,32,25,25,116,120,116,120,0.0011978661718517602
t12.2022.07.29,train,vocal,t12.2022.07.27,40,i was reading the paper just this morning,8,D,2,medial,reading,104,136,32,26,26,120,124,120,124,6.596590918165712e-05
t12.2022.07.29,train,vocal,t12.2022.07.27,40,i was reading the paper just this morning,9,IH,2,medial,reading,108,140,32,27,27,124,128,124,128,0.15711823912468287
t12.2022.07.29,train,vocal,t12.2022.07.27,40,i was reading the paper just this morning,10,NG,2,final,reading,112,144,32,28,28,128,132,128,132,0.17795077645494087
t12.2022.07.29,train,vocal,t12.2022.07.27,40,i was reading the paper just this morning,11,SIL,2,sil,reading,116,160,44,29,32,132,148,132,148,0.9976954761065195
t12.2022.07.29,train,vocal,t12.2022.07.27,40,i was reading the paper just this morning,12,DH,3,initial,the,132,164,32,33,33,148,152,148,156,0.9999250635504425
t12.2022.07.29,train,vocal,t12.2022.07.27,40,i was reading the paper just this morning,13,AH,3,final,the,140,176,36,35,36,156,164,156,164,0.8284625808330026
t12.2022.07.29,train,vocal,t12.2022.07.27,40,i was reading the paper just this morning,14,SIL,3,sil,the,148,192,44,37,40,164,180,164,180,0.9989733462376147
t12.2022.07.29,train,vocal,t12.2022.07.27,40,i was reading the paper just this morning,15,P,4,initial,paper,164,196,32,41,41,180,184,180,188,0.9845371355015972
t12.2022.07.29,train,vocal,t12.2022.07.27,40,i was reading the paper just this morning,16,EY,4,medial,paper,172,204,32,43,43,188,192,188,192,0.9263286821460969
t12.2022.07.29,train,vocal,t12.2022.07.27,40,i was reading the paper just this morning,17,P,4,medial,paper,176,208,32,44,44,192,196,192,200,0.9996710608929414
t12.2022.07.29,train,vocal,t12.2022.07.27,40,i was reading the paper just this morning,18,ER,4,final,paper,184,220,36,46,47,200,208,200,208,0.9853626245589353
t12.2022.07.29,train,vocal,t12.2022.07.27,40,i was reading the paper just this morning,19,SIL,4,sil,paper,192,236,44,48,51,208,224,208,224,0.9977371236335465
t12.2022.07.29,train,vocal,t12.2022.07.27,40,i was reading the paper just this morning,20,JH,5,initial,just,208,240,32,52,52,224,228,224,232,6.596451383478328e-05
t12.2022.07.29,train,vocal,t12.2022.07.27,40,i was reading the paper just this morning,21,AH,5,medial,just,216,248,32,54,54,232,236,232,236,0.0046833873737519415
t12.2022.07.29,train,vocal,t12.2022.07.27,40,i was reading the paper just this morning,22,S,5,medial,just,220,252,32,55,55,236,240,236,240,0.00011018400119679946
t12.2022.07.29,train,vocal,t12.2022.07.27,40,i was reading the paper just this morning,23,T,5,final,just,224,256,32,56,56,240,244,240,244,2.1081286699237354e-07
t12.2022.07.29,train,vocal,t12.2022.07.27,40,i was reading the paper just this morning,24,SIL,5,sil,just,228,268,40,57,59,244,256,244,256,0.9948654275723509
t12.2022.07.29,train,vocal,t12.2022.07.27,40,i was reading the paper just this morning,25,DH,6,initial,this,240,272,32,60,60,256,260,256,264,0.999975739288771
t12.2022.07.29,train,vocal,t12.2022.07.27,40,i was reading the paper just this morning,26,IH,6,medial,this,252,284,32,63,63,268,272,264,272,0.11948958121973939
t12.2022.07.29,train,vocal,t12.2022.07.27,40,i was reading the paper just this morning,27,S,6,final,this,256,288,32,64,64,272,276,272,276,0.1826596005664118
t12.2022.07.29,train,vocal,t12.2022.07.27,40,i was reading the paper just this morning,28,SIL,6,sil,this,260,304,44,65,68,276,292,276,292,0.9976544720000016
t12.2022.07.29,train,vocal,t12.2022.07.27,40,i was reading the paper just this morning,29,M,7,initial,morning,276,308,32,69,69,292,296,292,300,0.9999644058617999
t12.2022.07.29,train,vocal,t12.2022.07.27,40,i was reading the paper just this morning,30,AO,7,medial,morning,288,320,32,72,72,304,308,300,308,0.9970742728484914
t12.2022.07.29,train,vocal,t12.2022.07.27,40,i was reading the paper just this morning,31,R,7,medial,morning,292,324,32,73,73,308,312,308,312,0.4745675601171559
t12.2022.07.29,train,vocal,t12.2022.07.27,40,i was reading the paper just this morning,32,N,7,medial,morning,296,328,32,74,74,312,316,312,316,0.9996256969701726
t12.2022.07.29,train,vocal,t12.2022.07.27,40,i was reading the paper just this morning,33,IH,7,medial,morning,300,332,32,75,75,316,320,316,320,0.7587385629516216
t12.2022.07.29,train,vocal,t12.2022.07.27,40,i was reading the paper just this morning,34,NG,7,final,morning,304,336,32,76,76,320,324,320,324,0.6631778398674847
t12.2022.07.29,train,vocal,t12.2022.07.27,40,i was reading the paper just this morning,35,SIL,7,sil,morning,308,356,48,77,81,324,344,324,344,0.9999741613744682
t12.2022.07.29,train,vocal,t12.2022.07.27,41,the trial is expected to reach a conclusion soon,0,DH,0,initial,the,12,44,32,3,3,28,32,16,32,0.9998901453488688
t12.2022.07.29,train,vocal,t12.2022.07.27,41,the trial is expected to reach a conclusion soon,1,AH,0,final,the,16,48,32,4,4,32,36,32,40,0.9999291469829406
t12.2022.07.29,train,vocal,t12.2022.07.27,41,the trial is expected to reach a conclusion soon,2,SIL,0,sil,the,24,64,40,6,8,40,52,40,52,0.9445745375075051
t12.2022.07.29,train,vocal,t12.2022.07.27,41,the trial is expected to reach a conclusion soon,3,T,1,initial,trial,36,68,32,9,9,52,56,52,56,0.9989666322230205
t12.2022.07.29,train,vocal,t12.2022.07.27,41,the trial is expected to reach a conclusion soon,4,R,1,medial,trial,40,72,32,10,10,56,60,56,64,0.9930066100253736
t12.2022.07.29,train,vocal,t12.2022.07.27,41,the trial is expected to reach a conclusion soon,5,AY,1,medial,trial,48,80,32,12,12,64,68,64,68,0.06721506058146935
t12.2022.07.29,train,vocal,t12.2022.07.27,41,the trial is expected to reach a conclusion soon,6,AH,1,medial,trial,52,84,32,13,13,68,72,68,72,0.8216232997848498
t12.2022.07.29,train,vocal,t12.2022.07.27,41,the trial is expected to reach a conclusion soon,7,L,1,final,trial,56,88,32,14,14,72,76,72,76,0.39144598818846643
t12.2022.07.29,train,vocal,t12.2022.07.27,41,the trial is expected to reach a conclusion soon,8,SIL,1,sil,trial,60,100,40,15,17,76,88,76,92,0.9840331042428891
t12.2022.07.29,train,vocal,t12.2022.07.27,41,the trial is expected to reach a conclusion soon,9,IH,2,initial,is,80,112,32,20,20,96,100,92,100,0.999766021421659
t12.2022.07.29,train,vocal,t12.2022.07.27,41,the trial is expected to reach a conclusion soon,10,Z,2,final,is,84,116,32,21,21,100,104,100,104,0.8585570079443864
t12.2022.07.29,train,vocal,t12.2022.07.27,41,the trial is expected to reach a conclusion soon,11,SIL,2,sil,is,88,136,48,22,26,104,124,104,136,0.9954743115665347
t12.2022.07.29,train,vocal,t12.2022.07.27,41,the trial is expected to reach a conclusion soon,12,IH,3,initial,expected,128,160,32,32,32,144,148,136,148,0.9994480822976806
t12.2022.07.29,train,vocal,t12.2022.07.27,41,the trial is expected to reach a conclusion soon,13,K,3,medial,expected,132,164,32,33,33,148,152,148,152,0.9803910288856056
t12.2022.07.29,train,vocal,t12.2022.07.27,41,the trial is expected to reach a conclusion soon,14,S,3,medial,expected,136,168,32,34,34,152,156,152,156,0.9973695986482455
t12.2022.07.29,train,vocal,t12.2022.07.27,41,the trial is expected to reach a conclusion soon,15,P,3,medial,expected,140,172,32,35,35,156,160,156,164,0.9995194722591983
t12.2022.07.29,train,vocal,t12.2022.07.27,41,the trial is expected to reach a conclusion soon,16,EH,3,medial,expected,152,184,32,38,38,168,172,164,172,0.997979811973084
t12.2022.07.29,train,vocal,t12.2022.07.27,41,the trial is expected to reach a conclusion soon,17,K,3,medial,expected,156,188,32,39,39,172,176,172,176,0.9999894494195293
t12.2022.07.29,train,vocal,t12.2022.07.27,41,the trial is expected to reach a conclusion soon,18,T,3,medial,expected,160,192,32,40,40,176,180,176,180,0.9675952078779174
t12.2022.07.29,train,vocal,t12.2022.07.27,41,the trial is expected to reach a conclusion soon,19,AH,3,medial,expected,164,196,32,41,41,180,184,180,184,0.242902913654105
t12.2022.07.29,train,vocal,t12.2022.07.27,41,the trial is expected to reach a conclusion soon,20,D,3,final,expected,168,200,32,42,42,184,188,184,188,0.9096596905268693
t12.2022.07.29,train,vocal,t12.2022.07.27,41,the trial is expected to reach a conclusion soon,21,SIL,3,sil,expected,172,212,40,43,45,188,200,188,200,0.9488004604267372
t12.2022.07.29,train,vocal,t12.2022.07.27,41,the trial is expected to reach a conclusion soon,22,T,4,initial,to,184,216,32,46,46,200,204,200,208,0.9999465380134752
t12.2022.07.29,train,vocal,t12.2022.07.27,41,the trial is expected to reach a conclusion soon,23,UW,4,final,to,192,224,32,48,48,208,212,208,212,0.9992587895772715
t12.2022.07.29,train,vocal,t12.2022.07.27,41,the trial is expected to reach a conclusion soon,24,SIL,4,sil,to,196,240,44,49,52,212,228,212,228,0.9989677980656357
t12.2022.07.29,train,vocal,t12.2022.07.27,41,the trial is expected to reach a conclusion soon,25,R,5,initial,reach,212,244,32,53,53,228,232,228,236,0.00033072674664076835
t12.2022.07.29,train,vocal,t12.2022.07.27,41,the trial is expected to reach a conclusion soon,26,IY,5,medial,reach,220,252,32,55,55,236,240,236,240,0.099683114181986
t12.2022.07.29,train,vocal,t12.2022.07.27,41,the trial is expected to reach a conclusion soon,27,CH,5,final,reach,224,260,36,56,57,240,248,240,248,0.9552217413993501
t12.2022.07.29,train,vocal,t12.2022.07.27,41,the trial is expected to reach a conclusion soon,28,SIL,5,sil,reach,232,276,44,58,61,248,264,248,268,0.9847160449054693
t12.2022.07.29,train,vocal,t12.2022.07.27,41,the trial is expected to reach a conclusion soon,29,AH,6,single,a,256,292,36,64,65,272,280,268,280,0.9998721659138086
t12.2022.07.29,train,vocal,t12.2022.07.27,41,the trial is expected to reach a conclusion soon,30,SIL,6,sil,a,264,312,48,66,70,280,300,280,300,0.9255016825188465
t12.2022.07.29,train,vocal,t12.2022.07.27,41,the trial is expected to reach a conclusion soon,31,K,7,initial,conclusion,284,316,32,71,71,300,304,300,308,0.9887299457529857
t12.2022.07.29,train,vocal,t12.2022.07.27,41,the trial is expected to reach a conclusion soon,32,AH,7,medial,conclusion,292,324,32,73,73,308,312,308,312,0.9699157294147279
t12.2022.07.29,train,vocal,t12.2022.07.27,41,the trial is expected to reach a conclusion soon,33,N,7,medial,conclusion,296,328,32,74,74,312,316,312,316,0.999597893222818
t12.2022.07.29,train,vocal,t12.2022.07.27,41,the trial is expected to reach a conclusion soon,34,K,7,medial,conclusion,300,336,36,75,76,316,324,316,324,0.8251678965351384
t12.2022.07.29,train,vocal,t12.2022.07.27,41,the trial is expected to reach a conclusion soon,35,L,7,medial,conclusion,308,340,32,77,77,324,328,324,328,0.9963857086197615
t12.2022.07.29,train,vocal,t12.2022.07.27,41,the trial is expected to reach a conclusion soon,36,UW,7,medial,conclusion,312,348,36,78,79,328,336,328,336,0.9925962552148664
t12.2022.07.29,train,vocal,t12.2022.07.27,41,the trial is expected to reach a conclusion soon,37,ZH,7,medial,conclusion,320,356,36,80,81,336,344,336,344,0.9973328506666058
t12.2022.07.29,train,vocal,t12.2022.07.27,41,the trial is expected to reach a conclusion soon,38,AH,7,medial,conclusion,328,364,36,82,83,344,352,344,352,0.9945580486720715
t12.2022.07.29,train,vocal,t12.2022.07.27,41,the trial is expected to reach a conclusion soon,39,N,7,final,conclusion,336,372,36,84,85,352,360,352,360,0.9871945344617388
t12.2022.07.29,train,vocal,t12.2022.07.27,41,the trial is expected to reach a conclusion soon,40,SIL,7,sil,conclusion,344,380,36,86,87,360,368,360,368,0.9980302899270187
t12.2022.07.29,train,vocal,t12.2022.07.27,41,the trial is expected to reach a conclusion soon,41,S,8,initial,soon,352,384,32,88,88,368,372,368,376,0.6505439375580303
t12.2022.07.29,train,vocal,t12.2022.07.27,41,the trial is expected to reach a conclusion soon,42,UW,8,medial,soon,360,392,32,90,90,376,380,376,380,0.9959360465197437
t12.2022.07.29,train,vocal,t12.2022.07.27,41,the trial is expected to reach a conclusion soon,43,N,8,final,soon,364,396,32,91,91,380,384,380,384,0.9996599698032627
t12.2022.07.29,train,vocal,t12.2022.07.27,41,the trial is expected to reach a conclusion soon,44,SIL,8,sil,soon,368,420,52,92,97,384,408,384,408,0.9672828051176469
t12.2022.07.29,train,vocal,t12.2022.07.27,42,department stores,0,D,0,initial,department,24,56,32,6,6,40,44,16,48,0.9368836061982299
t12.2022.07.29,train,vocal,t12.2022.07.27,42,department stores,1,IH,0,medial,department,32,64,32,8,8,48,52,48,56,0.12882356591470018
t12.2022.07.29,train,vocal,t12.2022.07.27,42,department stores,2,P,0,medial,department,40,72,32,10,10,56,60,56,68,0.13072399744256485
t12.2022.07.29,train,vocal,t12.2022.07.27,42,department stores,3,AA,0,medial,department,56,88,32,14,14,72,76,68,76,0.002025219702168089
t12.2022.07.29,train,vocal,t12.2022.07.27,42,department stores,4,R,0,medial,department,60,92,32,15,15,76,80,76,80,0.0019711946253958353
t12.2022.07.29,train,vocal,t12.2022.07.27,42,department stores,5,T,0,medial,department,64,96,32,16,16,80,84,80,84,0.044168657139226936
t12.2022.07.29,train,vocal,t12.2022.07.27,42,department stores,6,M,0,medial,department,68,100,32,17,17,84,88,84,88,0.5568939561005886
t12.2022.07.29,train,vocal,t12.2022.07.27,42,department stores,7,AH,0,medial,department,72,104,32,18,18,88,92,88,92,0.9998278587871624
t12.2022.07.29,train,vocal,t12.2022.07.27,42,department stores,8,N,0,medial,department,76,108,32,19,19,92,96,92,96,0.9992454234334613
t12.2022.07.29,train,vocal,t12.2022.07.27,42,department stores,9,T,0,final,department,80,116,36,20,21,96,104,96,104,0.8214881690395777
t12.2022.07.29,train,vocal,t12.2022.07.27,42,department stores,10,SIL,0,sil,department,88,128,40,22,24,104,116,104,116,0.9139321521488734
t12.2022.07.29,train,vocal,t12.2022.07.27,42,department stores,11,S,1,initial,stores,100,132,32,25,25,116,120,116,120,0.6502779906579345
t12.2022.07.29,train,vocal,t12.2022.07.27,42,department stores,12,T,1,medial,stores,104,136,32,26,26,120,124,120,124,0.5233254684512243
t12.2022.07.29,train,vocal,t12.2022.07.27,42,department stores,13,AO,1,medial,stores,108,140,32,27,27,124,128,124,128,0.11721358666749614
t12.2022.07.29,train,vocal,t12.2022.07.27,42,department stores,14,R,1,medial,stores,112,144,32,28,28,128,132,128,132,0.9986535171775225
t12.2022.07.29,train,vocal,t12.2022.07.27,42,department stores,15,Z,1,final,stores,116,148,32,29,29,132,136,132,136,0.8221085350856677
t12.2022.07.29,train,vocal,t12.2022.07.27,42,department stores,16,SIL,1,sil,stores,120,172,52,30,35,136,160,136,160,0.9972624810637475
t12.2022.07.29,train,vocal,t12.2022.07.27,43,boy what are you doing here,0,B,0,initial,boy,28,60,32,7,7,44,48,16,52,0.6200792805832303
t12.2022.07.29,train,vocal,t12.2022.07.27,43,boy what are you doing here,1,OY,0,final,boy,36,68,32,9,9,52,56,52,60,0.00016396447526427664
t12.2022.07.29,train,vocal,t12.2022.07.27,43,boy what are you doing here,2,SIL,0,sil,boy,44,96,52,11,16,60,84,60,84,0.9189798968096677
t12.2022.07.29,train,vocal,t12.2022.07.27,43,boy what are you doing here,3,W,1,initial,what,68,100,32,17,17,84,88,84,88,0.9999398969208951
t12.2022.07.29,train,vocal,t12.2022.07.27,43,boy what are you doing here,4,AH,1,medial,what,72,108,36,18,19,88,96,88,96,0.922737233247261
t12.2022.07.29,train,vocal,t12.2022.07.27,43,boy what are you doing here,5,T,1,final,what,80,112,32,20,20,96,100,96,100,0.9999978940241843
t12.2022.07.29,train,vocal,t12.2022.07.27,43,boy what are you doing here,6,SIL,1,sil,what,84,120,36,21,22,100,108,100,112,0.8807323884193656
t12.2022.07.29,train,vocal,t12.2022.07.27,43,boy what are you doing here,7,AA,2,initial,are,96,128,32,24,24,112,116,112,116,0.993560728863106
t12.2022.07.29,train,vocal,t12.2022.07.27,43,boy what are you doing here,8,R,2,final,are,100,136,36,25,26,116,124,116,124,0.9837319996638336
t12.2022.07.29,train,vocal,t12.2022.07.27,43,boy what are you doing here,9,SIL,2,sil,are,108,148,40,27,29,124,136,124,136,0.9252032981316104
t12.2022.07.29,train,vocal,t12.2022.07.27,43,boy what are you doing here,10,Y,3,initial,you,120,152,32,30,30,136,140,136,140,0.9999938367144283
t12.2022.07.29,train,vocal,t12.2022.07.27,43,boy what are you doing here,11,UW,3,final,you,124,156,32,31,31,140,144,140,144,0.9998771565145094
t12.2022.07.29,train,vocal,t12.2022.07.27,43,boy what are you doing here,12,SIL,3,sil,you,128,172,44,32,35,144,160,144,160,0.9237587901220258
t12.2022.07.29,train,vocal,t12.2022.07.27,43,boy what are you doing here,13,D,4,initial,doing,144,176,32,36,36,160,164,160,168,0.7050102231311082
t12.2022.07.29,train,vocal,t12.2022.07.27,43,boy what are you doing here,14,UW,4,medial,doing,152,184,32,38,38,168,172,168,176,0.25221138573837987
t12.2022.07.29,train,vocal,t12.2022.07.27,43,boy what are you doing here,15,IH,4,medial,doing,160,192,32,40,40,176,180,176,180,0.9346245250177092
t12.2022.07.29,train,vocal,t12.2022.07.27,43,boy what are you doing here,16,NG,4,final,doing,164,196,32,41,41,180,184,180,184,0.07416539765047762
t12.2022.07.29,train,vocal,t12.2022.07.27,43,boy what are you doing here,17,SIL,4,sil,doing,168,212,44,42,45,184,200,184,200,0.9259919396855714
t12.2022.07.29,train,vocal,t12.2022.07.27,43,boy what are you doing here,18,HH,5,initial,here,184,216,32,46,46,200,204,200,204,0.9999989877976114
t12.2022.07.29,train,vocal,t12.2022.07.27,43,boy what are you doing here,19,IY,5,medial,here,188,224,36,47,48,204,212,204,212,0.9535473699066765
t12.2022.07.29,train,vocal,t12.2022.07.27,43,boy what are you doing here,20,R,5,final,here,196,228,32,49,49,212,216,212,216,0.9998934616366985
t12.2022.07.29,train,vocal,t12.2022.07.27,43,boy what are you doing here,21,SIL,5,sil,here,200,252,52,50,55,216,240,216,240,0.9999037200246076
t12.2022.07.29,train,vocal,t12.2022.07.27,44,it took me a long time,0,IH,0,initial,it,20,52,32,5,5,36,40,16,40,0.9999945087080139
t12.2022.07.29,train,vocal,t12.2022.07.27,44,it took me a long time,1,T,0,final,it,24,56,32,6,6,40,44,40,44,0.9999977546370103
t12.2022.07.29,train,vocal,t12.2022.07.27,44,it took me a long time,2,SIL,0,sil,it,28,72,44,7,10,44,60,44,60,0.9904855479601005
t12.2022.07.29,train,vocal,t12.2022.07.27,44,it took me a long time,3,T,1,initial,took,44,76,32,11,11,60,64,60,68,0.9021814868439768
t12.2022.07.29,train,vocal,t12.2022.07.27,44,it took me a long time,4,UH,1,medial,took,52,84,32,13,13,68,72,68,72,0.9902112997890441
t12.2022.07.29,train,vocal,t12.2022.07.27,44,it took me a long time,5,K,1,final,took,56,88,32,14,14,72,76,72,76,0.9988469348227681
t12.2022.07.29,train,vocal,t12.2022.07.27,44,it took me a long time,6,SIL,1,sil,took,60,96,36,15,16,76,84,76,84,0.8035893103110681
t12.2022.07.29,train,vocal,t12.2022.07.27,44,it took me a long time,7,M,2,initial,me,68,100,32,17,17,84,88,84,92,0.9951768530712788
t12.2022.07.29,train,vocal,t12.2022.07.27,44,it took me a long time,8,IY,2,final,me,76,108,32,19,19,92,96,92,100,0.9941780535244271
t12.2022.07.29,train,vocal,t12.2022.07.27,44,it took me a long time,9,SIL,2,sil,me,84,124,40,21,23,100,112,100,116,0.9973683271434638
t12.2022.07.29,train,vocal,t12.2022.07.27,44,it took me a long time,10,AH,3,single,a,100,136,36,25,26,116,124,116,124,0.7785389089601766
t12.2022.07.29,train,vocal,t12.2022.07.27,44,it took me a long time,11,SIL,3,sil,a,108,152,44,27,30,124,140,124,140,0.9862270256463802
t12.2022.07.29,train,vocal,t12.2022.07.27,44,it took me a long time,12,L,4,initial,long,124,156,32,31,31,140,144,140,148,0.9999554007240099
t12.2022.07.29,train,vocal,t12.2022.07.27,44,it took me a long time,13,AO,4,medial,long,136,168,32,34,34,152,156,148,156,0.9999908265563439
t12.2022.07.29,train,vocal,t12.2022.07.27,44,it took me a long time,14,NG,4,final,long,140,172,32,35,35,156,160,156,160,0.9997144175135789
t12.2022.07.29,train,vocal,t12.2022.07.27,44,it took me a long time,15,SIL,4,sil,long,144,192,48,36,40,160,180,160,180,0.9670121801085745
t12.2022.07.29,train,vocal,t12.2022.07.27,44,it took me a long time,16,T,5,initial,time,164,200,36,41,42,180,188,180,188,0.7877378696109665
t12.2022.07.29,train,vocal,t12.2022.07.27,44,it took me a long time,17,AY,5,medial,time,172,208,36,43,44,188,196,188,196,0.9990106009567183
t12.2022.07.29,train,vocal,t12.2022.07.27,44,it took me a long time,18,M,5,final,time,180,212,32,45,45,196,200,196,200,0.9900305986157507
t12.2022.07.29,train,vocal,t12.2022.07.27,44,it took me a long time,19,SIL,5,sil,time,184,232,48,46,50,200,220,200,220,0.9999859659828256
t12.2022.07.29,train,vocal,t12.2022.07.27,45,that may be our only answer,0,DH,0,initial,that,8,40,32,2,2,24,28,16,32,0.9207830068059305
t12.2022.07.29,train,vocal,t12.2022.07.27,45,that may be our only answer,1,AE,0,medial,that,16,48,32,4,4,32,36,32,36,0.9783677868128268
t12.2022.07.29,train,vocal,t12.2022.07.27,45,that may be our only answer,2,T,0,final,that,20,52,32,5,5,36,40,36,40,0.9999986821391861
t12.2022.07.29,train,vocal,t12.2022.07.27,45,that may be our only answer,3,SIL,0,sil,that,24,64,40,6,8,40,52,40,52,0.9522318007818615
t12.2022.07.29,train,vocal,t12.2022.07.27,45,that may be our only answer,4,M,1,initial,may,36,68,32,9,9,52,56,52,60,0.9914253616471095
t12.2022.07.29,train,vocal,t12.2022.07.27,45,that may be our only answer,5,EY,1,final,may,44,76,32,11,11,60,64,60,68,0.9384436960910394
t12.2022.07.29,train,vocal,t12.2022.07.27,45,that may be our only answer,6,SIL,1,sil,may,52,88,36,13,14,68,76,68,76,0.9985305565841534
t12.2022.07.29,train,vocal,t12.2022.07.27,45,that may be our only answer,7,B,2,initial,be,60,92,32,15,15,76,80,76,84,0.9987448707096466
t12.2022.07.29,train,vocal,t12.2022.07.27,45,that may be our only answer,8,IY,2,final,be,68,100,32,17,17,84,88,84,92,0.9999749800962019
t12.2022.07.29,train,vocal,t12.2022.07.27,45,that may be our only answer,9,SIL,2,sil,be,76,116,40,19,21,92,104,92,108,0.9995758108259047
t12.2022.07.29,train,vocal,t12.2022.07.27,45,that may be our only answer,10,AW,3,initial,our,96,128,32,24,24,112,116,108,116,0.018340765727994732
t12.2022.07.29,train,vocal,t12.2022.07.27,45,that may be our only answer,11,ER,3,final,our,100,132,32,25,25,116,120,116,120,0.03269713407307588
t12.2022.07.29,train,vocal,t12.2022.07.27,45,that may be our only answer,12,SIL,3,sil,our,104,148,44,26,29,120,136,120,140,0.9994240958133485
t12.2022.07.29,train,vocal,t12.2022.07.27,45,that may be our only answer,13,OW,4,initial,only,128,160,32,32,32,144,148,140,148,0.9995986866843689
t12.2022.07.29,train,vocal,t12.2022.07.27,45,that may be our only answer,14,N,4,medial,only,132,164,32,33,33,148,152,148,152,0.9995391853965878
t12.2022.07.29,train,vocal,t12.2022.07.27,45,that may be our only answer,15,L,4,medial,only,136,172,36,34,35,152,160,152,160,0.9250844653730956
t12.2022.07.29,train,vocal,t12.2022.07.27,45,that may be our only answer,16,IY,4,final,only,144,184,40,36,38,160,172,160,172,0.7894889002104315
t12.2022.07.29,train,vocal,t12.2022.07.27,45,that may be our only answer,17,SIL,4,sil,only,156,192,36,39,40,172,180,172,184,0.9995139297809446
t12.2022.07.29,train,vocal,t12.2022.07.27,45,that may be our only answer,18,AE,5,initial,answer,172,204,32,43,43,188,192,184,192,0.9324248794072284
t12.2022.07.29,train,vocal,t12.2022.07.27,45,that may be our only answer,19,N,5,medial,answer,176,208,32,44,44,192,196,192,196,0.0644328569873608
t12.2022.07.29,train,vocal,t12.2022.07.27,45,that may be our only answer,20,S,5,medial,answer,180,216,36,45,46,196,204,196,204,0.6989892730329346
t12.2022.07.29,train,vocal,t12.2022.07.27,45,that may be our only answer,21,ER,5,final,answer,188,224,36,47,48,204,212,204,212,0.770220524392332
t12.2022.07.29,train,vocal,t12.2022.07.27,45,that may be our only answer,22,SIL,5,sil,answer,196,244,48,49,53,212,232,212,232,0.9973961737635382
t12.2022.07.29,train,vocal,t12.2022.07.27,46,they have a pretty good size waiting list,0,DH,0,initial,they,36,68,32,9,9,52,56,16,60,0.9999514382852692
t12.2022.07.29,train,vocal,t12.2022.07.27,46,they have a pretty good size waiting list,1,EY,0,final,they,44,76,32,11,11,60,64,60,68,0.9999226735746348
t12.2022.07.29,train,vocal,t12.2022.07.27,46,they have a pretty good size waiting list,2,SIL,0,sil,they,52,92,40,13,15,68,80,68,80,0.9891337175769009
t12.2022.07.29,train,vocal,t12.2022.07.27,46,they have a pretty good size waiting list,3,HH,1,initial,have,64,100,36,16,17,80,88,80,88,0.7593251307291792
t12.2022.07.29,train,vocal,t12.2022.07.27,46,they have a pretty good size waiting list,4,AE,1,medial,have,72,104,32,18,18,88,92,88,92,0.9999991997472986
t12.2022.07.29,train,vocal,t12.2022.07.27,46,they have a pretty good size waiting list,5,V,1,final,have,76,108,32,19,19,92,96,92,96,0.9998405800233671
t12.2022.07.29,train,vocal,t12.2022.07.27,46,they have a pretty good size waiting list,6,SIL,1,sil,have,80,120,40,20,22,96,108,96,116,0.9931556147226405
t12.2022.07.29,train,vocal,t12.2022.07.27,46,they have a pretty good size waiting list,7,AH,2,single,a,104,136,32,26,26,120,124,116,124,0.9992662714254453
t12.2022.07.29,train,vocal,t12.2022.07.27,46,they have a pretty good size waiting list,8,SIL,2,sil,a,108,160,52,27,32,124,148,124,148,0.9973742359725207
t12.2022.07.29,train,vocal,t12.2022.07.27,46,they have a pretty good size waiting list,9,P,3,initial,pretty,132,164,32,33,33,148,152,148,152,0.12871963543260181
t12.2022.07.29,train,vocal,t12.2022.07.27,46,they have a pretty good size waiting list,10,R,3,medial,pretty,136,168,32,34,34,152,156,152,160,0.09884770112558817
t12.2022.07.29,train,vocal,t12.2022.07.27,46,they have a pretty good size waiting list,11,IH,3,medial,pretty,144,176,32,36,36,160,164,160,164,0.48237988899701795
t12.2022.07.29,train,vocal,t12.2022.07.27,46,they have a pretty good size waiting list,12,T,3,medial,pretty,148,180,32,37,37,164,168,164,172,0.8648791808875345
t12.2022.07.29,train,vocal,t12.2022.07.27,46,they have a pretty good size waiting list,13,IY,3,final,pretty,156,188,32,39,39,172,176,172,176,0.9970425891375937
t12.2022.07.29,train,vocal,t12.2022.07.27,46,they have a pretty good size waiting list,14,SIL,3,sil,pretty,160,204,44,40,43,176,192,176,192,0.9428974315580954
t12.2022.07.29,train,vocal,t12.2022.07.27,46,they have a pretty good size waiting list,15,G,4,initial,good,176,208,32,44,44,192,196,192,200,0.9907549527616872
t12.2022.07.29,train,vocal,t12.2022.07.27,46,they have a pretty good size waiting list,16,UH,4,medial,good,184,216,32,46,46,200,204,200,204,0.9999940486568829
t12.2022.07.29,train,vocal,t12.2022.07.27,46,they have a pretty good size waiting list,17,D,4,final,good,188,220,32,47,47,204,208,204,208,0.9999908986420538
t12.2022.07.29,train,vocal,t12.2022.07.27,46,they have a pretty good size waiting list,18,SIL,4,sil,good,192,236,44,48,51,208,224,208,224,0.9539477347768456
t12.2022.07.29,train,vocal,t12.2022.07.27,46,they have a pretty good size waiting list,19,S,5,initial,size,208,244,36,52,53,224,232,224,236,0.9960981946805703
t12.2022.07.29,train,vocal,t12.2022.07.27,46,they have a pretty good size waiting list,20,AY,5,medial,size,224,256,32,56,56,240,244,236,244,0.7935484671546508
t12.2022.07.29,train,vocal,t12.2022.07.27,46,they have a pretty good size waiting list,21,Z,5,final,size,228,264,36,57,58,244,252,244,252,0.6051348489338466
t12.2022.07.29,train,vocal,t12.2022.07.27,46,they have a pretty good size waiting list,22,SIL,5,sil,size,236,284,48,59,63,252,272,252,272,0.9994616376318677
t12.2022.07.29,train,vocal,t12.2022.07.27,46,they have a pretty good size waiting list,23,W,6,initial,waiting,256,288,32,64,64,272,276,272,280,0.026974968370722944
t12.2022.07.29,train,vocal,t12.2022.07.27,46,they have a pretty good size waiting list,24,EY,6,medial,waiting,268,300,32,67,67,284,288,280,288,0.004437568521796995
t12.2022.07.29,train,vocal,t12.2022.07.27,46,they have a pretty good size waiting list,25,T,6,medial,waiting,272,304,32,68,68,288,292,288,296,0.00011177271621114066
t12.2022.07.29,train,vocal,t12.2022.07.27,46,they have a pretty good size waiting list,26,IH,6,medial,waiting,280,312,32,70,70,296,300,296,300,0.9997923699614557
t12.2022.07.29,train,vocal,t12.2022.07.27,46,they have a pretty good size waiting list,27,NG,6,final,waiting,284,320,36,71,72,300,308,300,308,0.8856783885170842
t12.2022.07.29,train,vocal,t12.2022.07.27,46,they have a pretty good size waiting list,28,SIL,6,sil,waiting,292,328,36,73,74,308,316,308,316,0.9774623285022428
t12.2022.07.29,train,vocal,t12.2022.07.27,46,they have a pretty good size waiting list,29,L,7,initial,list,300,336,36,75,76,316,324,316,324,0.8876283479788384
t12.2022.07.29,train,vocal,t12.2022.07.27,46,they have a pretty good size waiting list,30,IH,7,medial,list,308,340,32,77,77,324,328,324,328,0.9017243345062526
t12.2022.07.29,train,vocal,t12.2022.07.27,46,they have a pretty good size waiting list,31,S,7,medial,list,312,344,32,78,78,328,332,328,332,0.9984455307883133
t12.2022.07.29,train,vocal,t12.2022.07.27,46,they have a pretty good size waiting list,32,T,7,final,list,316,348,32,79,79,332,336,332,336,0.7951092493296772
t12.2022.07.29,train,vocal,t12.2022.07.27,46,they have a pretty good size waiting list,33,SIL,7,sil,list,320,368,48,80,84,336,356,336,356,0.9727525667544981
t12.2022.07.29,train,vocal,t12.2022.07.27,47,i didn't even really think about it that much,0,AY,0,single,i,48,80,32,12,12,64,68,16,72,0.9999977477207905
t12.2022.07.29,train,vocal,t12.2022.07.27,47,i didn't even really think about it that much,1,SIL,0,sil,i,56,96,40,14,16,72,84,72,84,0.9996795495728502
t12.2022.07.29,train,vocal,t12.2022.07.27,47,i didn't even really think about it that much,2,D,1,initial,didn't,68,100,32,17,17,84,88,84,92,0.999219338293354
t12.2022.07.29,train,vocal,t12.2022.07.27,47,i didn't even really think about it that much,3,IH,1,medial,didn't,76,108,32,19,19,92,96,92,96,0.9940561135752286
t12.2022.07.29,train,vocal,t12.2022.07.27,47,i didn't even really think about it that much,4,D,1,medial,didn't,80,112,32,20,20,96,100,96,100,0.9995397043537182
t12.2022.07.29,train,vocal,t12.2022.07.27,47,i didn't even really think about it that much,5,AH,1,medial,didn't,84,120,36,21,22,100,108,100,108,0.9981363346119647
t12.2022.07.29,train,vocal,t12.2022.07.27,47,i didn't even really think about it that much,6,N,1,medial,didn't,92,124,32,23,23,108,112,108,112,0.9999768282737609
t12.2022.07.29,train,vocal,t12.2022.07.27,47,i didn't even really think about it that much,7,T,1,final,didn't,96,132,36,24,25,112,120,112,120,0.9120763363121352
t12.2022.07.29,train,vocal,t12.2022.07.27,47,i didn't even really think about it that much,8,SIL,1,sil,didn't,104,140,36,26,27,120,128,120,132,0.9980291995479955
t12.2022.07.29,train,vocal,t12.2022.07.27,47,i didn't even really think about it that much,9,IY,2,initial,even,116,148,32,29,29,132,136,132,136,0.7021667276620912
t12.2022.07.29,train,vocal,t12.2022.07.27,47,i didn't even really think about it that much,10,V,2,medial,even,120,152,32,30,30,136,140,136,140,0.9998023083250883
t12.2022.07.29,train,vocal,t12.2022.07.27,47,i didn't even really think about it that much,11,IH,2,medial,even,124,156,32,31,31,140,144,140,144,0.5473964290876008
t12.2022.07.29,train,vocal,t12.2022.07.27,47,i didn't even really think about it that much,12,N,2,final,even,128,164,36,32,33,144,152,144,152,0.8119435861911588
t12.2022.07.29,train,vocal,t12.2022.07.27,47,i didn't even really think about it that much,13,SIL,2,sil,even,136,184,48,34,38,152,172,152,172,0.9991830707488776
t12.2022.07.29,train,vocal,t12.2022.07.27,47,i didn't even really think about it that much,14,R,3,initial,really,156,188,32,39,39,172,176,172,180,0.9535374350610568
t12.2022.07.29,train,vocal,t12.2022.07.27,47,i didn't even really think about it that much,15,IH,3,medial,really,164,196,32,41,41,180,184,180,184,0.016610964974075233
t12.2022.07.29,train,vocal,t12.2022.07.27,47,i didn't even really think about it that much,16,L,3,medial,really,168,204,36,42,43,184,192,184,192,0.9932306147940462
t12.2022.07.29,train,vocal,t12.2022.07.27,47,i didn't even really think about it that much,17,IY,3,final,really,176,208,32,44,44,192,196,192,196,0.05595229151547691
t12.2022.07.29,train,vocal,t12.2022.07.27,47,i didn't even really think about it that much,18,SIL,3,sil,really,180,220,40,45,47,196,208,196,208,0.9999449110250267
t12.2022.07.29,train,vocal,t12.2022.07.27,47,i didn't even really think about it that much,19,TH,4,initial,think,192,224,32,48,48,208,212,208,216,0.9962432017839701
t12.2022.07.29,train,vocal,t12.2022.07.27,47,i didn't even really think about it that much,20,IH,4,medial,think,204,236,32,51,51,220,224,216,224,0.9905070347351691
t12.2022.07.29,train,vocal,t12.2022.07.27,47,i didn't even really think about it that much,21,NG,4,medial,think,208,240,32,52,52,224,228,224,228,0.9962324568811273
t12.2022.07.29,train,vocal,t12.2022.07.27,47,i didn't even really think about it that much,22,K,4,final,think,212,244,32,53,53,228,232,228,232,0.9815885599820214
t12.2022.07.29,train,vocal,t12.2022.07.27,47,i didn't even really think about it that much,23,SIL,4,sil,think,216,264,48,54,58,232,252,232,252,0.9400249293059663
t12.2022.07.29,train,vocal,t12.2022.07.27,47,i didn't even really think about it that much,24,AH,5,initial,about,236,272,36,59,60,252,260,252,260,0.9650008879694023
t12.2022.07.29,train,vocal,t12.2022.07.27,47,i didn't even really think about it that much,25,B,5,medial,about,244,280,36,61,62,260,268,260,268,0.973572961353123
t12.2022.07.29,train,vocal,t12.2022.07.27,47,i didn't even really think about it that much,26,AW,5,medial,about,252,288,36,63,64,268,276,268,276,0.9249332525467295
t12.2022.07.29,train,vocal,t12.2022.07.27,47,i didn't even really think about it that much,27,T,5,final,about,260,296,36,65,66,276,284,276,284,0.9917017752942026
t12.2022.07.29,train,vocal,t12.2022.07.27,47,i didn't even really think about it that much,28,SIL,5,sil,about,268,304,36,67,68,284,292,284,296,0.9846917632079215
t12.2022.07.29,train,vocal,t12.2022.07.27,47,i didn't even really think about it that much,29,IH,6,initial,it,284,316,32,71,71,300,304,296,304,0.9999938666079792
t12.2022.07.29,train,vocal,t12.2022.07.27,47,i didn't even really think about it that much,30,T,6,final,it,288,324,36,72,73,304,312,304,312,0.763357053879008
t12.2022.07.29,train,vocal,t12.2022.07.27,47,i didn't even really think about it that much,31,SIL,6,sil,it,296,340,44,74,77,312,328,312,328,0.997855778503779
t12.2022.07.29,train,vocal,t12.2022.07.27,47,i didn't even really think about it that much,32,DH,7,initial,that,312,348,36,78,79,328,336,328,336,0.9994815699219154
t12.2022.07.29,train,vocal,t12.2022.07.27,47,i didn't even really think about it that much,33,AE,7,medial,that,320,356,36,80,81,336,344,336,344,0.9044536890994482
t12.2022.07.29,train,vocal,t12.2022.07.27,47,i didn't even really think about it that much,34,T,7,final,that,328,360,32,82,82,344,348,344,348,0.9999972026598504
t12.2022.07.29,train,vocal,t12.2022.07.27,47,i didn't even really think about it that much,35,SIL,7,sil,that,332,376,44,83,86,348,364,348,364,0.9986774141107082
t12.2022.07.29,train,vocal,t12.2022.07.27,47,i didn't even really think about it that much,36,M,8,initial,much,348,384,36,87,88,364,372,364,372,0.8728603199293701
t12.2022.07.29,train,vocal,t12.2022.07.27,47,i didn't even really think about it that much,37,AH,8,medial,much,356,388,32,89,89,372,376,372,376,0.9992607296377968
t12.2022.07.29,train,vocal,t12.2022.07.27,47,i didn't even really think about it that much,38,CH,8,final,much,360,400,40,90,92,376,388,376,388,0.9943511370713606
t12.2022.07.29,train,vocal,t12.2022.07.27,47,i didn't even really think about it that much,39,SIL,8,sil,much,372,416,44,93,96,388,404,388,404,0.997872510093781
t12.2022.07.29,train,vocal,t12.2022.07.27,48,for the month,0,F,0,initial,for,20,52,32,5,5,36,40,16,44,0.5523340857322324
t12.2022.07.29,train,vocal,t12.2022.07.27,48,for the month,1,AO,0,medial,for,28,60,32,7,7,44,48,44,48,0.9751104283953048
t12.2022.07.29,train,vocal,t12.2022.07.27,48,for the month,2,R,0,final,for,32,64,32,8,8,48,52,48,52,0.8519156646409797
t12.2022.07.29,train,vocal,t12.2022.07.27,48,for the month,3,SIL,0,sil,for,36,72,36,9,10,52,60,52,60,0.9984700003254381
t12.2022.07.29,train,vocal,t12.2022.07.27,48,for the month,4,DH,1,initial,the,44,80,36,11,12,60,68,60,68,0.9743628288792259
t12.2022.07.29,train,vocal,t12.2022.07.27,48,for the month,5,AH,1,final,the,52,88,36,13,14,68,76,68,76,0.9331207616480104
t12.2022.07.29,train,vocal,t12.2022.07.27,48,for the month,6,SIL,1,sil,the,60,96,36,15,16,76,84,76,84,0.9992510140388726
t12.2022.07.29,train,vocal,t12.2022.07.27,48,for the month,7,M,2,initial,month,68,104,36,17,18,84,92,84,96,0.9968114106742534
t12.2022.07.29,train,vocal,t12.2022.07.27,48,for the month,8,AH,2,medial,month,80,112,32,20,20,96,100,96,100,0.8921020046744746
t12.2022.07.29,train,vocal,t12.2022.07.27,48,for the month,9,N,2,medial,month,84,116,32,21,21,100,104,100,104,0.9981287782706763
t12.2022.07.29,train,vocal,t12.2022.07.27,48,for the month,10,TH,2,final,month,88,124,36,22,23,104,112,104,112,0.8920117730716104
t12.2022.07.29,train,vocal,t12.2022.07.27,48,for the month,11,SIL,2,sil,month,96,140,44,24,27,112,128,112,128,0.9997658943318493
t12.2022.07.29,train,vocal,t12.2022.07.27,49,as much as you want,0,AE,0,initial,as,16,48,32,4,4,32,36,16,36,0.008487080331957211
t12.2022.07.29,train,vocal,t12.2022.07.27,49,as much as you want,1,Z,0,final,as,20,52,32,5,5,36,40,36,40,0.001297831213083953
t12.2022.07.29,train,vocal,t12.2022.07.27,49,as much as you want,2,SIL,0,sil,as,24,64,40,6,8,40,52,40,52,0.9991627212850661
t12.2022.07.29,train,vocal,t12.2022.07.27,49,as much as you want,3,M,1,initial,much,36,68,32,9,9,52,56,52,60,0.9999986128539792
t12.2022.07.29,train,vocal,t12.2022.07.27,49,as much as you want,4,AH,1,medial,much,44,76,32,11,11,60,64,60,64,0.8599386786553339
t12.2022.07.29,train,vocal,t12.2022.07.27,49,as much as you want,5,CH,1,final,much,48,84,36,12,13,64,72,64,72,0.8819608662260767
t12.2022.07.29,train,vocal,t12.2022.07.27,49,as much as you want,6,SIL,1,sil,much,56,96,40,14,16,72,84,72,88,0.9850162844858147
t12.2022.07.29,train,vocal,t12.2022.07.27,49,as much as you want,7,AE,2,initial,as,72,104,32,18,18,88,92,88,92,0.9548111582233835
t12.2022.07.29,train,vocal,t12.2022.07.27,49,as much as you want,8,Z,2,final,as,76,108,32,19,19,92,96,92,96,0.0001269649923049354
t12.2022.07.29,train,vocal,t12.2022.07.27,49,as much as you want,9,SIL,2,sil,as,80,120,40,20,22,96,108,96,108,0.999380680068389
t12.2022.07.29,train,vocal,t12.2022.07.27,49,as much as you want,10,Y,3,initial,you,92,128,36,23,24,108,116,108,116,0.9553203715108278
t12.2022.07.29,train,vocal,t12.2022.07.27,49,as much as you want,11,UW,3,final,you,100,132,32,25,25,116,120,116,120,0.9999429627791981
t12.2022.07.29,train,vocal,t12.2022.07.27,49,as much as you want,12,SIL,3,sil,you,104,148,44,26,29,120,136,120,136,0.9920699208801231
t12.2022.07.29,train,vocal,t12.2022.07.27,49,as much as you want,13,W,4,initial,want,120,152,32,30,30,136,140,136,140,0.9946130380407223
t12.2022.07.29,train,vocal,t12.2022.07.27,49,as much as you want,14,AA,4,medial,want,124,156,32,31,31,140,144,140,144,0.8892391381050091
t12.2022.07.29,train,vocal,t12.2022.07.27,49,as much as you want,15,N,4,medial,want,128,164,36,32,33,144,152,144,152,0.860097648022851
t12.2022.07.29,train,vocal,t12.2022.07.27,49,as much as you want,16,T,4,final,want,136,168,32,34,34,152,156,152,156,0.999604645229237
t12.2022.07.29,train,vocal,t12.2022.07.27,49,as much as you want,17,SIL,4,sil,want,140,188,48,35,39,156,176,156,176,0.9999478683605322
t12.2022.07.29,train,vocal,t12.2022.07.27,50,i think i'm really going to enjoy it,0,AY,0,single,i,36,68,32,9,9,52,56,16,60,0.9999998593223953
t12.2022.07.29,train,vocal,t12.2022.07.27,50,i think i'm really going to enjoy it,1,SIL,0,sil,i,44,84,40,11,13,60,72,60,72,0.9993783548886039
t12.2022.07.29,train,vocal,t12.2022.07.27,50,i think i'm really going to enjoy it,2,TH,1,initial,think,56,92,36,14,15,72,80,72,84,0.9541547463388069
t12.2022.07.29,train,vocal,t12.2022.07.27,50,i think i'm really going to enjoy it,3,IH,1,medial,think,68,100,32,17,17,84,88,84,88,0.9998603512995955
t12.2022.07.29,train,vocal,t12.2022.07.27,50,i think i'm really going to enjoy it,4,NG,1,medial,think,72,104,32,18,18,88,92,88,92,0.999583135356609
t12.2022.07.29,train,vocal,t12.2022.07.27,50,i think i'm really going to enjoy it,5,K,1,final,think,76,108,32,19,19,92,96,92,96,0.9999816721746477
t12.2022.07.29,train,vocal,t12.2022.07.27,50,i think i'm really going to enjoy it,6,SIL,1,sil,think,80,112,32,20,20,96,100,96,104,0.9990840706650375
t12.2022.07.29,train,vocal,t12.2022.07.27,50,i think i'm really going to enjoy it,7,AY,2,initial,i'm,92,124,32,23,23,108,112,104,112,0.9986767426802828
t12.2022.07.29,train,vocal,t12.2022.07.27,50,i think i'm really going to enjoy it,8,M,2,final,i'm,96,128,32,24,24,112,116,112,116,0.9999154705034087
t12.2022.07.29,train,vocal,t12.2022.07.27,50,i think i'm really going to enjoy it,9,SIL,2,sil,i'm,100,144,44,25,28,116,132,116,132,0.981305848330335
t12.2022.07.29,train,vocal,t12.2022.07.27,50,i think i'm really going to enjoy it,10,R,3,initial,really,116,152,36,29,30,132,140,132,144,0.7866248311356245
t12.2022.07.29,train,vocal,t12.2022.07.27,50,i think i'm really going to enjoy it,11,IH,3,medial,really,128,160,32,32,32,144,148,144,148,0.8196552982039322
t12.2022.07.29,train,vocal,t12.2022.07.27,50,i think i'm really going to enjoy it,12,L,3,medial,really,132,168,36,33,34,148,156,148,156,0.6997881097502414
t12.2022.07.29,train,vocal,t12.2022.07.27,50,i think i'm really going to enjoy it,13,IY,3,final,really,140,172,32,35,35,156,160,156,160,0.853308212478715
t12.2022.07.29,train,vocal,t12.2022.07.27,50,i think i'm really going to enjoy it,14,SIL,3,sil,really,144,188,44,36,39,160,176,160,176,0.8893823272864712
t12.2022.07.29,train,vocal,t12.2022.07.27,50,i think i'm really going to enjoy it,15,G,4,initial,going,160,192,32,40,40,176,180,176,184,0.9999541828333702
t12.2022.07.29,train,vocal,t12.2022.07.27,50,i think i'm really going to enjoy it,16,OW,4,medial,going,168,200,32,42,42,184,188,184,188,0.9995724027580919
t12.2022.07.29,train,vocal,t12.2022.07.27,50,i think i'm really going to enjoy it,17,IH,4,medial,going,172,208,36,43,44,188,196,188,196,0.9974632327843136
t12.2022.07.29,train,vocal,t12.2022.07.27,50,i think i'm really going to enjoy it,18,NG,4,final,going,180,212,32,45,45,196,200,196,200,0.9998434415308802
t12.2022.07.29,train,vocal,t12.2022.07.27,50,i think i'm really going to enjoy it,19,SIL,4,sil,going,184,228,44,46,49,200,216,200,216,0.9076058844077054
t12.2022.07.29,train,vocal,t12.2022.07.27,50,i think i'm really going to enjoy it,20,T,5,initial,to,200,232,32,50,50,216,220,216,224,0.9999997251418447
t12.2022.07.29,train,vocal,t12.2022.07.27,50,i think i'm really going to enjoy it,21,UW,5,final,to,208,240,32,52,52,224,228,224,228,0.9999995332025188
t12.2022.07.29,train,vocal,t12.2022.07.27,50,i think i'm really going to enjoy it,22,SIL,5,sil,to,212,256,44,53,56,228,244,228,248,0.96667336175954
t12.2022.07.29,train,vocal,t12.2022.07.27,50,i think i'm really going to enjoy it,23,EH,6,initial,enjoy,232,264,32,58,58,248,252,248,252,0.9998290835929556
t12.2022.07.29,train,vocal,t12.2022.07.27,50,i think i'm really going to enjoy it,24,N,6,medial,enjoy,236,268,32,59,59,252,256,252,256,0.9999304719528828
t12.2022.07.29,train,vocal,t12.2022.07.27,50,i think i'm really going to enjoy it,25,JH,6,medial,enjoy,240,276,36,60,61,256,264,256,264,0.9980750156994558
t12.2022.07.29,train,vocal,t12.2022.07.27,50,i think i'm really going to enjoy it,26,OY,6,final,enjoy,248,288,40,62,64,264,276,264,276,0.8421855893488446
t12.2022.07.29,train,vocal,t12.2022.07.27,50,i think i'm really going to enjoy it,27,SIL,6,sil,enjoy,260,296,36,65,66,276,284,276,288,0.9991906757690129
t12.2022.07.29,train,vocal,t12.2022.07.27,50,i think i'm really going to enjoy it,28,IH,7,initial,it,272,304,32,68,68,288,292,288,292,0.9999999795659356
t12.2022.07.29,train,vocal,t12.2022.07.27,50,i think i'm really going to enjoy it,29,T,7,final,it,276,308,32,69,69,292,296,292,296,0.9998931623934298
t12.2022.07.29,train,vocal,t12.2022.07.27,50,i think i'm really going to enjoy it,30,SIL,7,sil,it,280,332,52,70,75,296,320,296,320,0.967507535215717
t12.2022.07.29,train,vocal,t12.2022.07.27,51,you know i don't,0,Y,0,initial,you,56,92,36,14,15,72,80,16,80,0.9358954337546175
t12.2022.07.29,train,vocal,t12.2022.07.27,51,you know i don't,1,UW,0,final,you,64,96,32,16,16,80,84,80,88,0.9999941697367922
t12.2022.07.29,train,vocal,t12.2022.07.27,51,you know i don't,2,SIL,0,sil,you,72,112,40,18,20,88,100,88,100,0.99131354412988
t12.2022.07.29,train,vocal,t12.2022.07.27,51,you know i don't,3,N,1,initial,know,84,116,32,21,21,100,104,100,108,0.4062743820356578
t12.2022.07.29,train,vocal,t12.2022.07.27,51,you know i don't,4,OW,1,final,know,92,124,32,23,23,108,112,108,116,0.9968387771567082
t12.2022.07.29,train,vocal,t12.2022.07.27,51,you know i don't,5,SIL,1,sil,know,100,140,40,25,27,116,128,116,132,0.8925588490789679
t12.2022.07.29,train,vocal,t12.2022.07.27,51,you know i don't,6,AY,2,single,i,116,148,32,29,29,132,136,132,140,0.9935649110725945
t12.2022.07.29,train,vocal,t12.2022.07.27,51,you know i don't,7,SIL,2,sil,i,124,168,44,31,34,140,156,140,156,0.9943113460124976
t12.2022.07.29,train,vocal,t12.2022.07.27,51,you know i don't,8,D,3,initial,don't,140,172,32,35,35,156,160,156,164,0.9993536107156163
t12.2022.07.29,train,vocal,t12.2022.07.27,51,you know i don't,9,OW,3,medial,don't,148,180,32,37,37,164,168,164,168,0.9998112594988199
t12.2022.07.29,train,vocal,t12.2022.07.27,51,you know i don't,10,N,3,medial,don't,152,184,32,38,38,168,172,168,172,0.9998375339607103
t12.2022.07.29,train,vocal,t12.2022.07.27,51,you know i don't,11,T,3,final,don't,156,188,32,39,39,172,176,172,176,0.9995606855262271
t12.2022.07.29,train,vocal,t12.2022.07.27,51,you know i don't,12,SIL,3,sil,don't,160,204,44,40,43,176,192,176,192,0.9983688591129927
t12.2022.07.29,train,vocal,t12.2022.07.27,52,have you done any jogging,0,HH,0,initial,have,24,56,32,6,6,40,44,16,48,0.4067022264364175
t12.2022.07.29,train,vocal,t12.2022.07.27,52,have you done any jogging,1,AE,0,medial,have,32,64,32,8,8,48,52,48,52,0.985092626466424
t12.2022.07.29,train,vocal,t12.2022.07.27,52,have you done any jogging,2,V,0,final,have,36,68,32,9,9,52,56,52,56,0.4991726339031571
t12.2022.07.29,train,vocal,t12.2022.07.27,52,have you done any jogging,3,SIL,0,sil,have,40,76,36,10,11,56,64,56,64,0.9986158873925959
t12.2022.07.29,train,vocal,t12.2022.07.27,52,have you done any jogging,4,Y,1,initial,you,48,84,36,12,13,64,72,64,72,0.9768939667470462
t12.2022.07.29,train,vocal,t12.2022.07.27,52,have you done any jogging,5,UW,1,final,you,56,88,32,14,14,72,76,72,80,0.9998227242780385
t12.2022.07.29,train,vocal,t12.2022.07.27,52,have you done any jogging,6,SIL,1,sil,you,64,100,36,16,17,80,88,80,88,0.99979234411173
t12.2022.07.29,train,vocal,t12.2022.07.27,52,have you done any jogging,7,D,2,initial,done,72,104,32,18,18,88,92,88,96,0.996144276212715
t12.2022.07.29,train,vocal,t12.2022.07.27,52,have you done any jogging,8,AH,2,medial,done,80,112,32,20,20,96,100,96,100,0.9988713768824051
t12.2022.07.29,train,vocal,t12.2022.07.27,52,have you done any jogging,9,N,2,final,done,84,116,32,21,21,100,104,100,104,0.9926565822153749
t12.2022.07.29,train,vocal,t12.2022.07.27,52,have you done any jogging,10,SIL,2,sil,done,88,136,48,22,26,104,124,104,128,0.9625459540200116
t12.2022.07.29,train,vocal,t12.2022.07.27,52,have you done any jogging,11,EH,3,initial,any,116,148,32,29,29,132,136,128,136,0.9971711877263696
t12.2022.07.29,train,vocal,t12.2022.07.27,52,have you done any jogging,12,N,3,medial,any,120,152,32,30,30,136,140,136,140,0.9999963255405154
t12.2022.07.29,train,vocal,t12.2022.07.27,52,have you done any jogging,13,IY,3,final,any,124,164,40,31,33,140,152,140,152,0.9660715954386078
t12.2022.07.29,train,vocal,t12.2022.07.27,52,have you done any jogging,14,SIL,3,sil,any,136,192,56,34,40,152,180,152,180,0.9734132455937337
t12.2022.07.29,train,vocal,t12.2022.07.27,52,have you done any jogging,15,JH,4,initial,jogging,164,196,32,41,41,180,184,180,188,0.005072783131152208
t12.2022.07.29,train,vocal,t12.2022.07.27,52,have you done any jogging,16,AA,4,medial,jogging,176,208,32,44,44,192,196,188,196,0.4554657941122492
t12.2022.07.29,train,vocal,t12.2022.07.27,52,have you done any jogging,17,G,4,medial,jogging,180,212,32,45,45,196,200,196,204,0.9024315997120683
t12.2022.07.29,train,vocal,t12.2022.07.27,52,have you done any jogging,18,IH,4,medial,jogging,192,224,32,48,48,208,212,204,212,0.5582782144652898
t12.2022.07.29,train,vocal,t12.2022.07.27,52,have you done any jogging,19,NG,4,final,jogging,196,232,36,49,50,212,220,212,220,0.25861508852014137
t12.2022.07.29,train,vocal,t12.2022.07.27,52,have you done any jogging,20,SIL,4,sil,jogging,204,248,44,51,54,220,236,220,236,0.9933372152031342
t12.2022.07.29,train,vocal,t12.2022.07.27,53,that forces you to pay for it,0,DH,0,initial,that,32,64,32,8,8,48,52,16,56,0.9997033281166012
t12.2022.07.29,train,vocal,t12.2022.07.27,53,that forces you to pay for it,1,AE,0,medial,that,40,72,32,10,10,56,60,56,60,0.9999338069096028
t12.2022.07.29,train,vocal,t12.2022.07.27,53,that forces you to pay for it,2,T,0,final,that,44,76,32,11,11,60,64,60,64,0.999997314033382
t12.2022.07.29,train,vocal,t12.2022.07.27,53,that forces you to pay for it,3,SIL,0,sil,that,48,88,40,12,14,64,76,64,76,0.989813583142262
t12.2022.07.29,train,vocal,t12.2022.07.27,53,that forces you to pay for it,4,F,1,initial,forces,60,92,32,15,15,76,80,76,84,0.9991945238689998
t12.2022.07.29,train,vocal,t12.2022.07.27,53,that forces you to pay for it,5,AO,1,medial,forces,68,100,32,17,17,84,88,84,88,0.005987879431541649
t12.2022.07.29,train,vocal,t12.2022.07.27,53,that forces you to pay for it,6,R,1,medial,forces,72,104,32,18,18,88,92,88,92,0.9843852975206542
t12.2022.07.29,train,vocal,t12.2022.07.27,53,that forces you to pay for it,7,S,1,medial,forces,76,108,32,19,19,92,96,92,96,0.0030071160394061908
t12.2022.07.29,train,vocal,t12.2022.07.27,53,that forces you to pay for it,8,IH,1,medial,forces,80,112,32,20,20,96,100,96,100,1.2318078866938413e-06
t12.2022.07.29,train,vocal,t12.2022.07.27,53,that forces you to pay for it,9,Z,1,final,forces,84,116,32,21,21,100,104,100,104,1.7477103087488482e-07
t12.2022.07.29,train,vocal,t12.2022.07.27,53,that forces you to pay for it,10,SIL,1,sil,forces,88,120,32,22,22,104,108,104,108,0.15678261481164502
t12.2022.07.29,train,vocal,t12.2022.07.27,53,that forces you to pay for it,11,Y,2,initial,you,92,124,32,23,23,108,112,108,112,0.9932164198491934
t12.2022.07.29,train,vocal,t12.2022.07.27,53,that forces you to pay for it,12,UW,2,final,you,96,128,32,24,24,112,116,112,120,0.9646662341387399
t12.2022.07.29,train,vocal,t12.2022.07.27,53,that forces you to pay for it,13,SIL,2,sil,you,104,152,48,26,30,120,140,120,140,0.9901293006182075
t12.2022.07.29,train,vocal,t12.2022.07.27,53,that forces you to pay for it,14,T,3,initial,to,124,156,32,31,31,140,144,140,148,0.9998990792768231
t12.2022.07.29,train,vocal,t12.2022.07.27,53,that forces you to pay for it,15,UW,3,final,to,132,164,32,33,33,148,152,148,152,0.9999905242883309
t12.2022.07.29,train,vocal,t12.2022.07.27,53,that forces you to pay for it,16,SIL,3,sil,to,136,180,44,34,37,152,168,152,168,0.9952245935147581
t12.2022.07.29,train,vocal,t12.2022.07.27,53,that forces you to pay for it,17,P,4,initial,pay,152,184,32,38,38,168,172,168,176,0.0002322518487745721
t12.2022.07.29,train,vocal,t12.2022.07.27,53,that forces you to pay for it,18,EY,4,final,pay,164,196,32,41,41,180,184,176,188,0.1275533383313861
t12.2022.07.29,train,vocal,t12.2022.07.27,53,that forces you to pay for it,19,SIL,4,sil,pay,172,212,40,43,45,188,200,188,200,0.9996118651355328
t12.2022.07.29,train,vocal,t12.2022.07.27,53,that forces you to pay for it,20,F,5,initial,for,184,216,32,46,46,200,204,200,208,0.9998364552899268
t12.2022.07.29,train,vocal,t12.2022.07.27,53,that forces you to pay for it,21,AO,5,medial,for,192,224,32,48,48,208,212,208,212,0.9999853143040842
t12.2022.07.29,train,vocal,t12.2022.07.27,53,that forces you to pay for it,22,R,5,final,for,196,228,32,49,49,212,216,212,216,0.9998954543468015
t12.2022.07.29,train,vocal,t12.2022.07.27,53,that forces you to pay for it,23,SIL,5,sil,for,200,236,36,50,51,216,224,216,228,0.9928319975321509
t12.2022.07.29,train,vocal,t12.2022.07.27,53,that forces you to pay for it,24,IH,6,initial,it,212,244,32,53,53,228,232,228,232,0.9999963971290269
t12.2022.07.29,train,vocal,t12.2022.07.27,53,that forces you to pay for it,25,T,6,final,it,216,248,32,54,54,232,236,232,236,0.9999276166737888
t12.2022.07.29,train,vocal,t12.2022.07.27,53,that forces you to pay for it,26,SIL,6,sil,it,220,276,56,55,61,236,264,236,264,0.9998885855757619
t12.2022.07.29,train,vocal,t12.2022.07.27,54,i just bought a new house,0,AY,0,single,i,20,56,36,5,6,36,44,16,44,0.9946353324984218
t12.2022.07.29,train,vocal,t12.2022.07.27,54,i just bought a new house,1,SIL,0,sil,i,28,68,40,7,9,44,56,44,56,0.9727060694120014
t12.2022.07.29,train,vocal,t12.2022.07.27,54,i just bought a new house,2,JH,1,initial,just,40,72,32,10,10,56,60,56,64,0.9999443754232115
t12.2022.07.29,train,vocal,t12.2022.07.27,54,i just bought a new house,3,AH,1,medial,just,48,80,32,12,12,64,68,64,68,0.9999101879826197
t12.2022.07.29,train,vocal,t12.2022.07.27,54,i just bought a new house,4,S,1,medial,just,52,84,32,13,13,68,72,68,72,0.999984615797527
t12.2022.07.29,train,vocal,t12.2022.07.27,54,i just bought a new house,5,T,1,final,just,56,88,32,14,14,72,76,72,76,0.9992743645804008
t12.2022.07.29,train,vocal,t12.2022.07.27,54,i just bought a new house,6,SIL,1,sil,just,60,96,36,15,16,76,84,76,84,0.9945860677343354
t12.2022.07.29,train,vocal,t12.2022.07.27,54,i just bought a new house,7,B,2,initial,bought,68,100,32,17,17,84,88,84,92,0.21052419232906747
t12.2022.07.29,train,vocal,t12.2022.07.27,54,i just bought a new house,8,AA,2,medial,bought,76,108,32,19,19,92,96,92,96,0.17546515704453916
t12.2022.07.29,train,vocal,t12.2022.07.27,54,i just bought a new house,9,T,2,final,bought,80,116,36,20,21,96,104,96,104,0.8771971049033138
t12.2022.07.29,train,vocal,t12.2022.07.27,54,i just bought a new house,10,SIL,2,sil,bought,88,124,36,22,23,104,112,104,116,0.999775386578492
t12.2022.07.29,train,vocal,t12.2022.07.27,54,i just bought a new house,11,AH,3,single,a,100,132,32,25,25,116,120,116,120,0.9980554581555413
t12.2022.07.29,train,vocal,t12.2022.07.27,54,i just bought a new house,12,SIL,3,sil,a,104,148,44,26,29,120,136,120,136,0.9493922697482681
t12.2022.07.29,train,vocal,t12.2022.07.27,54,i just bought a new house,13,N,4,initial,new,120,152,32,30,30,136,140,136,144,0.9999995295333992
t12.2022.07.29,train,vocal,t12.2022.07.27,54,i just bought a new house,14,UW,4,final,new,128,160,32,32,32,144,148,144,152,0.9995005278170606
t12.2022.07.29,train,vocal,t12.2022.07.27,54,i just bought a new house,15,SIL,4,sil,new,136,192,56,34,40,152,180,152,180,0.9907718066129078
t12.2022.07.29,train,vocal,t12.2022.07.27,54,i just bought a new house,16,HH,5,initial,house,164,196,32,41,41,180,184,180,188,0.999945033578846
t12.2022.07.29,train,vocal,t12.2022.07.27,54,i just bought a new house,17,AW,5,medial,house,172,204,32,43,43,188,192,188,192,0.999560723157059
t12.2022.07.29,train,vocal,t12.2022.07.27,54,i just bought a new house,18,S,5,final,house,176,208,32,44,44,192,196,192,196,0.9998922006284864
t12.2022.07.29,train,vocal,t12.2022.07.27,54,i just bought a new house,19,SIL,5,sil,house,180,232,52,45,50,196,220,196,220,0.9680036553407141
t12.2022.07.29,train,vocal,t12.2022.07.27,55,that is true but it also misses the point,0,DH,0,initial,that,24,56,32,6,6,40,44,16,44,0.9999387658914302
t12.2022.07.29,train,vocal,t12.2022.07.27,55,that is true but it also misses the point,1,AE,0,medial,that,28,60,32,7,7,44,48,44,48,0.9999869928428903
t12.2022.07.29,train,vocal,t12.2022.07.27,55,that is true but it also misses the point,2,T,0,final,that,32,64,32,8,8,48,52,48,52,0.9999970580615869
t12.2022.07.29,train,vocal,t12.2022.07.27,55,that is true but it also misses the point,3,SIL,0,sil,that,36,72,36,9,10,52,60,52,64,0.9987078956742766
t12.2022.07.29,train,vocal,t12.2022.07.27,55,that is true but it also misses the point,4,IH,1,initial,is,52,84,32,13,13,68,72,64,72,0.9995733904720827
t12.2022.07.29,train,vocal,t12.2022.07.27,55,that is true but it also misses the point,5,Z,1,final,is,56,88,32,14,14,72,76,72,76,0.9999021333806362
t12.2022.07.29,train,vocal,t12.2022.07.27,55,that is true but it also misses the point,6,SIL,1,sil,is,60,104,44,15,18,76,92,76,92,0.9967706175204051
t12.2022.07.29,train,vocal,t12.2022.07.27,55,that is true but it also misses the point,7,T,2,initial,true,76,108,32,19,19,92,96,92,96,0.7486475231737257
t12.2022.07.29,train,vocal,t12.2022.07.27,55,that is true but it also misses the point,8,R,2,medial,true,80,112,32,20,20,96,100,96,100,0.9645450800782095
t12.2022.07.29,train,vocal,t12.2022.07.27,55,that is true but it also misses the point,9,UW,2,final,true,84,116,32,21,21,100,104,100,108,0.758359227117372
t12.2022.07.29,train,vocal,t12.2022.07.27,55,that is true but it also misses the point,10,SIL,2,sil,true,92,144,52,23,28,108,132,108,132,0.9083048044011419
t12.2022.07.29,train,vocal,t12.2022.07.27,55,that is true but it also misses the point,11,B,3,initial,but,116,148,32,29,29,132,136,132,140,0.0022906017542911328
t12.2022.07.29,train,vocal,t12.2022.07.27,55,that is true but it also misses the point,12,AH,3,medial,but,124,156,32,31,31,140,144,140,144,0.9741807964237851
t12.2022.07.29,train,vocal,t12.2022.07.27,55,that is true but it also misses the point,13,T,3,final,but,128,160,32,32,32,144,148,144,148,0.9900955194266413
t12.2022.07.29,train,vocal,t12.2022.07.27,55,that is true but it also misses the point,14,SIL,3,sil,but,132,168,36,33,34,148,156,148,160,0.9803325649434242
t12.2022.07.29,train,vocal,t12.2022.07.27,55,that is true but it also misses the point,15,IH,4,initial,it,144,176,32,36,36,160,164,160,164,0.9999964547747395
t12.2022.07.29,train,vocal,t12.2022.07.27,55,that is true but it also misses the point,16,T,4,final,it,148,184,36,37,38,164,172,164,172,0.921070695075076
t12.2022.07.29,train,vocal,t12.2022.07.27,55,that is true but it also misses the point,17,SIL,4,sil,it,156,192,36,39,40,172,180,172,184,0.9989864147620447
t12.2022.07.29,train,vocal,t12.2022.07.27,55,that is true but it also misses the point,18,AO,5,initial,also,172,208,36,43,44,188,196,184,196,0.8432209811356912
t12.2022.07.29,train,vocal,t12.2022.07.27,55,that is true but it also misses the point,19,L,5,medial,also,180,212,32,45,45,196,200,196,200,0.9999581091405757
t12.2022.07.29,train,vocal,t12.2022.07.27,55,that is true but it also misses the point,20,S,5,medial,also,184,216,32,46,46,200,204,200,204,0.9850103135133556
t12.2022.07.29,train,vocal,t12.2022.07.27,55,that is true but it also misses the point,21,OW,5,final,also,188,220,32,47,47,204,208,204,208,0.882481907300299
t12.2022.07.29,train,vocal,t12.2022.07.27,55,that is true but it also misses the point,22,SIL,5,sil,also,192,236,44,48,51,208,224,208,224,0.9346000813495532
t12.2022.07.29,train,vocal,t12.2022.07.27,55,that is true but it also misses the point,23,M,6,initial,misses,208,240,32,52,52,224,228,224,232,0.9403133178304584
t12.2022.07.29,train,vocal,t12.2022.07.27,55,that is true but it also misses the point,24,IH,6,medial,misses,220,252,32,55,55,236,240,232,240,0.01680492128391338
t12.2022.07.29,train,vocal,t12.2022.07.27,55,that is true but it also misses the point,25,S,6,medial,misses,224,256,32,56,56,240,244,240,248,0.03129352878713094
t12.2022.07.29,train,vocal,t12.2022.07.27,55,that is true but it also misses the point,26,AH,6,medial,misses,232,264,32,58,58,248,252,248,252,0.000439019187447626
t12.2022.07.29,train,vocal,t12.2022.07.27,55,that is true but it also misses the point,27,Z,6,final,misses,236,268,32,59,59,252,256,252,256,0.0017023008808956842
t12.2022.07.29,train,vocal,t12.2022.07.27,55,that is true but it also misses the point,28,SIL,6,sil,misses,240,296,56,60,66,256,284,256,284,0.9758214446412133
t12.2022.07.29,train,vocal,t12.2022.07.27,55,that is true but it also misses the point,29,DH,7,initial,the,268,300,32,67,67,284,288,284,292,0.9999440315956781
t12.2022.07.29,train,vocal,t12.2022.07.27,55,that is true but it also misses the point,30,AH,7,final,the,276,312,36,69,70,292,300,292,300,0.6849745285634214
t12.2022.07.29,train,vocal,t12.2022.07.27,55,that is true but it also misses the point,31,SIL,7,sil,the,284,328,44,71,74,300,316,300,316,0.9999184378547331
t12.2022.07.29,train,vocal,t12.2022.07.27,55,that is true but it also misses the point,32,P,8,initial,point,300,332,32,75,75,316,320,316,324,0.9895600724626857
t12.2022.07.29,train,vocal,t12.2022.07.27,55,that is true but it also misses the point,33,OY,8,medial,point,312,344,32,78,78,328,332,324,332,0.9034223490101099
t12.2022.07.29,train,vocal,t12.2022.07.27,55,that is true but it also misses the point,34,N,8,medial,point,316,348,32,79,79,332,336,332,336,0.9993128015333087
t12.2022.07.29,train,vocal,t12.2022.07.27,55,that is true but it also misses the point,35,T,8,final,point,320,352,32,80,80,336,340,336,340,0.9999163329782889
t12.2022.07.29,train,vocal,t12.2022.07.27,55,that is true but it also misses the point,36,SIL,8,sil,point,324,372,48,81,85,340,360,340,360,0.9942667299119016
t12.2022.07.29,train,vocal,t12.2022.07.27,56,that's getting back to a little bit chillier,0,DH,0,initial,that's,52,84,32,13,13,68,72,16,76,0.9999795436370992
t12.2022.07.29,train,vocal,t12.2022.07.27,56,that's getting back to a little bit chillier,1,AE,0,medial,that's,60,92,32,15,15,76,80,76,80,0.9999893991500834
t12.2022.07.29,train,vocal,t12.2022.07.27,56,that's getting back to a little bit chillier,2,T,0,medial,that's,64,96,32,16,16,80,84,80,84,0.9999948525943434
t12.2022.07.29,train,vocal,t12.2022.07.27,56,that's getting back to a little bit chillier,3,S,0,final,that's,68,100,32,17,17,84,88,84,88,0.9999180618961827
t12.2022.07.29,train,vocal,t12.2022.07.27,56,that's getting back to a little bit chillier,4,SIL,0,sil,that's,72,108,36,18,19,88,96,88,96,0.9338695955529521
t12.2022.07.29,train,vocal,t12.2022.07.27,56,that's getting back to a little bit chillier,5,G,1,initial,getting,80,112,32,20,20,96,100,96,104,0.6619497901458946
t12.2022.07.29,train,vocal,t12.2022.07.27,56,that's getting back to a little bit chillier,6,EH,1,medial,getting,88,120,32,22,22,104,108,104,108,0.4564218906266974
t12.2022.07.29,train,vocal,t12.2022.07.27,56,that's getting back to a little bit chillier,7,T,1,medial,getting,92,124,32,23,23,108,112,108,112,0.016512381567850377
t12.2022.07.29,train,vocal,t12.2022.07.27,56,that's getting back to a little bit chillier,8,IH,1,medial,getting,96,128,32,24,24,112,116,112,116,0.11188545152449904
t12.2022.07.29,train,vocal,t12.2022.07.27,56,that's getting back to a little bit chillier,9,NG,1,final,getting,100,132,32,25,25,116,120,116,120,0.05154252209394249
t12.2022.07.29,train,vocal,t12.2022.07.27,56,that's getting back to a little bit chillier,10,SIL,1,sil,getting,104,140,36,26,27,120,128,120,128,0.9998304303580068
t12.2022.07.29,train,vocal,t12.2022.07.27,56,that's getting back to a little bit chillier,11,B,2,initial,back,112,144,32,28,28,128,132,128,136,0.11379454560355592
t12.2022.07.29,train,vocal,t12.2022.07.27,56,that's getting back to a little bit chillier,12,AE,2,medial,back,120,152,32,30,30,136,140,136,140,0.7206620973843944
t12.2022.07.29,train,vocal,t12.2022.07.27,56,that's getting back to a little bit chillier,13,K,2,final,back,124,160,36,31,32,140,148,140,148,0.9992363991217572
t12.2022.07.29,train,vocal,t12.2022.07.27,56,that's getting back to a little bit chillier,14,SIL,2,sil,back,132,176,44,33,36,148,164,148,164,0.9943421334271407
t12.2022.07.29,train,vocal,t12.2022.07.27,56,that's getting back to a little bit chillier,15,T,3,initial,to,148,180,32,37,37,164,168,164,172,0.9919438255783849
t12.2022.07.29,train,vocal,t12.2022.07.27,56,that's getting back to a little bit chillier,16,UW,3,final,to,156,188,32,39,39,172,176,172,176,0.9998029306975773
t12.2022.07.29,train,vocal,t12.2022.07.27,56,that's getting back to a little bit chillier,17,SIL,3,sil,to,160,212,52,40,45,176,200,176,204,0.918759691773218
t12.2022.07.29,train,vocal,t12.2022.07.27,56,that's getting back to a little bit chillier,18,AH,4,single,a,192,224,32,48,48,208,212,204,212,0.9984375259832766
t12.2022.07.29,train,vocal,t12.2022.07.27,56,that's getting back to a little bit chillier,19,SIL,4,sil,a,196,244,48,49,53,212,232,212,232,0.9509382136301905
t12.2022.07.29,train,vocal,t12.2022.07.27,56,that's getting back to a little bit chillier,20,L,5,initial,little,216,248,32,54,54,232,236,232,240,0.9983601216259276
t12.2022.07.29,train,vocal,t12.2022.07.27,56,that's getting back to a little bit chillier,21,IH,5,medial,little,224,256,32,56,56,240,244,240,244,0.9480282764634228
t12.2022.07.29,train,vocal,t12.2022.07.27,56,that's getting back to a little bit chillier,22,T,5,medial,little,228,260,32,57,57,244,248,244,248,0.9823349726125317
t12.2022.07.29,train,vocal,t12.2022.07.27,56,that's getting back to a little bit chillier,23,AH,5,medial,little,232,280,48,58,62,248,268,248,268,0.885825464579957
t12.2022.07.29,train,vocal,t12.2022.07.27,56,that's getting back to a little bit chillier,24,L,5,final,little,252,288,36,63,64,268,276,268,276,0.9971544335452289
t12.2022.07.29,train,vocal,t12.2022.07.27,56,that's getting back to a little bit chillier,25,SIL,5,sil,little,260,296,36,65,66,276,284,276,284,0.9922286684140971
t12.2022.07.29,train,vocal,t12.2022.07.27,56,that's getting back to a little bit chillier,26,B,6,initial,bit,268,304,36,67,68,284,292,284,296,0.9874950838544487
t12.2022.07.29,train,vocal,t12.2022.07.27,56,that's getting back to a little bit chillier,27,IH,6,medial,bit,280,312,32,70,70,296,300,296,300,0.977191335872509
t12.2022.07.29,train,vocal,t12.2022.07.27,56,that's getting back to a little bit chillier,28,T,6,final,bit,284,316,32,71,71,300,304,300,304,0.9999669641106634
t12.2022.07.29,train,vocal,t12.2022.07.27,56,that's getting back to a little bit chillier,29,SIL,6,sil,bit,288,336,48,72,76,304,324,304,324,0.99663161234871
t12.2022.07.29,train,vocal,t12.2022.07.27,56,that's getting back to a little bit chillier,30,CH,7,initial,chillier,308,340,32,77,77,324,328,324,332,0.9626442285863112
t12.2022.07.29,train,vocal,t12.2022.07.27,56,that's getting back to a little bit chillier,31,IH,7,medial,chillier,316,348,32,79,79,332,336,332,336,0.9816919803914446
t12.2022.07.29,train,vocal,t12.2022.07.27,56,that's getting back to a little bit chillier,32,L,7,medial,chillier,320,360,40,80,82,336,348,336,348,0.6715004877685384
t12.2022.07.29,train,vocal,t12.2022.07.27,56,that's getting back to a little bit chillier,33,IY,7,medial,chillier,332,364,32,83,83,348,352,348,352,0.034851976233595816
t12.2022.07.29,train,vocal,t12.2022.07.27,56,that's getting back to a little bit chillier,34,ER,7,final,chillier,336,368,32,84,84,352,356,352,356,0.9971572930904411
t12.2022.07.29,train,vocal,t12.2022.07.27,56,that's getting back to a little bit chillier,35,SIL,7,sil,chillier,340,388,48,85,89,356,376,356,376,0.9276002510576624
t12.2022.07.29,train,vocal,t12.2022.07.27,57,why do you want to destroy me,0,W,0,initial,why,12,44,32,3,3,28,32,16,36,0.99991674596168
t12.2022.07.29,train,vocal,t12.2022.07.27,57,why do you want to destroy me,1,AY,0,final,why,20,52,32,5,5,36,40,36,44,0.9988459415739701
t12.2022.07.29,train,vocal,t12.2022.07.27,57,why do you want to destroy me,2,SIL,0,sil,why,28,64,36,7,8,44,52,44,52,0.9999369101730267
t12.2022.07.29,train,vocal,t12.2022.07.27,57,why do you want to destroy me,3,D,1,initial,do,36,72,36,9,10,52,60,52,60,0.9452653213484624
t12.2022.07.29,train,vocal,t12.2022.07.27,57,why do you want to destroy me,4,UW,1,final,do,44,76,32,11,11,60,64,60,68,0.9996574497007924
t12.2022.07.29,train,vocal,t12.2022.07.27,57,why do you want to destroy me,5,SIL,1,sil,do,52,88,36,13,14,68,76,68,76,0.9848431535083157
t12.2022.07.29,train,vocal,t12.2022.07.27,57,why do you want to destroy me,6,Y,2,initial,you,60,92,32,15,15,76,80,76,80,0.9999916269191644
t12.2022.07.29,train,vocal,t12.2022.07.27,57,why do you want to destroy me,7,UW,2,final,you,64,96,32,16,16,80,84,80,84,0.9999832444659739
t12.2022.07.29,train,vocal,t12.2022.07.27,57,why do you want to destroy me,8,SIL,2,sil,you,68,112,44,17,20,84,100,84,100,0.9895240550335543
t12.2022.07.29,train,vocal,t12.2022.07.27,57,why do you want to destroy me,9,W,3,initial,want,84,116,32,21,21,100,104,100,108,0.9631115956665397
t12.2022.07.29,train,vocal,t12.2022.07.27,57,why do you want to destroy me,10,AA,3,medial,want,92,124,32,23,23,108,112,108,112,0.9828582136036448
t12.2022.07.29,train,vocal,t12.2022.07.27,57,why do you want to destroy me,11,N,3,medial,want,96,132,36,24,25,112,120,112,120,0.978838669666287
t12.2022.07.29,train,vocal,t12.2022.07.27,57,why do you want to destroy me,12,T,3,final,want,104,140,36,26,27,120,128,120,128,0.9968223444871313
t12.2022.07.29,train,vocal,t12.2022.07.27,57,why do you want to destroy me,13,SIL,3,sil,want,112,160,48,28,32,128,148,128,148,0.9762501440627034
t12.2022.07.29,train,vocal,t12.2022.07.27,57,why do you want to destroy me,14,T,4,initial,to,132,164,32,33,33,148,152,148,156,0.9996008815985764
t12.2022.07.29,train,vocal,t12.2022.07.27,57,why do you want to destroy me,15,UW,4,final,to,140,172,32,35,35,156,160,156,160,0.9994890926291486
t12.2022.07.29,train,vocal,t12.2022.07.27,57,why do you want to destroy me,16,SIL,4,sil,to,144,188,44,36,39,160,176,160,176,0.9706094912112209
t12.2022.07.29,train,vocal,t12.2022.07.27,57,why do you want to destroy me,17,D,5,initial,destroy,160,192,32,40,40,176,180,176,184,0.9997239768561856
t12.2022.07.29,train,vocal,t12.2022.07.27,57,why do you want to destroy me,18,IH,5,medial,destroy,168,200,32,42,42,184,188,184,188,0.9944735780111004
t12.2022.07.29,train,vocal,t12.2022.07.27,57,why do you want to destroy me,19,S,5,medial,destroy,172,204,32,43,43,188,192,188,192,0.9476236541568344
t12.2022.07.29,train,vocal,t12.2022.07.27,57,why do you want to destroy me,20,T,5,medial,destroy,176,208,32,44,44,192,196,192,200,0.16442252528870918
t12.2022.07.29,train,vocal,t12.2022.07.27,57,why do you want to destroy me,21,R,5,medial,destroy,184,216,32,46,46,200,204,200,208,0.47173791996440356
t12.2022.07.29,train,vocal,t12.2022.07.27,57,why do you want to destroy me,22,OY,5,final,destroy,192,224,32,48,48,208,212,208,216,0.0002749283081799255
t12.2022.07.29,train,vocal,t12.2022.07.27,57,why do you want to destroy me,23,SIL,5,sil,destroy,200,240,40,50,52,216,228,216,228,0.8599550444872236
t12.2022.07.29,train,vocal,t12.2022.07.27,57,why do you want to destroy me,24,M,6,initial,me,212,244,32,53,53,228,232,228,232,0.9993608307618531
t12.2022.07.29,train,vocal,t12.2022.07.27,57,why do you want to destroy me,25,IY,6,final,me,216,248,32,54,54,232,236,232,236,0.9989461349350677
t12.2022.07.29,train,vocal,t12.2022.07.27,57,why do you want to destroy me,26,SIL,6,sil,me,220,272,52,55,60,236,260,236,260,0.916573633545095
t12.2022.07.29,train,vocal,t12.2022.07.27,58,but if you really want to relax have a massage,0,B,0,initial,but,52,84,32,13,13,68,72,16,76,0.9999233406754398
t12.2022.07.29,train,vocal,t12.2022.07.27,58,but if you really want to relax have a massage,1,AH,0,medial,but,60,92,32,15,15,76,80,76,80,0.9998269181693409
t12.2022.07.29,train,vocal,t12.2022.07.27,58,but if you really want to relax have a massage,2,T,0,final,but,64,96,32,16,16,80,84,80,84,0.9999261296574322
t12.2022.07.29,train,vocal,t12.2022.07.27,58,but if you really want to relax have a massage,3,SIL,0,sil,but,68,104,36,17,18,84,92,84,96,0.9937665709983585
t12.2022.07.29,train,vocal,t12.2022.07.27,58,but if you really want to relax have a massage,4,IH,1,initial,if,80,112,32,20,20,96,100,96,100,0.9117048088244961
t12.2022.07.29,train,vocal,t12.2022.07.27,58,but if you really want to relax have a massage,5,F,1,final,if,84,116,32,21,21,100,104,100,104,0.9997291756750126
t12.2022.07.29,train,vocal,t12.2022.07.27,58,but if you really want to relax have a massage,6,SIL,1,sil,if,88,128,40,22,24,104,116,104,116,0.9998128091536859
t12.2022.07.29,train,vocal,t12.2022.07.27,58,but if you really want to relax have a massage,7,Y,2,initial,you,100,136,36,25,26,116,124,116,124,0.996131325746004
t12.2022.07.29,train,vocal,t12.2022.07.27,58,but if you really want to relax have a massage,8,UW,2,final,you,108,140,32,27,27,124,128,124,128,0.9999881866744643
t12.2022.07.29,train,vocal,t12.2022.07.27,58,but if you really want to relax have a massage,9,SIL,2,sil,you,112,160,48,28,32,128,148,128,148,0.9935164650399277
t12.2022.07.29,train,vocal,t12.2022.07.27,58,but if you really want to relax have a massage,10,R,3,initial,really,132,168,36,33,34,148,156,148,156,0.7820887864945059
t12.2022.07.29,train,vocal,t12.2022.07.27,58,but if you really want to relax have a massage,11,IH,3,medial,really,140,176,36,35,36,156,164,156,164,0.8436274125631977
t12.2022.07.29,train,vocal,t12.2022.07.27,58,but if you really want to relax have a massage,12,L,3,medial,really,148,188,40,37,39,164,176,164,176,0.9655179246594704
t12.2022.07.29,train,vocal,t12.2022.07.27,58,but if you really want to relax have a massage,13,IY,3,final,really,160,196,36,40,41,176,184,176,184,0.7217297023307818
t12.2022.07.29,train,vocal,t12.2022.07.27,58,but if you really want to relax have a massage,14,SIL,3,sil,really,168,212,44,42,45,184,200,184,200,0.8830156612616904
t12.2022.07.29,train,vocal,t12.2022.07.27,58,but if you really want to relax have a massage,15,W,4,initial,want,184,216,32,46,46,200,204,200,208,0.9998424940336221
t12.2022.07.29,train,vocal,t12.2022.07.27,58,but if you really want to relax have a massage,16,AA,4,medial,want,192,224,32,48,48,208,212,208,212,0.9996566544898375
t12.2022.07.29,train,vocal,t12.2022.07.27,58,but if you really want to relax have a massage,17,N,4,medial,want,196,228,32,49,49,212,216,212,216,0.9999572644437776
t12.2022.07.29,train,vocal,t12.2022.07.27,58,but if you really want to relax have a massage,18,T,4,final,want,200,236,36,50,51,216,224,216,224,0.9819820605098648
t12.2022.07.29,train,vocal,t12.2022.07.27,58,but if you really want to relax have a massage,19,SIL,4,sil,want,208,244,36,52,53,224,232,224,232,0.9988223707168964
t12.2022.07.29,train,vocal,t12.2022.07.27,58,but if you really want to relax have a massage,20,T,5,initial,to,216,248,32,54,54,232,236,232,240,0.9999913875696441
t12.2022.07.29,train,vocal,t12.2022.07.27,58,but if you really want to relax have a massage,21,UW,5,final,to,224,256,32,56,56,240,244,240,244,0.9991617211134571
t12.2022.07.29,train,vocal,t12.2022.07.27,58,but if you really want to relax have a massage,22,SIL,5,sil,to,228,272,44,57,60,244,260,244,260,0.9864019219591673
t12.2022.07.29,train,vocal,t12.2022.07.27,58,but if you really want to relax have a massage,23,R,6,initial,relax,244,276,32,61,61,260,264,260,264,8.710173521620976e-07
t12.2022.07.29,train,vocal,t12.2022.07.27,58,but if you really want to relax have a massage,24,IH,6,medial,relax,248,280,32,62,62,264,268,264,268,1.525856153922959e-07
t12.2022.07.29,train,vocal,t12.2022.07.27,58,but if you really want to relax have a massage,25,L,6,medial,relax,252,284,32,63,63,268,272,268,272,0.0007496953040561198
t12.2022.07.29,train,vocal,t12.2022.07.27,58,but if you really want to relax have a massage,26,AE,6,medial,relax,256,288,32,64,64,272,276,272,276,0.004436626134329436
t12.2022.07.29,train,vocal,t12.2022.07.27,58,but if you really want to relax have a massage,27,K,6,medial,relax,260,296,36,65,66,276,284,276,284,0.9719848380561795
t12.2022.07.29,train,vocal,t12.2022.07.27,58,but if you really want to relax have a massage,28,S,6,final,relax,268,300,32,67,67,284,288,284,288,0.41961491314868293
t12.2022.07.29,train,vocal,t12.2022.07.27,58,but if you really want to relax have a massage,29,SIL,6,sil,relax,272,320,48,68,72,288,308,288,308,0.9922163026680648
t12.2022.07.29,train,vocal,t12.2022.07.27,58,but if you really want to relax have a massage,30,HH,7,initial,have,292,328,36,73,74,308,316,308,320,0.8485537485246957
t12.2022.07.29,train,vocal,t12.2022.07.27,58,but if you really want to relax have a massage,31,AE,7,medial,have,304,336,32,76,76,320,324,320,324,0.9995067079440063
t12.2022.07.29,train,vocal,t12.2022.07.27,58,but if you really want to relax have a massage,32,V,7,final,have,308,340,32,77,77,324,328,324,328,0.9989970475946616
t12.2022.07.29,train,vocal,t12.2022.07.27,58,but if you really want to relax have a massage,33,SIL,7,sil,have,312,352,40,78,80,328,340,328,344,0.8847932124659103
t12.2022.07.29,train,vocal,t12.2022.07.27,58,but if you really want to relax have a massage,34,AH,8,single,a,328,360,32,82,82,344,348,344,348,0.9999918593320025
t12.2022.07.29,train,vocal,t12.2022.07.27,58,but if you really want to relax have a massage,35,SIL,8,sil,a,332,396,64,83,91,348,384,348,384,0.9853880013544732
t12.2022.07.29,train,vocal,t12.2022.07.27,58,but if you really want to relax have a massage,36,M,9,initial,massage,368,400,32,92,92,384,388,384,396,0.9364343278615254
t12.2022.07.29,train,vocal,t12.2022.07.27,58,but if you really want to relax have a massage,37,AH,9,medial,massage,384,416,32,96,96,400,404,396,404,0.23926337319382346
t12.2022.07.29,train,vocal,t12.2022.07.27,58,but if you really want to relax have a massage,38,S,9,medial,massage,388,420,32,97,97,404,408,404,408,0.807516566399232
t12.2022.07.29,train,vocal,t12.2022.07.27,58,but if you really want to relax have a massage,39,AA,9,medial,massage,392,424,32,98,98,408,412,408,412,0.0001242683682853194
t12.2022.07.29,train,vocal,t12.2022.07.27,58,but if you really want to relax have a massage,40,ZH,9,final,massage,396,428,32,99,99,412,416,412,416,0.4462527018674011
t12.2022.07.29,train,vocal,t12.2022.07.27,58,but if you really want to relax have a massage,41,SIL,9,sil,massage,400,456,56,100,106,416,444,416,444,0.9740088250390728
t12.2022.07.29,train,vocal,t12.2022.07.27,59,doesn't think about it,0,D,0,initial,doesn't,12,44,32,3,3,28,32,16,36,0.000484235818131772
t12.2022.07.29,train,vocal,t12.2022.07.27,59,doesn't think about it,1,AH,0,medial,doesn't,20,52,32,5,5,36,40,36,40,0.3540678993994049
t12.2022.07.29,train,vocal,t12.2022.07.27,59,doesn't think about it,2,Z,0,medial,doesn't,24,56,32,6,6,40,44,40,44,0.9989069795428305
t12.2022.07.29,train,vocal,t12.2022.07.27,59,doesn't think about it,3,AH,0,medial,doesn't,28,60,32,7,7,44,48,44,48,0.9699342636980001
t12.2022.07.29,train,vocal,t12.2022.07.27,59,doesn't think about it,4,N,0,medial,doesn't,32,64,32,8,8,48,52,48,52,0.9935056062728772
t12.2022.07.29,train,vocal,t12.2022.07.27,59,doesn't think about it,5,T,0,final,doesn't,36,68,32,9,9,52,56,52,56,0.9989218372981296
t12.2022.07.29,train,vocal,t12.2022.07.27,59,doesn't think about it,6,SIL,0,sil,doesn't,40,80,40,10,12,56,68,56,68,0.9190916248849493
t12.2022.07.29,train,vocal,t12.2022.07.27,59,doesn't think about it,7,TH,1,initial,think,52,84,32,13,13,68,72,68,76,0.9999675572995501
t12.2022.07.29,train,vocal,t12.2022.07.27,59,doesn't think about it,8,IH,1,medial,think,60,96,36,15,16,76,84,76,84,0.9830378564266308
t12.2022.07.29,train,vocal,t12.2022.07.27,59,doesn't think about it,9,NG,1,medial,think,68,100,32,17,17,84,88,84,88,0.9999104306185428
t12.2022.07.29,train,vocal,t12.2022.07.27,59,doesn't think about it,10,K,1,final,think,72,108,36,18,19,88,96,88,96,0.9985075901594618
t12.2022.07.29,train,vocal,t12.2022.07.27,59,doesn't think about it,11,SIL,1,sil,think,80,116,36,20,21,96,104,96,104,0.9945340690245317
t12.2022.07.29,train,vocal,t12.2022.07.27,59,doesn't think about it,12,AH,2,initial,about,88,128,40,22,24,104,116,104,116,0.995470380278424
t12.2022.07.29,train,vocal,t12.2022.07.27,59,doesn't think about it,13,B,2,medial,about,100,140,40,25,27,116,128,116,128,0.9981488083435869
t12.2022.07.29,train,vocal,t12.2022.07.27,59,doesn't think about it,14,AW,2,medial,about,112,148,36,28,29,128,136,128,136,0.9999307171558947
t12.2022.07.29,train,vocal,t12.2022.07.27,59,doesn't think about it,15,T,2,final,about,120,156,36,30,31,136,144,136,144,0.9908353027751012
t12.2022.07.29,train,vocal,t12.2022.07.27,59,doesn't think about it,16,SIL,2,sil,about,128,160,32,32,32,144,148,144,152,0.999300428981721
t12.2022.07.29,train,vocal,t12.2022.07.27,59,doesn't think about it,17,IH,3,initial,it,136,168,32,34,34,152,156,152,156,0.9999983537720734
t12.2022.07.29,train,vocal,t12.2022.07.27,59,doesn't think about it,18,T,3,final,it,140,172,32,35,35,156,160,156,160,0.9999832719381808
t12.2022.07.29,train,vocal,t12.2022.07.27,59,doesn't think about it,19,SIL,3,sil,it,144,192,48,36,40,160,180,160,180,0.9996549281665896
t12.2022.07.29,train,vocal,t12.2022.07.27,60,there may have been a problem,0,DH,0,initial,there,8,44,36,2,3,24,32,16,32,0.8980472346574941
t12.2022.07.29,train,vocal,t12.2022.07.27,60,there may have been a problem,1,EH,0,medial,there,16,48,32,4,4,32,36,32,36,0.08225123657324725
t12.2022.07.29,train,vocal,t12.2022.07.27,60,there may have been a problem,2,R,0,final,there,20,52,32,5,5,36,40,36,40,0.040768305626419823
t12.2022.07.29,train,vocal,t12.2022.07.27,60,there may have been a problem,3,SIL,0,sil,there,24,64,40,6,8,40,52,40,52,0.9997794471483279
t12.2022.07.29,train,vocal,t12.2022.07.27,60,there may have been a problem,4,M,1,initial,may,36,68,32,9,9,52,56,52,60,0.25668696414589914
t12.2022.07.29,train,vocal,t12.2022.07.27,60,there may have been a problem,5,EY,1,final,may,44,76,32,11,11,60,64,60,68,0.0025877790552892867
t12.2022.07.29,train,vocal,t12.2022.07.27,60,there may have been a problem,6,SIL,1,sil,may,52,92,40,13,15,68,80,68,80,0.998469245263366
t12.2022.07.29,train,vocal,t12.2022.07.27,60,there may have been a problem,7,HH,2,initial,have,64,96,32,16,16,80,84,80,84,0.987560754777625
t12.2022.07.29,train,vocal,t12.2022.07.27,60,there may have been a problem,8,AE,2,medial,have,68,100,32,17,17,84,88,84,88,0.9948256055493205
t12.2022.07.29,train,vocal,t12.2022.07.27,60,there may have been a problem,9,V,2,final,have,72,104,32,18,18,88,92,88,92,0.9940981003208987
t12.2022.07.29,train,vocal,t12.2022.07.27,60,there may have been a problem,10,SIL,2,sil,have,76,116,40,19,21,92,104,92,104,0.9954550042328689
t12.2022.07.29,train,vocal,t12.2022.07.27,60,there may have been a problem,11,B,3,initial,been,88,120,32,22,22,104,108,104,112,0.9996079628471515
t12.2022.07.29,train,vocal,t12.2022.07.27,60,there may have been a problem,12,IH,3,medial,been,96,132,36,24,25,112,120,112,120,0.7491527197142502
t12.2022.07.29,train,vocal,t12.2022.07.27,60,there may have been a problem,13,N,3,final,been,104,140,36,26,27,120,128,120,128,0.9842669758625249
t12.2022.07.29,train,vocal,t12.2022.07.27,60,there may have been a problem,14,SIL,3,sil,been,112,156,44,28,31,128,144,128,152,0.9780009442830657
t12.2022.07.29,train,vocal,t12.2022.07.27,60,there may have been a problem,15,AH,4,single,a,140,172,32,35,35,156,160,152,160,0.9999988947468156
t12.2022.07.29,train,vocal,t12.2022.07.27,60,there may have been a problem,16,SIL,4,sil,a,144,192,48,36,40,160,180,160,180,0.9985164109842742
t12.2022.07.29,train,vocal,t12.2022.07.27,60,there may have been a problem,17,P,5,initial,problem,164,196,32,41,41,180,184,180,184,0.997425087247961
t12.2022.07.29,train,vocal,t12.2022.07.27,60,there may have been a problem,18,R,5,medial,problem,168,200,32,42,42,184,188,184,188,0.9923712018394893
t12.2022.07.29,train,vocal,t12.2022.07.27,60,there may have been a problem,19,AA,5,medial,problem,172,208,36,43,44,188,196,188,196,0.923368703876855
t12.2022.07.29,train,vocal,t12.2022.07.27,60,there may have been a problem,20,B,5,medial,problem,180,212,32,45,45,196,200,196,200,0.9997336134461855
t12.2022.07.29,train,vocal,t12.2022.07.27,60,there may have been a problem,21,L,5,medial,problem,184,216,32,46,46,200,204,200,204,0.9999031229972793
t12.2022.07.29,train,vocal,t12.2022.07.27,60,there may have been a problem,22,AH,5,medial,problem,188,224,36,47,48,204,212,204,212,0.9977624664980197
t12.2022.07.29,train,vocal,t12.2022.07.27,60,there may have been a problem,23,M,5,final,problem,196,228,32,49,49,212,216,212,216,0.9999241934309079
t12.2022.07.29,train,vocal,t12.2022.07.27,60,there may have been a problem,24,SIL,5,sil,problem,200,240,40,50,52,216,228,216,228,0.9831876780213609
t12.2022.07.29,train,vocal,t12.2022.07.27,61,please see my disclosure page for more details,0,P,0,initial,please,68,100,32,17,17,84,88,16,88,0.0006827856608790688
t12.2022.07.29,train,vocal,t12.2022.07.27,61,please see my disclosure page for more details,1,L,0,medial,please,72,104,32,18,18,88,92,88,92,0.0045717247089016606
t12.2022.07.29,train,vocal,t12.2022.07.27,61,please see my disclosure page for more details,2,IY,0,medial,please,76,108,32,19,19,92,96,92,96,0.9728815244651463
t12.2022.07.29,train,vocal,t12.2022.07.27,61,please see my disclosure page for more details,3,Z,0,final,please,80,112,32,20,20,96,100,96,100,0.00017103859040114172
t12.2022.07.29,train,vocal,t12.2022.07.27,61,please see my disclosure page for more details,4,SIL,0,sil,please,84,124,40,21,23,100,112,100,112,0.8693326581823254
t12.2022.07.29,train,vocal,t12.2022.07.27,61,please see my disclosure page for more details,5,S,1,initial,see,96,128,32,24,24,112,116,112,116,0.005496251746589767
t12.2022.07.29,train,vocal,t12.2022.07.27,61,please see my disclosure page for more details,6,IY,1,final,see,100,132,32,25,25,116,120,116,124,0.0874767628482904
t12.2022.07.29,train,vocal,t12.2022.07.27,61,please see my disclosure page for more details,7,SIL,1,sil,see,108,148,40,27,29,124,136,124,136,0.9907712735149551
t12.2022.07.29,train,vocal,t12.2022.07.27,61,please see my disclosure page for more details,8,M,2,initial,my,120,152,32,30,30,136,140,136,144,0.9999993169844683
t12.2022.07.29,train,vocal,t12.2022.07.27,61,please see my disclosure page for more details,9,AY,2,final,my,128,160,32,32,32,144,148,144,152,0.32356396566384493
t12.2022.07.29,train,vocal,t12.2022.07.27,61,please see my disclosure page for more details,10,SIL,2,sil,my,136,188,52,34,39,152,176,152,176,0.9408572638634966
t12.2022.07.29,train,vocal,t12.2022.07.27,61,please see my disclosure page for more details,11,D,3,initial,disclosure,160,192,32,40,40,176,180,176,184,0.7085939037054166
t12.2022.07.29,train,vocal,t12.2022.07.27,61,please see my disclosure page for more details,12,IH,3,medial,disclosure,168,200,32,42,42,184,188,184,188,0.1180109199830599
t12.2022.07.29,train,vocal,t12.2022.07.27,61,please see my disclosure page for more details,13,S,3,medial,disclosure,172,204,32,43,43,188,192,188,192,0.015798877217802425
t12.2022.07.29,train,vocal,t12.2022.07.27,61,please see my disclosure page for more details,14,K,3,medial,disclosure,176,212,36,44,45,192,200,192,200,0.5978754268061398
t12.2022.07.29,train,vocal,t12.2022.07.27,61,please see my disclosure page for more details,15,L,3,medial,disclosure,184,216,32,46,46,200,204,200,204,0.4620672514847994
t12.2022.07.29,train,vocal,t12.2022.07.27,61,please see my disclosure page for more details,16,OW,3,medial,disclosure,188,220,32,47,47,204,208,204,208,0.005291173672385917
t12.2022.07.29,train,vocal,t12.2022.07.27,61,please see my disclosure page for more details,17,ZH,3,medial,disclosure,192,224,32,48,48,208,212,208,216,0.0021045553764350326
t12.2022.07.29,train,vocal,t12.2022.07.27,61,please see my disclosure page for more details,18,ER,3,final,disclosure,200,240,40,50,52,216,228,216,228,0.5898577328099014
t12.2022.07.29,train,vocal,t12.2022.07.27,61,please see my disclosure page for more details,19,SIL,3,sil,disclosure,212,260,48,53,57,228,248,228,248,0.8343699935247326
t12.2022.07.29,train,vocal,t12.2022.07.27,61,please see my disclosure page for more details,20,P,4,initial,page,232,264,32,58,58,248,252,248,256,0.0006438422790798037
t12.2022.07.29,train,vocal,t12.2022.07.27,61,please see my disclosure page for more details,21,EY,4,medial,page,240,272,32,60,60,256,260,256,260,0.4426301606618488
t12.2022.07.29,train,vocal,t12.2022.07.27,61,please see my disclosure page for more details,22,JH,4,final,page,244,276,32,61,61,260,264,260,268,0.04404890798727325
t12.2022.07.29,train,vocal,t12.2022.07.27,61,please see my disclosure page for more details,23,SIL,4,sil,page,256,300,44,64,67,272,288,268,288,0.9070163967951657
t12.2022.07.29,train,vocal,t12.2022.07.27,61,please see my disclosure page for more details,24,F,5,initial,for,272,304,32,68,68,288,292,288,296,0.6890208436555879
t12.2022.07.29,train,vocal,t12.2022.07.27,61,please see my disclosure page for more details,25,AO,5,medial,for,280,312,32,70,70,296,300,296,300,0.9998233645895312
t12.2022.07.29,train,vocal,t12.2022.07.27,61,please see my disclosure page for more details,26,R,5,final,for,284,316,32,71,71,300,304,300,304,0.9998517436687687
t12.2022.07.29,train,vocal,t12.2022.07.27,61,please see my disclosure page for more details,27,SIL,5,sil,for,288,324,36,72,73,304,312,304,312,0.9961903954574052
t12.2022.07.29,train,vocal,t12.2022.07.27,61,please see my disclosure page for more details,28,M,6,initial,more,296,332,36,74,75,312,320,312,324,0.9709035895638624
t12.2022.07.29,train,vocal,t12.2022.07.27,61,please see my disclosure page for more details,29,AO,6,medial,more,312,344,32,78,78,328,332,324,332,0.5455677276645221
t12.2022.07.29,train,vocal,t12.2022.07.27,61,please see my disclosure page for more details,30,R,6,final,more,316,348,32,79,79,332,336,332,336,0.8007727556479833
t12.2022.07.29,train,vocal,t12.2022.07.27,61,please see my disclosure page for more details,31,SIL,6,sil,more,320,364,44,80,83,336,352,336,352,0.9194668645823881
t12.2022.07.29,train,vocal,t12.2022.07.27,61,please see my disclosure page for more details,32,D,7,initial,details,336,368,32,84,84,352,356,352,360,0.9480935510684473
t12.2022.07.29,train,vocal,t12.2022.07.27,61,please see my disclosure page for more details,33,IH,7,medial,details,344,376,32,86,86,360,364,360,364,0.8848396696123115
t12.2022.07.29,train,vocal,t12.2022.07.27,61,please see my disclosure page for more details,34,T,7,medial,details,348,380,32,87,87,364,368,364,372,0.2403253864116106
t12.2022.07.29,train,vocal,t12.2022.07.27,61,please see my disclosure page for more details,35,EY,7,medial,details,360,392,32,90,90,376,380,372,380,0.0412716902991108
t12.2022.07.29,train,vocal,t12.2022.07.27,61,please see my disclosure page for more details,36,L,7,medial,details,364,400,36,91,92,380,388,380,388,0.9399084273621872
t12.2022.07.29,train,vocal,t12.2022.07.27,61,please see my disclosure page for more details,37,Z,7,final,details,372,404,32,93,93,388,392,388,392,0.879015591163037
t12.2022.07.29,train,vocal,t12.2022.07.27,61,please see my disclosure page for more details,38,SIL,7,sil,details,376,412,36,94,95,392,400,392,400,0.9982758074184954
t12.2022.07.29,train,vocal,t12.2022.07.27,62,how does climate change fit into the equation,0,HH,0,initial,how,40,72,32,10,10,56,60,16,60,0.9959789193443421
t12.2022.07.29,train,vocal,t12.2022.07.27,62,how does climate change fit into the equation,1,AW,0,final,how,44,76,32,11,11,60,64,60,68,0.9994063955230136
t12.2022.07.29,train,vocal,t12.2022.07.27,62,how does climate change fit into the equation,2,SIL,0,sil,how,52,96,44,13,16,68,84,68,84,0.9899828316972086
t12.2022.07.29,train,vocal,t12.2022.07.27,62,how does climate change fit into the equation,3,D,1,initial,does,68,100,32,17,17,84,88,84,92,0.9265295111245226
t12.2022.07.29,train,vocal,t12.2022.07.27,62,how does climate change fit into the equation,4,AH,1,medial,does,76,108,32,19,19,92,96,92,96,0.9390546901809674
t12.2022.07.29,train,vocal,t12.2022.07.27,62,how does climate change fit into the equation,5,Z,1,final,does,80,112,32,20,20,96,100,96,100,0.17212764683777496
t12.2022.07.29,train,vocal,t12.2022.07.27,62,how does climate change fit into the equation,6,SIL,1,sil,does,84,128,44,21,24,100,116,100,116,0.8395742105403898
t12.2022.07.29,train,vocal,t12.2022.07.27,62,how does climate change fit into the equation,7,K,2,initial,climate,100,132,32,25,25,116,120,116,120,0.038485806972784135
t12.2022.07.29,train,vocal,t12.2022.07.27,62,how does climate change fit into the equation,8,L,2,medial,climate,104,136,32,26,26,120,124,120,128,0.061608793754490326
t12.2022.07.29,train,vocal,t12.2022.07.27,62,how does climate change fit into the equation,9,AY,2,medial,climate,112,144,32,28,28,128,132,128,132,0.035420181215618254
t12.2022.07.29,train,vocal,t12.2022.07.27,62,how does climate change fit into the equation,10,M,2,medial,climate,116,148,32,29,29,132,136,132,136,0.7562610702771898
t12.2022.07.29,train,vocal,t12.2022.07.27,62,how does climate change fit into the equation,11,AH,2,medial,climate,120,152,32,30,30,136,140,136,140,0.0001238551296334772
t12.2022.07.29,train,vocal,t12.2022.07.27,62,how does climate change fit into the equation,12,T,2,final,climate,124,156,32,31,31,140,144,140,144,0.3356295521743433
t12.2022.07.29,train,vocal,t12.2022.07.27,62,how does climate change fit into the equation,13,SIL,2,sil,climate,128,180,52,32,37,144,168,144,168,0.9158203624940976
t12.2022.07.29,train,vocal,t12.2022.07.27,62,how does climate change fit into the equation,14,CH,3,initial,change,152,184,32,38,38,168,172,168,176,0.8315848466470823
t12.2022.07.29,train,vocal,t12.2022.07.27,62,how does climate change fit into the equation,15,EY,3,medial,change,164,196,32,41,41,180,184,176,184,0.998602476695694
t12.2022.07.29,train,vocal,t12.2022.07.27,62,how does climate change fit into the equation,16,N,3,medial,change,168,200,32,42,42,184,188,184,188,0.9402324432499019
t12.2022.07.29,train,vocal,t12.2022.07.27,62,how does climate change fit into the equation,17,JH,3,final,change,172,208,36,43,44,188,196,188,196,0.7682281705139158
t12.2022.07.29,train,vocal,t12.2022.07.27,62,how does climate change fit into the equation,18,SIL,3,sil,change,180,220,40,45,47,196,208,196,208,0.9995776627228815
t12.2022.07.29,train,vocal,t12.2022.07.27,62,how does climate change fit into the equation,19,F,4,initial,fit,192,224,32,48,48,208,212,208,216,0.00011556208669761869
t12.2022.07.29,train,vocal,t12.2022.07.27,62,how does climate change fit into the equation,20,IH,4,medial,fit,200,232,32,50,50,216,220,216,220,0.04538757148870366
t12.2022.07.29,train,vocal,t12.2022.07.27,62,how does climate change fit into the equation,21,T,4,final,fit,204,236,32,51,51,220,224,220,224,0.7310645604939653
t12.2022.07.29,train,vocal,t12.2022.07.27,62,how does climate change fit into the equation,22,SIL,4,sil,fit,208,244,36,52,53,224,232,224,236,0.9772897449972613
t12.2022.07.29,train,vocal,t12.2022.07.27,62,how does climate change fit into the equation,23,IH,5,initial,into,224,256,32,56,56,240,244,236,244,0.9999982778893972
t12.2022.07.29,train,vocal,t12.2022.07.27,62,how does climate change fit into the equation,24,N,5,medial,into,228,260,32,57,57,244,248,244,248,0.9999938330033532
t12.2022.07.29,train,vocal,t12.2022.07.27,62,how does climate change fit into the equation,25,T,5,medial,into,232,268,36,58,59,248,256,248,256,0.9997488618562798
t12.2022.07.29,train,vocal,t12.2022.07.27,62,how does climate change fit into the equation,26,UW,5,final,into,240,276,36,60,61,256,264,256,264,0.9659548303823391
t12.2022.07.29,train,vocal,t12.2022.07.27,62,how does climate change fit into the equation,27,SIL,5,sil,into,248,304,56,62,68,264,292,264,292,0.9708320097364334
t12.2022.07.29,train,vocal,t12.2022.07.27,62,how does climate change fit into the equation,28,DH,6,initial,the,276,312,36,69,70,292,300,292,304,0.9999260648620002
t12.2022.07.29,train,vocal,t12.2022.07.27,62,how does climate change fit into the equation,29,AH,6,final,the,288,320,32,72,72,304,308,304,308,0.9999998202026271
t12.2022.07.29,train,vocal,t12.2022.07.27,62,how does climate change fit into the equation,30,SIL,6,sil,the,292,340,48,73,77,308,328,308,332,0.9323443493354109
t12.2022.07.29,train,vocal,t12.2022.07.27,62,how does climate change fit into the equation,31,IH,7,initial,equation,320,352,32,80,80,336,340,332,344,0.3640334121533731
t12.2022.07.29,train,vocal,t12.2022.07.27,62,how does climate change fit into the equation,32,K,7,medial,equation,328,364,36,82,83,344,352,344,352,0.8552475207497596
t12.2022.07.29,train,vocal,t12.2022.07.27,62,how does climate change fit into the equation,33,W,7,medial,equation,336,372,36,84,85,352,360,352,360,0.791102471916292
t12.2022.07.29,train,vocal,t12.2022.07.27,62,how does climate change fit into the equation,34,EY,7,medial,equation,344,376,32,86,86,360,364,360,364,0.9997997060081549
t12.2022.07.29,train,vocal,t12.2022.07.27,62,how does climate change fit into the equation,35,ZH,7,medial,equation,348,380,32,87,87,364,368,364,372,0.754420259461452
t12.2022.07.29,train,vocal,t12.2022.07.27,62,how does climate change fit into the equation,36,AH,7,medial,equation,356,400,44,89,92,372,388,372,388,0.8866135692744044
t12.2022.07.29,train,vocal,t12.2022.07.27,62,how does climate change fit into the equation,37,N,7,final,equation,372,404,32,93,93,388,392,388,392,0.9999836446175028
t12.2022.07.29,train,vocal,t12.2022.07.27,62,how does climate change fit into the equation,38,SIL,7,sil,equation,376,420,44,94,97,392,408,392,408,0.9820307273727289
t12.2022.07.29,train,vocal,t12.2022.07.27,63,a really good companion for me,0,AH,0,single,a,12,48,36,3,4,28,36,16,40,0.8117645495625744
t12.2022.07.29,train,vocal,t12.2022.07.27,63,a really good companion for me,1,SIL,0,sil,a,24,60,36,6,7,40,48,40,48,0.9990611911022648
t12.2022.07.29,train,vocal,t12.2022.07.27,63,a really good companion for me,2,R,1,initial,really,32,68,36,8,9,48,56,48,60,0.8226178489801176
t12.2022.07.29,train,vocal,t12.2022.07.27,63,a really good companion for me,3,IH,1,medial,really,44,76,32,11,11,60,64,60,64,0.9977447065318613
t12.2022.07.29,train,vocal,t12.2022.07.27,63,a really good companion for me,4,L,1,medial,really,48,84,36,12,13,64,72,64,72,0.8524848978063408
t12.2022.07.29,train,vocal,t12.2022.07.27,63,a really good companion for me,5,IY,1,final,really,56,88,32,14,14,72,76,72,76,0.9993297044112873
t12.2022.07.29,train,vocal,t12.2022.07.27,63,a really good companion for me,6,SIL,1,sil,really,60,100,40,15,17,76,88,76,88,0.8512990083778283
t12.2022.07.29,train,vocal,t12.2022.07.27,63,a really good companion for me,7,G,2,initial,good,72,104,32,18,18,88,92,88,96,0.9987248752242949
t12.2022.07.29,train,vocal,t12.2022.07.27,63,a really good companion for me,8,UH,2,medial,good,80,112,32,20,20,96,100,96,100,0.9999040221696945
t12.2022.07.29,train,vocal,t12.2022.07.27,63,a really good companion for me,9,D,2,final,good,84,116,32,21,21,100,104,100,104,0.9999225037919911
t12.2022.07.29,train,vocal,t12.2022.07.27,63,a really good companion for me,10,SIL,2,sil,good,88,144,56,22,28,104,132,104,132,0.9920734558091143
t12.2022.07.29,train,vocal,t12.2022.07.27,63,a really good companion for me,11,K,3,initial,companion,116,148,32,29,29,132,136,132,140,0.9999722392447675
t12.2022.07.29,train,vocal,t12.2022.07.27,63,a really good companion for me,12,AH,3,medial,companion,128,160,32,32,32,144,148,140,148,0.9973893951209516
t12.2022.07.29,train,vocal,t12.2022.07.27,63,a really good companion for me,13,M,3,medial,companion,132,164,32,33,33,148,152,148,152,0.9770705022935399
t12.2022.07.29,train,vocal,t12.2022.07.27,63,a really good companion for me,14,P,3,medial,companion,136,168,32,34,34,152,156,152,160,0.5373135139306546
t12.2022.07.29,train,vocal,t12.2022.07.27,63,a really good companion for me,15,AE,3,medial,companion,148,180,32,37,37,164,168,160,168,0.0009800490313077316
t12.2022.07.29,train,vocal,t12.2022.07.27,63,a really good companion for me,16,N,3,medial,companion,152,184,32,38,38,168,172,168,172,0.00475089757899288
t12.2022.07.29,train,vocal,t12.2022.07.27,63,a really good companion for me,17,Y,3,medial,companion,156,188,32,39,39,172,176,172,176,0.013677351641078023
t12.2022.07.29,train,vocal,t12.2022.07.27,63,a really good companion for me,18,AH,3,medial,companion,160,192,32,40,40,176,180,176,180,0.007328558839936407
t12.2022.07.29,train,vocal,t12.2022.07.27,63,a really good companion for me,19,N,3,final,companion,164,196,32,41,41,180,184,180,184,0.7550770509976885
t12.2022.07.29,train,vocal,t12.2022.07.27,63,a really good companion for me,20,SIL,3,sil,companion,168,216,48,42,46,184,204,184,204,0.9982328691803642
t12.2022.07.29,train,vocal,t12.2022.07.27,63,a really good companion for me,21,F,4,initial,for,188,224,36,47,48,204,212,204,216,0.8944670288800105
t12.2022.07.29,train,vocal,t12.2022.07.27,63,a really good companion for me,22,AO,4,medial,for,200,232,32,50,50,216,220,216,220,0.9917119849198994
t12.2022.07.29,train,vocal,t12.2022.07.27,63,a really good companion for me,23,R,4,final,for,204,236,32,51,51,220,224,220,224,0.9825410230068311
t12.2022.07.29,train,vocal,t12.2022.07.27,63,a really good companion for me,24,SIL,4,sil,for,208,248,40,52,54,224,236,224,236,0.9954508251322639
t12.2022.07.29,train,vocal,t12.2022.07.27,63,a really good companion for me,25,M,5,initial,me,220,252,32,55,55,236,240,236,244,0.9999303656096749
t12.2022.07.29,train,vocal,t12.2022.07.27,63,a really good companion for me,26,IY,5,final,me,228,260,32,57,57,244,248,244,248,0.9999267893061514
t12.2022.07.29,train,vocal,t12.2022.07.27,63,a really good companion for me,27,SIL,5,sil,me,232,276,44,58,61,248,264,248,264,0.8714690246400325
t12.2022.07.29,train,vocal,t12.2022.07.27,64,if someone came and heard it,0,IH,0,initial,if,40,72,32,10,10,56,60,16,60,0.9999996465642432
t12.2022.07.29,train,vocal,t12.2022.07.27,64,if someone came and heard it,1,F,0,final,if,44,76,32,11,11,60,64,60,64,0.9999994725035886
t12.2022.07.29,train,vocal,t12.2022.07.27,64,if someone came and heard it,2,SIL,0,sil,if,48,88,40,12,14,64,76,64,76,0.9980309788525382
t12.2022.07.29,train,vocal,t12.2022.07.27,64,if someone came and heard it,3,S,1,initial,someone,60,92,32,15,15,76,80,76,84,0.9930890751297873
t12.2022.07.29,train,vocal,t12.2022.07.27,64,if someone came and heard it,4,AH,1,medial,someone,68,100,32,17,17,84,88,84,88,0.9998507080637723
t12.2022.07.29,train,vocal,t12.2022.07.27,64,if someone came and heard it,5,M,1,medial,someone,72,104,32,18,18,88,92,88,92,0.9995809428099692
t12.2022.07.29,train,vocal,t12.2022.07.27,64,if someone came and heard it,6,W,1,medial,someone,76,112,36,19,20,92,100,92,100,0.7600156012946391
t12.2022.07.29,train,vocal,t12.2022.07.27,64,if someone came and heard it,7,AH,1,medial,someone,84,116,32,21,21,100,104,100,104,0.9423204252318301
t12.2022.07.29,train,vocal,t12.2022.07.27,64,if someone came and heard it,8,N,1,final,someone,88,120,32,22,22,104,108,104,108,0.999738969778583
t12.2022.07.29,train,vocal,t12.2022.07.27,64,if someone came and heard it,9,SIL,1,sil,someone,92,136,44,23,26,108,124,108,124,0.9983350916326738
t12.2022.07.29,train,vocal,t12.2022.07.27,64,if someone came and heard it,10,K,2,initial,came,108,140,32,27,27,124,128,124,132,0.9837557532857061
t12.2022.07.29,train,vocal,t12.2022.07.27,64,if someone came and heard it,11,EY,2,medial,came,116,148,32,29,29,132,136,132,136,0.9460517252619219
t12.2022.07.29,train,vocal,t12.2022.07.27,64,if someone came and heard it,12,M,2,final,came,120,152,32,30,30,136,140,136,140,0.9998789793075659
t12.2022.07.29,train,vocal,t12.2022.07.27,64,if someone came and heard it,13,SIL,2,sil,came,124,164,40,31,33,140,152,140,156,0.9837379921620317
t12.2022.07.29,train,vocal,t12.2022.07.27,64,if someone came and heard it,14,AH,3,initial,and,140,172,32,35,35,156,160,156,160,0.9999151993888845
t12.2022.07.29,train,vocal,t12.2022.07.27,64,if someone came and heard it,15,N,3,medial,and,144,176,32,36,36,160,164,160,164,0.999986001827179
t12.2022.07.29,train,vocal,t12.2022.07.27,64,if someone came and heard it,16,D,3,final,and,148,184,36,37,38,164,172,164,172,0.9974349140525307
t12.2022.07.29,train,vocal,t12.2022.07.27,64,if someone came and heard it,17,SIL,3,sil,and,156,200,44,39,42,172,188,172,188,0.9726215616314199
t12.2022.07.29,train,vocal,t12.2022.07.27,64,if someone came and heard it,18,HH,4,initial,heard,172,204,32,43,43,188,192,188,196,0.999993280216403
t12.2022.07.29,train,vocal,t12.2022.07.27,64,if someone came and heard it,19,ER,4,medial,heard,180,212,32,45,45,196,200,196,204,0.7362392799754726
t12.2022.07.29,train,vocal,t12.2022.07.27,64,if someone came and heard it,20,D,4,final,heard,188,220,32,47,47,204,208,204,208,0.9996328419154366
t12.2022.07.29,train,vocal,t12.2022.07.27,64,if someone came and heard it,21,SIL,4,sil,heard,192,232,40,48,50,208,220,208,224,0.8869884225437034
t12.2022.07.29,train,vocal,t12.2022.07.27,64,if someone came and heard it,22,IH,5,initial,it,208,240,32,52,52,224,228,224,228,0.9999984951683122
t12.2022.07.29,train,vocal,t12.2022.07.27,64,if someone came and heard it,23,T,5,final,it,212,244,32,53,53,228,232,228,232,0.9999727496533951
t12.2022.07.29,train,vocal,t12.2022.07.27,64,if someone came and heard it,24,SIL,5,sil,it,216,264,48,54,58,232,252,232,252,0.9991918924647134
t12.2022.07.29,train,vocal,t12.2022.07.27,65,it's a tough decision he said,0,IH,0,initial,it's,36,68,32,9,9,52,56,16,56,0.9999929258287094
t12.2022.07.29,train,vocal,t12.2022.07.27,65,it's a tough decision he said,1,T,0,medial,it's,40,72,32,10,10,56,60,56,60,0.9999287971284935
t12.2022.07.29,train,vocal,t12.2022.07.27,65,it's a tough decision he said,2,S,0,final,it's,44,76,32,11,11,60,64,60,64,0.9999267355995781
t12.2022.07.29,train,vocal,t12.2022.07.27,65,it's a tough decision he said,3,SIL,0,sil,it's,48,84,36,12,13,64,72,64,76,0.999256696608043
t12.2022.07.29,train,vocal,t12.2022.07.27,65,it's a tough decision he said,4,AH,1,single,a,64,96,32,16,16,80,84,76,88,0.9999487964265461
t12.2022.07.29,train,vocal,t12.2022.07.27,65,it's a tough decision he said,5,SIL,1,sil,a,72,116,44,18,21,88,104,88,104,0.9983731884231767
t12.2022.07.29,train,vocal,t12.2022.07.27,65,it's a tough decision he said,6,T,2,initial,tough,88,120,32,22,22,104,108,104,112,0.886456383348999
t12.2022.07.29,train,vocal,t12.2022.07.27,65,it's a tough decision he said,7,AH,2,medial,tough,100,132,32,25,25,116,120,112,120,0.4143612785429103
t12.2022.07.29,train,vocal,t12.2022.07.27,65,it's a tough decision he said,8,F,2,final,tough,104,136,32,26,26,120,124,120,124,0.9999857135070357
t12.2022.07.29,train,vocal,t12.2022.07.27,65,it's a tough decision he said,9,SIL,2,sil,tough,108,176,68,27,36,124,164,124,164,0.9519950738047731
t12.2022.07.29,train,vocal,t12.2022.07.27,65,it's a tough decision he said,10,D,3,initial,decision,148,180,32,37,37,164,168,164,172,0.9976307727465643
t12.2022.07.29,train,vocal,t12.2022.07.27,65,it's a tough decision he said,11,IH,3,medial,decision,156,188,32,39,39,172,176,172,176,0.9971871622507386
t12.2022.07.29,train,vocal,t12.2022.07.27,65,it's a tough decision he said,12,S,3,medial,decision,160,192,32,40,40,176,180,176,184,0.5494140651755737
t12.2022.07.29,train,vocal,t12.2022.07.27,65,it's a tough decision he said,13,IH,3,medial,decision,168,200,32,42,42,184,188,184,188,0.9915144783432678
t12.2022.07.29,train,vocal,t12.2022.07.27,65,it's a tough decision he said,14,ZH,3,medial,decision,172,204,32,43,43,188,192,188,192,0.9110435327823342
t12.2022.07.29,train,vocal,t12.2022.07.27,65,it's a tough decision he said,15,AH,3,medial,decision,176,208,32,44,44,192,196,192,196,0.8328545856758954
t12.2022.07.29,train,vocal,t12.2022.07.27,65,it's a tough decision he said,16,N,3,final,decision,180,216,36,45,46,196,204,196,204,0.5021898209790175
t12.2022.07.29,train,vocal,t12.2022.07.27,65,it's a tough decision he said,17,SIL,3,sil,decision,188,228,40,47,49,204,216,204,216,0.9986451145431364
t12.2022.07.29,train,vocal,t12.2022.07.27,65,it's a tough decision he said,18,HH,4,initial,he,200,236,36,50,51,216,224,216,228,0.7909363262579836
t12.2022.07.29,train,vocal,t12.2022.07.27,65,it's a tough decision he said,19,IY,4,final,he,212,244,32,53,53,228,232,228,236,0.9977617924266792
t12.2022.07.29,train,vocal,t12.2022.07.27,65,it's a tough decision he said,20,SIL,4,sil,he,220,256,36,55,56,236,244,236,244,0.9999266859711677
t12.2022.07.29,train,vocal,t12.2022.07.27,65,it's a tough decision he said,21,S,5,initial,said,228,268,40,57,59,244,256,244,256,0.7948678106629227
t12.2022.07.29,train,vocal,t12.2022.07.27,65,it's a tough decision he said,22,EH,5,medial,said,240,272,32,60,60,256,260,256,260,0.9979127506570115
t12.2022.07.29,train,vocal,t12.2022.07.27,65,it's a tough decision he said,23,D,5,final,said,244,280,36,61,62,260,268,260,268,0.9996348142156803
t12.2022.07.29,train,vocal,t12.2022.07.27,65,it's a tough decision he said,24,SIL,5,sil,said,252,304,52,63,68,268,292,268,292,0.9820393280144425
t12.2022.07.29,train,vocal,t12.2022.07.27,66,there are people who fish,0,DH,0,initial,there,16,48,32,4,4,32,36,16,36,0.9998643488690075
t12.2022.07.29,train,vocal,t12.2022.07.27,66,there are people who fish,1,EH,0,medial,there,20,52,32,5,5,36,40,36,40,0.999679530230222
t12.2022.07.29,train,vocal,t12.2022.07.27,66,there are people who fish,2,R,0,final,there,24,56,32,6,6,40,44,40,44,0.9962057223607473
t12.2022.07.29,train,vocal,t12.2022.07.27,66,there are people who fish,3,SIL,0,sil,there,28,64,36,7,8,44,52,44,56,0.8572092051593091
t12.2022.07.29,train,vocal,t12.2022.07.27,66,there are people who fish,4,AA,1,initial,are,44,76,32,11,11,60,64,56,64,0.9928643943368103
t12.2022.07.29,train,vocal,t12.2022.07.27,66,there are people who fish,5,R,1,final,are,48,80,32,12,12,64,68,64,68,0.9971841286036943
t12.2022.07.29,train,vocal,t12.2022.07.27,66,there are people who fish,6,SIL,1,sil,are,52,92,40,13,15,68,80,68,80,0.9992350899168444
t12.2022.07.29,train,vocal,t12.2022.07.27,66,there are people who fish,7,P,2,initial,people,64,96,32,16,16,80,84,80,88,0.9862521308517935
t12.2022.07.29,train,vocal,t12.2022.07.27,66,there are people who fish,8,IY,2,medial,people,76,108,32,19,19,92,96,88,96,0.9771887124477043
t12.2022.07.29,train,vocal,t12.2022.07.27,66,there are people who fish,9,P,2,medial,people,80,112,32,20,20,96,100,96,100,0.9998523943776525
t12.2022.07.29,train,vocal,t12.2022.07.27,66,there are people who fish,10,AH,2,medial,people,84,120,36,21,22,100,108,100,108,0.9655632819970414
t12.2022.07.29,train,vocal,t12.2022.07.27,66,there are people who fish,11,L,2,final,people,92,128,36,23,24,108,116,108,116,0.7669744221772097
t12.2022.07.29,train,vocal,t12.2022.07.27,66,there are people who fish,12,SIL,2,sil,people,100,144,44,25,28,116,132,116,132,0.9775183325835832
t12.2022.07.29,train,vocal,t12.2022.07.27,66,there are people who fish,13,HH,3,initial,who,116,152,36,29,30,132,140,132,140,0.9979803907174101
t12.2022.07.29,train,vocal,t12.2022.07.27,66,there are people who fish,14,UW,3,final,who,124,160,36,31,32,140,148,140,148,0.6598438059285712
t12.2022.07.29,train,vocal,t12.2022.07.27,66,there are people who fish,15,SIL,3,sil,who,132,184,52,33,38,148,172,148,172,0.9995669809873228
t12.2022.07.29,train,vocal,t12.2022.07.27,66,there are people who fish,16,F,4,initial,fish,156,188,32,39,39,172,176,172,180,0.9938518464624031
t12.2022.07.29,train,vocal,t12.2022.07.27,66,there are people who fish,17,IH,4,medial,fish,164,196,32,41,41,180,184,180,184,0.772189994474743
t12.2022.07.29,train,vocal,t12.2022.07.27,66,there are people who fish,18,SH,4,final,fish,168,200,32,42,42,184,188,184,188,0.2481080315211413
t12.2022.07.29,train,vocal,t12.2022.07.27,66,there are people who fish,19,SIL,4,sil,fish,172,224,52,43,48,188,212,188,212,0.9370630818325797
t12.2022.07.29,train,vocal,t12.2022.07.27,67,what's your second favorite,0,W,0,initial,what's,12,44,32,3,3,28,32,16,36,0.9989483998314618
t12.2022.07.29,train,vocal,t12.2022.07.27,67,what's your second favorite,1,AH,0,medial,what's,20,52,32,5,5,36,40,36,40,0.9999915171417865
t12.2022.07.29,train,vocal,t12.2022.07.27,67,what's your second favorite,2,T,0,medial,what's,24,56,32,6,6,40,44,40,44,0.9999923997307746
t12.2022.07.29,train,vocal,t12.2022.07.27,67,what's your second favorite,3,S,0,final,what's,28,60,32,7,7,44,48,44,48,0.4017441051336124
t12.2022.07.29,train,vocal,t12.2022.07.27,67,what's your second favorite,4,SIL,0,sil,what's,32,68,36,8,9,48,56,48,56,0.9999292258148929
t12.2022.07.29,train,vocal,t12.2022.07.27,67,what's your second favorite,5,Y,1,initial,your,40,72,32,10,10,56,60,56,64,0.999998241815608
t12.2022.07.29,train,vocal,t12.2022.07.27,67,what's your second favorite,6,AO,1,medial,your,48,80,32,12,12,64,68,64,68,0.7069102322371116
t12.2022.07.29,train,vocal,t12.2022.07.27,67,what's your second favorite,7,R,1,final,your,52,84,32,13,13,68,72,68,72,0.9607516377542942
t12.2022.07.29,train,vocal,t12.2022.07.27,67,what's your second favorite,8,SIL,1,sil,your,56,100,44,14,17,72,88,72,88,0.9168374841406035
t12.2022.07.29,train,vocal,t12.2022.07.27,67,what's your second favorite,9,S,2,initial,second,72,104,32,18,18,88,92,88,96,0.8886091323259306
t12.2022.07.29,train,vocal,t12.2022.07.27,67,what's your second favorite,10,EH,2,medial,second,80,112,32,20,20,96,100,96,100,0.0031865523565778892
t12.2022.07.29,train,vocal,t12.2022.07.27,67,what's your second favorite,11,K,2,medial,second,84,116,32,21,21,100,104,100,104,0.9992958215341478
t12.2022.07.29,train,vocal,t12.2022.07.27,67,what's your second favorite,12,AH,2,medial,second,88,120,32,22,22,104,108,104,108,0.26750788381173524
t12.2022.07.29,train,vocal,t12.2022.07.27,67,what's your second favorite,13,N,2,medial,second,92,124,32,23,23,108,112,108,112,0.5020624598635758
t12.2022.07.29,train,vocal,t12.2022.07.27,67,what's your second favorite,14,D,2,final,second,96,128,32,24,24,112,116,112,116,0.00017590669116906939
t12.2022.07.29,train,vocal,t12.2022.07.27,67,what's your second favorite,15,SIL,2,sil,second,100,140,40,25,27,116,128,116,128,0.9998484697040443
t12.2022.07.29,train,vocal,t12.2022.07.27,67,what's your second favorite,16,F,3,initial,favorite,112,144,32,28,28,128,132,128,136,0.9959126451151171
t12.2022.07.29,train,vocal,t12.2022.07.27,67,what's your second favorite,17,EY,3,medial,favorite,120,152,32,30,30,136,140,136,140,0.4968585359378701
t12.2022.07.29,train,vocal,t12.2022.07.27,67,what's your second favorite,18,V,3,medial,favorite,124,156,32,31,31,140,144,140,148,0.9884677671127974
t12.2022.07.29,train,vocal,t12.2022.07.27,67,what's your second favorite,19,ER,3,medial,favorite,132,164,32,33,33,148,152,148,152,0.9992344372514037
t12.2022.07.29,train,vocal,t12.2022.07.27,67,what's your second favorite,20,IH,3,medial,favorite,136,168,32,34,34,152,156,152,156,0.06172679751828297
t12.2022.07.29,train,vocal,t12.2022.07.27,67,what's your second favorite,21,T,3,final,favorite,140,172,32,35,35,156,160,156,160,0.9783308152197847
t12.2022.07.29,train,vocal,t12.2022.07.27,67,what's your second favorite,22,SIL,3,sil,favorite,144,192,48,36,40,160,180,160,180,0.9993273486213997
t12.2022.07.29,train,vocal,t12.2022.07.27,68,you sound so young,0,Y,0,initial,you,8,44,36,2,3,24,32,16,32,0.7617587740973707
t12.2022.07.29,train,vocal,t12.2022.07.27,68,you sound so young,1,UW,0,final,you,16,48,32,4,4,32,36,32,40,0.9586800072600623
t12.2022.07.29,train,vocal,t12.2022.07.27,68,you sound so young,2,SIL,0,sil,you,24,60,36,6,7,40,48,40,48,0.9551394482205604
t12.2022.07.29,train,vocal,t12.2022.07.27,68,you sound so young,3,S,1,initial,sound,32,64,32,8,8,48,52,48,56,0.9509549885061735
t12.2022.07.29,train,vocal,t12.2022.07.27,68,you sound so young,4,AW,1,medial,sound,40,72,32,10,10,56,60,56,60,0.5759276314600256
t12.2022.07.29,train,vocal,t12.2022.07.27,68,you sound so young,5,N,1,medial,sound,44,80,36,11,12,60,68,60,68,0.758735833022991
t12.2022.07.29,train,vocal,t12.2022.07.27,68,you sound so young,6,D,1,final,sound,52,84,32,13,13,68,72,68,72,0.8766193653587036
t12.2022.07.29,train,vocal,t12.2022.07.27,68,you sound so young,7,SIL,1,sil,sound,56,96,40,14,16,72,84,72,84,0.9985786260917822
t12.2022.07.29,train,vocal,t12.2022.07.27,68,you sound so young,8,S,2,initial,so,68,100,32,17,17,84,88,84,92,0.001605009984143571
t12.2022.07.29,train,vocal,t12.2022.07.27,68,you sound so young,9,OW,2,final,so,76,108,32,19,19,92,96,92,100,0.00010869048352188363
t12.2022.07.29,train,vocal,t12.2022.07.27,68,you sound so young,10,SIL,2,sil,so,84,124,40,21,23,100,112,100,112,0.9983711844503231
t12.2022.07.29,train,vocal,t12.2022.07.27,68,you sound so young,11,Y,3,initial,young,96,128,32,24,24,112,116,112,120,0.85742286273345
t12.2022.07.29,train,vocal,t12.2022.07.27,68,you sound so young,12,AH,3,medial,young,104,136,32,26,26,120,124,120,124,0.9645279466959413
t12.2022.07.29,train,vocal,t12.2022.07.27,68,you sound so young,13,NG,3,final,young,108,148,40,27,29,124,136,124,136,0.924940335124142
t12.2022.07.29,train,vocal,t12.2022.07.27,68,you sound so young,14,SIL,3,sil,young,120,168,48,30,34,136,156,136,156,0.9999630908014685
t12.2022.07.29,train,vocal,t12.2022.07.27,69,the treasury declined to comment on the case,0,DH,0,initial,the,32,64,32,8,8,48,52,16,52,0.9999608953567456
t12.2022.07.29,train,vocal,t12.2022.07.27,69,the treasury declined to comment on the case,1,AH,0,final,the,36,72,36,9,10,52,60,52,60,0.7632532365944692
t12.2022.07.29,train,vocal,t12.2022.07.27,69,the treasury declined to comment on the case,2,SIL,0,sil,the,44,80,36,11,12,60,68,60,68,0.9997355859325675
t12.2022.07.29,train,vocal,t12.2022.07.27,69,the treasury declined to comment on the case,3,T,1,initial,treasury,52,84,32,13,13,68,72,68,72,0.9949071916276467
t12.2022.07.29,train,vocal,t12.2022.07.27,69,the treasury declined to comment on the case,4,R,1,medial,treasury,56,92,36,14,15,72,80,72,80,0.9185919417495009
t12.2022.07.29,train,vocal,t12.2022.07.27,69,the treasury declined to comment on the case,5,EH,1,medial,treasury,64,96,32,16,16,80,84,80,84,0.43424462321354146
t12.2022.07.29,train,vocal,t12.2022.07.27,69,the treasury declined to comment on the case,6,ZH,1,medial,treasury,68,100,32,17,17,84,88,84,92,0.622515264060136
t12.2022.07.29,train,vocal,t12.2022.07.27,69,the treasury declined to comment on the case,7,ER,1,medial,treasury,76,108,32,19,19,92,96,92,96,0.7982893684751825
t12.2022.07.29,train,vocal,t12.2022.07.27,69,the treasury declined to comment on the case,8,IY,1,final,treasury,80,112,32,20,20,96,100,96,100,0.8039146124487667
t12.2022.07.29,train,vocal,t12.2022.07.27,69,the treasury declined to comment on the case,9,SIL,1,sil,treasury,84,124,40,21,23,100,112,100,112,0.9947945399996062
t12.2022.07.29,train,vocal,t12.2022.07.27,69,the treasury declined to comment on the case,10,D,2,initial,declined,96,128,32,24,24,112,116,112,120,0.1881611295199774
t12.2022.07.29,train,vocal,t12.2022.07.27,69,the treasury declined to comment on the case,11,IH,2,medial,declined,104,136,32,26,26,120,124,120,124,0.18689933944288487
t12.2022.07.29,train,vocal,t12.2022.07.27,69,the treasury declined to comment on the case,12,K,2,medial,declined,108,140,32,27,27,124,128,124,128,0.008670897837118814
t12.2022.07.29,train,vocal,t12.2022.07.27,69,the treasury declined to comment on the case,13,L,2,medial,declined,112,144,32,28,28,128,132,128,132,0.06504865534670953
t12.2022.07.29,train,vocal,t12.2022.07.27,69,the treasury declined to comment on the case,14,AY,2,medial,declined,116,148,32,29,29,132,136,132,136,0.009659024168051198
t12.2022.07.29,train,vocal,t12.2022.07.27,69,the treasury declined to comment on the case,15,N,2,medial,declined,120,156,36,30,31,136,144,136,144,0.6409950086213441
t12.2022.07.29,train,vocal,t12.2022.07.27,69,the treasury declined to comment on the case,16,D,2,final,declined,128,160,32,32,32,144,148,144,148,0.001963804399662596
t12.2022.07.29,train,vocal,t12.2022.07.27,69,the treasury declined to comment on the case,17,SIL,2,sil,declined,132,172,40,33,35,148,160,148,160,0.9997677564998311
t12.2022.07.29,train,vocal,t12.2022.07.27,69,the treasury declined to comment on the case,18,T,3,initial,to,144,180,36,36,37,160,168,160,172,0.9993944798406611
t12.2022.07.29,train,vocal,t12.2022.07.27,69,the treasury declined to comment on the case,19,UW,3,final,to,156,188,32,39,39,172,176,172,176,0.9999987665400063
t12.2022.07.29,train,vocal,t12.2022.07.27,69,the treasury declined to comment on the case,20,SIL,3,sil,to,160,208,48,40,44,176,196,176,196,0.9923742656430511
t12.2022.07.29,train,vocal,t12.2022.07.27,69,the treasury declined to comment on the case,21,K,4,initial,comment,180,212,32,45,45,196,200,196,204,0.05771472913054386
t12.2022.07.29,train,vocal,t12.2022.07.27,69,the treasury declined to comment on the case,22,AA,4,medial,comment,188,220,32,47,47,204,208,204,208,0.002753262828090576
t12.2022.07.29,train,vocal,t12.2022.07.27,69,the treasury declined to comment on the case,23,M,4,medial,comment,192,228,36,48,49,208,216,208,220,0.6029490950176037
t12.2022.07.29,train,vocal,t12.2022.07.27,69,the treasury declined to comment on the case,24,EH,4,medial,comment,204,236,32,51,51,220,224,220,224,0.11605167210554135
t12.2022.07.29,train,vocal,t12.2022.07.27,69,the treasury declined to comment on the case,25,N,4,medial,comment,208,240,32,52,52,224,228,224,228,0.9933936514333531
t12.2022.07.29,train,vocal,t12.2022.07.27,69,the treasury declined to comment on the case,26,T,4,final,comment,212,244,32,53,53,228,232,228,232,0.27479819270872524
t12.2022.07.29,train,vocal,t12.2022.07.27,69,the treasury declined to comment on the case,27,SIL,4,sil,comment,216,256,40,54,56,232,244,232,244,0.8551268658075087
t12.2022.07.29,train,vocal,t12.2022.07.27,69,the treasury declined to comment on the case,28,AA,5,initial,on,228,264,36,57,58,244,252,244,252,0.9270056368948051
t12.2022.07.29,train,vocal,t12.2022.07.27,69,the treasury declined to comment on the case,29,N,5,final,on,236,268,32,59,59,252,256,252,256,0.9999629427088952
t12.2022.07.29,train,vocal,t12.2022.07.27,69,the treasury declined to comment on the case,30,SIL,5,sil,on,240,280,40,60,62,256,268,256,268,0.9936017397205233
t12.2022.07.29,train,vocal,t12.2022.07.27,69,the treasury declined to comment on the case,31,DH,6,initial,the,252,288,36,63,64,268,276,268,280,0.9924813998244543
t12.2022.07.29,train,vocal,t12.2022.07.27,69,the treasury declined to comment on the case,32,AH,6,final,the,264,296,32,66,66,280,284,280,288,0.9999998886049362
t12.2022.07.29,train,vocal,t12.2022.07.27,69,the treasury declined to comment on the case,33,SIL,6,sil,the,272,312,40,68,70,288,300,288,300,0.9985601703739234
t12.2022.07.29,train,vocal,t12.2022.07.27,69,the treasury declined to comment on the case,34,K,7,initial,case,284,316,32,71,71,300,304,300,308,0.2097614318303286
t12.2022.07.29,train,vocal,t12.2022.07.27,69,the treasury declined to comment on the case,35,EY,7,medial,case,292,324,32,73,73,308,312,308,312,0.10039844149438217
t12.2022.07.29,train,vocal,t12.2022.07.27,69,the treasury declined to comment on the case,36,S,7,final,case,296,328,32,74,74,312,316,312,316,0.9318770975034305
t12.2022.07.29,train,vocal,t12.2022.07.27,69,the treasury declined to comment on the case,37,SIL,7,sil,case,300,344,44,75,78,316,332,316,332,0.980986568498288
t12.2022.07.29,train,vocal,t12.2022.07.27,70,we'll probably be talking to you again,0,W,0,initial,we'll,8,40,32,2,2,24,28,16,32,0.7821152773530058
t12.2022.07.29,train,vocal,t12.2022.07.27,70,we'll probably be talking to you again,1,IY,0,medial,we'll,16,48,32,4,4,32,36,32,36,0.9426354016838563
t12.2022.07.29,train,vocal,t12.2022.07.27,70,we'll probably be talking to you again,2,L,0,final,we'll,20,52,32,5,5,36,40,36,40,0.9957071694619519
t12.2022.07.29,train,vocal,t12.2022.07.27,70,we'll probably be talking to you again,3,SIL,0,sil,we'll,24,64,40,6,8,40,52,40,52,0.8631406571534889
t12.2022.07.29,train,vocal,t12.2022.07.27,70,we'll probably be talking to you again,4,P,1,initial,probably,36,68,32,9,9,52,56,52,56,0.9984115049910921
t12.2022.07.29,train,vocal,t12.2022.07.27,70,we'll probably be talking to you again,5,R,1,medial,probably,40,72,32,10,10,56,60,56,60,0.9987037467246382
t12.2022.07.29,train,vocal,t12.2022.07.27,70,we'll probably be talking to you again,6,AA,1,medial,probably,44,76,32,11,11,60,64,60,64,0.9977419405168001
t12.2022.07.29,train,vocal,t12.2022.07.27,70,we'll probably be talking to you again,7,B,1,medial,probably,48,84,36,12,13,64,72,64,72,0.9172653670305684
t12.2022.07.29,train,vocal,t12.2022.07.27,70,we'll probably be talking to you again,8,AH,1,medial,probably,56,88,32,14,14,72,76,72,76,0.8750896527404566
t12.2022.07.29,train,vocal,t12.2022.07.27,70,we'll probably be talking to you again,9,B,1,medial,probably,60,92,32,15,15,76,80,76,80,0.9943274206306713
t12.2022.07.29,train,vocal,t12.2022.07.27,70,we'll probably be talking to you again,10,L,1,medial,probably,64,100,36,16,17,80,88,80,88,0.7382440661424519
t12.2022.07.29,train,vocal,t12.2022.07.27,70,we'll probably be talking to you again,11,IY,1,final,probably,72,104,32,18,18,88,92,88,92,0.9887979219636265
t12.2022.07.29,train,vocal,t12.2022.07.27,70,we'll probably be talking to you again,12,SIL,1,sil,probably,76,108,32,19,19,92,96,92,96,0.9003552332450091
t12.2022.07.29,train,vocal,t12.2022.07.27,70,we'll probably be talking to you again,13,B,2,initial,be,80,112,32,20,20,96,100,96,100,0.9861013923612179
t12.2022.07.29,train,vocal,t12.2022.07.27,70,we'll probably be talking to you again,14,IY,2,final,be,84,116,32,21,21,100,104,100,108,0.21793849667995277
t12.2022.07.29,train,vocal,t12.2022.07.27,70,we'll probably be talking to you again,15,SIL,2,sil,be,92,140,48,23,27,108,128,108,128,0.9940707567816889
t12.2022.07.29,train,vocal,t12.2022.07.27,70,we'll probably be talking to you again,16,T,3,initial,talking,112,144,32,28,28,128,132,128,136,0.9997038017259423
t12.2022.07.29,train,vocal,t12.2022.07.27,70,we'll probably be talking to you again,17,AO,3,medial,talking,124,156,32,31,31,140,144,136,144,0.9998960224909027
t12.2022.07.29,train,vocal,t12.2022.07.27,70,we'll probably be talking to you again,18,K,3,medial,talking,128,160,32,32,32,144,148,144,148,0.994621911921796
t12.2022.07.29,train,vocal,t12.2022.07.27,70,we'll probably be talking to you again,19,IH,3,medial,talking,132,168,36,33,34,148,156,148,156,0.8366744714940065
t12.2022.07.29,train,vocal,t12.2022.07.27,70,we'll probably be talking to you again,20,NG,3,final,talking,140,176,36,35,36,156,164,156,164,0.9772990147150957
t12.2022.07.29,train,vocal,t12.2022.07.27,70,we'll probably be talking to you again,21,SIL,3,sil,talking,148,188,40,37,39,164,176,164,176,0.9981530961148387
t12.2022.07.29,train,vocal,t12.2022.07.27,70,we'll probably be talking to you again,22,T,4,initial,to,160,192,32,40,40,176,180,176,180,0.9999755061015029
t12.2022.07.29,train,vocal,t12.2022.07.27,70,we'll probably be talking to you again,23,UW,4,final,to,164,200,36,41,42,180,188,180,188,0.8840342803537742
t12.2022.07.29,train,vocal,t12.2022.07.27,70,we'll probably be talking to you again,24,SIL,4,sil,to,172,212,40,43,45,188,200,188,200,0.9985108890089603
t12.2022.07.29,train,vocal,t12.2022.07.27,70,we'll probably be talking to you again,25,Y,5,initial,you,184,220,36,46,47,200,208,200,208,0.9905204663691792
t12.2022.07.29,train,vocal,t12.2022.07.27,70,we'll probably be talking to you again,26,UW,5,final,you,192,224,32,48,48,208,212,208,212,0.9999968348848909
t12.2022.07.29,train,vocal,t12.2022.07.27,70,we'll probably be talking to you again,27,SIL,5,sil,you,196,240,44,49,52,212,228,212,232,0.975271478965113
t12.2022.07.29,train,vocal,t12.2022.07.27,70,we'll probably be talking to you again,28,AH,6,initial,again,220,252,32,55,55,236,240,232,240,0.9999316125225619
t12.2022.07.29,train,vocal,t12.2022.07.27,70,we'll probably be talking to you again,29,G,6,medial,again,224,260,36,56,57,240,248,240,248,0.9909730677746547
t12.2022.07.29,train,vocal,t12.2022.07.27,70,we'll probably be talking to you again,30,EH,6,medial,again,232,264,32,58,58,248,252,248,252,0.9827554344066162
t12.2022.07.29,train,vocal,t12.2022.07.27,70,we'll probably be talking to you again,31,N,6,final,again,236,268,32,59,59,252,256,252,256,0.999308596522162
t12.2022.07.29,train,vocal,t12.2022.07.27,70,we'll probably be talking to you again,32,SIL,6,sil,again,240,288,48,60,64,256,276,256,276,0.990870616583788
t12.2022.07.29,train,vocal,t12.2022.07.27,71,they space it out,0,DH,0,initial,they,60,92,32,15,15,76,80,16,84,0.9994186055945239
t12.2022.07.29,train,vocal,t12.2022.07.27,71,they space it out,1,EY,0,final,they,68,100,32,17,17,84,88,84,92,0.9808613001198826
t12.2022.07.29,train,vocal,t12.2022.07.27,71,they space it out,2,SIL,0,sil,they,76,128,52,19,24,92,116,92,116,0.9993622763199498
t12.2022.07.29,train,vocal,t12.2022.07.27,71,they space it out,3,S,1,initial,space,100,132,32,25,25,116,120,116,120,0.0003185524409657741
t12.2022.07.29,train,vocal,t12.2022.07.27,71,they space it out,4,P,1,medial,space,104,136,32,26,26,120,124,120,128,0.7518506918482767
t12.2022.07.29,train,vocal,t12.2022.07.27,71,they space it out,5,EY,1,medial,space,112,144,32,28,28,128,132,128,132,0.9657061128930545
t12.2022.07.29,train,vocal,t12.2022.07.27,71,they space it out,6,S,1,final,space,116,148,32,29,29,132,136,132,140,0.7565887936173336
t12.2022.07.29,train,vocal,t12.2022.07.27,71,they space it out,7,SIL,1,sil,space,124,164,40,31,33,140,152,140,156,0.9339059335410442
t12.2022.07.29,train,vocal,t12.2022.07.27,71,they space it out,8,IH,2,initial,it,144,176,32,36,36,160,164,156,164,0.9999819050995294
t12.2022.07.29,train,vocal,t12.2022.07.27,71,they space it out,9,T,2,final,it,148,180,32,37,37,164,168,164,168,0.999983451819289
t12.2022.07.29,train,vocal,t12.2022.07.27,71,they space it out,10,SIL,2,sil,it,152,192,40,38,40,168,180,168,184,0.9921896039232498
t12.2022.07.29,train,vocal,t12.2022.07.27,71,they space it out,11,AW,3,initial,out,168,200,32,42,42,184,188,184,188,0.9959401990099384
t12.2022.07.29,train,vocal,t12.2022.07.27,71,they space it out,12,T,3,final,out,172,204,32,43,43,188,192,188,192,0.9999470165710116
t12.2022.07.29,train,vocal,t12.2022.07.27,71,they space it out,13,SIL,3,sil,out,176,232,56,44,50,192,220,192,220,0.9705170775934683
t12.2022.07.29,train,vocal,t12.2022.07.27,72,so you've come to a definite opinion on it now,0,S,0,initial,so,20,52,32,5,5,36,40,16,40,0.06051347787353652
t12.2022.07.29,train,vocal,t12.2022.07.27,72,so you've come to a definite opinion on it now,1,OW,0,final,so,24,56,32,6,6,40,44,40,48,0.0027890662235835226
t12.2022.07.29,train,vocal,t12.2022.07.27,72,so you've come to a definite opinion on it now,2,SIL,0,sil,so,32,68,36,8,9,48,56,48,56,0.9992765472490145
t12.2022.07.29,train,vocal,t12.2022.07.27,72,so you've come to a definite opinion on it now,3,Y,1,initial,you've,40,76,36,10,11,56,64,56,68,0.8473138996508275
t12.2022.07.29,train,vocal,t12.2022.07.27,72,so you've come to a definite opinion on it now,4,UW,1,medial,you've,52,84,32,13,13,68,72,68,72,0.9154909152007983
t12.2022.07.29,train,vocal,t12.2022.07.27,72,so you've come to a definite opinion on it now,5,V,1,final,you've,56,96,40,14,16,72,84,72,84,0.723733846925768
t12.2022.07.29,train,vocal,t12.2022.07.27,72,so you've come to a definite opinion on it now,6,SIL,1,sil,you've,68,112,44,17,20,84,100,84,100,0.9985856190565403
t12.2022.07.29,train,vocal,t12.2022.07.27,72,so you've come to a definite opinion on it now,7,K,2,initial,come,84,116,32,21,21,100,104,100,108,0.9442424202089598
t12.2022.07.29,train,vocal,t12.2022.07.27,72,so you've come to a definite opinion on it now,8,AH,2,medial,come,96,128,32,24,24,112,116,108,116,0.054515514823776964
t12.2022.07.29,train,vocal,t12.2022.07.27,72,so you've come to a definite opinion on it now,9,M,2,final,come,100,136,36,25,26,116,124,116,124,0.8670748599603841
t12.2022.07.29,train,vocal,t12.2022.07.27,72,so you've come to a definite opinion on it now,10,SIL,2,sil,come,108,156,48,27,31,124,144,124,144,0.7458961827304866
t12.2022.07.29,train,vocal,t12.2022.07.27,72,so you've come to a definite opinion on it now,11,T,3,initial,to,128,160,32,32,32,144,148,144,148,0.9999887761220839
t12.2022.07.29,train,vocal,t12.2022.07.27,72,so you've come to a definite opinion on it now,12,UW,3,final,to,132,164,32,33,33,148,152,148,152,0.9999802215893934
t12.2022.07.29,train,vocal,t12.2022.07.27,72,so you've come to a definite opinion on it now,13,SIL,3,sil,to,136,180,44,34,37,152,168,152,172,0.9062942869927598
t12.2022.07.29,train,vocal,t12.2022.07.27,72,so you've come to a definite opinion on it now,14,AH,4,single,a,156,188,32,39,39,172,176,172,176,0.9999651004648863
t12.2022.07.29,train,vocal,t12.2022.07.27,72,so you've come to a definite opinion on it now,15,SIL,4,sil,a,160,200,40,40,42,176,188,176,188,0.998998627971563
t12.2022.07.29,train,vocal,t12.2022.07.27,72,so you've come to a definite opinion on it now,16,D,5,initial,definite,172,204,32,43,43,188,192,188,196,0.9946633873916164
t12.2022.07.29,train,vocal,t12.2022.07.27,72,so you've come to a definite opinion on it now,17,EH,5,medial,definite,180,212,32,45,45,196,200,196,200,0.9727966614765368
t12.2022.07.29,train,vocal,t12.2022.07.27,72,so you've come to a definite opinion on it now,18,F,5,medial,definite,184,216,32,46,46,200,204,200,204,0.16826693543772006
t12.2022.07.29,train,vocal,t12.2022.07.27,72,so you've come to a definite opinion on it now,19,AH,5,medial,definite,188,224,36,47,48,204,212,204,212,0.8511093585510593
t12.2022.07.29,train,vocal,t12.2022.07.27,72,so you've come to a definite opinion on it now,20,N,5,medial,definite,196,228,32,49,49,212,216,212,216,0.6360627670787564
t12.2022.07.29,train,vocal,t12.2022.07.27,72,so you've come to a definite opinion on it now,21,AH,5,medial,definite,200,236,36,50,51,216,224,216,224,0.4779089934810017
t12.2022.07.29,train,vocal,t12.2022.07.27,72,so you've come to a definite opinion on it now,22,T,5,final,definite,208,240,32,52,52,224,228,224,228,0.9850830176020854
t12.2022.07.29,train,vocal,t12.2022.07.27,72,so you've come to a definite opinion on it now,23,SIL,5,sil,definite,212,268,56,53,59,228,256,228,260,0.9799291972488905
t12.2022.07.29,train,vocal,t12.2022.07.27,72,so you've come to a definite opinion on it now,24,AH,6,initial,opinion,248,280,32,62,62,264,268,260,268,0.9782479493818554
t12.2022.07.29,train,vocal,t12.2022.07.27,72,so you've come to a definite opinion on it now,25,P,6,medial,opinion,252,284,32,63,63,268,272,268,276,0.7207419666870724
t12.2022.07.29,train,vocal,t12.2022.07.27,72,so you've come to a definite opinion on it now,26,IH,6,medial,opinion,264,296,32,66,66,280,284,276,284,0.9855549194445367
t12.2022.07.29,train,vocal,t12.2022.07.27,72,so you've come to a definite opinion on it now,27,N,6,medial,opinion,268,300,32,67,67,284,288,284,288,0.028123689817928423
t12.2022.07.29,train,vocal,t12.2022.07.27,72,so you've come to a definite opinion on it now,28,Y,6,medial,opinion,272,308,36,68,69,288,296,288,296,0.5568400204541736
t12.2022.07.29,train,vocal,t12.2022.07.27,72,so you've come to a definite opinion on it now,29,AH,6,medial,opinion,280,312,32,70,70,296,300,296,300,0.9769591274140127
t12.2022.07.29,train,vocal,t12.2022.07.27,72,so you've come to a definite opinion on it now,30,N,6,final,opinion,284,316,32,71,71,300,304,300,304,0.9546428123840633
t12.2022.07.29,train,vocal,t12.2022.07.27,72,so you've come to a definite opinion on it now,31,SIL,6,sil,opinion,288,328,40,72,74,304,316,304,320,0.9547746169639382
t12.2022.07.29,train,vocal,t12.2022.07.27,72,so you've come to a definite opinion on it now,32,AA,7,initial,on,304,336,32,76,76,320,324,320,324,0.9999191913713082
t12.2022.07.29,train,vocal,t12.2022.07.27,72,so you've come to a definite opinion on it now,33,N,7,final,on,308,340,32,77,77,324,328,324,328,0.9980795711200192
t12.2022.07.29,train,vocal,t12.2022.07.27,72,so you've come to a definite opinion on it now,34,SIL,7,sil,on,312,352,40,78,80,328,340,328,344,0.9980334468582918
t12.2022.07.29,train,vocal,t12.2022.07.27,72,so you've come to a definite opinion on it now,35,IH,8,initial,it,328,364,36,82,83,344,352,344,352,0.9677113920931075
t12.2022.07.29,train,vocal,t12.2022.07.27,72,so you've come to a definite opinion on it now,36,T,8,final,it,336,368,32,84,84,352,356,352,356,0.99995658536215
t12.2022.07.29,train,vocal,t12.2022.07.27,72,so you've come to a definite opinion on it now,37,SIL,8,sil,it,340,380,40,85,87,356,368,356,368,0.9898466266647724
t12.2022.07.29,train,vocal,t12.2022.07.27,72,so you've come to a definite opinion on it now,38,N,9,initial,now,352,384,32,88,88,368,372,368,372,0.9995128980447725
t12.2022.07.29,train,vocal,t12.2022.07.27,72,so you've come to a definite opinion on it now,39,AW,9,final,now,356,392,36,89,90,372,380,372,380,0.8397724437207302
t12.2022.07.29,train,vocal,t12.2022.07.27,72,so you've come to a definite opinion on it now,40,SIL,9,sil,now,364,416,52,91,96,380,404,380,404,0.9985911487380178
t12.2022.07.29,train,vocal,t12.2022.07.27,73,that was almost an example,0,DH,0,initial,that,4,40,36,1,2,20,28,16,28,0.9863833162414698
t12.2022.07.29,train,vocal,t12.2022.07.27,73,that was almost an example,1,AE,0,medial,that,12,44,32,3,3,28,32,28,32,0.9999936497148594
t12.2022.07.29,train,vocal,t12.2022.07.27,73,that was almost an example,2,T,0,final,that,16,48,32,4,4,32,36,32,36,0.9999996148677839
t12.2022.07.29,train,vocal,t12.2022.07.27,73,that was almost an example,3,SIL,0,sil,that,20,60,40,5,7,36,48,36,48,0.9924946007354319
t12.2022.07.29,train,vocal,t12.2022.07.27,73,that was almost an example,4,W,1,initial,was,32,64,32,8,8,48,52,48,52,0.9999999475095834
t12.2022.07.29,train,vocal,t12.2022.07.27,73,that was almost an example,5,AA,1,medial,was,36,72,36,9,10,52,60,52,60,0.7738706477593849
t12.2022.07.29,train,vocal,t12.2022.07.27,73,that was almost an example,6,Z,1,final,was,44,76,32,11,11,60,64,60,64,0.9990616917797549
t12.2022.07.29,train,vocal,t12.2022.07.27,73,that was almost an example,7,SIL,1,sil,was,48,84,36,12,13,64,72,64,76,0.9928303061104188
t12.2022.07.29,train,vocal,t12.2022.07.27,73,that was almost an example,8,AO,2,initial,almost,64,96,32,16,16,80,84,76,84,0.6425138403186968
t12.2022.07.29,train,vocal,t12.2022.07.27,73,that was almost an example,9,L,2,medial,almost,68,100,32,17,17,84,88,84,88,0.9800763558991307
t12.2022.07.29,train,vocal,t12.2022.07.27,73,that was almost an example,10,M,2,medial,almost,72,104,32,18,18,88,92,88,92,0.2797409061757404
t12.2022.07.29,train,vocal,t12.2022.07.27,73,that was almost an example,11,OW,2,medial,almost,76,108,32,19,19,92,96,92,96,0.508348083325738
t12.2022.07.29,train,vocal,t12.2022.07.27,73,that was almost an example,12,S,2,medial,almost,80,112,32,20,20,96,100,96,100,0.06588132941355514
t12.2022.07.29,train,vocal,t12.2022.07.27,73,that was almost an example,13,T,2,final,almost,84,116,32,21,21,100,104,100,104,5.768869174571177e-06
t12.2022.07.29,train,vocal,t12.2022.07.27,73,that was almost an example,14,SIL,2,sil,almost,88,120,32,22,22,104,108,104,112,0.9917345057513759
t12.2022.07.29,train,vocal,t12.2022.07.27,73,that was almost an example,15,AE,3,initial,an,100,132,32,25,25,116,120,112,120,0.5632052766391241
t12.2022.07.29,train,vocal,t12.2022.07.27,73,that was almost an example,16,N,3,final,an,104,136,32,26,26,120,124,120,124,0.9999991605974123
t12.2022.07.29,train,vocal,t12.2022.07.27,73,that was almost an example,17,SIL,3,sil,an,108,148,40,27,29,124,136,124,140,0.8305712547607311
t12.2022.07.29,train,vocal,t12.2022.07.27,73,that was almost an example,18,IH,4,initial,example,128,160,32,32,32,144,148,140,148,0.8711671478670521
t12.2022.07.29,train,vocal,t12.2022.07.27,73,that was almost an example,19,G,4,medial,example,132,164,32,33,33,148,152,148,152,0.005244309934572597
t12.2022.07.29,train,vocal,t12.2022.07.27,73,that was almost an example,20,Z,4,medial,example,136,168,32,34,34,152,156,152,160,0.07929972473457746
t12.2022.07.29,train,vocal,t12.2022.07.27,73,that was almost an example,21,AE,4,medial,example,148,180,32,37,37,164,168,160,168,0.3467200972508231
t12.2022.07.29,train,vocal,t12.2022.07.27,73,that was almost an example,22,M,4,medial,example,152,184,32,38,38,168,172,168,172,0.26753413867242587
t12.2022.07.29,train,vocal,t12.2022.07.27,73,that was almost an example,23,P,4,medial,example,156,188,32,39,39,172,176,172,176,0.9767285531251172
t12.2022.07.29,train,vocal,t12.2022.07.27,73,that was almost an example,24,AH,4,medial,example,160,200,40,40,42,176,188,176,188,0.8645244374676846
t12.2022.07.29,train,vocal,t12.2022.07.27,73,that was almost an example,25,L,4,final,example,172,208,36,43,44,188,196,188,196,0.85249423414407
t12.2022.07.29,train,vocal,t12.2022.07.27,73,that was almost an example,26,SIL,4,sil,example,180,220,40,45,47,196,208,196,208,0.9999426020558922
t12.2022.07.29,train,vocal,t12.2022.07.27,74,i had never heard of such thing,0,AY,0,single,i,32,64,32,8,8,48,52,16,56,0.9998961884057959
t12.2022.07.29,train,vocal,t12.2022.07.27,74,i had never heard of such thing,1,SIL,0,sil,i,40,80,40,10,12,56,68,56,68,0.8895436146434813
t12.2022.07.29,train,vocal,t12.2022.07.27,74,i had never heard of such thing,2,HH,1,initial,had,52,88,36,13,14,68,76,68,76,0.9951815819400257
t12.2022.07.29,train,vocal,t12.2022.07.27,74,i had never heard of such thing,3,AE,1,medial,had,60,92,32,15,15,76,80,76,80,0.9999955496627827
t12.2022.07.29,train,vocal,t12.2022.07.27,74,i had never heard of such thing,4,D,1,final,had,64,100,36,16,17,80,88,80,88,0.8847580516066286
t12.2022.07.29,train,vocal,t12.2022.07.27,74,i had never heard of such thing,5,SIL,1,sil,had,72,108,36,18,19,88,96,88,96,0.9994634082123619
t12.2022.07.29,train,vocal,t12.2022.07.27,74,i had never heard of such thing,6,N,2,initial,never,80,116,36,20,21,96,104,96,104,0.9764195986055735
t12.2022.07.29,train,vocal,t12.2022.07.27,74,i had never heard of such thing,7,EH,2,medial,never,88,120,32,22,22,104,108,104,108,0.9997000693644045
t12.2022.07.29,train,vocal,t12.2022.07.27,74,i had never heard of such thing,8,V,2,medial,never,92,128,36,23,24,108,116,108,116,0.9897104979269317
t12.2022.07.29,train,vocal,t12.2022.07.27,74,i had never heard of such thing,9,ER,2,final,never,100,140,40,25,27,116,128,116,128,0.9863865655261558
t12.2022.07.29,train,vocal,t12.2022.07.27,74,i had never heard of such thing,10,SIL,2,sil,never,112,156,44,28,31,128,144,128,144,0.995220179194989
t12.2022.07.29,train,vocal,t12.2022.07.27,74,i had never heard of such thing,11,HH,3,initial,heard,128,164,36,32,33,144,152,144,152,0.9963649701019672
t12.2022.07.29,train,vocal,t12.2022.07.27,74,i had never heard of such thing,12,ER,3,medial,heard,136,172,36,34,35,152,160,152,160,0.9907527672738079
t12.2022.07.29,train,vocal,t12.2022.07.27,74,i had never heard of such thing,13,D,3,final,heard,144,176,32,36,36,160,164,160,164,0.9738002890876796
t12.2022.07.29,train,vocal,t12.2022.07.27,74,i had never heard of such thing,14,SIL,3,sil,heard,148,188,40,37,39,164,176,164,180,0.9993732521656558
t12.2022.07.29,train,vocal,t12.2022.07.27,74,i had never heard of such thing,15,AH,4,initial,of,168,200,32,42,42,184,188,180,188,0.9993790974163483
t12.2022.07.29,train,vocal,t12.2022.07.27,74,i had never heard of such thing,16,V,4,final,of,172,204,32,43,43,188,192,188,192,0.9556520569410901
t12.2022.07.29,train,vocal,t12.2022.07.27,74,i had never heard of such thing,17,SIL,4,sil,of,176,216,40,44,46,192,204,192,204,0.9976504319931031
t12.2022.07.29,train,vocal,t12.2022.07.27,74,i had never heard of such thing,18,S,5,initial,such,188,220,32,47,47,204,208,204,212,0.900730941251092
t12.2022.07.29,train,vocal,t12.2022.07.27,74,i had never heard of such thing,19,AH,5,medial,such,196,228,32,49,49,212,216,212,216,0.5572231431904455
t12.2022.07.29,train,vocal,t12.2022.07.27,74,i had never heard of such thing,20,CH,5,final,such,200,236,36,50,51,216,224,216,224,0.08208618688091619
t12.2022.07.29,train,vocal,t12.2022.07.27,74,i had never heard of such thing,21,SIL,5,sil,such,208,256,48,52,56,224,244,224,248,0.828605541794737
t12.2022.07.29,train,vocal,t12.2022.07.27,74,i had never heard of such thing,22,TH,6,initial,thing,236,268,32,59,59,252,256,248,260,0.9996501677899039
t12.2022.07.29,train,vocal,t12.2022.07.27,74,i had never heard of such thing,23,IH,6,medial,thing,244,276,32,61,61,260,264,260,264,0.9974712842907097
t12.2022.07.29,train,vocal,t12.2022.07.27,74,i had never heard of such thing,24,NG,6,final,thing,248,280,32,62,62,264,268,264,268,0.999645028260373
t12.2022.07.29,train,vocal,t12.2022.07.27,74,i had never heard of such thing,25,SIL,6,sil,thing,252,308,56,63,69,268,296,268,296,0.9998495664750077
t12.2022.07.29,train,vocal,t12.2022.07.27,75,we find something we like,0,W,0,initial,we,36,68,32,9,9,52,56,16,56,0.9997061537451983
t12.2022.07.29,train,vocal,t12.2022.07.27,75,we find something we like,1,IY,0,final,we,40,76,36,10,11,56,64,56,64,0.9563001203019772
t12.2022.07.29,train,vocal,t12.2022.07.27,75,we find something we like,2,SIL,0,sil,we,48,88,40,12,14,64,76,64,76,0.9276606056898489
t12.2022.07.29,train,vocal,t12.2022.07.27,75,we find something we like,3,F,1,initial,find,60,96,36,15,16,76,84,76,88,0.32380160402303876
t12.2022.07.29,train,vocal,t12.2022.07.27,75,we find something we like,4,AY,1,medial,find,72,104,32,18,18,88,92,88,92,0.45473905827287137
t12.2022.07.29,train,vocal,t12.2022.07.27,75,we find something we like,5,N,1,medial,find,76,108,32,19,19,92,96,92,96,0.992770530956564
t12.2022.07.29,train,vocal,t12.2022.07.27,75,we find something we like,6,D,1,final,find,80,116,36,20,21,96,104,96,104,0.8843017550105097
t12.2022.07.29,train,vocal,t12.2022.07.27,75,we find something we like,7,SIL,1,sil,find,88,128,40,22,24,104,116,104,116,0.99947485577168
t12.2022.07.29,train,vocal,t12.2022.07.27,75,we find something we like,8,S,2,initial,something,100,136,36,25,26,116,124,116,128,0.988362302642185
t12.2022.07.29,train,vocal,t12.2022.07.27,75,we find something we like,9,AH,2,medial,something,112,144,32,28,28,128,132,128,132,0.9999928801743333
t12.2022.07.29,train,vocal,t12.2022.07.27,75,we find something we like,10,M,2,medial,something,116,148,32,29,29,132,136,132,136,0.9999750959084079
t12.2022.07.29,train,vocal,t12.2022.07.27,75,we find something we like,11,TH,2,medial,something,120,160,40,30,32,136,148,136,148,0.9078308846057785
t12.2022.07.29,train,vocal,t12.2022.07.27,75,we find something we like,12,IH,2,medial,something,132,164,32,33,33,148,152,148,152,0.9997919520875916
t12.2022.07.29,train,vocal,t12.2022.07.27,75,we find something we like,13,NG,2,final,something,136,172,36,34,35,152,160,152,160,0.972742010649297
t12.2022.07.29,train,vocal,t12.2022.07.27,75,we find something we like,14,SIL,2,sil,something,144,184,40,36,38,160,172,160,172,0.9957734700225563
t12.2022.07.29,train,vocal,t12.2022.07.27,75,we find something we like,15,W,3,initial,we,156,188,32,39,39,172,176,172,180,0.999998695233651
t12.2022.07.29,train,vocal,t12.2022.07.27,75,we find something we like,16,IY,3,final,we,164,196,32,41,41,180,184,180,188,0.9920428357096532
t12.2022.07.29,train,vocal,t12.2022.07.27,75,we find something we like,17,SIL,3,sil,we,172,216,44,43,46,188,204,188,204,0.9390312162693781
t12.2022.07.29,train,vocal,t12.2022.07.27,75,we find something we like,18,L,4,initial,like,188,220,32,47,47,204,208,204,212,0.9999967680072674
t12.2022.07.29,train,vocal,t12.2022.07.27,75,we find something we like,19,AY,4,medial,like,196,228,32,49,49,212,216,212,216,0.982512786803855
t12.2022.07.29,train,vocal,t12.2022.07.27,75,we find something we like,20,K,4,final,like,200,232,32,50,50,216,220,216,220,0.9997977294076181
t12.2022.07.29,train,vocal,t12.2022.07.27,75,we find something we like,21,SIL,4,sil,like,204,248,44,51,54,220,236,220,236,0.99586105268999
t12.2022.07.29,train,vocal,t12.2022.07.27,76,i took spanish in school,0,AY,0,single,i,44,76,32,11,11,60,64,16,68,0.9996496865729266
t12.2022.07.29,train,vocal,t12.2022.07.27,76,i took spanish in school,1,SIL,0,sil,i,52,96,44,13,16,68,84,68,84,0.9971648965683321
t12.2022.07.29,train,vocal,t12.2022.07.27,76,i took spanish in school,2,T,1,initial,took,68,100,32,17,17,84,88,84,92,0.9890252712402378
t12.2022.07.29,train,vocal,t12.2022.07.27,76,i took spanish in school,3,UH,1,medial,took,76,108,32,19,19,92,96,92,96,0.6552389141795244
t12.2022.07.29,train,vocal,t12.2022.07.27,76,i took spanish in school,4,K,1,final,took,80,112,32,20,20,96,100,96,100,0.9844190793608828
t12.2022.07.29,train,vocal,t12.2022.07.27,76,i took spanish in school,5,SIL,1,sil,took,84,120,36,21,22,100,108,100,108,0.867661407433087
t12.2022.07.29,train,vocal,t12.2022.07.27,76,i took spanish in school,6,S,2,initial,spanish,92,124,32,23,23,108,112,108,112,0.14007050756585834
t12.2022.07.29,train,vocal,t12.2022.07.27,76,i took spanish in school,7,P,2,medial,spanish,96,128,32,24,24,112,116,112,120,0.07405406143593286
t12.2022.07.29,train,vocal,t12.2022.07.27,76,i took spanish in school,8,AE,2,medial,spanish,104,136,32,26,26,120,124,120,124,0.5107629480630214
t12.2022.07.29,train,vocal,t12.2022.07.27,76,i took spanish in school,9,N,2,medial,spanish,108,140,32,27,27,124,128,124,132,0.9975422468299417
t12.2022.07.29,train,vocal,t12.2022.07.27,76,i took spanish in school,10,IH,2,medial,spanish,116,148,32,29,29,132,136,132,136,0.22324287273123392
t12.2022.07.29,train,vocal,t12.2022.07.27,76,i took spanish in school,11,SH,2,final,spanish,120,160,40,30,32,136,148,136,148,0.5532060125243515
t12.2022.07.29,train,vocal,t12.2022.07.27,76,i took spanish in school,12,SIL,2,sil,spanish,132,176,44,33,36,148,164,148,168,0.761007665146542
t12.2022.07.29,train,vocal,t12.2022.07.27,76,i took spanish in school,13,IH,3,initial,in,152,184,32,38,38,168,172,168,172,0.9997541837758059
t12.2022.07.29,train,vocal,t12.2022.07.27,76,i took spanish in school,14,N,3,final,in,156,192,36,39,40,172,180,172,180,0.8917502352130904
t12.2022.07.29,train,vocal,t12.2022.07.27,76,i took spanish in school,15,SIL,3,sil,in,164,208,44,41,44,180,196,180,196,0.9844487234701637
t12.2022.07.29,train,vocal,t12.2022.07.27,76,i took spanish in school,16,S,4,initial,school,180,212,32,45,45,196,200,196,200,0.18696118809758608
t12.2022.07.29,train,vocal,t12.2022.07.27,76,i took spanish in school,17,K,4,medial,school,184,216,32,46,46,200,204,200,208,0.9862567037397421
t12.2022.07.29,train,vocal,t12.2022.07.27,76,i took spanish in school,18,UW,4,medial,school,192,224,32,48,48,208,212,208,212,0.9638646535839357
t12.2022.07.29,train,vocal,t12.2022.07.27,76,i took spanish in school,19,L,4,final,school,196,232,36,49,50,212,220,212,220,0.9917390993576642
t12.2022.07.29,train,vocal,t12.2022.07.27,76,i took spanish in school,20,SIL,4,sil,school,204,252,48,51,55,220,240,220,240,0.9969703627124744
t12.2022.07.29,train,vocal,t12.2022.07.27,77,might remember to do it,0,M,0,initial,might,12,44,32,3,3,28,32,16,36,0.9764516742474049
t12.2022.07.29,train,vocal,t12.2022.07.27,77,might remember to do it,1,AY,0,medial,might,20,52,32,5,5,36,40,36,40,0.3077620766024479
t12.2022.07.29,train,vocal,t12.2022.07.27,77,might remember to do it,2,T,0,final,might,24,56,32,6,6,40,44,40,44,0.9998947819469074
t12.2022.07.29,train,vocal,t12.2022.07.27,77,might remember to do it,3,SIL,0,sil,might,28,72,44,7,10,44,60,44,60,0.9395330540845286
t12.2022.07.29,train,vocal,t12.2022.07.27,77,might remember to do it,4,R,1,initial,remember,44,76,32,11,11,60,64,60,68,0.09603851294698146
t12.2022.07.29,train,vocal,t12.2022.07.27,77,might remember to do it,5,IH,1,medial,remember,52,84,32,13,13,68,72,68,72,0.8226931174758495
t12.2022.07.29,train,vocal,t12.2022.07.27,77,might remember to do it,6,M,1,medial,remember,56,92,36,14,15,72,80,72,80,0.6877953693893635
t12.2022.07.29,train,vocal,t12.2022.07.27,77,might remember to do it,7,EH,1,medial,remember,64,96,32,16,16,80,84,80,84,0.9948705267835254
t12.2022.07.29,train,vocal,t12.2022.07.27,77,might remember to do it,8,M,1,medial,remember,68,100,32,17,17,84,88,84,88,0.9220413868830922
t12.2022.07.29,train,vocal,t12.2022.07.27,77,might remember to do it,9,B,1,medial,remember,72,104,32,18,18,88,92,88,92,0.02352547901122083
t12.2022.07.29,train,vocal,t12.2022.07.27,77,might remember to do it,10,ER,1,final,remember,76,112,36,19,20,92,100,92,100,0.13389943666038928
t12.2022.07.29,train,vocal,t12.2022.07.27,77,might remember to do it,11,SIL,1,sil,remember,84,120,36,21,22,100,108,100,108,0.9707791259155383
t12.2022.07.29,train,vocal,t12.2022.07.27,77,might remember to do it,12,T,2,initial,to,92,128,36,23,24,108,116,108,116,0.854110566651572
t12.2022.07.29,train,vocal,t12.2022.07.27,77,might remember to do it,13,UW,2,final,to,100,132,32,25,25,116,120,116,120,0.9999991863496994
t12.2022.07.29,train,vocal,t12.2022.07.27,77,might remember to do it,14,SIL,2,sil,to,104,152,48,26,30,120,140,120,140,0.9508118468369903
t12.2022.07.29,train,vocal,t12.2022.07.27,77,might remember to do it,15,D,3,initial,do,124,156,32,31,31,140,144,140,148,0.9993521875158516
t12.2022.07.29,train,vocal,t12.2022.07.27,77,might remember to do it,16,UW,3,final,do,132,164,32,33,33,148,152,148,152,0.9999866591266956
t12.2022.07.29,train,vocal,t12.2022.07.27,77,might remember to do it,17,SIL,3,sil,do,136,180,44,34,37,152,168,152,172,0.9976031762039125
t12.2022.07.29,train,vocal,t12.2022.07.27,77,might remember to do it,18,IH,4,initial,it,156,192,36,39,40,172,180,172,180,0.94506874532971
t12.2022.07.29,train,vocal,t12.2022.07.27,77,might remember to do it,19,T,4,final,it,164,196,32,41,41,180,184,180,184,0.9999874659378029
t12.2022.07.29,train,vocal,t12.2022.07.27,77,might remember to do it,20,SIL,4,sil,it,168,220,52,42,47,184,208,184,208,0.9996259250358993
t12.2022.07.29,train,vocal,t12.2022.07.27,78,they're not owning homes,0,DH,0,initial,they're,12,44,32,3,3,28,32,16,36,0.9999007268146792
t12.2022.07.29,train,vocal,t12.2022.07.27,78,they're not owning homes,1,EH,0,medial,they're,20,52,32,5,5,36,40,36,40,0.9999149347387392
t12.2022.07.29,train,vocal,t12.2022.07.27,78,they're not owning homes,2,R,0,final,they're,24,56,32,6,6,40,44,40,44,0.999922301479931
t12.2022.07.29,train,vocal,t12.2022.07.27,78,they're not owning homes,3,SIL,0,sil,they're,28,72,44,7,10,44,60,44,60,0.9956385496800586
t12.2022.07.29,train,vocal,t12.2022.07.27,78,they're not owning homes,4,N,1,initial,not,44,76,32,11,11,60,64,60,68,0.5918898696569179
t12.2022.07.29,train,vocal,t12.2022.07.27,78,they're not owning homes,5,AA,1,medial,not,52,84,32,13,13,68,72,68,72,0.9098493783635333
t12.2022.07.29,train,vocal,t12.2022.07.27,78,they're not owning homes,6,T,1,final,not,56,92,36,14,15,72,80,72,80,0.9790552254723879
t12.2022.07.29,train,vocal,t12.2022.07.27,78,they're not owning homes,7,SIL,1,sil,not,64,104,40,16,18,80,92,80,96,0.7770490355726006
t12.2022.07.29,train,vocal,t12.2022.07.27,78,they're not owning homes,8,OW,2,initial,owning,80,112,32,20,20,96,100,96,100,0.9126508197149371
t12.2022.07.29,train,vocal,t12.2022.07.27,78,they're not owning homes,9,N,2,medial,owning,84,120,36,21,22,100,108,100,108,0.9935381171482613
t12.2022.07.29,train,vocal,t12.2022.07.27,78,they're not owning homes,10,IH,2,medial,owning,92,128,36,23,24,108,116,108,116,0.8575706195238453
t12.2022.07.29,train,vocal,t12.2022.07.27,78,they're not owning homes,11,NG,2,final,owning,100,132,32,25,25,116,120,116,120,0.998999859073182
t12.2022.07.29,train,vocal,t12.2022.07.27,78,they're not owning homes,12,SIL,2,sil,owning,104,160,56,26,32,120,148,120,148,0.9602763611544631
t12.2022.07.29,train,vocal,t12.2022.07.27,78,they're not owning homes,13,HH,3,initial,homes,132,164,32,33,33,148,152,148,156,0.9999342156096582
t12.2022.07.29,train,vocal,t12.2022.07.27,78,they're not owning homes,14,OW,3,medial,homes,140,172,32,35,35,156,160,156,160,0.9999864838458553
t12.2022.07.29,train,vocal,t12.2022.07.27,78,they're not owning homes,15,M,3,medial,homes,144,180,36,36,37,160,168,160,168,0.9871456224392738
t12.2022.07.29,train,vocal,t12.2022.07.27,78,they're not owning homes,16,Z,3,final,homes,152,188,36,38,39,168,176,168,176,0.8575400088138018
t12.2022.07.29,train,vocal,t12.2022.07.27,78,they're not owning homes,17,SIL,3,sil,homes,160,212,52,40,45,176,200,176,200,0.9963389213207199
t12.2022.07.29,train,vocal,t12.2022.07.27,79,i know people say,0,AY,0,single,i,44,76,32,11,11,60,64,16,68,0.9999213902279076
t12.2022.07.29,train,vocal,t12.2022.07.27,79,i know people say,1,SIL,0,sil,i,52,92,40,13,15,68,80,68,80,0.9999056756626986
t12.2022.07.29,train,vocal,t12.2022.07.27,79,i know people say,2,N,1,initial,know,64,96,32,16,16,80,84,80,88,0.9999983614410556
t12.2022.07.29,train,vocal,t12.2022.07.27,79,i know people say,3,OW,1,final,know,76,108,32,19,19,92,96,88,100,0.9696282628958941
t12.2022.07.29,train,vocal,t12.2022.07.27,79,i know people say,4,SIL,1,sil,know,84,140,56,21,27,100,128,100,128,0.9993415411326344
t12.2022.07.29,train,vocal,t12.2022.07.27,79,i know people say,5,P,2,initial,people,112,144,32,28,28,128,132,128,136,0.9864109034017042
t12.2022.07.29,train,vocal,t12.2022.07.27,79,i know people say,6,IY,2,medial,people,124,156,32,31,31,140,144,136,144,0.999735491024213
t12.2022.07.29,train,vocal,t12.2022.07.27,79,i know people say,7,P,2,medial,people,128,160,32,32,32,144,148,144,148,0.9999830211381459
t12.2022.07.29,train,vocal,t12.2022.07.27,79,i know people say,8,AH,2,medial,people,132,168,36,33,34,148,156,148,156,0.9994159498723818
t12.2022.07.29,train,vocal,t12.2022.07.27,79,i know people say,9,L,2,final,people,140,176,36,35,36,156,164,156,164,0.8375767693170102
t12.2022.07.29,train,vocal,t12.2022.07.27,79,i know people say,10,SIL,2,sil,people,148,192,44,37,40,164,180,164,180,0.9791569419796154
t12.2022.07.29,train,vocal,t12.2022.07.27,79,i know people say,11,S,3,initial,say,164,196,32,41,41,180,184,180,188,0.9948066612764752
t12.2022.07.29,train,vocal,t12.2022.07.27,79,i know people say,12,EY,3,final,say,172,204,32,43,43,188,192,188,196,0.006497233942087979
t12.2022.07.29,train,vocal,t12.2022.07.27,79,i know people say,13,SIL,3,sil,say,180,228,48,45,49,196,216,196,216,0.9999453707932169
t12.2022.07.29,train,vocal,t12.2022.07.27,80,that's the one thing that really discourages me,0,DH,0,initial,that's,32,64,32,8,8,48,52,16,56,0.9999951686763702
t12.2022.07.29,train,vocal,t12.2022.07.27,80,that's the one thing that really discourages me,1,AE,0,medial,that's,40,72,32,10,10,56,60,56,60,0.9999926719669697
t12.2022.07.29,train,vocal,t12.2022.07.27,80,that's the one thing that really discourages me,2,T,0,medial,that's,44,76,32,11,11,60,64,60,64,0.9999994108821022
t12.2022.07.29,train,vocal,t12.2022.07.27,80,that's the one thing that really discourages me,3,S,0,final,that's,48,84,36,12,13,64,72,64,72,0.8031624336168839
t12.2022.07.29,train,vocal,t12.2022.07.27,80,that's the one thing that really discourages me,4,SIL,0,sil,that's,56,88,32,14,14,72,76,72,76,0.9999540667339236
t12.2022.07.29,train,vocal,t12.2022.07.27,80,that's the one thing that really discourages me,5,DH,1,initial,the,60,96,36,15,16,76,84,76,84,0.8437917201415839
t12.2022.07.29,train,vocal,t12.2022.07.27,80,that's the one thing that really discourages me,6,AH,1,final,the,68,100,32,17,17,84,88,84,92,0.9999563931099558
t12.2022.07.29,train,vocal,t12.2022.07.27,80,that's the one thing that really discourages me,7,SIL,1,sil,the,76,116,40,19,21,92,104,92,104,0.9954534112372618
t12.2022.07.29,train,vocal,t12.2022.07.27,80,that's the one thing that really discourages me,8,W,2,initial,one,88,120,32,22,22,104,108,104,112,0.9999608377379002
t12.2022.07.29,train,vocal,t12.2022.07.27,80,that's the one thing that really discourages me,9,AH,2,medial,one,96,128,32,24,24,112,116,112,116,0.999585852753089
t12.2022.07.29,train,vocal,t12.2022.07.27,80,that's the one thing that really discourages me,10,N,2,final,one,100,132,32,25,25,116,120,116,120,0.9999856690279909
t12.2022.07.29,train,vocal,t12.2022.07.27,80,that's the one thing that really discourages me,11,SIL,2,sil,one,104,152,48,26,30,120,140,120,140,0.9981561957960843
t12.2022.07.29,train,vocal,t12.2022.07.27,80,that's the one thing that really discourages me,12,TH,3,initial,thing,124,156,32,31,31,140,144,140,148,0.9997120497576307
t12.2022.07.29,train,vocal,t12.2022.07.27,80,that's the one thing that really discourages me,13,IH,3,medial,thing,132,164,32,33,33,148,152,148,152,0.9999769497429482
t12.2022.07.29,train,vocal,t12.2022.07.27,80,that's the one thing that really discourages me,14,NG,3,final,thing,136,172,36,34,35,152,160,152,160,0.6725729017355364
t12.2022.07.29,train,vocal,t12.2022.07.27,80,that's the one thing that really discourages me,15,SIL,3,sil,thing,144,184,40,36,38,160,172,160,172,0.9942748909288744
t12.2022.07.29,train,vocal,t12.2022.07.27,80,that's the one thing that really discourages me,16,DH,4,initial,that,156,188,32,39,39,172,176,172,176,0.9997146031080482
t12.2022.07.29,train,vocal,t12.2022.07.27,80,that's the one thing that really discourages me,17,AE,4,medial,that,160,196,36,40,41,176,184,176,184,0.996187473517044
t12.2022.07.29,train,vocal,t12.2022.07.27,80,that's the one thing that really discourages me,18,T,4,final,that,168,200,32,42,42,184,188,184,188,0.9999951040317747
t12.2022.07.29,train,vocal,t12.2022.07.27,80,that's the one thing that really discourages me,19,SIL,4,sil,that,172,212,40,43,45,188,200,188,200,0.999824702307718
t12.2022.07.29,train,vocal,t12.2022.07.27,80,that's the one thing that really discourages me,20,R,5,initial,really,184,216,32,46,46,200,204,200,208,0.07344839309588012
t12.2022.07.29,train,vocal,t12.2022.07.27,80,that's the one thing that really discourages me,21,IH,5,medial,really,192,228,36,48,49,208,216,208,216,0.9371004596136276
t12.2022.07.29,train,vocal,t12.2022.07.27,80,that's the one thing that really discourages me,22,L,5,medial,really,200,232,32,50,50,216,220,216,220,0.9987673666378695
t12.2022.07.29,train,vocal,t12.2022.07.27,80,that's the one thing that really discourages me,23,IY,5,final,really,204,240,36,51,52,220,228,220,228,0.778761747889447
t12.2022.07.29,train,vocal,t12.2022.07.27,80,that's the one thing that really discourages me,24,SIL,5,sil,really,212,264,52,53,58,228,252,228,252,0.9996912924313136
t12.2022.07.29,train,vocal,t12.2022.07.27,80,that's the one thing that really discourages me,25,D,6,initial,discourages,236,268,32,59,59,252,256,252,260,0.00410943069488885
t12.2022.07.29,train,vocal,t12.2022.07.27,80,that's the one thing that really discourages me,26,IH,6,medial,discourages,244,276,32,61,61,260,264,260,264,0.008475309240231644
t12.2022.07.29,train,vocal,t12.2022.07.27,80,that's the one thing that really discourages me,27,S,6,medial,discourages,248,280,32,62,62,264,268,264,268,0.20514602605367538
t12.2022.07.29,train,vocal,t12.2022.07.27,80,that's the one thing that really discourages me,28,K,6,medial,discourages,252,284,32,63,63,268,272,268,276,0.4188273087412103
t12.2022.07.29,train,vocal,t12.2022.07.27,80,that's the one thing that really discourages me,29,ER,6,medial,discourages,260,292,32,65,65,276,280,276,280,0.01958260838225551
t12.2022.07.29,train,vocal,t12.2022.07.27,80,that's the one thing that really discourages me,30,IH,6,medial,discourages,264,296,32,66,66,280,284,280,284,0.013043802828956279
t12.2022.07.29,train,vocal,t12.2022.07.27,80,that's the one thing that really discourages me,31,JH,6,medial,discourages,268,300,32,67,67,284,288,284,292,0.0015281845550047435
t12.2022.07.29,train,vocal,t12.2022.07.27,80,that's the one thing that really discourages me,32,IH,6,medial,discourages,276,308,32,69,69,292,296,292,296,0.0024466639180665277
t12.2022.07.29,train,vocal,t12.2022.07.27,80,that's the one thing that really discourages me,33,Z,6,final,discourages,280,312,32,70,70,296,300,296,300,0.00306166637468027
t12.2022.07.29,train,vocal,t12.2022.07.27,80,that's the one thing that really discourages me,34,SIL,6,sil,discourages,284,324,40,71,73,300,312,300,312,0.8629641583850862
t12.2022.07.29,train,vocal,t12.2022.07.27,80,that's the one thing that really discourages me,35,M,7,initial,me,296,328,32,74,74,312,316,312,320,0.9999992664119103
t12.2022.07.29,train,vocal,t12.2022.07.27,80,that's the one thing that really discourages me,36,IY,7,final,me,304,336,32,76,76,320,324,320,324,0.9848685847076121
t12.2022.07.29,train,vocal,t12.2022.07.27,80,that's the one thing that really discourages me,37,SIL,7,sil,me,308,368,60,77,84,324,356,324,356,0.9252977598471495
t12.2022.07.29,train,vocal,t12.2022.07.27,81,conclusions and where to go from here,0,K,0,initial,conclusions,52,84,32,13,13,68,72,16,76,0.9496676317964952
t12.2022.07.29,train,vocal,t12.2022.07.27,81,conclusions and where to go from here,1,AH,0,medial,conclusions,64,96,32,16,16,80,84,76,84,0.42744442053648535
t12.2022.07.29,train,vocal,t12.2022.07.27,81,conclusions and where to go from here,2,N,0,medial,conclusions,68,104,36,17,18,84,92,84,96,0.8265403942219314
t12.2022.07.29,train,vocal,t12.2022.07.27,81,conclusions and where to go from here,3,K,0,medial,conclusions,80,112,32,20,20,96,100,96,100,0.3681357989153527
t12.2022.07.29,train,vocal,t12.2022.07.27,81,conclusions and where to go from here,4,L,0,medial,conclusions,84,120,36,21,22,100,108,100,108,0.8909563571653187
t12.2022.07.29,train,vocal,t12.2022.07.27,81,conclusions and where to go from here,5,UW,0,medial,conclusions,92,124,32,23,23,108,112,108,112,0.6663052088039938
t12.2022.07.29,train,vocal,t12.2022.07.27,81,conclusions and where to go from here,6,ZH,0,medial,conclusions,96,132,36,24,25,112,120,112,120,0.7541383038122944
t12.2022.07.29,train,vocal,t12.2022.07.27,81,conclusions and where to go from here,7,AH,0,medial,conclusions,104,140,36,26,27,120,128,120,128,0.9979556477092633
t12.2022.07.29,train,vocal,t12.2022.07.27,81,conclusions and where to go from here,8,N,0,medial,conclusions,112,148,36,28,29,128,136,128,136,0.9756216992202257
t12.2022.07.29,train,vocal,t12.2022.07.27,81,conclusions and where to go from here,9,Z,0,final,conclusions,120,152,32,30,30,136,140,136,140,0.9515995004501511
t12.2022.07.29,train,vocal,t12.2022.07.27,81,conclusions and where to go from here,10,SIL,0,sil,conclusions,124,160,36,31,32,140,148,140,152,0.9951086787700137
t12.2022.07.29,train,vocal,t12.2022.07.27,81,conclusions and where to go from here,11,AH,1,initial,and,140,172,32,35,35,156,160,152,160,0.9999998136634566
t12.2022.07.29,train,vocal,t12.2022.07.27,81,conclusions and where to go from here,12,N,1,medial,and,144,176,32,36,36,160,164,160,164,0.9999809419544735
t12.2022.07.29,train,vocal,t12.2022.07.27,81,conclusions and where to go from here,13,D,1,final,and,148,184,36,37,38,164,172,164,172,0.9994545023064659
t12.2022.07.29,train,vocal,t12.2022.07.27,81,conclusions and where to go from here,14,SIL,1,sil,and,156,192,36,39,40,172,180,172,180,0.9991184649825533
t12.2022.07.29,train,vocal,t12.2022.07.27,81,conclusions and where to go from here,15,W,2,initial,where,164,200,36,41,42,180,188,180,192,0.996571236977486
t12.2022.07.29,train,vocal,t12.2022.07.27,81,conclusions and where to go from here,16,EH,2,medial,where,176,208,32,44,44,192,196,192,196,0.6460809808109089
t12.2022.07.29,train,vocal,t12.2022.07.27,81,conclusions and where to go from here,17,R,2,final,where,180,212,32,45,45,196,200,196,200,0.8269514223012944
t12.2022.07.29,train,vocal,t12.2022.07.27,81,conclusions and where to go from here,18,SIL,2,sil,where,184,228,44,46,49,200,216,200,216,0.9981103090678103
t12.2022.07.29,train,vocal,t12.2022.07.27,81,conclusions and where to go from here,19,T,3,initial,to,200,232,32,50,50,216,220,216,220,0.9999918585122505
t12.2022.07.29,train,vocal,t12.2022.07.27,81,conclusions and where to go from here,20,UW,3,final,to,204,240,36,51,52,220,228,220,228,0.9953301725490087
t12.2022.07.29,train,vocal,t12.2022.07.27,81,conclusions and where to go from here,21,SIL,3,sil,to,212,252,40,53,55,228,240,228,240,0.9998379251059489
t12.2022.07.29,train,vocal,t12.2022.07.27,81,conclusions and where to go from here,22,G,4,initial,go,224,260,36,56,57,240,248,240,248,0.8060793657955445
t12.2022.07.29,train,vocal,t12.2022.07.27,81,conclusions and where to go from here,23,OW,4,final,go,232,264,32,58,58,248,252,248,252,0.9996295492218773
t12.2022.07.29,train,vocal,t12.2022.07.27,81,conclusions and where to go from here,24,SIL,4,sil,go,236,284,48,59,63,252,272,252,272,0.9101731926449954
t12.2022.07.29,train,vocal,t12.2022.07.27,81,conclusions and where to go from here,25,F,5,initial,from,256,292,36,64,65,272,280,272,280,0.7160100460430018
t12.2022.07.29,train,vocal,t12.2022.07.27,81,conclusions and where to go from here,26,R,5,medial,from,264,296,32,66,66,280,284,280,284,0.13375305763220674
t12.2022.07.29,train,vocal,t12.2022.07.27,81,conclusions and where to go from here,27,AH,5,medial,from,268,300,32,67,67,284,288,284,288,0.998601695721373
t12.2022.07.29,train,vocal,t12.2022.07.27,81,conclusions and where to go from here,28,M,5,final,from,272,308,36,68,69,288,296,288,296,0.9407506581413251
t12.2022.07.29,train,vocal,t12.2022.07.27,81,conclusions and where to go from here,29,SIL,5,sil,from,280,320,40,70,72,296,308,296,308,0.9999605328942797
t12.2022.07.29,train,vocal,t12.2022.07.27,81,conclusions and where to go from here,30,HH,6,initial,here,292,328,36,73,74,308,316,308,316,0.9835589847468182
t12.2022.07.29,train,vocal,t12.2022.07.27,81,conclusions and where to go from here,31,IY,6,medial,here,300,332,32,75,75,316,320,316,320,0.9948864967982293
t12.2022.07.29,train,vocal,t12.2022.07.27,81,conclusions and where to go from here,32,R,6,final,here,304,336,32,76,76,320,324,320,324,0.9999874791172384
t12.2022.07.29,train,vocal,t12.2022.07.27,81,conclusions and where to go from here,33,SIL,6,sil,here,308,356,48,77,81,324,344,324,344,0.9933464390703579
t12.2022.07.29,train,vocal,t12.2022.07.27,82,maybe brian will still be up,0,M,0,initial,maybe,8,40,32,2,2,24,28,16,32,0.9989060283807496
t12.2022.07.29,train,vocal,t12.2022.07.27,82,maybe brian will still be up,1,EY,0,medial,maybe,20,52,32,5,5,36,40,32,40,0.9967719908700615
t12.2022.07.29,train,vocal,t12.2022.07.27,82,maybe brian will still be up,2,B,0,medial,maybe,24,56,32,6,6,40,44,40,44,0.9323445568187761
t12.2022.07.29,train,vocal,t12.2022.07.27,82,maybe brian will still be up,3,IY,0,final,maybe,28,60,32,7,7,44,48,44,48,0.3615008593927455
t12.2022.07.29,train,vocal,t12.2022.07.27,82,maybe brian will still be up,4,SIL,0,sil,maybe,32,72,40,8,10,48,60,48,60,0.9792801092071715
t12.2022.07.29,train,vocal,t12.2022.07.27,82,maybe brian will still be up,5,B,1,initial,brian,44,76,32,11,11,60,64,60,64,0.5573483441416507
t12.2022.07.29,train,vocal,t12.2022.07.27,82,maybe brian will still be up,6,R,1,medial,brian,48,80,32,12,12,64,68,64,68,0.004632763046588133
t12.2022.07.29,train,vocal,t12.2022.07.27,82,maybe brian will still be up,7,AY,1,medial,brian,52,84,32,13,13,68,72,68,80,0.0005063860595021172
t12.2022.07.29,train,vocal,t12.2022.07.27,82,maybe brian will still be up,8,AH,1,medial,brian,68,100,32,17,17,84,88,80,88,0.00024531000435453143
t12.2022.07.29,train,vocal,t12.2022.07.27,82,maybe brian will still be up,9,N,1,final,brian,72,112,40,18,20,88,100,88,100,0.6945845275374332
t12.2022.07.29,train,vocal,t12.2022.07.27,82,maybe brian will still be up,10,SIL,1,sil,brian,84,124,40,21,23,100,112,100,112,0.9986477623509353
t12.2022.07.29,train,vocal,t12.2022.07.27,82,maybe brian will still be up,11,W,2,initial,will,96,128,32,24,24,112,116,112,120,0.9999105384247854
t12.2022.07.29,train,vocal,t12.2022.07.27,82,maybe brian will still be up,12,IH,2,medial,will,104,136,32,26,26,120,124,120,124,0.9611644309492218
t12.2022.07.29,train,vocal,t12.2022.07.27,82,maybe brian will still be up,13,L,2,final,will,108,140,32,27,27,124,128,124,128,0.8144003551568747
t12.2022.07.29,train,vocal,t12.2022.07.27,82,maybe brian will still be up,14,SIL,2,sil,will,112,152,40,28,30,128,140,128,140,0.9981228109815223
t12.2022.07.29,train,vocal,t12.2022.07.27,82,maybe brian will still be up,15,S,3,initial,still,124,156,32,31,31,140,144,140,144,0.3171728595174998
t12.2022.07.29,train,vocal,t12.2022.07.27,82,maybe brian will still be up,16,T,3,medial,still,128,160,32,32,32,144,148,144,152,0.505951377975188
t12.2022.07.29,train,vocal,t12.2022.07.27,82,maybe brian will still be up,17,IH,3,medial,still,136,168,32,34,34,152,156,152,156,0.9964663612525624
t12.2022.07.29,train,vocal,t12.2022.07.27,82,maybe brian will still be up,18,L,3,final,still,140,172,32,35,35,156,160,156,160,0.9989067051625719
t12.2022.07.29,train,vocal,t12.2022.07.27,82,maybe brian will still be up,19,SIL,3,sil,still,144,184,40,36,38,160,172,160,172,0.960272166453577
t12.2022.07.29,train,vocal,t12.2022.07.27,82,maybe brian will still be up,20,B,4,initial,be,156,188,32,39,39,172,176,172,180,0.9983215581202394
t12.2022.07.29,train,vocal,t12.2022.07.27,82,maybe brian will still be up,21,IY,4,final,be,164,196,32,41,41,180,184,180,184,0.9999084905738082
t12.2022.07.29,train,vocal,t12.2022.07.27,82,maybe brian will still be up,22,SIL,4,sil,be,168,216,48,42,46,184,204,184,208,0.9192645400264207
t12.2022.07.29,train,vocal,t12.2022.07.27,82,maybe brian will still be up,23,AH,5,initial,up,192,224,32,48,48,208,212,208,212,0.9496190864591382
t12.2022.07.29,train,vocal,t12.2022.07.27,82,maybe brian will still be up,24,P,5,final,up,196,228,32,49,49,212,216,212,216,0.995102715239532
t12.2022.07.29,train,vocal,t12.2022.07.27,82,maybe brian will still be up,25,SIL,5,sil,up,200,240,40,50,52,216,228,216,228,0.998751795738427
t12.2022.07.29,train,vocal,t12.2022.07.27,83,to go and see what it looks like,0,T,0,initial,to,12,44,32,3,3,28,32,16,32,0.003515400252268097
t12.2022.07.29,train,vocal,t12.2022.07.27,83,to go and see what it looks like,1,UW,0,final,to,16,52,36,4,5,32,40,32,40,0.7453116910387751
t12.2022.07.29,train,vocal,t12.2022.07.27,83,to go and see what it looks like,2,SIL,0,sil,to,24,60,36,6,7,40,48,40,48,0.9907233628481695
t12.2022.07.29,train,vocal,t12.2022.07.27,83,to go and see what it looks like,3,G,1,initial,go,32,68,36,8,9,48,56,48,56,0.9857067639357093
t12.2022.07.29,train,vocal,t12.2022.07.27,83,to go and see what it looks like,4,OW,1,final,go,40,76,36,10,11,56,64,56,68,0.959651083732607
t12.2022.07.29,train,vocal,t12.2022.07.27,83,to go and see what it looks like,5,SIL,1,sil,go,52,88,36,13,14,68,76,68,80,0.9993281174284598
t12.2022.07.29,train,vocal,t12.2022.07.27,83,to go and see what it looks like,6,AH,2,initial,and,68,100,32,17,17,84,88,80,88,0.9998563547647719
t12.2022.07.29,train,vocal,t12.2022.07.27,83,to go and see what it looks like,7,N,2,medial,and,72,104,32,18,18,88,92,88,92,0.9999680533753249
t12.2022.07.29,train,vocal,t12.2022.07.27,83,to go and see what it looks like,8,D,2,final,and,76,108,32,19,19,92,96,92,96,0.9998193098319701
t12.2022.07.29,train,vocal,t12.2022.07.27,83,to go and see what it looks like,9,SIL,2,sil,and,80,116,36,20,21,96,104,96,104,0.912530143986927
t12.2022.07.29,train,vocal,t12.2022.07.27,83,to go and see what it looks like,10,S,3,initial,see,88,120,32,22,22,104,108,104,112,0.999712914601585
t12.2022.07.29,train,vocal,t12.2022.07.27,83,to go and see what it looks like,11,IY,3,final,see,96,128,32,24,24,112,116,112,120,0.1801386373386207
t12.2022.07.29,train,vocal,t12.2022.07.27,83,to go and see what it looks like,12,SIL,3,sil,see,104,144,40,26,28,120,132,120,132,0.957824794527029
t12.2022.07.29,train,vocal,t12.2022.07.27,83,to go and see what it looks like,13,W,4,initial,what,116,148,32,29,29,132,136,132,140,0.9998745083291861
t12.2022.07.29,train,vocal,t12.2022.07.27,83,to go and see what it looks like,14,AH,4,medial,what,124,156,32,31,31,140,144,140,144,0.9999113551450718
t12.2022.07.29,train,vocal,t12.2022.07.27,83,to go and see what it looks like,15,T,4,final,what,128,160,32,32,32,144,148,144,148,0.9998788693845968
t12.2022.07.29,train,vocal,t12.2022.07.27,83,to go and see what it looks like,16,SIL,4,sil,what,132,168,36,33,34,148,156,148,160,0.9939055987345646
t12.2022.07.29,train,vocal,t12.2022.07.27,83,to go and see what it looks like,17,IH,5,initial,it,148,180,32,37,37,164,168,160,168,0.9999999821636426
t12.2022.07.29,train,vocal,t12.2022.07.27,83,to go and see what it looks like,18,T,5,final,it,152,184,32,38,38,168,172,168,172,0.9999946007332658
t12.2022.07.29,train,vocal,t12.2022.07.27,83,to go and see what it looks like,19,SIL,5,sil,it,156,200,44,39,42,172,188,172,188,0.9930628836676423
t12.2022.07.29,train,vocal,t12.2022.07.27,83,to go and see what it looks like,20,L,6,initial,looks,172,204,32,43,43,188,192,188,196,0.9999920561509091
t12.2022.07.29,train,vocal,t12.2022.07.27,83,to go and see what it looks like,21,UH,6,medial,looks,180,212,32,45,45,196,200,196,200,0.011151345916739813
t12.2022.07.29,train,vocal,t12.2022.07.27,83,to go and see what it looks like,22,K,6,medial,looks,184,216,32,46,46,200,204,200,204,0.9997171045839277
t12.2022.07.29,train,vocal,t12.2022.07.27,83,to go and see what it looks like,23,S,6,final,looks,188,220,32,47,47,204,208,204,208,0.43096001190769545
t12.2022.07.29,train,vocal,t12.2022.07.27,83,to go and see what it looks like,24,SIL,6,sil,looks,192,236,44,48,51,208,224,208,228,0.9921183516778583
t12.2022.07.29,train,vocal,t12.2022.07.27,83,to go and see what it looks like,25,L,7,initial,like,212,244,32,53,53,228,232,228,232,0.029671214454657684
t12.2022.07.29,train,vocal,t12.2022.07.27,83,to go and see what it looks like,26,AY,7,medial,like,216,248,32,54,54,232,236,232,236,0.25309634739768905
t12.2022.07.29,train,vocal,t12.2022.07.27,83,to go and see what it looks like,27,K,7,final,like,220,256,36,55,56,236,244,236,244,0.968381267117336
t12.2022.07.29,train,vocal,t12.2022.07.27,83,to go and see what it looks like,28,SIL,7,sil,like,228,280,52,57,62,244,268,244,268,0.9443317279312694
t12.2022.07.29,train,vocal,t12.2022.07.27,84,i don't have a problem at all with employers,0,AY,0,single,i,32,64,32,8,8,48,52,16,56,0.9999994233684614
t12.2022.07.29,train,vocal,t12.2022.07.27,84,i don't have a problem at all with employers,1,SIL,0,sil,i,40,80,40,10,12,56,68,56,68,0.9769312685940563
t12.2022.07.29,train,vocal,t12.2022.07.27,84,i don't have a problem at all with employers,2,D,1,initial,don't,52,84,32,13,13,68,72,68,72,0.9999998540239154
t12.2022.07.29,train,vocal,t12.2022.07.27,84,i don't have a problem at all with employers,3,OW,1,medial,don't,56,92,36,14,15,72,80,72,80,0.7630705714596101
t12.2022.07.29,train,vocal,t12.2022.07.27,84,i don't have a problem at all with employers,4,N,1,medial,don't,64,96,32,16,16,80,84,80,84,0.9999933261707131
t12.2022.07.29,train,vocal,t12.2022.07.27,84,i don't have a problem at all with employers,5,T,1,final,don't,68,104,36,17,18,84,92,84,92,0.9965738262804293
t12.2022.07.29,train,vocal,t12.2022.07.27,84,i don't have a problem at all with employers,6,SIL,1,sil,don't,76,112,36,19,20,92,100,92,100,0.9759437890813139
t12.2022.07.29,train,vocal,t12.2022.07.27,84,i don't have a problem at all with employers,7,HH,2,initial,have,84,116,32,21,21,100,104,100,104,0.9999868541099723
t12.2022.07.29,train,vocal,t12.2022.07.27,84,i don't have a problem at all with employers,8,AE,2,medial,have,88,124,36,22,23,104,112,104,112,0.8874919263280718
t12.2022.07.29,train,vocal,t12.2022.07.27,84,i don't have a problem at all with employers,9,V,2,final,have,96,128,32,24,24,112,116,112,116,0.9999585474585496
t12.2022.07.29,train,vocal,t12.2022.07.27,84,i don't have a problem at all with employers,10,SIL,2,sil,have,100,140,40,25,27,116,128,116,132,0.9997586765201943
t12.2022.07.29,train,vocal,t12.2022.07.27,84,i don't have a problem at all with employers,11,AH,3,single,a,116,148,32,29,29,132,136,132,136,0.9883855584405697
t12.2022.07.29,train,vocal,t12.2022.07.27,84,i don't have a problem at all with employers,12,SIL,3,sil,a,120,168,48,30,34,136,156,136,156,0.9858586264273207
t12.2022.07.29,train,vocal,t12.2022.07.27,84,i don't have a problem at all with employers,13,P,4,initial,problem,140,172,32,35,35,156,160,156,160,0.8725572659203162
t12.2022.07.29,train,vocal,t12.2022.07.27,84,i don't have a problem at all with employers,14,R,4,medial,problem,144,180,36,36,37,160,168,160,168,0.8671135084999543
t12.2022.07.29,train,vocal,t12.2022.07.27,84,i don't have a problem at all with employers,15,AA,4,medial,problem,152,184,32,38,38,168,172,168,172,0.9999883974842899
t12.2022.07.29,train,vocal,t12.2022.07.27,84,i don't have a problem at all with employers,16,B,4,medial,problem,156,188,32,39,39,172,176,172,176,0.9996691498832425
t12.2022.07.29,train,vocal,t12.2022.07.27,84,i don't have a problem at all with employers,17,L,4,medial,problem,160,192,32,40,40,176,180,176,180,0.999886500492155
t12.2022.07.29,train,vocal,t12.2022.07.27,84,i don't have a problem at all with employers,18,AH,4,medial,problem,164,200,36,41,42,180,188,180,188,0.7551131776432152
t12.2022.07.29,train,vocal,t12.2022.07.27,84,i don't have a problem at all with employers,19,M,4,final,problem,172,204,32,43,43,188,192,188,192,0.9998494649214014
t12.2022.07.29,train,vocal,t12.2022.07.27,84,i don't have a problem at all with employers,20,SIL,4,sil,problem,176,228,52,44,49,192,216,192,228,0.8491930897672383
t12.2022.07.29,train,vocal,t12.2022.07.27,84,i don't have a problem at all with employers,21,AE,5,initial,at,220,252,32,55,55,236,240,228,240,0.007016955980096236
t12.2022.07.29,train,vocal,t12.2022.07.27,84,i don't have a problem at all with employers,22,T,5,final,at,224,260,36,56,57,240,248,240,248,0.9916585546878836
t12.2022.07.29,train,vocal,t12.2022.07.27,84,i don't have a problem at all with employers,23,SIL,5,sil,at,232,272,40,58,60,248,260,248,264,0.9903462874581992
t12.2022.07.29,train,vocal,t12.2022.07.27,84,i don't have a problem at all with employers,24,AO,6,initial,all,252,288,36,63,64,268,276,264,276,0.7928993201009426
t12.2022.07.29,train,vocal,t12.2022.07.27,84,i don't have a problem at all with employers,25,L,6,final,all,260,292,32,65,65,276,280,276,280,0.9995729789437645
t12.2022.07.29,train,vocal,t12.2022.07.27,84,i don't have a problem at all with employers,26,SIL,6,sil,all,264,324,60,66,73,280,312,280,312,0.9801355858500956
t12.2022.07.29,train,vocal,t12.2022.07.27,84,i don't have a problem at all with employers,27,W,7,initial,with,296,328,32,74,74,312,316,312,320,0.9982786095511262
t12.2022.07.29,train,vocal,t12.2022.07.27,84,i don't have a problem at all with employers,28,IH,7,medial,with,308,340,32,77,77,324,328,320,328,0.9617266668214199
t12.2022.07.29,train,vocal,t12.2022.07.27,84,i don't have a problem at all with employers,29,DH,7,final,with,312,344,32,78,78,328,332,328,336,0.9862888594885987
t12.2022.07.29,train,vocal,t12.2022.07.27,84,i don't have a problem at all with employers,30,SIL,7,sil,with,320,360,40,80,82,336,348,336,352,0.993177950257235
t12.2022.07.29,train,vocal,t12.2022.07.27,84,i don't have a problem at all with employers,31,EH,8,initial,employers,340,372,32,85,85,356,360,352,360,0.06373792942090811
t12.2022.07.29,train,vocal,t12.2022.07.27,84,i don't have a problem at all with employers,32,M,8,medial,employers,344,376,32,86,86,360,364,360,364,0.03018972485631043
t12.2022.07.29,train,vocal,t12.2022.07.27,84,i don't have a problem at all with employers,33,P,8,medial,employers,348,380,32,87,87,364,368,364,368,0.5861454852285224
t12.2022.07.29,train,vocal,t12.2022.07.27,84,i don't have a problem at all with employers,34,L,8,medial,employers,352,388,36,88,89,368,376,368,376,0.9453798556424182
t12.2022.07.29,train,vocal,t12.2022.07.27,84,i don't have a problem at all with employers,35,OY,8,medial,employers,360,396,36,90,91,376,384,376,388,0.7358809808701121
t12.2022.07.29,train,vocal,t12.2022.07.27,84,i don't have a problem at all with employers,36,ER,8,medial,employers,376,412,36,94,95,392,400,388,400,0.8671194893181601
t12.2022.07.29,train,vocal,t12.2022.07.27,84,i don't have a problem at all with employers,37,Z,8,final,employers,384,420,36,96,97,400,408,400,408,0.6655266347655313
t12.2022.07.29,train,vocal,t12.2022.07.27,84,i don't have a problem at all with employers,38,SIL,8,sil,employers,392,444,52,98,103,408,432,408,432,0.9946320859359802
t12.2022.07.29,train,vocal,t12.2022.07.27,85,through the newspaper reviews,0,TH,0,initial,through,40,72,32,10,10,56,60,16,60,0.030562692261622056
t12.2022.07.29,train,vocal,t12.2022.07.27,85,through the newspaper reviews,1,R,0,medial,through,44,76,32,11,11,60,64,60,68,0.1421569636625298
t12.2022.07.29,train,vocal,t12.2022.07.27,85,through the newspaper reviews,2,UW,0,final,through,52,84,32,13,13,68,72,68,76,6.46186665716145e-05
t12.2022.07.29,train,vocal,t12.2022.07.27,85,through the newspaper reviews,3,SIL,0,sil,through,60,104,44,15,18,76,92,76,92,0.9995304151817974
t12.2022.07.29,train,vocal,t12.2022.07.27,85,through the newspaper reviews,4,DH,1,initial,the,76,112,36,19,20,92,100,92,104,0.9869292380447703
t12.2022.07.29,train,vocal,t12.2022.07.27,85,through the newspaper reviews,5,AH,1,final,the,88,120,32,22,22,104,108,104,108,0.9999999760393906
t12.2022.07.29,train,vocal,t12.2022.07.27,85,through the newspaper reviews,6,SIL,1,sil,the,92,140,48,23,27,108,128,108,128,0.8465277287268178
t12.2022.07.29,train,vocal,t12.2022.07.27,85,through the newspaper reviews,7,N,2,initial,newspaper,112,144,32,28,28,128,132,128,136,0.9999962806525933
t12.2022.07.29,train,vocal,t12.2022.07.27,85,through the newspaper reviews,8,UW,2,medial,newspaper,120,152,32,30,30,136,140,136,140,0.9403630760706546
t12.2022.07.29,train,vocal,t12.2022.07.27,85,through the newspaper reviews,9,Z,2,medial,newspaper,124,156,32,31,31,140,144,140,148,0.9404309927601622
t12.2022.07.29,train,vocal,t12.2022.07.27,85,through the newspaper reviews,10,P,2,medial,newspaper,136,168,32,34,34,152,156,148,160,0.9990753130517136
t12.2022.07.29,train,vocal,t12.2022.07.27,85,through the newspaper reviews,11,EY,2,medial,newspaper,148,180,32,37,37,164,168,160,168,0.9956021824427967
t12.2022.07.29,train,vocal,t12.2022.07.27,85,through the newspaper reviews,12,P,2,medial,newspaper,152,188,36,38,39,168,176,168,180,0.85551407144193
t12.2022.07.29,train,vocal,t12.2022.07.27,85,through the newspaper reviews,13,ER,2,final,newspaper,164,200,36,41,42,180,188,180,188,0.9959441302942575
t12.2022.07.29,train,vocal,t12.2022.07.27,85,through the newspaper reviews,14,SIL,2,sil,newspaper,172,228,56,43,49,188,216,188,216,0.9785946622239783
t12.2022.07.29,train,vocal,t12.2022.07.27,85,through the newspaper reviews,15,R,3,initial,reviews,200,232,32,50,50,216,220,216,224,0.5857756386855038
t12.2022.07.29,train,vocal,t12.2022.07.27,85,through the newspaper reviews,16,IY,3,medial,reviews,208,240,32,52,52,224,228,224,228,0.01432877843458162
t12.2022.07.29,train,vocal,t12.2022.07.27,85,through the newspaper reviews,17,V,3,medial,reviews,212,244,32,53,53,228,232,228,236,0.22038142300916103
t12.2022.07.29,train,vocal,t12.2022.07.27,85,through the newspaper reviews,18,Y,3,medial,reviews,224,256,32,56,56,240,244,236,244,0.0006386225645806791
t12.2022.07.29,train,vocal,t12.2022.07.27,85,through the newspaper reviews,19,UW,3,medial,reviews,228,260,32,57,57,244,248,244,252,0.02497744070719167
t12.2022.07.29,train,vocal,t12.2022.07.27,85,through the newspaper reviews,20,Z,3,final,reviews,236,272,36,59,60,252,260,252,260,0.9521181035700985
t12.2022.07.29,train,vocal,t12.2022.07.27,85,through the newspaper reviews,21,SIL,3,sil,reviews,244,288,44,61,64,260,276,260,276,0.9938600762327339
t12.2022.07.29,train,vocal,t12.2022.07.27,86,have you heard stuff about him lately,0,HH,0,initial,have,16,48,32,4,4,32,36,16,40,0.8255375955736519
t12.2022.07.29,train,vocal,t12.2022.07.27,86,have you heard stuff about him lately,1,AE,0,medial,have,24,56,32,6,6,40,44,40,44,0.7408114685771704
t12.2022.07.29,train,vocal,t12.2022.07.27,86,have you heard stuff about him lately,2,V,0,final,have,28,60,32,7,7,44,48,44,48,0.6846213985684276
t12.2022.07.29,train,vocal,t12.2022.07.27,86,have you heard stuff about him lately,3,SIL,0,sil,have,32,68,36,8,9,48,56,48,56,0.9994142670577564
t12.2022.07.29,train,vocal,t12.2022.07.27,86,have you heard stuff about him lately,4,Y,1,initial,you,40,72,32,10,10,56,60,56,60,0.9991043739696448
t12.2022.07.29,train,vocal,t12.2022.07.27,86,have you heard stuff about him lately,5,UW,1,final,you,44,76,32,11,11,60,64,60,64,0.9961088951820709
t12.2022.07.29,train,vocal,t12.2022.07.27,86,have you heard stuff about him lately,6,SIL,1,sil,you,48,88,40,12,14,64,76,64,76,0.882253060075866
t12.2022.07.29,train,vocal,t12.2022.07.27,86,have you heard stuff about him lately,7,HH,2,initial,heard,60,96,36,15,16,76,84,76,84,0.8836420765728464
t12.2022.07.29,train,vocal,t12.2022.07.27,86,have you heard stuff about him lately,8,ER,2,medial,heard,68,100,32,17,17,84,88,84,88,0.9916670781864426
t12.2022.07.29,train,vocal,t12.2022.07.27,86,have you heard stuff about him lately,9,D,2,final,heard,72,108,36,18,19,88,96,88,96,0.912424540050101
t12.2022.07.29,train,vocal,t12.2022.07.27,86,have you heard stuff about him lately,10,SIL,2,sil,heard,80,136,56,20,26,96,124,96,124,0.995133602649437
t12.2022.07.29,train,vocal,t12.2022.07.27,86,have you heard stuff about him lately,11,S,3,initial,stuff,108,140,32,27,27,124,128,124,128,0.07801928374560448
t12.2022.07.29,train,vocal,t12.2022.07.27,86,have you heard stuff about him lately,12,T,3,medial,stuff,112,144,32,28,28,128,132,128,136,0.7596860518333247
t12.2022.07.29,train,vocal,t12.2022.07.27,86,have you heard stuff about him lately,13,AH,3,medial,stuff,124,156,32,31,31,140,144,136,144,0.4276929885375713
t12.2022.07.29,train,vocal,t12.2022.07.27,86,have you heard stuff about him lately,14,F,3,final,stuff,128,160,32,32,32,144,148,144,148,0.967272045390148
t12.2022.07.29,train,vocal,t12.2022.07.27,86,have you heard stuff about him lately,15,SIL,3,sil,stuff,132,180,48,33,37,148,168,148,168,0.9606026353137425
t12.2022.07.29,train,vocal,t12.2022.07.27,86,have you heard stuff about him lately,16,AH,4,initial,about,152,188,36,38,39,168,176,168,176,0.9900506873890524
t12.2022.07.29,train,vocal,t12.2022.07.27,86,have you heard stuff about him lately,17,B,4,medial,about,160,200,40,40,42,176,188,176,188,0.9222196687484399
t12.2022.07.29,train,vocal,t12.2022.07.27,86,have you heard stuff about him lately,18,AW,4,medial,about,172,208,36,43,44,188,196,188,196,0.999943903945824
t12.2022.07.29,train,vocal,t12.2022.07.27,86,have you heard stuff about him lately,19,T,4,final,about,180,216,36,45,46,196,204,196,204,0.999943476236868
t12.2022.07.29,train,vocal,t12.2022.07.27,86,have you heard stuff about him lately,20,SIL,4,sil,about,188,228,40,47,49,204,216,204,216,0.8599773915857947
t12.2022.07.29,train,vocal,t12.2022.07.27,86,have you heard stuff about him lately,21,HH,5,initial,him,200,232,32,50,50,216,220,216,224,0.9077133585913107
t12.2022.07.29,train,vocal,t12.2022.07.27,86,have you heard stuff about him lately,22,IH,5,medial,him,208,240,32,52,52,224,228,224,228,0.9845039771228564
t12.2022.07.29,train,vocal,t12.2022.07.27,86,have you heard stuff about him lately,23,M,5,final,him,212,244,32,53,53,228,232,228,232,0.9999920296151047
t12.2022.07.29,train,vocal,t12.2022.07.27,86,have you heard stuff about him lately,24,SIL,5,sil,him,216,260,44,54,57,232,248,232,252,0.9929751160027733
t12.2022.07.29,train,vocal,t12.2022.07.27,86,have you heard stuff about him lately,25,L,6,initial,lately,236,268,32,59,59,252,256,252,256,0.10961108269247137
t12.2022.07.29,train,vocal,t12.2022.07.27,86,have you heard stuff about him lately,26,EY,6,medial,lately,240,272,32,60,60,256,260,256,260,0.7228549955306633
t12.2022.07.29,train,vocal,t12.2022.07.27,86,have you heard stuff about him lately,27,T,6,medial,lately,244,284,40,61,63,260,272,260,272,0.3922035465301181
t12.2022.07.29,train,vocal,t12.2022.07.27,86,have you heard stuff about him lately,28,L,6,medial,lately,256,288,32,64,64,272,276,272,276,0.8438341130481133
t12.2022.07.29,train,vocal,t12.2022.07.27,86,have you heard stuff about him lately,29,IY,6,final,lately,260,292,32,65,65,276,280,276,280,0.04233682079768215
t12.2022.07.29,train,vocal,t12.2022.07.27,86,have you heard stuff about him lately,30,SIL,6,sil,lately,264,312,48,66,70,280,300,280,300,0.8149867616662491
t12.2022.07.29,train,vocal,t12.2022.07.27,87,it is a treasure trove of information,0,IH,0,initial,it,28,64,36,7,8,44,52,16,52,0.9876768639856115
t12.2022.07.29,train,vocal,t12.2022.07.27,87,it is a treasure trove of information,1,T,0,final,it,36,68,32,9,9,52,56,52,56,0.9999945759374816
t12.2022.07.29,train,vocal,t12.2022.07.27,87,it is a treasure trove of information,2,SIL,0,sil,it,40,80,40,10,12,56,68,56,72,0.9995693273224079
t12.2022.07.29,train,vocal,t12.2022.07.27,87,it is a treasure trove of information,3,IH,1,initial,is,60,92,32,15,15,76,80,72,80,0.9999516065543687
t12.2022.07.29,train,vocal,t12.2022.07.27,87,it is a treasure trove of information,4,Z,1,final,is,64,96,32,16,16,80,84,80,84,0.9999990769851055
t12.2022.07.29,train,vocal,t12.2022.07.27,87,it is a treasure trove of information,5,SIL,1,sil,is,68,108,40,17,19,84,96,84,100,0.9753941967376342
t12.2022.07.29,train,vocal,t12.2022.07.27,87,it is a treasure trove of information,6,AH,2,single,a,84,116,32,21,21,100,104,100,104,0.9999971453772775
t12.2022.07.29,train,vocal,t12.2022.07.27,87,it is a treasure trove of information,7,SIL,2,sil,a,88,136,48,22,26,104,124,104,124,0.9173781938028209
t12.2022.07.29,train,vocal,t12.2022.07.27,87,it is a treasure trove of information,8,T,3,initial,treasure,108,144,36,27,28,124,132,124,132,0.7797480787633626
t12.2022.07.29,train,vocal,t12.2022.07.27,87,it is a treasure trove of information,9,R,3,medial,treasure,116,148,32,29,29,132,136,132,140,0.5146134363302778
t12.2022.07.29,train,vocal,t12.2022.07.27,87,it is a treasure trove of information,10,EH,3,medial,treasure,124,156,32,31,31,140,144,140,144,0.008050139371870317
t12.2022.07.29,train,vocal,t12.2022.07.27,87,it is a treasure trove of information,11,ZH,3,medial,treasure,128,160,32,32,32,144,148,144,148,0.00014398254753673282
t12.2022.07.29,train,vocal,t12.2022.07.27,87,it is a treasure trove of information,12,ER,3,final,treasure,132,164,32,33,33,148,152,148,152,0.09259060847654971
t12.2022.07.29,train,vocal,t12.2022.07.27,87,it is a treasure trove of information,13,SIL,3,sil,treasure,136,180,44,34,37,152,168,152,168,0.982649685175958
t12.2022.07.29,train,vocal,t12.2022.07.27,87,it is a treasure trove of information,14,T,4,initial,trove,152,184,32,38,38,168,172,168,172,0.8534668660740407
t12.2022.07.29,train,vocal,t12.2022.07.27,87,it is a treasure trove of information,15,R,4,medial,trove,156,188,32,39,39,172,176,172,180,0.008516747140544489
t12.2022.07.29,train,vocal,t12.2022.07.27,87,it is a treasure trove of information,16,OW,4,medial,trove,164,196,32,41,41,180,184,180,184,0.0001152341680762223
t12.2022.07.29,train,vocal,t12.2022.07.27,87,it is a treasure trove of information,17,V,4,final,trove,168,200,32,42,42,184,188,184,192,0.5017915037890973
t12.2022.07.29,train,vocal,t12.2022.07.27,87,it is a treasure trove of information,18,SIL,4,sil,trove,176,224,48,44,48,192,212,192,216,0.9628590757487014
t12.2022.07.29,train,vocal,t12.2022.07.27,87,it is a treasure trove of information,19,AH,5,initial,of,204,236,32,51,51,220,224,216,224,0.999992204745958
t12.2022.07.29,train,vocal,t12.2022.07.27,87,it is a treasure trove of information,20,V,5,final,of,208,240,32,52,52,224,228,224,228,0.9999840586433344
t12.2022.07.29,train,vocal,t12.2022.07.27,87,it is a treasure trove of information,21,SIL,5,sil,of,212,252,40,53,55,228,240,228,248,0.9936728393072913
t12.2022.07.29,train,vocal,t12.2022.07.27,87,it is a treasure trove of information,22,IH,6,initial,information,236,268,32,59,59,252,256,248,256,0.9914016410735795
t12.2022.07.29,train,vocal,t12.2022.07.27,87,it is a treasure trove of information,23,N,6,medial,information,240,276,36,60,61,256,264,256,264,0.758777471455313
t12.2022.07.29,train,vocal,t12.2022.07.27,87,it is a treasure trove of information,24,F,6,medial,information,248,280,32,62,62,264,268,264,268,0.025572497605129446
t12.2022.07.29,train,vocal,t12.2022.07.27,87,it is a treasure trove of information,25,ER,6,medial,information,252,284,32,63,63,268,272,268,272,0.0008821579481708838
t12.2022.07.29,train,vocal,t12.2022.07.27,87,it is a treasure trove of information,26,M,6,medial,information,256,288,32,64,64,272,276,272,284,0.00015254124333164863
t12.2022.07.29,train,vocal,t12.2022.07.27,87,it is a treasure trove of information,27,EY,6,medial,information,272,304,32,68,68,288,292,284,292,0.013110890773949065
t12.2022.07.29,train,vocal,t12.2022.07.27,87,it is a treasure trove of information,28,SH,6,medial,information,276,316,40,69,71,292,304,292,304,0.8136797979997871
t12.2022.07.29,train,vocal,t12.2022.07.27,87,it is a treasure trove of information,29,AH,6,medial,information,288,328,40,72,74,304,316,304,316,0.9944104057288747
t12.2022.07.29,train,vocal,t12.2022.07.27,87,it is a treasure trove of information,30,N,6,final,information,300,336,36,75,76,316,324,316,324,0.7793243703551516
t12.2022.07.29,train,vocal,t12.2022.07.27,87,it is a treasure trove of information,31,SIL,6,sil,information,308,360,52,77,82,324,348,324,348,0.9997674663370355
t12.2022.07.29,train,vocal,t12.2022.07.27,88,the cost of living is super high,0,DH,0,initial,the,12,44,32,3,3,28,32,16,36,0.9999457526325257
t12.2022.07.29,train,vocal,t12.2022.07.27,88,the cost of living is super high,1,AH,0,final,the,20,52,32,5,5,36,40,36,44,0.9999795434543282
t12.2022.07.29,train,vocal,t12.2022.07.27,88,the cost of living is super high,2,SIL,0,sil,the,28,68,40,7,9,44,56,44,56,0.9987105111038984
t12.2022.07.29,train,vocal,t12.2022.07.27,88,the cost of living is super high,3,K,1,initial,cost,40,72,32,10,10,56,60,56,64,0.999644271376922
t12.2022.07.29,train,vocal,t12.2022.07.27,88,the cost of living is super high,4,AA,1,medial,cost,48,80,32,12,12,64,68,64,68,0.9423565086788885
t12.2022.07.29,train,vocal,t12.2022.07.27,88,the cost of living is super high,5,S,1,medial,cost,52,84,32,13,13,68,72,68,72,0.18541257954164928
t12.2022.07.29,train,vocal,t12.2022.07.27,88,the cost of living is super high,6,T,1,final,cost,56,88,32,14,14,72,76,72,76,0.9276255331866606
t12.2022.07.29,train,vocal,t12.2022.07.27,88,the cost of living is super high,7,SIL,1,sil,cost,60,96,36,15,16,76,84,76,88,0.942585771706957
t12.2022.07.29,train,vocal,t12.2022.07.27,88,the cost of living is super high,8,AH,2,initial,of,72,108,36,18,19,88,96,88,96,0.7884897789942167
t12.2022.07.29,train,vocal,t12.2022.07.27,88,the cost of living is super high,9,V,2,final,of,80,112,32,20,20,96,100,96,100,0.9996537250051544
t12.2022.07.29,train,vocal,t12.2022.07.27,88,the cost of living is super high,10,SIL,2,sil,of,84,120,36,21,22,100,108,100,108,0.9990400680164702
t12.2022.07.29,train,vocal,t12.2022.07.27,88,the cost of living is super high,11,L,3,initial,living,92,124,32,23,23,108,112,108,116,0.9998167513079759
t12.2022.07.29,train,vocal,t12.2022.07.27,88,the cost of living is super high,12,IH,3,medial,living,100,132,32,25,25,116,120,116,120,0.6343278859354823
t12.2022.07.29,train,vocal,t12.2022.07.27,88,the cost of living is super high,13,V,3,medial,living,104,140,36,26,27,120,128,120,128,0.7439985698519751
t12.2022.07.29,train,vocal,t12.2022.07.27,88,the cost of living is super high,14,IH,3,medial,living,112,144,32,28,28,128,132,128,132,0.9944303291942524
t12.2022.07.29,train,vocal,t12.2022.07.27,88,the cost of living is super high,15,NG,3,final,living,116,152,36,29,30,132,140,132,140,0.8341223857466593
t12.2022.07.29,train,vocal,t12.2022.07.27,88,the cost of living is super high,16,SIL,3,sil,living,124,172,48,31,35,140,160,140,168,0.9998095882656066
t12.2022.07.29,train,vocal,t12.2022.07.27,88,the cost of living is super high,17,IH,4,initial,is,156,188,32,39,39,172,176,168,176,0.9999953760118028
t12.2022.07.29,train,vocal,t12.2022.07.27,88,the cost of living is super high,18,Z,4,final,is,160,192,32,40,40,176,180,176,180,0.9999790259924594
t12.2022.07.29,train,vocal,t12.2022.07.27,88,the cost of living is super high,19,SIL,4,sil,is,164,204,40,41,43,180,192,180,192,0.9994427772549063
t12.2022.07.29,train,vocal,t12.2022.07.27,88,the cost of living is super high,20,S,5,initial,super,176,212,36,44,45,192,200,192,204,0.7660166579206193
t12.2022.07.29,train,vocal,t12.2022.07.27,88,the cost of living is super high,21,UW,5,medial,super,192,224,32,48,48,208,212,204,212,0.052912660658657865
t12.2022.07.29,train,vocal,t12.2022.07.27,88,the cost of living is super high,22,P,5,medial,super,196,228,32,49,49,212,216,212,220,0.9998271639975671
t12.2022.07.29,train,vocal,t12.2022.07.27,88,the cost of living is super high,23,ER,5,final,super,204,240,36,51,52,220,228,220,228,0.9985475115698476
t12.2022.07.29,train,vocal,t12.2022.07.27,88,the cost of living is super high,24,SIL,5,sil,super,212,256,44,53,56,228,244,228,244,0.9512449259613167
t12.2022.07.29,train,vocal,t12.2022.07.27,88,the cost of living is super high,25,HH,6,initial,high,228,260,32,57,57,244,248,244,252,0.11559534825864391
t12.2022.07.29,train,vocal,t12.2022.07.27,88,the cost of living is super high,26,AY,6,final,high,236,268,32,59,59,252,256,252,256,0.9518281935821085
t12.2022.07.29,train,vocal,t12.2022.07.27,88,the cost of living is super high,27,SIL,6,sil,high,240,296,56,60,66,256,284,256,284,0.9943635855347159
t12.2022.07.29,train,vocal,t12.2022.07.27,89,they're cooperative rather than competitive,0,DH,0,initial,they're,40,72,32,10,10,56,60,16,64,0.9999910928650454
t12.2022.07.29,train,vocal,t12.2022.07.27,89,they're cooperative rather than competitive,1,EH,0,medial,they're,48,80,32,12,12,64,68,64,68,0.9999978606359144
t12.2022.07.29,train,vocal,t12.2022.07.27,89,they're cooperative rather than competitive,2,R,0,final,they're,52,84,32,13,13,68,72,68,72,0.9999855236514716
t12.2022.07.29,train,vocal,t12.2022.07.27,89,they're cooperative rather than competitive,3,SIL,0,sil,they're,56,108,52,14,19,72,96,72,96,0.9877474009044578
t12.2022.07.29,train,vocal,t12.2022.07.27,89,they're cooperative rather than competitive,4,K,1,initial,cooperative,80,112,32,20,20,96,100,96,104,0.9996796385650278
t12.2022.07.29,train,vocal,t12.2022.07.27,89,they're cooperative rather than competitive,5,OW,1,medial,cooperative,92,124,32,23,23,108,112,104,112,0.00040214960294054827
t12.2022.07.29,train,vocal,t12.2022.07.27,89,they're cooperative rather than competitive,6,AA,1,medial,cooperative,96,128,32,24,24,112,116,112,116,0.9994668510338262
t12.2022.07.29,train,vocal,t12.2022.07.27,89,they're cooperative rather than competitive,7,P,1,medial,cooperative,100,140,40,25,27,116,128,116,128,0.8553555427372664
t12.2022.07.29,train,vocal,t12.2022.07.27,89,they're cooperative rather than competitive,8,ER,1,medial,cooperative,112,144,32,28,28,128,132,128,132,0.5765439128507688
t12.2022.07.29,train,vocal,t12.2022.07.27,89,they're cooperative rather than competitive,9,EY,1,medial,cooperative,116,148,32,29,29,132,136,132,136,0.001040613328572061
t12.2022.07.29,train,vocal,t12.2022.07.27,89,they're cooperative rather than competitive,10,T,1,medial,cooperative,120,160,40,30,32,136,148,136,148,0.6371260523427048
t12.2022.07.29,train,vocal,t12.2022.07.27,89,they're cooperative rather than competitive,11,IH,1,medial,cooperative,132,164,32,33,33,148,152,148,152,0.6265519808235954
t12.2022.07.29,train,vocal,t12.2022.07.27,89,they're cooperative rather than competitive,12,V,1,final,cooperative,136,172,36,34,35,152,160,152,160,0.3329130875050842
t12.2022.07.29,train,vocal,t12.2022.07.27,89,they're cooperative rather than competitive,13,SIL,1,sil,cooperative,144,188,44,36,39,160,176,160,176,0.9992716452236012
t12.2022.07.29,train,vocal,t12.2022.07.27,89,they're cooperative rather than competitive,14,R,2,initial,rather,160,192,32,40,40,176,180,176,184,1.7808260322685127e-05
t12.2022.07.29,train,vocal,t12.2022.07.27,89,they're cooperative rather than competitive,15,AE,2,medial,rather,168,200,32,42,42,184,188,184,188,2.653159971405607e-05
t12.2022.07.29,train,vocal,t12.2022.07.27,89,they're cooperative rather than competitive,16,DH,2,medial,rather,172,204,32,43,43,188,192,188,192,0.022045009994973757
t12.2022.07.29,train,vocal,t12.2022.07.27,89,they're cooperative rather than competitive,17,ER,2,final,rather,176,208,32,44,44,192,196,192,196,7.466885456235351e-06
t12.2022.07.29,train,vocal,t12.2022.07.27,89,they're cooperative rather than competitive,18,SIL,2,sil,rather,180,220,40,45,47,196,208,196,208,0.8483490865428912
t12.2022.07.29,train,vocal,t12.2022.07.27,89,they're cooperative rather than competitive,19,DH,3,initial,than,192,224,32,48,48,208,212,208,216,0.9999649519315387
t12.2022.07.29,train,vocal,t12.2022.07.27,89,they're cooperative rather than competitive,20,AE,3,medial,than,200,232,32,50,50,216,220,216,220,0.9926746957686974
t12.2022.07.29,train,vocal,t12.2022.07.27,89,they're cooperative rather than competitive,21,N,3,final,than,204,236,32,51,51,220,224,220,224,0.9995484716450178
t12.2022.07.29,train,vocal,t12.2022.07.27,89,they're cooperative rather than competitive,22,SIL,3,sil,than,208,280,72,52,62,224,268,224,268,0.9881619998937953
t12.2022.07.29,train,vocal,t12.2022.07.27,89,they're cooperative rather than competitive,23,K,4,initial,competitive,252,284,32,63,63,268,272,268,276,0.9998613327480916
t12.2022.07.29,train,vocal,t12.2022.07.27,89,they're cooperative rather than competitive,24,AH,4,medial,competitive,260,292,32,65,65,276,280,276,280,0.9963600624497905
t12.2022.07.29,train,vocal,t12.2022.07.27,89,they're cooperative rather than competitive,25,M,4,medial,competitive,264,296,32,66,66,280,284,280,284,0.9866594010743397
t12.2022.07.29,train,vocal,t12.2022.07.27,89,they're cooperative rather than competitive,26,P,4,medial,competitive,268,304,36,67,68,284,292,284,296,0.9714941578111931
t12.2022.07.29,train,vocal,t12.2022.07.27,89,they're cooperative rather than competitive,27,EH,4,medial,competitive,284,316,32,71,71,300,304,296,304,0.316737263236781
t12.2022.07.29,train,vocal,t12.2022.07.27,89,they're cooperative rather than competitive,28,T,4,medial,competitive,288,320,32,72,72,304,308,304,312,0.898922896313135
t12.2022.07.29,train,vocal,t12.2022.07.27,89,they're cooperative rather than competitive,29,AH,4,medial,competitive,296,328,32,74,74,312,316,312,320,0.0021173304884389487
t12.2022.07.29,train,vocal,t12.2022.07.27,89,they're cooperative rather than competitive,30,T,4,medial,competitive,304,336,32,76,76,320,324,320,328,0.011314347112908426
t12.2022.07.29,train,vocal,t12.2022.07.27,89,they're cooperative rather than competitive,31,IH,4,medial,competitive,316,348,32,79,79,332,336,328,336,0.9999179119885143
t12.2022.07.29,train,vocal,t12.2022.07.27,89,they're cooperative rather than competitive,32,V,4,final,competitive,320,352,32,80,80,336,340,336,340,0.03399391153671327
t12.2022.07.29,train,vocal,t12.2022.07.27,89,they're cooperative rather than competitive,33,SIL,4,sil,competitive,324,368,44,81,84,340,356,340,356,0.9876168200724033
t12.2022.07.29,train,vocal,t12.2022.07.27,90,all kinds of physical problems,0,AO,0,initial,all,40,72,32,10,10,56,60,16,60,0.059910222605728244
t12.2022.07.29,train,vocal,t12.2022.07.27,90,all kinds of physical problems,1,L,0,final,all,44,76,32,11,11,60,64,60,64,0.7602613632008395
t12.2022.07.29,train,vocal,t12.2022.07.27,90,all kinds of physical problems,2,SIL,0,sil,all,48,88,40,12,14,64,76,64,76,0.9984769265830821
t12.2022.07.29,train,vocal,t12.2022.07.27,90,all kinds of physical problems,3,K,1,initial,kinds,60,92,32,15,15,76,80,76,84,0.9987319083996746
t12.2022.07.29,train,vocal,t12.2022.07.27,90,all kinds of physical problems,4,AY,1,medial,kinds,68,100,32,17,17,84,88,84,88,0.9998007380742847
t12.2022.07.29,train,vocal,t12.2022.07.27,90,all kinds of physical problems,5,N,1,medial,kinds,72,104,32,18,18,88,92,88,92,0.998013413683402
t12.2022.07.29,train,vocal,t12.2022.07.27,90,all kinds of physical problems,6,D,1,medial,kinds,76,108,32,19,19,92,96,92,96,0.6959583482284307
t12.2022.07.29,train,vocal,t12.2022.07.27,90,all kinds of physical problems,7,Z,1,final,kinds,80,112,32,20,20,96,100,96,100,0.0074219971555418525
t12.2022.07.29,train,vocal,t12.2022.07.27,90,all kinds of physical problems,8,SIL,1,sil,kinds,84,120,36,21,22,100,108,100,112,0.9242459889424849
t12.2022.07.29,train,vocal,t12.2022.07.27,90,all kinds of physical problems,9,AH,2,initial,of,96,128,32,24,24,112,116,112,116,0.9999997337847442
t12.2022.07.29,train,vocal,t12.2022.07.27,90,all kinds of physical problems,10,V,2,final,of,100,132,32,25,25,116,120,116,120,0.9999965818782461
t12.2022.07.29,train,vocal,t12.2022.07.27,90,all kinds of physical problems,11,SIL,2,sil,of,104,144,40,26,28,120,132,120,132,0.9663221725948717
t12.2022.07.29,train,vocal,t12.2022.07.27,90,all kinds of physical problems,12,F,3,initial,physical,116,148,32,29,29,132,136,132,140,0.4312016016469501
t12.2022.07.29,train,vocal,t12.2022.07.27,90,all kinds of physical problems,13,IH,3,medial,physical,124,156,32,31,31,140,144,140,144,0.10716973621393772
t12.2022.07.29,train,vocal,t12.2022.07.27,90,all kinds of physical problems,14,Z,3,medial,physical,128,160,32,32,32,144,148,144,148,0.5313046624184002
t12.2022.07.29,train,vocal,t12.2022.07.27,90,all kinds of physical problems,15,IH,3,medial,physical,132,168,36,33,34,148,156,148,156,0.6007834232169151
t12.2022.07.29,train,vocal,t12.2022.07.27,90,all kinds of physical problems,16,K,3,medial,physical,140,172,32,35,35,156,160,156,160,0.9928660750038263
t12.2022.07.29,train,vocal,t12.2022.07.27,90,all kinds of physical problems,17,AH,3,medial,physical,144,180,36,36,37,160,168,160,168,0.7870729155831016
t12.2022.07.29,train,vocal,t12.2022.07.27,90,all kinds of physical problems,18,L,3,final,physical,152,188,36,38,39,168,176,168,176,0.7854047855009414
t12.2022.07.29,train,vocal,t12.2022.07.27,90,all kinds of physical problems,19,SIL,3,sil,physical,160,204,44,40,43,176,192,176,192,0.9988089255489185
t12.2022.07.29,train,vocal,t12.2022.07.27,90,all kinds of physical problems,20,P,4,initial,problems,176,208,32,44,44,192,196,192,196,0.4970948079036698
t12.2022.07.29,train,vocal,t12.2022.07.27,90,all kinds of physical problems,21,R,4,medial,problems,180,212,32,45,45,196,200,196,200,0.7270087188691702
t12.2022.07.29,train,vocal,t12.2022.07.27,90,all kinds of physical problems,22,AA,4,medial,problems,184,216,32,46,46,200,204,200,204,0.9646595908598136
t12.2022.07.29,train,vocal,t12.2022.07.27,90,all kinds of physical problems,23,B,4,medial,problems,188,220,32,47,47,204,208,204,208,0.9994986305002006
t12.2022.07.29,train,vocal,t12.2022.07.27,90,all kinds of physical problems,24,L,4,medial,problems,192,224,32,48,48,208,212,208,212,0.9972016657529871
t12.2022.07.29,train,vocal,t12.2022.07.27,90,all kinds of physical problems,25,AH,4,medial,problems,196,232,36,49,50,212,220,212,220,0.9403884846830701
t12.2022.07.29,train,vocal,t12.2022.07.27,90,all kinds of physical problems,26,M,4,medial,problems,204,236,32,51,51,220,224,220,224,0.9122011286578909
t12.2022.07.29,train,vocal,t12.2022.07.27,90,all kinds of physical problems,27,Z,4,final,problems,208,244,36,52,53,224,232,224,232,0.831386507570167
t12.2022.07.29,train,vocal,t12.2022.07.27,90,all kinds of physical problems,28,SIL,4,sil,problems,216,264,48,54,58,232,252,232,252,0.9715447596830483
t12.2022.07.29,train,vocal,t12.2022.07.27,91,for a different company,0,F,0,initial,for,32,64,32,8,8,48,52,16,56,0.9977235657091236
t12.2022.07.29,train,vocal,t12.2022.07.27,91,for a different company,1,AO,0,medial,for,40,72,32,10,10,56,60,56,60,0.999346919955028
t12.2022.07.29,train,vocal,t12.2022.07.27,91,for a different company,2,R,0,final,for,44,76,32,11,11,60,64,60,64,0.9999962998023362
t12.2022.07.29,train,vocal,t12.2022.07.27,91,for a different company,3,SIL,0,sil,for,48,84,36,12,13,64,72,64,76,0.9339703072263204
t12.2022.07.29,train,vocal,t12.2022.07.27,91,for a different company,4,AH,1,single,a,64,96,32,16,16,80,84,76,84,0.9998961458032901
t12.2022.07.29,train,vocal,t12.2022.07.27,91,for a different company,5,SIL,1,sil,a,68,108,40,17,19,84,96,84,96,0.9987583142940609
t12.2022.07.29,train,vocal,t12.2022.07.27,91,for a different company,6,D,2,initial,different,80,112,32,20,20,96,100,96,104,0.9999734745288044
t12.2022.07.29,train,vocal,t12.2022.07.27,91,for a different company,7,IH,2,medial,different,88,120,32,22,22,104,108,104,108,0.978350999640042
t12.2022.07.29,train,vocal,t12.2022.07.27,91,for a different company,8,F,2,medial,different,92,124,32,23,23,108,112,108,112,0.99996483477857
t12.2022.07.29,train,vocal,t12.2022.07.27,91,for a different company,9,ER,2,medial,different,96,132,36,24,25,112,120,112,120,0.9620196053409926
t12.2022.07.29,train,vocal,t12.2022.07.27,91,for a different company,10,AH,2,medial,different,104,136,32,26,26,120,124,120,124,0.9991793067241905
t12.2022.07.29,train,vocal,t12.2022.07.27,91,for a different company,11,N,2,medial,different,108,140,32,27,27,124,128,124,128,0.9993519917859128
t12.2022.07.29,train,vocal,t12.2022.07.27,91,for a different company,12,T,2,final,different,112,148,36,28,29,128,136,128,136,0.9336054515462172
t12.2022.07.29,train,vocal,t12.2022.07.27,91,for a different company,13,SIL,2,sil,different,120,180,60,30,37,136,168,136,168,0.9993060945250161
t12.2022.07.29,train,vocal,t12.2022.07.27,91,for a different company,14,K,3,initial,company,152,188,36,38,39,168,176,168,180,0.900834077008645
t12.2022.07.29,train,vocal,t12.2022.07.27,91,for a different company,15,AH,3,medial,company,164,196,32,41,41,180,184,180,184,0.9781500808995096
t12.2022.07.29,train,vocal,t12.2022.07.27,91,for a different company,16,M,3,medial,company,168,200,32,42,42,184,188,184,188,0.9998199353072048
t12.2022.07.29,train,vocal,t12.2022.07.27,91,for a different company,17,P,3,medial,company,172,208,36,43,44,188,196,188,196,0.90523919763905
t12.2022.07.29,train,vocal,t12.2022.07.27,91,for a different company,18,AH,3,medial,company,180,212,32,45,45,196,200,196,200,0.970789095042323
t12.2022.07.29,train,vocal,t12.2022.07.27,91,for a different company,19,N,3,medial,company,184,216,32,46,46,200,204,200,204,0.9926013834678984
t12.2022.07.29,train,vocal,t12.2022.07.27,91,for a different company,20,IY,3,final,company,188,224,36,47,48,204,212,204,212,0.9190381253919706
t12.2022.07.29,train,vocal,t12.2022.07.27,91,for a different company,21,SIL,3,sil,company,196,236,40,49,51,212,224,212,224,0.9524390094957645
t12.2022.07.29,train,vocal,t12.2022.07.27,92,it doesn't seem like i get anything done,0,IH,0,initial,it,28,60,32,7,7,44,48,16,48,0.999998672209256
t12.2022.07.29,train,vocal,t12.2022.07.27,92,it doesn't seem like i get anything done,1,T,0,final,it,32,64,32,8,8,48,52,48,52,0.9999960105773368
t12.2022.07.29,train,vocal,t12.2022.07.27,92,it doesn't seem like i get anything done,2,SIL,0,sil,it,36,76,40,9,11,52,64,52,64,0.9960672528473312
t12.2022.07.29,train,vocal,t12.2022.07.27,92,it doesn't seem like i get anything done,3,D,1,initial,doesn't,48,80,32,12,12,64,68,64,72,0.9999815248804248
t12.2022.07.29,train,vocal,t12.2022.07.27,92,it doesn't seem like i get anything done,4,AH,1,medial,doesn't,56,88,32,14,14,72,76,72,76,0.998695457521837
t12.2022.07.29,train,vocal,t12.2022.07.27,92,it doesn't seem like i get anything done,5,Z,1,medial,doesn't,60,92,32,15,15,76,80,76,80,0.9987170834200372
t12.2022.07.29,train,vocal,t12.2022.07.27,92,it doesn't seem like i get anything done,6,AH,1,medial,doesn't,64,96,32,16,16,80,84,80,84,0.9989876745036042
t12.2022.07.29,train,vocal,t12.2022.07.27,92,it doesn't seem like i get anything done,7,N,1,medial,doesn't,68,100,32,17,17,84,88,84,88,0.998053960886365
t12.2022.07.29,train,vocal,t12.2022.07.27,92,it doesn't seem like i get anything done,8,T,1,final,doesn't,72,108,36,18,19,88,96,88,96,0.9437828393224976
t12.2022.07.29,train,vocal,t12.2022.07.27,92,it doesn't seem like i get anything done,9,SIL,1,sil,doesn't,80,116,36,20,21,96,104,96,104,0.8275325619608812
t12.2022.07.29,train,vocal,t12.2022.07.27,92,it doesn't seem like i get anything done,10,S,2,initial,seem,88,120,32,22,22,104,108,104,112,0.9997887197632869
t12.2022.07.29,train,vocal,t12.2022.07.27,92,it doesn't seem like i get anything done,11,IY,2,medial,seem,96,128,32,24,24,112,116,112,116,0.9998911510231575
t12.2022.07.29,train,vocal,t12.2022.07.27,92,it doesn't seem like i get anything done,12,M,2,final,seem,100,132,32,25,25,116,120,116,120,0.9997279546680652
t12.2022.07.29,train,vocal,t12.2022.07.27,92,it doesn't seem like i get anything done,13,SIL,2,sil,seem,104,144,40,26,28,120,132,120,132,0.7016341071230029
t12.2022.07.29,train,vocal,t12.2022.07.27,92,it doesn't seem like i get anything done,14,L,3,initial,like,116,148,32,29,29,132,136,132,140,0.9972158683609962
t12.2022.07.29,train,vocal,t12.2022.07.27,92,it doesn't seem like i get anything done,15,AY,3,medial,like,124,156,32,31,31,140,144,140,144,0.9986773259939722
t12.2022.07.29,train,vocal,t12.2022.07.27,92,it doesn't seem like i get anything done,16,K,3,final,like,128,164,36,32,33,144,152,144,152,0.9914276454279702
t12.2022.07.29,train,vocal,t12.2022.07.27,92,it doesn't seem like i get anything done,17,SIL,3,sil,like,136,172,36,34,35,152,160,152,164,0.9999104839880012
t12.2022.07.29,train,vocal,t12.2022.07.27,92,it doesn't seem like i get anything done,18,AY,4,single,i,152,184,32,38,38,168,172,164,172,0.9992311804704538
t12.2022.07.29,train,vocal,t12.2022.07.27,92,it doesn't seem like i get anything done,19,SIL,4,sil,i,156,212,56,39,45,172,200,172,200,0.9920020934309716
t12.2022.07.29,train,vocal,t12.2022.07.27,92,it doesn't seem like i get anything done,20,G,5,initial,get,184,216,32,46,46,200,204,200,208,0.469403301616374
t12.2022.07.29,train,vocal,t12.2022.07.27,92,it doesn't seem like i get anything done,21,EH,5,medial,get,196,228,32,49,49,212,216,208,216,0.8470345907743312
t12.2022.07.29,train,vocal,t12.2022.07.27,92,it doesn't seem like i get anything done,22,T,5,final,get,200,232,32,50,50,216,220,216,220,0.9874523250466355
t12.2022.07.29,train,vocal,t12.2022.07.27,92,it doesn't seem like i get anything done,23,SIL,5,sil,get,204,252,48,51,55,220,240,220,244,0.968968911678471
t12.2022.07.29,train,vocal,t12.2022.07.27,92,it doesn't seem like i get anything done,24,EH,6,initial,anything,228,264,36,57,58,244,252,244,252,0.9664498257993419
t12.2022.07.29,train,vocal,t12.2022.07.27,92,it doesn't seem like i get anything done,25,N,6,medial,anything,236,268,32,59,59,252,256,252,256,0.9989486946919147
t12.2022.07.29,train,vocal,t12.2022.07.27,92,it doesn't seem like i get anything done,26,IY,6,medial,anything,240,276,36,60,61,256,264,256,264,0.9295395784836846
t12.2022.07.29,train,vocal,t12.2022.07.27,92,it doesn't seem like i get anything done,27,TH,6,medial,anything,248,284,36,62,63,264,272,264,272,0.9952391012181419
t12.2022.07.29,train,vocal,t12.2022.07.27,92,it doesn't seem like i get anything done,28,IH,6,medial,anything,256,292,36,64,65,272,280,272,280,0.995831853442374
t12.2022.07.29,train,vocal,t12.2022.07.27,92,it doesn't seem like i get anything done,29,NG,6,final,anything,264,300,36,66,67,280,288,280,288,0.9543476679202724
t12.2022.07.29,train,vocal,t12.2022.07.27,92,it doesn't seem like i get anything done,30,SIL,6,sil,anything,272,308,36,68,69,288,296,288,296,0.9996656367188685
t12.2022.07.29,train,vocal,t12.2022.07.27,92,it doesn't seem like i get anything done,31,D,7,initial,done,280,312,32,70,70,296,300,296,304,0.23972676109324903
t12.2022.07.29,train,vocal,t12.2022.07.27,92,it doesn't seem like i get anything done,32,AH,7,medial,done,288,320,32,72,72,304,308,304,308,0.9836535910648296
t12.2022.07.29,train,vocal,t12.2022.07.27,92,it doesn't seem like i get anything done,33,N,7,final,done,292,324,32,73,73,308,312,308,312,0.9998655356914391
t12.2022.07.29,train,vocal,t12.2022.07.27,92,it doesn't seem like i get anything done,34,SIL,7,sil,done,296,348,52,74,79,312,336,312,336,0.9983501013209697
t12.2022.07.29,train,vocal,t12.2022.07.27,93,the boy's name has not been released,0,DH,0,initial,the,52,88,36,13,14,68,76,16,76,0.9489690776352523
t12.2022.07.29,train,vocal,t12.2022.07.27,93,the boy's name has not been released,1,AH,0,final,the,60,96,36,15,16,76,84,76,84,0.9028317788968316
t12.2022.07.29,train,vocal,t12.2022.07.27,93,the boy's name has not been released,2,SIL,0,sil,the,68,108,40,17,19,84,96,84,96,0.9996449873124363
t12.2022.07.29,train,vocal,t12.2022.07.27,93,the boy's name has not been released,3,B,1,initial,boy's,80,112,32,20,20,96,100,96,104,0.242430097685473
t12.2022.07.29,train,vocal,t12.2022.07.27,93,the boy's name has not been released,4,OY,1,medial,boy's,92,124,32,23,23,108,112,104,112,0.998574566449207
t12.2022.07.29,train,vocal,t12.2022.07.27,93,the boy's name has not been released,5,Z,1,final,boy's,96,128,32,24,24,112,116,112,120,0.012373816451656378
t12.2022.07.29,train,vocal,t12.2022.07.27,93,the boy's name has not been released,6,SIL,1,sil,boy's,104,148,44,26,29,120,136,120,136,0.9896255227079455
t12.2022.07.29,train,vocal,t12.2022.07.27,93,the boy's name has not been released,7,N,2,initial,name,120,152,32,30,30,136,140,136,144,0.014554863630636752
t12.2022.07.29,train,vocal,t12.2022.07.27,93,the boy's name has not been released,8,EY,2,medial,name,132,164,32,33,33,148,152,144,152,0.10106463276015448
t12.2022.07.29,train,vocal,t12.2022.07.27,93,the boy's name has not been released,9,M,2,final,name,136,176,40,34,36,152,164,152,164,0.9673538540556949
t12.2022.07.29,train,vocal,t12.2022.07.27,93,the boy's name has not been released,10,SIL,2,sil,name,148,196,48,37,41,164,184,164,188,0.997945942030808
t12.2022.07.29,train,vocal,t12.2022.07.27,93,the boy's name has not been released,11,HH,3,initial,has,172,204,32,43,43,188,192,188,192,0.010755078627806764
t12.2022.07.29,train,vocal,t12.2022.07.27,93,the boy's name has not been released,12,AE,3,medial,has,176,208,32,44,44,192,196,192,196,0.9244337665810607
t12.2022.07.29,train,vocal,t12.2022.07.27,93,the boy's name has not been released,13,Z,3,final,has,180,212,32,45,45,196,200,196,200,0.9994713590236645
t12.2022.07.29,train,vocal,t12.2022.07.27,93,the boy's name has not been released,14,SIL,3,sil,has,184,228,44,46,49,200,216,200,216,0.9954960483622297
t12.2022.07.29,train,vocal,t12.2022.07.27,93,the boy's name has not been released,15,N,4,initial,not,200,236,36,50,51,216,224,216,224,0.997443971621907
t12.2022.07.29,train,vocal,t12.2022.07.27,93,the boy's name has not been released,16,AA,4,medial,not,208,240,32,52,52,224,228,224,228,0.9972347105026808
t12.2022.07.29,train,vocal,t12.2022.07.27,93,the boy's name has not been released,17,T,4,final,not,212,248,36,53,54,228,236,228,236,0.9981681915725582
t12.2022.07.29,train,vocal,t12.2022.07.27,93,the boy's name has not been released,18,SIL,4,sil,not,220,264,44,55,58,236,252,236,252,0.9632405948051379
t12.2022.07.29,train,vocal,t12.2022.07.27,93,the boy's name has not been released,19,B,5,initial,been,236,268,32,59,59,252,256,252,260,0.9990512754886587
t12.2022.07.29,train,vocal,t12.2022.07.27,93,the boy's name has not been released,20,IH,5,medial,been,244,276,32,61,61,260,264,260,264,0.6230609791080618
t12.2022.07.29,train,vocal,t12.2022.07.27,93,the boy's name has not been released,21,N,5,final,been,248,280,32,62,62,264,268,264,268,0.9996201881609837
t12.2022.07.29,train,vocal,t12.2022.07.27,93,the boy's name has not been released,22,SIL,5,sil,been,252,320,68,63,72,268,308,268,308,0.9914746437486219
t12.2022.07.29,train,vocal,t12.2022.07.27,93,the boy's name has not been released,23,R,6,initial,released,292,324,32,73,73,308,312,308,316,0.9332801084340422
t12.2022.07.29,train,vocal,t12.2022.07.27,93,the boy's name has not been released,24,IY,6,medial,released,300,332,32,75,75,316,320,316,320,0.0216887370196948
t12.2022.07.29,train,vocal,t12.2022.07.27,93,the boy's name has not been released,25,L,6,medial,released,304,344,40,76,78,320,332,320,336,0.8606849653327058
t12.2022.07.29,train,vocal,t12.2022.07.27,93,the boy's name has not been released,26,IY,6,medial,released,320,352,32,80,80,336,340,336,340,0.0017601739003323268
t12.2022.07.29,train,vocal,t12.2022.07.27,93,the boy's name has not been released,27,S,6,medial,released,324,356,32,81,81,340,344,340,344,0.9993663326321723
t12.2022.07.29,train,vocal,t12.2022.07.27,93,the boy's name has not been released,28,T,6,final,released,328,360,32,82,82,344,348,344,348,0.0010669020385541553
t12.2022.07.29,train,vocal,t12.2022.07.27,93,the boy's name has not been released,29,SIL,6,sil,released,332,376,44,83,86,348,364,348,364,0.9997394112998306
t12.2022.07.29,train,vocal,t12.2022.07.27,94,you have a couple of choices here,0,Y,0,initial,you,48,80,32,12,12,64,68,16,72,0.999694527596427
t12.2022.07.29,train,vocal,t12.2022.07.27,94,you have a couple of choices here,1,UW,0,final,you,56,88,32,14,14,72,76,72,80,0.999997918276977
t12.2022.07.29,train,vocal,t12.2022.07.27,94,you have a couple of choices here,2,SIL,0,sil,you,64,100,36,16,17,80,88,80,88,0.9999833206860902
t12.2022.07.29,train,vocal,t12.2022.07.27,94,you have a couple of choices here,3,HH,1,initial,have,72,108,36,18,19,88,96,88,100,0.962072719198577
t12.2022.07.29,train,vocal,t12.2022.07.27,94,you have a couple of choices here,4,AE,1,medial,have,84,116,32,21,21,100,104,100,104,0.9999984970851575
t12.2022.07.29,train,vocal,t12.2022.07.27,94,you have a couple of choices here,5,V,1,final,have,88,120,32,22,22,104,108,104,108,0.9999854523396495
t12.2022.07.29,train,vocal,t12.2022.07.27,94,you have a couple of choices here,6,SIL,1,sil,have,92,132,40,23,25,108,120,108,124,0.993447585537761
t12.2022.07.29,train,vocal,t12.2022.07.27,94,you have a couple of choices here,7,AH,2,single,a,112,144,32,28,28,128,132,124,132,0.9999977167367949
t12.2022.07.29,train,vocal,t12.2022.07.27,94,you have a couple of choices here,8,SIL,2,sil,a,116,168,52,29,34,132,156,132,156,0.9221892186448329
t12.2022.07.29,train,vocal,t12.2022.07.27,94,you have a couple of choices here,9,K,3,initial,couple,140,172,32,35,35,156,160,156,164,0.9994020071065598
t12.2022.07.29,train,vocal,t12.2022.07.27,94,you have a couple of choices here,10,AH,3,medial,couple,152,184,32,38,38,168,172,164,172,0.9998493917872437
t12.2022.07.29,train,vocal,t12.2022.07.27,94,you have a couple of choices here,11,P,3,medial,couple,156,192,36,39,40,172,180,172,180,0.9961883338723954
t12.2022.07.29,train,vocal,t12.2022.07.27,94,you have a couple of choices here,12,AH,3,medial,couple,164,204,40,41,43,180,192,180,192,0.8785105162225807
t12.2022.07.29,train,vocal,t12.2022.07.27,94,you have a couple of choices here,13,L,3,final,couple,176,208,32,44,44,192,196,192,196,0.989747561234053
t12.2022.07.29,train,vocal,t12.2022.07.27,94,you have a couple of choices here,14,SIL,3,sil,couple,180,216,36,45,46,196,204,196,208,0.9653146117597697
t12.2022.07.29,train,vocal,t12.2022.07.27,94,you have a couple of choices here,15,AH,4,initial,of,192,224,32,48,48,208,212,208,212,0.9999958634466738
t12.2022.07.29,train,vocal,t12.2022.07.27,94,you have a couple of choices here,16,V,4,final,of,196,232,36,49,50,212,220,212,220,0.9982383383983308
t12.2022.07.29,train,vocal,t12.2022.07.27,94,you have a couple of choices here,17,SIL,4,sil,of,204,256,52,51,56,220,244,220,244,0.9001525104887477
t12.2022.07.29,train,vocal,t12.2022.07.27,94,you have a couple of choices here,18,CH,5,initial,choices,228,260,32,57,57,244,248,244,252,0.8978244873275464
t12.2022.07.29,train,vocal,t12.2022.07.27,94,you have a couple of choices here,19,OY,5,medial,choices,236,268,32,59,59,252,256,252,256,0.8734663387328689
t12.2022.07.29,train,vocal,t12.2022.07.27,94,you have a couple of choices here,20,S,5,medial,choices,240,272,32,60,60,256,260,256,260,0.35899361580152334
t12.2022.07.29,train,vocal,t12.2022.07.27,94,you have a couple of choices here,21,AH,5,medial,choices,244,276,32,61,61,260,264,260,264,8.450105629059204e-05
t12.2022.07.29,train,vocal,t12.2022.07.27,94,you have a couple of choices here,22,Z,5,final,choices,248,280,32,62,62,264,268,264,268,0.011913516214211132
t12.2022.07.29,train,vocal,t12.2022.07.27,94,you have a couple of choices here,23,SIL,5,sil,choices,252,300,48,63,67,268,288,268,288,0.9999652055977624
t12.2022.07.29,train,vocal,t12.2022.07.27,94,you have a couple of choices here,24,HH,6,initial,here,272,308,36,68,69,288,296,288,296,0.9633422791070747
t12.2022.07.29,train,vocal,t12.2022.07.27,94,you have a couple of choices here,25,IY,6,medial,here,280,312,32,70,70,296,300,296,300,0.9999937078607157
t12.2022.07.29,train,vocal,t12.2022.07.27,94,you have a couple of choices here,26,R,6,final,here,284,316,32,71,71,300,304,300,304,0.9996222187270356
t12.2022.07.29,train,vocal,t12.2022.07.27,94,you have a couple of choices here,27,SIL,6,sil,here,288,336,48,72,76,304,324,304,324,0.9930802450905988
t12.2022.07.29,train,vocal,t12.2022.07.27,95,i think that's a really interesting question,0,AY,0,single,i,44,80,36,11,12,60,68,16,68,0.8334363235787696
t12.2022.07.29,train,vocal,t12.2022.07.27,95,i think that's a really interesting question,1,SIL,0,sil,i,52,88,36,13,14,68,76,68,76,0.8826129259329883
t12.2022.07.29,train,vocal,t12.2022.07.27,95,i think that's a really interesting question,2,TH,1,initial,think,60,92,32,15,15,76,80,76,80,0.9999996903781952
t12.2022.07.29,train,vocal,t12.2022.07.27,95,i think that's a really interesting question,3,IH,1,medial,think,64,100,36,16,17,80,88,80,88,0.8482886400295908
t12.2022.07.29,train,vocal,t12.2022.07.27,95,i think that's a really interesting question,4,NG,1,medial,think,72,104,32,18,18,88,92,88,92,0.9999820250368403
t12.2022.07.29,train,vocal,t12.2022.07.27,95,i think that's a really interesting question,5,K,1,final,think,76,108,32,19,19,92,96,92,96,0.9998810344457615
t12.2022.07.29,train,vocal,t12.2022.07.27,95,i think that's a really interesting question,6,SIL,1,sil,think,80,116,36,20,21,96,104,96,104,0.9153644344164467
t12.2022.07.29,train,vocal,t12.2022.07.27,95,i think that's a really interesting question,7,DH,2,initial,that's,88,120,32,22,22,104,108,104,108,0.9998346830045719
t12.2022.07.29,train,vocal,t12.2022.07.27,95,i think that's a really interesting question,8,AE,2,medial,that's,92,124,32,23,23,108,112,108,112,0.9998801317784622
t12.2022.07.29,train,vocal,t12.2022.07.27,95,i think that's a really interesting question,9,T,2,medial,that's,96,128,32,24,24,112,116,112,116,0.999977941823972
t12.2022.07.29,train,vocal,t12.2022.07.27,95,i think that's a really interesting question,10,S,2,final,that's,100,136,36,25,26,116,124,116,124,0.9998976837667694
t12.2022.07.29,train,vocal,t12.2022.07.27,95,i think that's a really interesting question,11,SIL,2,sil,that's,108,144,36,27,28,124,132,124,136,0.979922789639408
t12.2022.07.29,train,vocal,t12.2022.07.27,95,i think that's a really interesting question,12,AH,3,single,a,124,156,32,31,31,140,144,136,144,0.9999996474111845
t12.2022.07.29,train,vocal,t12.2022.07.27,95,i think that's a really interesting question,13,SIL,3,sil,a,128,176,48,32,36,144,164,144,164,0.9031497770838938
t12.2022.07.29,train,vocal,t12.2022.07.27,95,i think that's a really interesting question,14,R,4,initial,really,148,184,36,37,38,164,172,164,176,0.9333148558855289
t12.2022.07.29,train,vocal,t12.2022.07.27,95,i think that's a really interesting question,15,IH,4,medial,really,160,192,32,40,40,176,180,176,180,0.9965084006660216
t12.2022.07.29,train,vocal,t12.2022.07.27,95,i think that's a really interesting question,16,L,4,medial,really,164,200,36,41,42,180,188,180,188,0.9998667614426939
t12.2022.07.29,train,vocal,t12.2022.07.27,95,i think that's a really interesting question,17,IY,4,final,really,172,208,36,43,44,188,196,188,196,0.9222885034217306
t12.2022.07.29,train,vocal,t12.2022.07.27,95,i think that's a really interesting question,18,SIL,4,sil,really,180,224,44,45,48,196,212,196,216,0.9999786169326982
t12.2022.07.29,train,vocal,t12.2022.07.27,95,i think that's a really interesting question,19,IH,5,initial,interesting,204,236,32,51,51,220,224,216,224,0.9967608618434437
t12.2022.07.29,train,vocal,t12.2022.07.27,95,i think that's a really interesting question,20,N,5,medial,interesting,208,240,32,52,52,224,228,224,228,0.9999936133715547
t12.2022.07.29,train,vocal,t12.2022.07.27,95,i think that's a really interesting question,21,T,5,medial,interesting,212,248,36,53,54,228,236,228,236,0.95059798846246
t12.2022.07.29,train,vocal,t12.2022.07.27,95,i think that's a really interesting question,22,R,5,medial,interesting,220,256,36,55,56,236,244,236,244,0.9754447742993291
t12.2022.07.29,train,vocal,t12.2022.07.27,95,i think that's a really interesting question,23,AH,5,medial,interesting,228,260,32,57,57,244,248,244,248,0.9633643640560532
t12.2022.07.29,train,vocal,t12.2022.07.27,95,i think that's a really interesting question,24,S,5,medial,interesting,232,264,32,58,58,248,252,248,252,0.9983452898967332
t12.2022.07.29,train,vocal,t12.2022.07.27,95,i think that's a really interesting question,25,T,5,medial,interesting,236,272,36,59,60,252,260,252,260,0.7307375100819471
t12.2022.07.29,train,vocal,t12.2022.07.27,95,i think that's a really interesting question,26,IH,5,medial,interesting,244,276,32,61,61,260,264,260,264,0.9999671664450452
t12.2022.07.29,train,vocal,t12.2022.07.27,95,i think that's a really interesting question,27,NG,5,final,interesting,248,284,36,62,63,264,272,264,272,0.8075559335962171
t12.2022.07.29,train,vocal,t12.2022.07.27,95,i think that's a really interesting question,28,SIL,5,sil,interesting,256,296,40,64,66,272,284,272,284,0.9998979880352655
t12.2022.07.29,train,vocal,t12.2022.07.27,95,i think that's a really interesting question,29,K,6,initial,question,268,300,32,67,67,284,288,284,292,0.3889029161697393
t12.2022.07.29,train,vocal,t12.2022.07.27,95,i think that's a really interesting question,30,W,6,medial,question,276,308,32,69,69,292,296,292,296,0.00135210246326187
t12.2022.07.29,train,vocal,t12.2022.07.27,95,i think that's a really interesting question,31,EH,6,medial,question,280,312,32,70,70,296,300,296,300,0.054559729836277375
t12.2022.07.29,train,vocal,t12.2022.07.27,95,i think that's a really interesting question,32,S,6,medial,question,284,316,32,71,71,300,304,300,304,0.40997367644392174
t12.2022.07.29,train,vocal,t12.2022.07.27,95,i think that's a really interesting question,33,CH,6,medial,question,288,320,32,72,72,304,308,304,308,0.0007072950111203047
t12.2022.07.29,train,vocal,t12.2022.07.27,95,i think that's a really interesting question,34,AH,6,medial,question,292,328,36,73,74,308,316,308,316,0.8317009903953116
t12.2022.07.29,train,vocal,t12.2022.07.27,95,i think that's a really interesting question,35,N,6,final,question,300,332,32,75,75,316,320,316,320,0.8817948411163736
t12.2022.07.29,train,vocal,t12.2022.07.27,95,i think that's a really interesting question,36,SIL,6,sil,question,304,348,44,76,79,320,336,320,336,0.9625817961451744
t12.2022.07.29,train,vocal,t12.2022.07.27,96,what do you mean by liberal,0,W,0,initial,what,24,56,32,6,6,40,44,16,44,0.9806780636823946
t12.2022.07.29,train,vocal,t12.2022.07.27,96,what do you mean by liberal,1,AH,0,medial,what,28,60,32,7,7,44,48,44,48,0.9995785457379579
t12.2022.07.29,train,vocal,t12.2022.07.27,96,what do you mean by liberal,2,T,0,final,what,32,64,32,8,8,48,52,48,52,0.9999725478564649
t12.2022.07.29,train,vocal,t12.2022.07.27,96,what do you mean by liberal,3,SIL,0,sil,what,36,76,40,9,11,52,64,52,64,0.9930538245634654
t12.2022.07.29,train,vocal,t12.2022.07.27,96,what do you mean by liberal,4,D,1,initial,do,48,80,32,12,12,64,68,64,72,0.8108370374377607
t12.2022.07.29,train,vocal,t12.2022.07.27,96,what do you mean by liberal,5,UW,1,final,do,56,88,32,14,14,72,76,72,80,0.999958226658519
t12.2022.07.29,train,vocal,t12.2022.07.27,96,what do you mean by liberal,6,SIL,1,sil,do,64,104,40,16,18,80,92,80,92,0.9188896786352472
t12.2022.07.29,train,vocal,t12.2022.07.27,96,what do you mean by liberal,7,Y,2,initial,you,76,108,32,19,19,92,96,92,96,0.9999982465238955
t12.2022.07.29,train,vocal,t12.2022.07.27,96,what do you mean by liberal,8,UW,2,final,you,80,112,32,20,20,96,100,96,100,0.9999537471664666
t12.2022.07.29,train,vocal,t12.2022.07.27,96,what do you mean by liberal,9,SIL,2,sil,you,84,132,48,21,25,100,120,100,120,0.9758725574356995
t12.2022.07.29,train,vocal,t12.2022.07.27,96,what do you mean by liberal,10,M,3,initial,mean,104,140,36,26,27,120,128,120,132,0.934013202957105
t12.2022.07.29,train,vocal,t12.2022.07.27,96,what do you mean by liberal,11,IY,3,medial,mean,116,148,32,29,29,132,136,132,136,0.9086099378788431
t12.2022.07.29,train,vocal,t12.2022.07.27,96,what do you mean by liberal,12,N,3,final,mean,120,160,40,30,32,136,148,136,148,0.9761979027823742
t12.2022.07.29,train,vocal,t12.2022.07.27,96,what do you mean by liberal,13,SIL,3,sil,mean,132,184,52,33,38,148,172,148,172,0.9875137555821251
t12.2022.07.29,train,vocal,t12.2022.07.27,96,what do you mean by liberal,14,B,4,initial,by,156,188,32,39,39,172,176,172,180,0.7753725278746864
t12.2022.07.29,train,vocal,t12.2022.07.27,96,what do you mean by liberal,15,AY,4,final,by,168,200,32,42,42,184,188,180,192,0.9211495781289832
t12.2022.07.29,train,vocal,t12.2022.07.27,96,what do you mean by liberal,16,SIL,4,sil,by,176,220,44,44,47,192,208,192,208,0.9940858774180765
t12.2022.07.29,train,vocal,t12.2022.07.27,96,what do you mean by liberal,17,L,5,initial,liberal,192,224,32,48,48,208,212,208,216,0.9993722967925344
t12.2022.07.29,train,vocal,t12.2022.07.27,96,what do you mean by liberal,18,IH,5,medial,liberal,200,232,32,50,50,216,220,216,220,0.07544946672756167
t12.2022.07.29,train,vocal,t12.2022.07.27,96,what do you mean by liberal,19,B,5,medial,liberal,204,236,32,51,51,220,224,220,224,0.6003100974520905
t12.2022.07.29,train,vocal,t12.2022.07.27,96,what do you mean by liberal,20,ER,5,medial,liberal,208,240,32,52,52,224,228,224,228,0.18534028023536625
t12.2022.07.29,train,vocal,t12.2022.07.27,96,what do you mean by liberal,21,AH,5,medial,liberal,212,256,44,53,56,228,244,228,244,0.8855834629229169
t12.2022.07.29,train,vocal,t12.2022.07.27,96,what do you mean by liberal,22,L,5,final,liberal,228,260,32,57,57,244,248,244,248,0.9998889266613781
t12.2022.07.29,train,vocal,t12.2022.07.27,96,what do you mean by liberal,23,SIL,5,sil,liberal,232,276,44,58,61,248,264,248,264,0.999333746979344
t12.2022.07.29,train,vocal,t12.2022.07.27,97,that was in the water,0,DH,0,initial,that,36,68,32,9,9,52,56,16,56,0.9956134499855808
t12.2022.07.29,train,vocal,t12.2022.07.27,97,that was in the water,1,AE,0,medial,that,40,76,36,10,11,56,64,56,64,0.7669579286973361
t12.2022.07.29,train,vocal,t12.2022.07.27,97,that was in the water,2,T,0,final,that,48,80,32,12,12,64,68,64,68,0.9999935616132458
t12.2022.07.29,train,vocal,t12.2022.07.27,97,that was in the water,3,SIL,0,sil,that,52,92,40,13,15,68,80,68,80,0.9971410829930701
t12.2022.07.29,train,vocal,t12.2022.07.27,97,that was in the water,4,W,1,initial,was,64,96,32,16,16,80,84,80,88,0.9999888285823613
t12.2022.07.29,train,vocal,t12.2022.07.27,97,that was in the water,5,AA,1,medial,was,72,104,32,18,18,88,92,88,92,0.9980603975540479
t12.2022.07.29,train,vocal,t12.2022.07.27,97,that was in the water,6,Z,1,final,was,76,108,32,19,19,92,96,92,96,0.9992175578841473
t12.2022.07.29,train,vocal,t12.2022.07.27,97,that was in the water,7,SIL,1,sil,was,80,120,40,20,22,96,108,96,112,0.998928828347073
t12.2022.07.29,train,vocal,t12.2022.07.27,97,that was in the water,8,IH,2,initial,in,96,128,32,24,24,112,116,112,116,0.9999998427400937
t12.2022.07.29,train,vocal,t12.2022.07.27,97,that was in the water,9,N,2,final,in,100,132,32,25,25,116,120,116,120,0.9999665743805564
t12.2022.07.29,train,vocal,t12.2022.07.27,97,that was in the water,10,SIL,2,sil,in,104,148,44,26,29,120,136,120,136,0.9883634206444963
t12.2022.07.29,train,vocal,t12.2022.07.27,97,that was in the water,11,DH,3,initial,the,120,156,36,30,31,136,144,136,144,0.999643446412388
t12.2022.07.29,train,vocal,t12.2022.07.27,97,that was in the water,12,AH,3,final,the,128,164,36,32,33,144,152,144,152,0.9090953901291567
t12.2022.07.29,train,vocal,t12.2022.07.27,97,that was in the water,13,SIL,3,sil,the,136,176,40,34,36,152,164,152,164,0.9995250861030541
t12.2022.07.29,train,vocal,t12.2022.07.27,97,that was in the water,14,W,4,initial,water,148,180,32,37,37,164,168,164,172,0.29306892063907963
t12.2022.07.29,train,vocal,t12.2022.07.27,97,that was in the water,15,AO,4,medial,water,156,188,32,39,39,172,176,172,176,0.9835246569474343
t12.2022.07.29,train,vocal,t12.2022.07.27,97,that was in the water,16,T,4,medial,water,160,192,32,40,40,176,180,176,180,0.7325808334665518
t12.2022.07.29,train,vocal,t12.2022.07.27,97,that was in the water,17,ER,4,final,water,164,204,40,41,43,180,192,180,192,0.8311211143986865
t12.2022.07.29,train,vocal,t12.2022.07.27,97,that was in the water,18,SIL,4,sil,water,176,224,48,44,48,192,212,192,212,0.9999901610492792
t12.2022.07.29,train,vocal,t12.2022.07.27,98,i don't usually like them,0,AY,0,single,i,48,80,32,12,12,64,68,16,68,0.9999996028816338
t12.2022.07.29,train,vocal,t12.2022.07.27,98,i don't usually like them,1,SIL,0,sil,i,52,96,44,13,16,68,84,68,84,0.9225500350510165
t12.2022.07.29,train,vocal,t12.2022.07.27,98,i don't usually like them,2,D,1,initial,don't,68,100,32,17,17,84,88,84,88,0.9999995600696395
t12.2022.07.29,train,vocal,t12.2022.07.27,98,i don't usually like them,3,OW,1,medial,don't,72,108,36,18,19,88,96,88,96,0.7859397641247448
t12.2022.07.29,train,vocal,t12.2022.07.27,98,i don't usually like them,4,N,1,medial,don't,80,112,32,20,20,96,100,96,100,0.9999940402598584
t12.2022.07.29,train,vocal,t12.2022.07.27,98,i don't usually like them,5,T,1,final,don't,84,120,36,21,22,100,108,100,108,0.9998896647720542
t12.2022.07.29,train,vocal,t12.2022.07.27,98,i don't usually like them,6,SIL,1,sil,don't,92,128,36,23,24,108,116,108,116,0.9987935967907735
t12.2022.07.29,train,vocal,t12.2022.07.27,98,i don't usually like them,7,Y,2,initial,usually,100,136,36,25,26,116,124,116,124,0.8145262210373512
t12.2022.07.29,train,vocal,t12.2022.07.27,98,i don't usually like them,8,UW,2,medial,usually,108,140,32,27,27,124,128,124,128,0.9995975953863628
t12.2022.07.29,train,vocal,t12.2022.07.27,98,i don't usually like them,9,ZH,2,medial,usually,112,144,32,28,28,128,132,128,132,0.8083628191370382
t12.2022.07.29,train,vocal,t12.2022.07.27,98,i don't usually like them,10,AH,2,medial,usually,116,148,32,29,29,132,136,132,136,0.9978557429522915
t12.2022.07.29,train,vocal,t12.2022.07.27,98,i don't usually like them,11,W,2,medial,usually,120,152,32,30,30,136,140,136,140,0.9815181178725729
t12.2022.07.29,train,vocal,t12.2022.07.27,98,i don't usually like them,12,AH,2,medial,usually,124,156,32,31,31,140,144,140,144,0.6824829562329715
t12.2022.07.29,train,vocal,t12.2022.07.27,98,i don't usually like them,13,L,2,medial,usually,128,160,32,32,32,144,148,144,148,0.9915538687342614
t12.2022.07.29,train,vocal,t12.2022.07.27,98,i don't usually like them,14,IY,2,final,usually,132,168,36,33,34,148,156,148,156,0.9677926783831168
t12.2022.07.29,train,vocal,t12.2022.07.27,98,i don't usually like them,15,SIL,2,sil,usually,140,172,32,35,35,156,160,156,160,0.9999146519278994
t12.2022.07.29,train,vocal,t12.2022.07.27,98,i don't usually like them,16,L,3,initial,like,144,176,32,36,36,160,164,160,168,0.988619863415154
t12.2022.07.29,train,vocal,t12.2022.07.27,98,i don't usually like them,17,AY,3,medial,like,152,184,32,38,38,168,172,168,172,0.9969374659154754
t12.2022.07.29,train,vocal,t12.2022.07.27,98,i don't usually like them,18,K,3,final,like,156,192,36,39,40,172,180,172,180,0.979617023286806
t12.2022.07.29,train,vocal,t12.2022.07.27,98,i don't usually like them,19,SIL,3,sil,like,164,208,44,41,44,180,196,180,196,0.9981920648945063
t12.2022.07.29,train,vocal,t12.2022.07.27,98,i don't usually like them,20,DH,4,initial,them,180,212,32,45,45,196,200,196,204,0.9998697514363525
t12.2022.07.29,train,vocal,t12.2022.07.27,98,i don't usually like them,21,EH,4,medial,them,188,220,32,47,47,204,208,204,208,0.9997011643703196
t12.2022.07.29,train,vocal,t12.2022.07.27,98,i don't usually like them,22,M,4,final,them,192,224,32,48,48,208,212,208,212,0.9999806120998387
t12.2022.07.29,train,vocal,t12.2022.07.27,98,i don't usually like them,23,SIL,4,sil,them,196,244,48,49,53,212,232,212,232,0.9999130191733878
t12.2022.07.29,train,vocal,t12.2022.07.27,99,they would eat you,0,DH,0,initial,they,8,44,36,2,3,24,32,16,32,0.9962900602167877
t12.2022.07.29,train,vocal,t12.2022.07.27,99,they would eat you,1,EY,0,final,they,16,48,32,4,4,32,36,32,40,0.9999957661922321
t12.2022.07.29,train,vocal,t12.2022.07.27,99,they would eat you,2,SIL,0,sil,they,24,64,40,6,8,40,52,40,52,0.9980696353946229
t12.2022.07.29,train,vocal,t12.2022.07.27,99,they would eat you,3,W,1,initial,would,36,68,32,9,9,52,56,52,60,0.9999982365335697
t12.2022.07.29,train,vocal,t12.2022.07.27,99,they would eat you,4,UH,1,medial,would,44,76,32,11,11,60,64,60,64,0.9766451511683498
t12.2022.07.29,train,vocal,t12.2022.07.27,99,they would eat you,5,D,1,final,would,48,80,32,12,12,64,68,64,68,0.8735332738573561
t12.2022.07.29,train,vocal,t12.2022.07.27,99,they would eat you,6,SIL,1,sil,would,52,92,40,13,15,68,80,68,84,0.9853220253759652
t12.2022.07.29,train,vocal,t12.2022.07.27,99,they would eat you,7,IY,2,initial,eat,72,104,32,18,18,88,92,84,92,0.11984879502977192
t12.2022.07.29,train,vocal,t12.2022.07.27,99,they would eat you,8,T,2,final,eat,76,108,32,19,19,92,96,92,96,0.9997904906993096
t12.2022.07.29,train,vocal,t12.2022.07.27,99,they would eat you,9,SIL,2,sil,eat,80,120,40,20,22,96,108,96,108,0.9993208246192151
t12.2022.07.29,train,vocal,t12.2022.07.27,99,they would eat you,10,Y,3,initial,you,92,124,32,23,23,108,112,108,112,0.9999897821666235
t12.2022.07.29,train,vocal,t12.2022.07.27,99,they would eat you,11,UW,3,final,you,96,132,36,24,25,112,120,112,120,0.9881501319236111
t12.2022.07.29,train,vocal,t12.2022.07.27,99,they would eat you,12,SIL,3,sil,you,104,148,44,26,29,120,136,120,136,0.9999696682747415
t12.2022.07.29,train,vocal,t12.2022.07.27,100,he was still a young boy when his father died,0,HH,0,initial,he,32,68,36,8,9,48,56,16,56,0.9581207164612402
t12.2022.07.29,train,vocal,t12.2022.07.27,100,he was still a young boy when his father died,1,IY,0,final,he,40,72,32,10,10,56,60,56,64,0.9994104501450353
t12.2022.07.29,train,vocal,t12.2022.07.27,100,he was still a young boy when his father died,2,SIL,0,sil,he,48,88,40,12,14,64,76,64,76,0.9971467425955803
t12.2022.07.29,train,vocal,t12.2022.07.27,100,he was still a young boy when his father died,3,W,1,initial,was,60,92,32,15,15,76,80,76,84,0.9999875011377022
t12.2022.07.29,train,vocal,t12.2022.07.27,100,he was still a young boy when his father died,4,AA,1,medial,was,68,100,32,17,17,84,88,84,88,0.999995886358542
t12.2022.07.29,train,vocal,t12.2022.07.27,100,he was still a young boy when his father died,5,Z,1,final,was,72,104,32,18,18,88,92,88,92,0.999994500567157
t12.2022.07.29,train,vocal,t12.2022.07.27,100,he was still a young boy when his father died,6,SIL,1,sil,was,76,112,36,19,20,92,100,92,100,0.997519049625484
t12.2022.07.29,train,vocal,t12.2022.07.27,100,he was still a young boy when his father died,7,S,2,initial,still,84,116,32,21,21,100,104,100,104,0.00036690673296388947
t12.2022.07.29,train,vocal,t12.2022.07.27,100,he was still a young boy when his father died,8,T,2,medial,still,88,120,32,22,22,104,108,104,108,0.8695730262089229
t12.2022.07.29,train,vocal,t12.2022.07.27,100,he was still a young boy when his father died,9,IH,2,medial,still,92,124,32,23,23,108,112,108,112,0.9971972432257141
t12.2022.07.29,train,vocal,t12.2022.07.27,100,he was still a young boy when his father died,10,L,2,final,still,96,132,36,24,25,112,120,112,120,0.9172769869173034
t12.2022.07.29,train,vocal,t12.2022.07.27,100,he was still a young boy when his father died,11,SIL,2,sil,still,104,140,36,26,27,120,128,120,132,0.9967165251589447
t12.2022.07.29,train,vocal,t12.2022.07.27,100,he was still a young boy when his father died,12,AH,3,single,a,120,152,32,30,30,136,140,132,140,0.9999687236394647
t12.2022.07.29,train,vocal,t12.2022.07.27,100,he was still a young boy when his father died,13,SIL,3,sil,a,124,172,48,31,35,140,160,140,160,0.9961060665069045
t12.2022.07.29,train,vocal,t12.2022.07.27,100,he was still a young boy when his father died,14,Y,4,initial,young,144,176,32,36,36,160,164,160,168,0.28570008584616075
t12.2022.07.29,train,vocal,t12.2022.07.27,100,he was still a young boy when his father died,15,AH,4,medial,young,152,184,32,38,38,168,172,168,172,0.8234628199557813
t12.2022.07.29,train,vocal,t12.2022.07.27,100,he was still a young boy when his father died,16,NG,4,final,young,156,192,36,39,40,172,180,172,184,0.8515966969989399
t12.2022.07.29,train,vocal,t12.2022.07.27,100,he was still a young boy when his father died,17,SIL,4,sil,young,168,212,44,42,45,184,200,184,200,0.9961676299430929
t12.2022.07.29,train,vocal,t12.2022.07.27,100,he was still a young boy when his father died,18,B,5,initial,boy,184,216,32,46,46,200,204,200,208,0.0971474242757093
t12.2022.07.29,train,vocal,t12.2022.07.27,100,he was still a young boy when his father died,19,OY,5,final,boy,196,228,32,49,49,212,216,208,220,0.9182789186688068
t12.2022.07.29,train,vocal,t12.2022.07.27,100,he was still a young boy when his father died,20,SIL,5,sil,boy,204,260,56,51,57,220,248,220,248,0.9321104392474787
t12.2022.07.29,train,vocal,t12.2022.07.27,100,he was still a young boy when his father died,21,W,6,initial,when,232,264,32,58,58,248,252,248,256,0.9998533500347578
t12.2022.07.29,train,vocal,t12.2022.07.27,100,he was still a young boy when his father died,22,EH,6,medial,when,240,272,32,60,60,256,260,256,260,0.9993926381368023
t12.2022.07.29,train,vocal,t12.2022.07.27,100,he was still a young boy when his father died,23,N,6,final,when,244,280,36,61,62,260,268,260,268,0.9365604385505764
t12.2022.07.29,train,vocal,t12.2022.07.27,100,he was still a young boy when his father died,24,SIL,6,sil,when,252,292,40,63,65,268,280,268,280,0.8977897299907683
t12.2022.07.29,train,vocal,t12.2022.07.27,100,he was still a young boy when his father died,25,HH,7,initial,his,264,296,32,66,66,280,284,280,284,0.08015952376169289
t12.2022.07.29,train,vocal,t12.2022.07.27,100,he was still a young boy when his father died,26,IH,7,medial,his,268,300,32,67,67,284,288,284,288,0.975918262903895
t12.2022.07.29,train,vocal,t12.2022.07.27,100,he was still a young boy when his father died,27,Z,7,final,his,272,304,32,68,68,288,292,288,292,0.9998807107446379
t12.2022.07.29,train,vocal,t12.2022.07.27,100,he was still a young boy when his father died,28,SIL,7,sil,his,276,316,40,69,71,292,304,292,304,0.9993282846320439
t12.2022.07.29,train,vocal,t12.2022.07.27,100,he was still a young boy when his father died,29,F,8,initial,father,288,320,32,72,72,304,308,304,312,0.5859860219083595
t12.2022.07.29,train,vocal,t12.2022.07.27,100,he was still a young boy when his father died,30,AA,8,medial,father,300,332,32,75,75,316,320,312,320,0.9966275098039217
t12.2022.07.29,train,vocal,t12.2022.07.27,100,he was still a young boy when his father died,31,DH,8,medial,father,304,336,32,76,76,320,324,320,324,0.9995493751538219
t12.2022.07.29,train,vocal,t12.2022.07.27,100,he was still a young boy when his father died,32,ER,8,final,father,308,344,36,77,78,324,332,324,332,0.7160805041374594
t12.2022.07.29,train,vocal,t12.2022.07.27,100,he was still a young boy when his father died,33,SIL,8,sil,father,316,364,48,79,83,332,352,332,352,0.989148759296256
t12.2022.07.29,train,vocal,t12.2022.07.27,100,he was still a young boy when his father died,34,D,9,initial,died,336,368,32,84,84,352,356,352,360,0.9573062029851729
t12.2022.07.29,train,vocal,t12.2022.07.27,100,he was still a young boy when his father died,35,AY,9,medial,died,344,376,32,86,86,360,364,360,364,0.9980151243903154
t12.2022.07.29,train,vocal,t12.2022.07.27,100,he was still a young boy when his father died,36,D,9,final,died,348,384,36,87,88,364,372,364,372,0.9986961016370466
t12.2022.07.29,train,vocal,t12.2022.07.27,100,he was still a young boy when his father died,37,SIL,9,sil,died,356,408,52,89,94,372,396,372,396,0.9774699267475916
t12.2022.07.29,train,vocal,t12.2022.07.27,101,you mentioned the gasoline credit card,0,Y,0,initial,you,76,108,32,19,19,92,96,16,96,0.9999970801281843
t12.2022.07.29,train,vocal,t12.2022.07.27,101,you mentioned the gasoline credit card,1,UW,0,final,you,80,112,32,20,20,96,100,96,100,0.999974614255463
t12.2022.07.29,train,vocal,t12.2022.07.27,101,you mentioned the gasoline credit card,2,SIL,0,sil,you,84,128,44,21,24,100,116,100,116,0.8515914577022754
t12.2022.07.29,train,vocal,t12.2022.07.27,101,you mentioned the gasoline credit card,3,M,1,initial,mentioned,100,132,32,25,25,116,120,116,124,0.998722952121149
t12.2022.07.29,train,vocal,t12.2022.07.27,101,you mentioned the gasoline credit card,4,EH,1,medial,mentioned,108,140,32,27,27,124,128,124,128,0.6327400340948158
t12.2022.07.29,train,vocal,t12.2022.07.27,101,you mentioned the gasoline credit card,5,N,1,medial,mentioned,112,144,32,28,28,128,132,128,132,0.9833248900912243
t12.2022.07.29,train,vocal,t12.2022.07.27,101,you mentioned the gasoline credit card,6,SH,1,medial,mentioned,116,148,32,29,29,132,136,132,136,0.029642478708526283
t12.2022.07.29,train,vocal,t12.2022.07.27,101,you mentioned the gasoline credit card,7,AH,1,medial,mentioned,120,152,32,30,30,136,140,136,140,0.6055781437754884
t12.2022.07.29,train,vocal,t12.2022.07.27,101,you mentioned the gasoline credit card,8,N,1,medial,mentioned,124,156,32,31,31,140,144,140,144,0.4282725374687472
t12.2022.07.29,train,vocal,t12.2022.07.27,101,you mentioned the gasoline credit card,9,D,1,final,mentioned,128,164,36,32,33,144,152,144,152,0.758827025058672
t12.2022.07.29,train,vocal,t12.2022.07.27,101,you mentioned the gasoline credit card,10,SIL,1,sil,mentioned,136,172,36,34,35,152,160,152,160,0.9998400462400581
t12.2022.07.29,train,vocal,t12.2022.07.27,101,you mentioned the gasoline credit card,11,DH,2,initial,the,144,176,32,36,36,160,164,160,168,0.9996942378517385
t12.2022.07.29,train,vocal,t12.2022.07.27,101,you mentioned the gasoline credit card,12,AH,2,final,the,152,184,32,38,38,168,172,168,172,0.9999935195507944
t12.2022.07.29,train,vocal,t12.2022.07.27,101,you mentioned the gasoline credit card,13,SIL,2,sil,the,156,200,44,39,42,172,188,172,188,0.9082577672383343
t12.2022.07.29,train,vocal,t12.2022.07.27,101,you mentioned the gasoline credit card,14,G,3,initial,gasoline,172,204,32,43,43,188,192,188,196,0.0020443920194358383
t12.2022.07.29,train,vocal,t12.2022.07.27,101,you mentioned the gasoline credit card,15,AE,3,medial,gasoline,180,212,32,45,45,196,200,196,200,0.9645225156007771
t12.2022.07.29,train,vocal,t12.2022.07.27,101,you mentioned the gasoline credit card,16,S,3,medial,gasoline,184,216,32,46,46,200,204,200,204,0.15084858554725522
t12.2022.07.29,train,vocal,t12.2022.07.27,101,you mentioned the gasoline credit card,17,AH,3,medial,gasoline,188,224,36,47,48,204,212,204,212,0.8331013821039917
t12.2022.07.29,train,vocal,t12.2022.07.27,101,you mentioned the gasoline credit card,18,L,3,medial,gasoline,196,232,36,49,50,212,220,212,220,0.9582991756176358
t12.2022.07.29,train,vocal,t12.2022.07.27,101,you mentioned the gasoline credit card,19,IY,3,medial,gasoline,204,236,32,51,51,220,224,220,224,0.003725070993627397
t12.2022.07.29,train,vocal,t12.2022.07.27,101,you mentioned the gasoline credit card,20,N,3,final,gasoline,208,244,36,52,53,224,232,224,232,0.7367600200324137
t12.2022.07.29,train,vocal,t12.2022.07.27,101,you mentioned the gasoline credit card,21,SIL,3,sil,gasoline,216,260,44,54,57,232,248,232,248,0.9743312283897487
t12.2022.07.29,train,vocal,t12.2022.07.27,101,you mentioned the gasoline credit card,22,K,4,initial,credit,232,264,32,58,58,248,252,248,252,0.615921400120029
t12.2022.07.29,train,vocal,t12.2022.07.27,101,you mentioned the gasoline credit card,23,R,4,medial,credit,236,268,32,59,59,252,256,252,260,0.9004947147309963
t12.2022.07.29,train,vocal,t12.2022.07.27,101,you mentioned the gasoline credit card,24,EH,4,medial,credit,244,276,32,61,61,260,264,260,264,0.6943648539157649
t12.2022.07.29,train,vocal,t12.2022.07.27,101,you mentioned the gasoline credit card,25,D,4,medial,credit,248,280,32,62,62,264,268,264,268,0.2853445604929884
t12.2022.07.29,train,vocal,t12.2022.07.27,101,you mentioned the gasoline credit card,26,AH,4,medial,credit,252,284,32,63,63,268,272,268,272,0.02426436420935242
t12.2022.07.29,train,vocal,t12.2022.07.27,101,you mentioned the gasoline credit card,27,T,4,final,credit,256,288,32,64,64,272,276,272,276,0.07076862557936654
t12.2022.07.29,train,vocal,t12.2022.07.27,101,you mentioned the gasoline credit card,28,SIL,4,sil,credit,260,296,36,65,66,276,284,276,284,0.9704992784076507
t12.2022.07.29,train,vocal,t12.2022.07.27,101,you mentioned the gasoline credit card,29,K,5,initial,card,268,300,32,67,67,284,288,284,288,0.7419550184378912
t12.2022.07.29,train,vocal,t12.2022.07.27,101,you mentioned the gasoline credit card,30,AA,5,medial,card,272,304,32,68,68,288,292,288,292,0.9995825304319448
t12.2022.07.29,train,vocal,t12.2022.07.27,101,you mentioned the gasoline credit card,31,R,5,medial,card,276,308,32,69,69,292,296,292,296,0.9936556284472909
t12.2022.07.29,train,vocal,t12.2022.07.27,101,you mentioned the gasoline credit card,32,D,5,final,card,280,312,32,70,70,296,300,296,300,0.999822050248618
t12.2022.07.29,train,vocal,t12.2022.07.27,101,you mentioned the gasoline credit card,33,SIL,5,sil,card,284,336,52,71,76,300,324,300,324,0.9997802310606279
t12.2022.07.29,train,vocal,t12.2022.07.27,102,there are no reports of casualties,0,DH,0,initial,there,28,60,32,7,7,44,48,16,52,0.9998181709018102
t12.2022.07.29,train,vocal,t12.2022.07.27,102,there are no reports of casualties,1,EH,0,medial,there,36,68,32,9,9,52,56,52,56,0.9999989432035031
t12.2022.07.29,train,vocal,t12.2022.07.27,102,there are no reports of casualties,2,R,0,final,there,40,72,32,10,10,56,60,56,60,0.9999951015423554
t12.2022.07.29,train,vocal,t12.2022.07.27,102,there are no reports of casualties,3,SIL,0,sil,there,44,80,36,11,12,60,68,60,72,0.9938412413458313
t12.2022.07.29,train,vocal,t12.2022.07.27,102,there are no reports of casualties,4,AA,1,initial,are,60,92,32,15,15,76,80,72,80,0.9520068082562475
t12.2022.07.29,train,vocal,t12.2022.07.27,102,there are no reports of casualties,5,R,1,final,are,64,96,32,16,16,80,84,80,84,0.9999596798933857
t12.2022.07.29,train,vocal,t12.2022.07.27,102,there are no reports of casualties,6,SIL,1,sil,are,68,104,36,17,18,84,92,84,92,0.984530623051572
t12.2022.07.29,train,vocal,t12.2022.07.27,102,there are no reports of casualties,7,N,2,initial,no,76,112,36,19,20,92,100,92,104,0.9996395068281639
t12.2022.07.29,train,vocal,t12.2022.07.27,102,there are no reports of casualties,8,OW,2,final,no,88,120,32,22,22,104,108,104,112,0.9883852395236804
t12.2022.07.29,train,vocal,t12.2022.07.27,102,there are no reports of casualties,9,SIL,2,sil,no,96,156,60,24,31,112,144,112,144,0.9943405452351269
t12.2022.07.29,train,vocal,t12.2022.07.27,102,there are no reports of casualties,10,R,3,initial,reports,128,160,32,32,32,144,148,144,152,0.9990654005019111
t12.2022.07.29,train,vocal,t12.2022.07.27,102,there are no reports of casualties,11,IH,3,medial,reports,136,168,32,34,34,152,156,152,156,0.9605031405784825
t12.2022.07.29,train,vocal,t12.2022.07.27,102,there are no reports of casualties,12,P,3,medial,reports,140,176,36,35,36,156,164,156,168,0.7902462742703779
t12.2022.07.29,train,vocal,t12.2022.07.27,102,there are no reports of casualties,13,AO,3,medial,reports,152,184,32,38,38,168,172,168,172,0.17212935216076736
t12.2022.07.29,train,vocal,t12.2022.07.27,102,there are no reports of casualties,14,R,3,medial,reports,156,188,32,39,39,172,176,172,176,0.13685989127240672
t12.2022.07.29,train,vocal,t12.2022.07.27,102,there are no reports of casualties,15,T,3,medial,reports,160,196,36,40,41,176,184,176,184,0.9816739613220411
t12.2022.07.29,train,vocal,t12.2022.07.27,102,there are no reports of casualties,16,S,3,final,reports,168,200,32,42,42,184,188,184,188,0.4863017942466346
t12.2022.07.29,train,vocal,t12.2022.07.27,102,there are no reports of casualties,17,SIL,3,sil,reports,172,208,36,43,44,188,196,188,200,0.9994865155510295
t12.2022.07.29,train,vocal,t12.2022.07.27,102,there are no reports of casualties,18,AH,4,initial,of,188,220,32,47,47,204,208,200,208,0.9999994483935263
t12.2022.07.29,train,vocal,t12.2022.07.27,102,there are no reports of casualties,19,V,4,final,of,192,224,32,48,48,208,212,208,212,0.9999991640591501
t12.2022.07.29,train,vocal,t12.2022.07.27,102,there are no reports of casualties,20,SIL,4,sil,of,196,240,44,49,52,212,228,212,228,0.9781550594239521
t12.2022.07.29,train,vocal,t12.2022.07.27,102,there are no reports of casualties,21,K,5,initial,casualties,212,244,32,53,53,228,232,228,236,0.6973882859891762
t12.2022.07.29,train,vocal,t12.2022.07.27,102,there are no reports of casualties,22,AE,5,medial,casualties,220,252,32,55,55,236,240,236,240,0.8328766429958029
t12.2022.07.29,train,vocal,t12.2022.07.27,102,there are no reports of casualties,23,ZH,5,medial,casualties,224,256,32,56,56,240,244,240,244,0.17426618730695648
t12.2022.07.29,train,vocal,t12.2022.07.27,102,there are no reports of casualties,24,AH,5,medial,casualties,228,260,32,57,57,244,248,244,248,0.8981597372758279
t12.2022.07.29,train,vocal,t12.2022.07.27,102,there are no reports of casualties,25,W,5,medial,casualties,232,264,32,58,58,248,252,248,252,0.4960170217952105
t12.2022.07.29,train,vocal,t12.2022.07.27,102,there are no reports of casualties,26,AH,5,medial,casualties,236,268,32,59,59,252,256,252,256,0.5130395973988254
t12.2022.07.29,train,vocal,t12.2022.07.27,102,there are no reports of casualties,27,L,5,medial,casualties,240,272,32,60,60,256,260,256,260,0.9953356274395828
t12.2022.07.29,train,vocal,t12.2022.07.27,102,there are no reports of casualties,28,T,5,medial,casualties,244,280,36,61,62,260,268,260,268,0.732629432268717
t12.2022.07.29,train,vocal,t12.2022.07.27,102,there are no reports of casualties,29,IY,5,medial,casualties,252,284,32,63,63,268,272,268,272,0.9181121865804437
t12.2022.07.29,train,vocal,t12.2022.07.27,102,there are no reports of casualties,30,Z,5,final,casualties,256,288,32,64,64,272,276,272,276,0.9983324368798024
t12.2022.07.29,train,vocal,t12.2022.07.27,102,there are no reports of casualties,31,SIL,5,sil,casualties,260,312,52,65,70,276,300,276,300,0.9483602224774857
t12.2022.07.29,train,vocal,t12.2022.07.27,103,entirely too fast,0,IH,0,initial,entirely,32,64,32,8,8,48,52,16,52,0.9588885964692658
t12.2022.07.29,train,vocal,t12.2022.07.27,103,entirely too fast,1,N,0,medial,entirely,36,68,32,9,9,52,56,52,56,0.9999331636649165
t12.2022.07.29,train,vocal,t12.2022.07.27,103,entirely too fast,2,T,0,medial,entirely,40,72,32,10,10,56,60,56,64,0.3544425002352255
t12.2022.07.29,train,vocal,t12.2022.07.27,103,entirely too fast,3,AY,0,medial,entirely,52,84,32,13,13,68,72,64,72,0.09695594617946075
t12.2022.07.29,train,vocal,t12.2022.07.27,103,entirely too fast,4,ER,0,medial,entirely,56,88,32,14,14,72,76,72,76,3.782860286305574e-06
t12.2022.07.29,train,vocal,t12.2022.07.27,103,entirely too fast,5,L,0,medial,entirely,60,100,40,15,17,76,88,76,88,0.5435470935040679
t12.2022.07.29,train,vocal,t12.2022.07.27,103,entirely too fast,6,IY,0,final,entirely,72,108,36,18,19,88,96,88,96,0.997849022586758
t12.2022.07.29,train,vocal,t12.2022.07.27,103,entirely too fast,7,SIL,0,sil,entirely,80,116,36,20,21,96,104,96,104,0.9995452629174397
t12.2022.07.29,train,vocal,t12.2022.07.27,103,entirely too fast,8,T,1,initial,too,88,120,32,22,22,104,108,104,108,0.9999858784035087
t12.2022.07.29,train,vocal,t12.2022.07.27,103,entirely too fast,9,UW,1,final,too,92,128,36,23,24,108,116,108,116,0.8793806900708858
t12.2022.07.29,train,vocal,t12.2022.07.27,103,entirely too fast,10,SIL,1,sil,too,100,144,44,25,28,116,132,116,132,0.9996369974760626
t12.2022.07.29,train,vocal,t12.2022.07.27,103,entirely too fast,11,F,2,initial,fast,116,148,32,29,29,132,136,132,140,0.2218899839401184
t12.2022.07.29,train,vocal,t12.2022.07.27,103,entirely too fast,12,AE,2,medial,fast,124,156,32,31,31,140,144,140,144,0.9865555938462407
t12.2022.07.29,train,vocal,t12.2022.07.27,103,entirely too fast,13,S,2,medial,fast,128,160,32,32,32,144,148,144,148,0.9968354099267325
t12.2022.07.29,train,vocal,t12.2022.07.27,103,entirely too fast,14,T,2,final,fast,132,164,32,33,33,148,152,148,152,0.03873066735007837
t12.2022.07.29,train,vocal,t12.2022.07.27,103,entirely too fast,15,SIL,2,sil,fast,136,184,48,34,38,152,172,152,172,0.9987538483075455
t12.2022.07.29,train,vocal,t12.2022.07.27,104,obama immediately said he would veto the measure,0,OW,0,initial,obama,64,96,32,16,16,80,84,16,84,0.025515811415272593
t12.2022.07.29,train,vocal,t12.2022.07.27,104,obama immediately said he would veto the measure,1,B,0,medial,obama,68,100,32,17,17,84,88,84,92,0.6935310532448704
t12.2022.07.29,train,vocal,t12.2022.07.27,104,obama immediately said he would veto the measure,2,AA,0,medial,obama,80,112,32,20,20,96,100,92,100,0.03817517979452203
t12.2022.07.29,train,vocal,t12.2022.07.27,104,obama immediately said he would veto the measure,3,M,0,medial,obama,84,116,32,21,21,100,104,100,104,0.22725290421835237
t12.2022.07.29,train,vocal,t12.2022.07.27,104,obama immediately said he would veto the measure,4,AH,0,final,obama,88,120,32,22,22,104,108,104,112,0.0031068241935147834
t12.2022.07.29,train,vocal,t12.2022.07.27,104,obama immediately said he would veto the measure,5,SIL,0,sil,obama,96,140,44,24,27,112,128,112,132,0.806432714625839
t12.2022.07.29,train,vocal,t12.2022.07.27,104,obama immediately said he would veto the measure,6,IH,1,initial,immediately,120,152,32,30,30,136,140,132,140,0.4068383687076287
t12.2022.07.29,train,vocal,t12.2022.07.27,104,obama immediately said he would veto the measure,7,M,1,medial,immediately,124,160,36,31,32,140,148,140,152,0.7356347452654066
t12.2022.07.29,train,vocal,t12.2022.07.27,104,obama immediately said he would veto the measure,8,IY,1,medial,immediately,140,172,32,35,35,156,160,152,160,0.013042481275734383
t12.2022.07.29,train,vocal,t12.2022.07.27,104,obama immediately said he would veto the measure,9,D,1,medial,immediately,144,176,32,36,36,160,164,160,164,0.028692488443495107
t12.2022.07.29,train,vocal,t12.2022.07.27,104,obama immediately said he would veto the measure,10,IY,1,medial,immediately,148,180,32,37,37,164,168,164,168,0.0004444115427828031
t12.2022.07.29,train,vocal,t12.2022.07.27,104,obama immediately said he would veto the measure,11,AH,1,medial,immediately,152,184,32,38,38,168,172,168,172,0.7634347098734715
t12.2022.07.29,train,vocal,t12.2022.07.27,104,obama immediately said he would veto the measure,12,T,1,medial,immediately,156,188,32,39,39,172,176,172,176,0.412481071419611
t12.2022.07.29,train,vocal,t12.2022.07.27,104,obama immediately said he would veto the measure,13,L,1,medial,immediately,160,192,32,40,40,176,180,176,180,0.020884490214532852
t12.2022.07.29,train,vocal,t12.2022.07.27,104,obama immediately said he would veto the measure,14,IY,1,final,immediately,164,200,36,41,42,180,188,180,188,0.8397641327263874
t12.2022.07.29,train,vocal,t12.2022.07.27,104,obama immediately said he would veto the measure,15,SIL,1,sil,immediately,172,204,32,43,43,188,192,188,192,0.93166161219742
t12.2022.07.29,train,vocal,t12.2022.07.27,104,obama immediately said he would veto the measure,16,S,2,initial,said,176,212,36,44,45,192,200,192,200,0.9974174585877384
t12.2022.07.29,train,vocal,t12.2022.07.27,104,obama immediately said he would veto the measure,17,EH,2,medial,said,184,216,32,46,46,200,204,200,204,0.9963722400514332
t12.2022.07.29,train,vocal,t12.2022.07.27,104,obama immediately said he would veto the measure,18,D,2,final,said,188,224,36,47,48,204,212,204,212,0.7932887394861556
t12.2022.07.29,train,vocal,t12.2022.07.27,104,obama immediately said he would veto the measure,19,SIL,2,sil,said,196,236,40,49,51,212,224,212,224,0.9990629123283076
t12.2022.07.29,train,vocal,t12.2022.07.27,104,obama immediately said he would veto the measure,20,HH,3,initial,he,208,240,32,52,52,224,228,224,232,0.9996770576522721
t12.2022.07.29,train,vocal,t12.2022.07.27,104,obama immediately said he would veto the measure,21,IY,3,final,he,216,248,32,54,54,232,236,232,240,0.9969671526861865
t12.2022.07.29,train,vocal,t12.2022.07.27,104,obama immediately said he would veto the measure,22,SIL,3,sil,he,224,276,52,56,61,240,264,240,264,0.9924292458059404
t12.2022.07.29,train,vocal,t12.2022.07.27,104,obama immediately said he would veto the measure,23,W,4,initial,would,248,280,32,62,62,264,268,264,272,0.9999947471190384
t12.2022.07.29,train,vocal,t12.2022.07.27,104,obama immediately said he would veto the measure,24,UH,4,medial,would,256,288,32,64,64,272,276,272,276,0.9999189817764874
t12.2022.07.29,train,vocal,t12.2022.07.27,104,obama immediately said he would veto the measure,25,D,4,final,would,260,292,32,65,65,276,280,276,280,0.9999881634409263
t12.2022.07.29,train,vocal,t12.2022.07.27,104,obama immediately said he would veto the measure,26,SIL,4,sil,would,264,308,44,66,69,280,296,280,296,0.9579925480051209
t12.2022.07.29,train,vocal,t12.2022.07.27,104,obama immediately said he would veto the measure,27,V,5,initial,veto,280,312,32,70,70,296,300,296,304,0.05243678368745964
t12.2022.07.29,train,vocal,t12.2022.07.27,104,obama immediately said he would veto the measure,28,IY,5,medial,veto,288,320,32,72,72,304,308,304,308,0.08262593263385223
t12.2022.07.29,train,vocal,t12.2022.07.27,104,obama immediately said he would veto the measure,29,T,5,medial,veto,292,324,32,73,73,308,312,308,316,0.9735771506242967
t12.2022.07.29,train,vocal,t12.2022.07.27,104,obama immediately said he would veto the measure,30,OW,5,final,veto,300,332,32,75,75,316,320,316,320,0.8896533888702866
t12.2022.07.29,train,vocal,t12.2022.07.27,104,obama immediately said he would veto the measure,31,SIL,5,sil,veto,304,352,48,76,80,320,340,320,344,0.9272417431505945
t12.2022.07.29,train,vocal,t12.2022.07.27,104,obama immediately said he would veto the measure,32,DH,6,initial,the,328,360,32,82,82,344,348,344,352,0.9914590814402701
t12.2022.07.29,train,vocal,t12.2022.07.27,104,obama immediately said he would veto the measure,33,AH,6,final,the,336,368,32,84,84,352,356,352,356,0.9999227112258195
t12.2022.07.29,train,vocal,t12.2022.07.27,104,obama immediately said he would veto the measure,34,SIL,6,sil,the,340,396,56,85,91,356,384,356,384,0.8860265790425638
t12.2022.07.29,train,vocal,t12.2022.07.27,104,obama immediately said he would veto the measure,35,M,7,initial,measure,368,400,32,92,92,384,388,384,392,0.9993175932721488
t12.2022.07.29,train,vocal,t12.2022.07.27,104,obama immediately said he would veto the measure,36,EH,7,medial,measure,376,408,32,94,94,392,396,392,396,0.8136793502225355
t12.2022.07.29,train,vocal,t12.2022.07.27,104,obama immediately said he would veto the measure,37,ZH,7,medial,measure,380,412,32,95,95,396,400,396,404,0.9809778620535805
t12.2022.07.29,train,vocal,t12.2022.07.27,104,obama immediately said he would veto the measure,38,ER,7,final,measure,388,420,32,97,97,404,408,404,408,0.9999822945262206
t12.2022.07.29,train,vocal,t12.2022.07.27,104,obama immediately said he would veto the measure,39,SIL,7,sil,measure,392,472,80,98,110,408,460,408,464,0.9667661813384013
t12.2022.07.29,train,vocal,t12.2022.07.27,105,after they've been laid off,0,AE,0,initial,after,24,56,32,6,6,40,44,16,44,0.9998292089139538
t12.2022.07.29,train,vocal,t12.2022.07.27,105,after they've been laid off,1,F,0,medial,after,28,60,32,7,7,44,48,44,48,0.9964196780178903
t12.2022.07.29,train,vocal,t12.2022.07.27,105,after they've been laid off,2,T,0,medial,after,32,64,32,8,8,48,52,48,52,0.98721618399567
t12.2022.07.29,train,vocal,t12.2022.07.27,105,after they've been laid off,3,ER,0,final,after,36,68,32,9,9,52,56,52,56,0.992580138492517
t12.2022.07.29,train,vocal,t12.2022.07.27,105,after they've been laid off,4,SIL,0,sil,after,40,76,36,10,11,56,64,56,64,0.9306371483047808
t12.2022.07.29,train,vocal,t12.2022.07.27,105,after they've been laid off,5,DH,1,initial,they've,48,80,32,12,12,64,68,64,72,0.08826880870373484
t12.2022.07.29,train,vocal,t12.2022.07.27,105,after they've been laid off,6,EY,1,medial,they've,60,92,32,15,15,76,80,72,80,0.012665594024015283
t12.2022.07.29,train,vocal,t12.2022.07.27,105,after they've been laid off,7,V,1,final,they've,64,96,32,16,16,80,84,80,88,0.9158174470323414
t12.2022.07.29,train,vocal,t12.2022.07.27,105,after they've been laid off,8,SIL,1,sil,they've,72,112,40,18,20,88,100,88,100,0.9960594654531801
t12.2022.07.29,train,vocal,t12.2022.07.27,105,after they've been laid off,9,B,2,initial,been,84,116,32,21,21,100,104,100,108,0.9999707008333448
t12.2022.07.29,train,vocal,t12.2022.07.27,105,after they've been laid off,10,IH,2,medial,been,92,124,32,23,23,108,112,108,112,0.9999936879404527
t12.2022.07.29,train,vocal,t12.2022.07.27,105,after they've been laid off,11,N,2,final,been,96,128,32,24,24,112,116,112,116,0.997490691685308
t12.2022.07.29,train,vocal,t12.2022.07.27,105,after they've been laid off,12,SIL,2,sil,been,100,144,44,25,28,116,132,116,132,0.920751631769744
t12.2022.07.29,train,vocal,t12.2022.07.27,105,after they've been laid off,13,L,3,initial,laid,116,148,32,29,29,132,136,132,140,0.09974882982032948
t12.2022.07.29,train,vocal,t12.2022.07.27,105,after they've been laid off,14,EY,3,medial,laid,128,160,32,32,32,144,148,140,148,0.05796073117950227
t12.2022.07.29,train,vocal,t12.2022.07.27,105,after they've been laid off,15,D,3,final,laid,132,164,32,33,33,148,152,148,152,0.9842641639826322
t12.2022.07.29,train,vocal,t12.2022.07.27,105,after they've been laid off,16,SIL,3,sil,laid,136,176,40,34,36,152,164,152,168,0.9255177175662354
t12.2022.07.29,train,vocal,t12.2022.07.27,105,after they've been laid off,17,AO,4,initial,off,156,188,32,39,39,172,176,168,176,0.9888445547947681
t12.2022.07.29,train,vocal,t12.2022.07.27,105,after they've been laid off,18,F,4,final,off,160,192,32,40,40,176,180,176,180,0.9979890593055365
t12.2022.07.29,train,vocal,t12.2022.07.27,105,after they've been laid off,19,SIL,4,sil,off,164,212,48,41,45,180,200,180,200,0.9750692569385169
t12.2022.07.29,train,vocal,t12.2022.07.27,106,his worth to the nfl is immeasurable,0,HH,0,initial,his,56,88,32,14,14,72,76,16,76,0.8395623643531103
t12.2022.07.29,train,vocal,t12.2022.07.27,106,his worth to the nfl is immeasurable,1,IH,0,medial,his,60,92,32,15,15,76,80,76,80,0.9993563419885323
t12.2022.07.29,train,vocal,t12.2022.07.27,106,his worth to the nfl is immeasurable,2,Z,0,final,his,64,96,32,16,16,80,84,80,84,0.9999586200589535
t12.2022.07.29,train,vocal,t12.2022.07.27,106,his worth to the nfl is immeasurable,3,SIL,0,sil,his,68,112,44,17,20,84,100,84,100,0.9541253526307293
t12.2022.07.29,train,vocal,t12.2022.07.27,106,his worth to the nfl is immeasurable,4,W,1,initial,worth,84,116,32,21,21,100,104,100,108,0.8333664978991923
t12.2022.07.29,train,vocal,t12.2022.07.27,106,his worth to the nfl is immeasurable,5,ER,1,medial,worth,96,128,32,24,24,112,116,108,116,0.41012377833593294
t12.2022.07.29,train,vocal,t12.2022.07.27,106,his worth to the nfl is immeasurable,6,TH,1,final,worth,100,132,32,25,25,116,120,116,120,0.010481888659647182
t12.2022.07.29,train,vocal,t12.2022.07.27,106,his worth to the nfl is immeasurable,7,SIL,1,sil,worth,104,148,44,26,29,120,136,120,136,0.8786685251677784
t12.2022.07.29,train,vocal,t12.2022.07.27,106,his worth to the nfl is immeasurable,8,T,2,initial,to,120,156,36,30,31,136,144,136,144,0.99455063968259
t12.2022.07.29,train,vocal,t12.2022.07.27,106,his worth to the nfl is immeasurable,9,UW,2,final,to,128,160,32,32,32,144,148,144,148,0.9999223594362519
t12.2022.07.29,train,vocal,t12.2022.07.27,106,his worth to the nfl is immeasurable,10,SIL,2,sil,to,132,176,44,33,36,148,164,148,164,0.8972181412624884
t12.2022.07.29,train,vocal,t12.2022.07.27,106,his worth to the nfl is immeasurable,11,DH,3,initial,the,148,184,36,37,38,164,172,164,172,0.9798470787497475
t12.2022.07.29,train,vocal,t12.2022.07.27,106,his worth to the nfl is immeasurable,12,AH,3,final,the,156,192,36,39,40,172,180,172,180,0.7321561147938848
t12.2022.07.29,train,vocal,t12.2022.07.27,106,his worth to the nfl is immeasurable,13,SIL,3,sil,the,164,208,44,41,44,180,196,180,196,0.9966608885980857
t12.2022.07.29,train,vocal,t12.2022.07.27,106,his worth to the nfl is immeasurable,14,F,4,initial,nfl,180,212,32,45,45,196,200,196,204,0.00047090951214308016
t12.2022.07.29,train,vocal,t12.2022.07.27,106,his worth to the nfl is immeasurable,15,EH,4,medial,nfl,192,224,32,48,48,208,212,204,212,0.0021547024673173655
t12.2022.07.29,train,vocal,t12.2022.07.27,106,his worth to the nfl is immeasurable,16,N,4,medial,nfl,196,232,36,49,50,212,220,212,244,0.7253027777361496
t12.2022.07.29,train,vocal,t12.2022.07.27,106,his worth to the nfl is immeasurable,17,L,4,final,nfl,248,288,40,62,64,264,276,244,276,0.6483179480953267
t12.2022.07.29,train,vocal,t12.2022.07.27,106,his worth to the nfl is immeasurable,18,SIL,4,sil,nfl,260,316,56,65,71,276,304,276,316,0.9899581291232867
t12.2022.07.29,train,vocal,t12.2022.07.27,106,his worth to the nfl is immeasurable,19,IH,5,initial,is,308,340,32,77,77,324,328,316,328,0.9999584044475456
t12.2022.07.29,train,vocal,t12.2022.07.27,106,his worth to the nfl is immeasurable,20,Z,5,final,is,312,344,32,78,78,328,332,328,332,0.9997095132103854
t12.2022.07.29,train,vocal,t12.2022.07.27,106,his worth to the nfl is immeasurable,21,SIL,5,sil,is,316,376,60,79,86,332,364,332,372,0.9986145544724851
t12.2022.07.29,train,vocal,t12.2022.07.27,106,his worth to the nfl is immeasurable,22,IH,6,initial,immeasurable,360,392,32,90,90,376,380,372,380,0.8133031978970267
t12.2022.07.29,train,vocal,t12.2022.07.27,106,his worth to the nfl is immeasurable,23,M,6,medial,immeasurable,364,400,36,91,92,380,388,380,392,0.9846882844229421
t12.2022.07.29,train,vocal,t12.2022.07.27,106,his worth to the nfl is immeasurable,24,EH,6,medial,immeasurable,380,412,32,95,95,396,400,392,400,0.595248558860057
t12.2022.07.29,train,vocal,t12.2022.07.27,106,his worth to the nfl is immeasurable,25,ZH,6,medial,immeasurable,384,416,32,96,96,400,404,400,408,0.09120496240157912
t12.2022.07.29,train,vocal,t12.2022.07.27,106,his worth to the nfl is immeasurable,26,ER,6,medial,immeasurable,392,424,32,98,98,408,412,408,412,0.0019700705459108894
t12.2022.07.29,train,vocal,t12.2022.07.27,106,his worth to the nfl is immeasurable,27,AE,6,medial,immeasurable,396,428,32,99,99,412,416,412,416,1.0171366098735111e-05
t12.2022.07.29,train,vocal,t12.2022.07.27,106,his worth to the nfl is immeasurable,28,B,6,medial,immeasurable,400,452,52,100,105,416,440,416,440,0.8355283737359027
t12.2022.07.29,train,vocal,t12.2022.07.27,106,his worth to the nfl is immeasurable,29,AH,6,medial,immeasurable,424,460,36,106,107,440,448,440,448,0.7806859572216531
t12.2022.07.29,train,vocal,t12.2022.07.27,106,his worth to the nfl is immeasurable,30,L,6,final,immeasurable,432,464,32,108,108,448,452,448,452,0.9962357188101728
t12.2022.07.29,train,vocal,t12.2022.07.27,106,his worth to the nfl is immeasurable,31,SIL,6,sil,immeasurable,436,476,40,109,111,452,464,452,464,0.9994670133967277
t12.2022.07.29,train,vocal,t12.2022.07.27,107,it's got an office down here,0,IH,0,initial,it's,32,68,36,8,9,48,56,16,56,0.9774209217957699
t12.2022.07.29,train,vocal,t12.2022.07.27,107,it's got an office down here,1,T,0,medial,it's,40,72,32,10,10,56,60,56,60,0.9999243349880558
t12.2022.07.29,train,vocal,t12.2022.07.27,107,it's got an office down here,2,S,0,final,it's,44,76,32,11,11,60,64,60,64,0.9999988640844486
t12.2022.07.29,train,vocal,t12.2022.07.27,107,it's got an office down here,3,SIL,0,sil,it's,48,88,40,12,14,64,76,64,76,0.8740289480155665
t12.2022.07.29,train,vocal,t12.2022.07.27,107,it's got an office down here,4,G,1,initial,got,60,92,32,15,15,76,80,76,80,0.992245156578936
t12.2022.07.29,train,vocal,t12.2022.07.27,107,it's got an office down here,5,AA,1,medial,got,64,96,32,16,16,80,84,80,84,0.9543864966198466
t12.2022.07.29,train,vocal,t12.2022.07.27,107,it's got an office down here,6,T,1,final,got,68,104,36,17,18,84,92,84,92,0.7917921940414263
t12.2022.07.29,train,vocal,t12.2022.07.27,107,it's got an office down here,7,SIL,1,sil,got,76,112,36,19,20,92,100,92,104,0.999574436559892
t12.2022.07.29,train,vocal,t12.2022.07.27,107,it's got an office down here,8,AE,2,initial,an,92,124,32,23,23,108,112,104,112,0.9845639366459789
t12.2022.07.29,train,vocal,t12.2022.07.27,107,it's got an office down here,9,N,2,final,an,96,132,36,24,25,112,120,112,120,0.999575018202319
t12.2022.07.29,train,vocal,t12.2022.07.27,107,it's got an office down here,10,SIL,2,sil,an,104,160,56,26,32,120,148,120,156,0.9265334421905406
t12.2022.07.29,train,vocal,t12.2022.07.27,107,it's got an office down here,11,AO,3,initial,office,148,180,32,37,37,164,168,156,168,0.9994406001599795
t12.2022.07.29,train,vocal,t12.2022.07.27,107,it's got an office down here,12,F,3,medial,office,152,184,32,38,38,168,172,168,172,0.9991982333216504
t12.2022.07.29,train,vocal,t12.2022.07.27,107,it's got an office down here,13,AH,3,medial,office,156,192,36,39,40,172,180,172,180,0.6965075912813364
t12.2022.07.29,train,vocal,t12.2022.07.27,107,it's got an office down here,14,S,3,final,office,164,196,32,41,41,180,184,180,184,0.9952452572307956
t12.2022.07.29,train,vocal,t12.2022.07.27,107,it's got an office down here,15,SIL,3,sil,office,168,212,44,42,45,184,200,184,200,0.9987786336847065
t12.2022.07.29,train,vocal,t12.2022.07.27,107,it's got an office down here,16,D,4,initial,down,184,216,32,46,46,200,204,200,208,0.9970294583941236
t12.2022.07.29,train,vocal,t12.2022.07.27,107,it's got an office down here,17,AW,4,medial,down,192,224,32,48,48,208,212,208,216,0.03619453810191303
t12.2022.07.29,train,vocal,t12.2022.07.27,107,it's got an office down here,18,N,4,final,down,200,232,32,50,50,216,220,216,220,0.43700167280610586
t12.2022.07.29,train,vocal,t12.2022.07.27,107,it's got an office down here,19,SIL,4,sil,down,204,252,48,51,55,220,240,220,240,0.9816440650031458
t12.2022.07.29,train,vocal,t12.2022.07.27,107,it's got an office down here,20,HH,5,initial,here,224,256,32,56,56,240,244,240,244,0.9996401938248166
t12.2022.07.29,train,vocal,t12.2022.07.27,107,it's got an office down here,21,IY,5,medial,here,228,260,32,57,57,244,248,244,248,0.9993838403160825
t12.2022.07.29,train,vocal,t12.2022.07.27,107,it's got an office down here,22,R,5,final,here,232,264,32,58,58,248,252,248,252,0.9993313081820846
t12.2022.07.29,train,vocal,t12.2022.07.27,107,it's got an office down here,23,SIL,5,sil,here,236,280,44,59,62,252,268,252,268,0.9995217405749339
t12.2022.07.29,train,vocal,t12.2022.07.27,108,which leads me to my next point,0,W,0,initial,which,32,64,32,8,8,48,52,16,56,0.9998800341755748
t12.2022.07.29,train,vocal,t12.2022.07.27,108,which leads me to my next point,1,IH,0,medial,which,40,72,32,10,10,56,60,56,60,0.9998817803412278
t12.2022.07.29,train,vocal,t12.2022.07.27,108,which leads me to my next point,2,CH,0,final,which,44,76,32,11,11,60,64,60,64,0.9999849854918402
t12.2022.07.29,train,vocal,t12.2022.07.27,108,which leads me to my next point,3,SIL,0,sil,which,48,88,40,12,14,64,76,64,76,0.8731437781864871
t12.2022.07.29,train,vocal,t12.2022.07.27,108,which leads me to my next point,4,L,1,initial,leads,60,92,32,15,15,76,80,76,80,0.7110203387421633
t12.2022.07.29,train,vocal,t12.2022.07.27,108,which leads me to my next point,5,IY,1,medial,leads,64,96,32,16,16,80,84,80,84,0.10575403580753642
t12.2022.07.29,train,vocal,t12.2022.07.27,108,which leads me to my next point,6,D,1,medial,leads,68,100,32,17,17,84,88,84,88,0.001146354894297594
t12.2022.07.29,train,vocal,t12.2022.07.27,108,which leads me to my next point,7,Z,1,final,leads,72,104,32,18,18,88,92,88,96,0.00015093648811309574
t12.2022.07.29,train,vocal,t12.2022.07.27,108,which leads me to my next point,8,SIL,1,sil,leads,80,116,36,20,21,96,104,96,104,0.9919735942409532
t12.2022.07.29,train,vocal,t12.2022.07.27,108,which leads me to my next point,9,M,2,initial,me,88,120,32,22,22,104,108,104,112,0.9983769063169328
t12.2022.07.29,train,vocal,t12.2022.07.27,108,which leads me to my next point,10,IY,2,final,me,100,132,32,25,25,116,120,112,124,0.9960623597873011
t12.2022.07.29,train,vocal,t12.2022.07.27,108,which leads me to my next point,11,SIL,2,sil,me,108,156,48,27,31,124,144,124,144,0.9994035994305847
t12.2022.07.29,train,vocal,t12.2022.07.27,108,which leads me to my next point,12,T,3,initial,to,128,160,32,32,32,144,148,144,152,0.9999999130894894
t12.2022.07.29,train,vocal,t12.2022.07.27,108,which leads me to my next point,13,UW,3,final,to,136,168,32,34,34,152,156,152,156,0.9999605475146149
t12.2022.07.29,train,vocal,t12.2022.07.27,108,which leads me to my next point,14,SIL,3,sil,to,140,188,48,35,39,156,176,156,176,0.9626578580862585
t12.2022.07.29,train,vocal,t12.2022.07.27,108,which leads me to my next point,15,M,4,initial,my,160,196,36,40,41,176,184,176,188,0.8581195199814664
t12.2022.07.29,train,vocal,t12.2022.07.27,108,which leads me to my next point,16,AY,4,final,my,172,204,32,43,43,188,192,188,196,0.9995243078451747
t12.2022.07.29,train,vocal,t12.2022.07.27,108,which leads me to my next point,17,SIL,4,sil,my,180,224,44,45,48,196,212,196,212,0.9771011145618368
t12.2022.07.29,train,vocal,t12.2022.07.27,108,which leads me to my next point,18,N,5,initial,next,196,228,32,49,49,212,216,212,220,0.9219117278232547
t12.2022.07.29,train,vocal,t12.2022.07.27,108,which leads me to my next point,19,EH,5,medial,next,204,236,32,51,51,220,224,220,224,0.8952466981663675
t12.2022.07.29,train,vocal,t12.2022.07.27,108,which leads me to my next point,20,K,5,medial,next,208,240,32,52,52,224,228,224,228,0.9862622340885548
t12.2022.07.29,train,vocal,t12.2022.07.27,108,which leads me to my next point,21,S,5,medial,next,212,244,32,53,53,228,232,228,232,0.9763757941364457
t12.2022.07.29,train,vocal,t12.2022.07.27,108,which leads me to my next point,22,T,5,final,next,216,248,32,54,54,232,236,232,236,0.9195487981096665
t12.2022.07.29,train,vocal,t12.2022.07.27,108,which leads me to my next point,23,SIL,5,sil,next,220,268,48,55,59,236,256,236,256,0.9964653390856182
t12.2022.07.29,train,vocal,t12.2022.07.27,108,which leads me to my next point,24,P,6,initial,point,240,272,32,60,60,256,260,256,264,0.9999164221179991
t12.2022.07.29,train,vocal,t12.2022.07.27,108,which leads me to my next point,25,OY,6,medial,point,248,280,32,62,62,264,268,264,268,0.9999993378657089
t12.2022.07.29,train,vocal,t12.2022.07.27,108,which leads me to my next point,26,N,6,medial,point,252,288,36,63,64,268,276,268,276,0.8463050110558314
t12.2022.07.29,train,vocal,t12.2022.07.27,108,which leads me to my next point,27,T,6,final,point,260,292,32,65,65,276,280,276,280,0.999920406204878
t12.2022.07.29,train,vocal,t12.2022.07.27,108,which leads me to my next point,28,SIL,6,sil,point,264,324,60,66,73,280,312,280,312,0.9492946457120965
t12.2022.07.29,train,vocal,t12.2022.07.27,109,to continue funding it,0,T,0,initial,to,40,72,32,10,10,56,60,16,60,0.0038794976104064766
t12.2022.07.29,train,vocal,t12.2022.07.27,109,to continue funding it,1,UW,0,final,to,44,76,32,11,11,60,64,60,68,0.9999970113800413
t12.2022.07.29,train,vocal,t12.2022.07.27,109,to continue funding it,2,SIL,0,sil,to,52,92,40,13,15,68,80,68,80,0.9933113343615251
t12.2022.07.29,train,vocal,t12.2022.07.27,109,to continue funding it,3,K,1,initial,continue,64,96,32,16,16,80,84,80,88,0.9998450047025127
t12.2022.07.29,train,vocal,t12.2022.07.27,109,to continue funding it,4,AH,1,medial,continue,72,104,32,18,18,88,92,88,92,0.001249592305446642
t12.2022.07.29,train,vocal,t12.2022.07.27,109,to continue funding it,5,N,1,medial,continue,76,108,32,19,19,92,96,92,96,0.9999975736327826
t12.2022.07.29,train,vocal,t12.2022.07.27,109,to continue funding it,6,T,1,medial,continue,80,112,32,20,20,96,100,96,100,0.08067346855493372
t12.2022.07.29,train,vocal,t12.2022.07.27,109,to continue funding it,7,IH,1,medial,continue,84,116,32,21,21,100,104,100,104,0.028751555990341862
t12.2022.07.29,train,vocal,t12.2022.07.27,109,to continue funding it,8,N,1,medial,continue,88,120,32,22,22,104,108,104,108,0.00025310490574185075
t12.2022.07.29,train,vocal,t12.2022.07.27,109,to continue funding it,9,Y,1,medial,continue,92,124,32,23,23,108,112,108,112,8.237676213821953e-05
t12.2022.07.29,train,vocal,t12.2022.07.27,109,to continue funding it,10,UW,1,final,continue,96,128,32,24,24,112,116,112,116,2.8046908902518266e-07
t12.2022.07.29,train,vocal,t12.2022.07.27,109,to continue funding it,11,SIL,1,sil,continue,100,144,44,25,28,116,132,116,132,0.9998956348621966
t12.2022.07.29,train,vocal,t12.2022.07.27,109,to continue funding it,12,F,2,initial,funding,116,148,32,29,29,132,136,132,140,0.09727004539810996
t12.2022.07.29,train,vocal,t12.2022.07.27,109,to continue funding it,13,AH,2,medial,funding,124,156,32,31,31,140,144,140,144,0.23459118511931148
t12.2022.07.29,train,vocal,t12.2022.07.27,109,to continue funding it,14,N,2,medial,funding,128,164,36,32,33,144,152,144,152,0.5155817369337206
t12.2022.07.29,train,vocal,t12.2022.07.27,109,to continue funding it,15,D,2,medial,funding,136,168,32,34,34,152,156,152,156,0.0012900615791649498
t12.2022.07.29,train,vocal,t12.2022.07.27,109,to continue funding it,16,IH,2,medial,funding,140,172,32,35,35,156,160,156,160,0.007610753927296182
t12.2022.07.29,train,vocal,t12.2022.07.27,109,to continue funding it,17,NG,2,final,funding,144,176,32,36,36,160,164,160,164,0.16396012834443824
t12.2022.07.29,train,vocal,t12.2022.07.27,109,to continue funding it,18,SIL,2,sil,funding,148,184,36,37,38,164,172,164,172,0.7750626784884691
t12.2022.07.29,train,vocal,t12.2022.07.27,109,to continue funding it,19,IH,3,initial,it,156,188,32,39,39,172,176,172,176,0.9999974409083625
t12.2022.07.29,train,vocal,t12.2022.07.27,109,to continue funding it,20,T,3,final,it,160,196,36,40,41,176,184,176,184,0.8976291977160317
t12.2022.07.29,train,vocal,t12.2022.07.27,109,to continue funding it,21,SIL,3,sil,it,168,216,48,42,46,184,204,184,204,0.9999683168542021
t12.2022.07.29,train,vocal,t12.2022.07.27,110,see other phrases that were coined in the usa,0,S,0,initial,see,40,72,32,10,10,56,60,16,60,0.00010297140014725271
t12.2022.07.29,train,vocal,t12.2022.07.27,110,see other phrases that were coined in the usa,1,IY,0,final,see,44,76,32,11,11,60,64,60,68,0.9983163552754948
t12.2022.07.29,train,vocal,t12.2022.07.27,110,see other phrases that were coined in the usa,2,SIL,0,sil,see,52,88,36,13,14,68,76,68,80,0.9987077280884702
t12.2022.07.29,train,vocal,t12.2022.07.27,110,see other phrases that were coined in the usa,3,AH,1,initial,other,64,96,32,16,16,80,84,80,84,0.9976731542700774
t12.2022.07.29,train,vocal,t12.2022.07.27,110,see other phrases that were coined in the usa,4,DH,1,medial,other,68,104,36,17,18,84,92,84,92,0.9267438381180931
t12.2022.07.29,train,vocal,t12.2022.07.27,110,see other phrases that were coined in the usa,5,ER,1,final,other,76,108,32,19,19,92,96,92,96,0.9955930916253047
t12.2022.07.29,train,vocal,t12.2022.07.27,110,see other phrases that were coined in the usa,6,SIL,1,sil,other,80,128,48,20,24,96,116,96,116,0.9036926904856448
t12.2022.07.29,train,vocal,t12.2022.07.27,110,see other phrases that were coined in the usa,7,F,2,initial,phrases,100,132,32,25,25,116,120,116,120,0.5641017660702519
t12.2022.07.29,train,vocal,t12.2022.07.27,110,see other phrases that were coined in the usa,8,R,2,medial,phrases,104,136,32,26,26,120,124,120,128,0.9604023906022022
t12.2022.07.29,train,vocal,t12.2022.07.27,110,see other phrases that were coined in the usa,9,EY,2,medial,phrases,112,144,32,28,28,128,132,128,132,0.09105497138668535
t12.2022.07.29,train,vocal,t12.2022.07.27,110,see other phrases that were coined in the usa,10,Z,2,medial,phrases,116,148,32,29,29,132,136,132,140,0.013905951320198754
t12.2022.07.29,train,vocal,t12.2022.07.27,110,see other phrases that were coined in the usa,11,AH,2,medial,phrases,124,156,32,31,31,140,144,140,144,0.0003446098157038939
t12.2022.07.29,train,vocal,t12.2022.07.27,110,see other phrases that were coined in the usa,12,Z,2,final,phrases,128,164,36,32,33,144,152,144,152,0.2488461764661255
t12.2022.07.29,train,vocal,t12.2022.07.27,110,see other phrases that were coined in the usa,13,SIL,2,sil,phrases,136,176,40,34,36,152,164,152,164,0.9561336871355168
t12.2022.07.29,train,vocal,t12.2022.07.27,110,see other phrases that were coined in the usa,14,DH,3,initial,that,148,180,32,37,37,164,168,164,168,0.43635978892360616
t12.2022.07.29,train,vocal,t12.2022.07.27,110,see other phrases that were coined in the usa,15,AE,3,medial,that,152,184,32,38,38,168,172,168,172,0.679631295351168
t12.2022.07.29,train,vocal,t12.2022.07.27,110,see other phrases that were coined in the usa,16,T,3,final,that,156,188,32,39,39,172,176,172,176,0.9999992706067742
t12.2022.07.29,train,vocal,t12.2022.07.27,110,see other phrases that were coined in the usa,17,SIL,3,sil,that,160,204,44,40,43,176,192,176,192,0.9969473901890668
t12.2022.07.29,train,vocal,t12.2022.07.27,110,see other phrases that were coined in the usa,18,W,4,initial,were,176,212,36,44,45,192,200,192,204,0.9046656952560947
t12.2022.07.29,train,vocal,t12.2022.07.27,110,see other phrases that were coined in the usa,19,ER,4,final,were,188,220,32,47,47,204,208,204,208,0.8497676327401708
t12.2022.07.29,train,vocal,t12.2022.07.27,110,see other phrases that were coined in the usa,20,SIL,4,sil,were,192,252,60,48,55,208,240,208,240,0.9392886560720406
t12.2022.07.29,train,vocal,t12.2022.07.27,110,see other phrases that were coined in the usa,21,K,5,initial,coined,224,256,32,56,56,240,244,240,248,0.9688056819289851
t12.2022.07.29,train,vocal,t12.2022.07.27,110,see other phrases that were coined in the usa,22,OY,5,medial,coined,232,264,32,58,58,248,252,248,256,0.1898970239043075
t12.2022.07.29,train,vocal,t12.2022.07.27,110,see other phrases that were coined in the usa,23,N,5,medial,coined,240,272,32,60,60,256,260,256,260,0.9350572734829606
t12.2022.07.29,train,vocal,t12.2022.07.27,110,see other phrases that were coined in the usa,24,D,5,final,coined,244,276,32,61,61,260,264,260,264,0.010590606160453007
t12.2022.07.29,train,vocal,t12.2022.07.27,110,see other phrases that were coined in the usa,25,SIL,5,sil,coined,248,288,40,62,64,264,276,264,280,0.9117529233501217
t12.2022.07.29,train,vocal,t12.2022.07.27,110,see other phrases that were coined in the usa,26,IH,6,initial,in,268,304,36,67,68,284,292,280,292,0.9994466820498844
t12.2022.07.29,train,vocal,t12.2022.07.27,110,see other phrases that were coined in the usa,27,N,6,final,in,276,308,32,69,69,292,296,292,296,0.9999928700923436
t12.2022.07.29,train,vocal,t12.2022.07.27,110,see other phrases that were coined in the usa,28,SIL,6,sil,in,280,324,44,70,73,296,312,296,312,0.9741255837127275
t12.2022.07.29,train,vocal,t12.2022.07.27,110,see other phrases that were coined in the usa,29,DH,7,initial,the,296,328,32,74,74,312,316,312,320,0.9999959026581869
t12.2022.07.29,train,vocal,t12.2022.07.27,110,see other phrases that were coined in the usa,30,AH,7,final,the,304,336,32,76,76,320,324,320,324,0.9999998739654151
t12.2022.07.29,train,vocal,t12.2022.07.27,110,see other phrases that were coined in the usa,31,SIL,7,sil,the,308,360,52,77,82,324,348,324,348,0.9593132392945979
t12.2022.07.29,train,vocal,t12.2022.07.27,110,see other phrases that were coined in the usa,32,Y,8,initial,usa,332,368,36,83,84,348,356,348,356,0.8582749141352477
t12.2022.07.29,train,vocal,t12.2022.07.27,110,see other phrases that were coined in the usa,33,UW,8,medial,usa,340,372,32,85,85,356,360,356,376,0.9979279042928892
t12.2022.07.29,train,vocal,t12.2022.07.27,110,see other phrases that were coined in the usa,34,EH,8,medial,usa,376,408,32,94,94,392,396,376,396,2.0963800423710614e-05
t12.2022.07.29,train,vocal,t12.2022.07.27,110,see other phrases that were coined in the usa,35,S,8,medial,usa,380,412,32,95,95,396,400,396,400,0.9997890632679903
t12.2022.07.29,train,vocal,t12.2022.07.27,110,see other phrases that were coined in the usa,36,EY,8,final,usa,384,416,32,96,96,400,404,400,404,2.0824167164403016e-09
t12.2022.07.29,train,vocal,t12.2022.07.27,110,see other phrases that were coined in the usa,37,SIL,8,sil,usa,388,464,76,97,108,404,452,404,452,0.794807956373103
t12.2022.07.29,train,vocal,t12.2022.07.27,111,what kind of things are you looking for,0,W,0,initial,what,8,40,32,2,2,24,28,16,32,0.9916593975086775
t12.2022.07.29,train,vocal,t12.2022.07.27,111,what kind of things are you looking for,1,AH,0,medial,what,16,48,32,4,4,32,36,32,36,0.40106539318875795
t12.2022.07.29,train,vocal,t12.2022.07.27,111,what kind of things are you looking for,2,T,0,final,what,20,52,32,5,5,36,40,36,40,0.9981514886222101
t12.2022.07.29,train,vocal,t12.2022.07.27,111,what kind of things are you looking for,3,SIL,0,sil,what,24,60,36,6,7,40,48,40,48,0.9987381408603178
t12.2022.07.29,train,vocal,t12.2022.07.27,111,what kind of things are you looking for,4,K,1,initial,kind,32,64,32,8,8,48,52,48,56,0.9999385655985648
t12.2022.07.29,train,vocal,t12.2022.07.27,111,what kind of things are you looking for,5,AY,1,medial,kind,40,72,32,10,10,56,60,56,60,0.9997808888720309
t12.2022.07.29,train,vocal,t12.2022.07.27,111,what kind of things are you looking for,6,N,1,medial,kind,44,76,32,11,11,60,64,60,64,0.9998058338355972
t12.2022.07.29,train,vocal,t12.2022.07.27,111,what kind of things are you looking for,7,D,1,final,kind,48,84,36,12,13,64,72,64,72,0.9612345096178168
t12.2022.07.29,train,vocal,t12.2022.07.27,111,what kind of things are you looking for,8,SIL,1,sil,kind,56,88,32,14,14,72,76,72,80,0.9999061407914991
t12.2022.07.29,train,vocal,t12.2022.07.27,111,what kind of things are you looking for,9,AH,2,initial,of,68,100,32,17,17,84,88,80,88,0.9999177637119868
t12.2022.07.29,train,vocal,t12.2022.07.27,111,what kind of things are you looking for,10,V,2,final,of,72,104,32,18,18,88,92,88,92,0.9999678785282374
t12.2022.07.29,train,vocal,t12.2022.07.27,111,what kind of things are you looking for,11,SIL,2,sil,of,76,116,40,19,21,92,104,92,104,0.9813677574112284
t12.2022.07.29,train,vocal,t12.2022.07.27,111,what kind of things are you looking for,12,TH,3,initial,things,88,120,32,22,22,104,108,104,108,0.9999951259141111
t12.2022.07.29,train,vocal,t12.2022.07.27,111,what kind of things are you looking for,13,IH,3,medial,things,92,128,36,23,24,108,116,108,116,0.9047055815109122
t12.2022.07.29,train,vocal,t12.2022.07.27,111,what kind of things are you looking for,14,NG,3,medial,things,100,136,36,25,26,116,124,116,124,0.7988094737960969
t12.2022.07.29,train,vocal,t12.2022.07.27,111,what kind of things are you looking for,15,Z,3,final,things,108,140,32,27,27,124,128,124,128,0.9141006727685875
t12.2022.07.29,train,vocal,t12.2022.07.27,111,what kind of things are you looking for,16,SIL,3,sil,things,112,164,52,28,33,128,152,128,160,0.9993573538016687
t12.2022.07.29,train,vocal,t12.2022.07.27,111,what kind of things are you looking for,17,AA,4,initial,are,148,180,32,37,37,164,168,160,168,0.9962267421983784
t12.2022.07.29,train,vocal,t12.2022.07.27,111,what kind of things are you looking for,18,R,4,final,are,152,184,32,38,38,168,172,168,172,0.999656669710761
t12.2022.07.29,train,vocal,t12.2022.07.27,111,what kind of things are you looking for,19,SIL,4,sil,are,156,196,40,39,41,172,184,172,184,0.9993354431388153
t12.2022.07.29,train,vocal,t12.2022.07.27,111,what kind of things are you looking for,20,Y,5,initial,you,168,200,32,42,42,184,188,184,188,0.9999885758107148
t12.2022.07.29,train,vocal,t12.2022.07.27,111,what kind of things are you looking for,21,UW,5,final,you,172,208,36,43,44,188,196,188,196,0.9694047759626203
t12.2022.07.29,train,vocal,t12.2022.07.27,111,what kind of things are you looking for,22,SIL,5,sil,you,180,224,44,45,48,196,212,196,212,0.9997897636667534
t12.2022.07.29,train,vocal,t12.2022.07.27,111,what kind of things are you looking for,23,L,6,initial,looking,196,228,32,49,49,212,216,212,220,0.8035509696091033
t12.2022.07.29,train,vocal,t12.2022.07.27,111,what kind of things are you looking for,24,UH,6,medial,looking,204,236,32,51,51,220,224,220,224,0.1144444212664658
t12.2022.07.29,train,vocal,t12.2022.07.27,111,what kind of things are you looking for,25,K,6,medial,looking,208,240,32,52,52,224,228,224,232,0.6272377038436764
t12.2022.07.29,train,vocal,t12.2022.07.27,111,what kind of things are you looking for,26,IH,6,medial,looking,220,252,32,55,55,236,240,232,240,0.6215754777278496
t12.2022.07.29,train,vocal,t12.2022.07.27,111,what kind of things are you looking for,27,NG,6,final,looking,224,256,32,56,56,240,244,240,244,0.5636578993137801
t12.2022.07.29,train,vocal,t12.2022.07.27,111,what kind of things are you looking for,28,SIL,6,sil,looking,228,276,48,57,61,244,264,244,264,0.9982180019316388
t12.2022.07.29,train,vocal,t12.2022.07.27,111,what kind of things are you looking for,29,F,7,initial,for,248,280,32,62,62,264,268,264,272,0.9823536314721142
t12.2022.07.29,train,vocal,t12.2022.07.27,111,what kind of things are you looking for,30,AO,7,medial,for,256,288,32,64,64,272,276,272,276,0.9999678356638644
t12.2022.07.29,train,vocal,t12.2022.07.27,111,what kind of things are you looking for,31,R,7,final,for,260,292,32,65,65,276,280,276,280,0.9999281828124909
t12.2022.07.29,train,vocal,t12.2022.07.27,111,what kind of things are you looking for,32,SIL,7,sil,for,264,316,52,66,71,280,304,280,304,0.9471291126911746
t12.2022.07.29,train,vocal,t12.2022.07.27,112,every room leads to three rooms,0,EH,0,initial,every,40,72,32,10,10,56,60,16,60,0.1516050169994818
t12.2022.07.29,train,vocal,t12.2022.07.27,112,every room leads to three rooms,1,V,0,medial,every,44,76,32,11,11,60,64,60,64,0.9888304850996051
t12.2022.07.29,train,vocal,t12.2022.07.27,112,every room leads to three rooms,2,ER,0,medial,every,48,80,32,12,12,64,68,64,68,0.9273890042875916
t12.2022.07.29,train,vocal,t12.2022.07.27,112,every room leads to three rooms,3,IY,0,final,every,52,88,36,13,14,68,76,68,76,0.9066801462337456
t12.2022.07.29,train,vocal,t12.2022.07.27,112,every room leads to three rooms,4,SIL,0,sil,every,60,96,36,15,16,76,84,76,84,0.9995517152775024
t12.2022.07.29,train,vocal,t12.2022.07.27,112,every room leads to three rooms,5,R,1,initial,room,68,104,36,17,18,84,92,84,96,0.6011293259758369
t12.2022.07.29,train,vocal,t12.2022.07.27,112,every room leads to three rooms,6,UW,1,medial,room,80,112,32,20,20,96,100,96,100,0.9817521367317856
t12.2022.07.29,train,vocal,t12.2022.07.27,112,every room leads to three rooms,7,M,1,final,room,84,120,36,21,22,100,108,100,108,0.9255711170331633
t12.2022.07.29,train,vocal,t12.2022.07.27,112,every room leads to three rooms,8,SIL,1,sil,room,92,132,40,23,25,108,120,108,120,0.9996559688821395
t12.2022.07.29,train,vocal,t12.2022.07.27,112,every room leads to three rooms,9,L,2,initial,leads,104,136,32,26,26,120,124,120,128,0.023331074344650912
t12.2022.07.29,train,vocal,t12.2022.07.27,112,every room leads to three rooms,10,IY,2,medial,leads,112,144,32,28,28,128,132,128,132,0.01790294321351489
t12.2022.07.29,train,vocal,t12.2022.07.27,112,every room leads to three rooms,11,D,2,medial,leads,116,148,32,29,29,132,136,132,136,0.24075012835188378
t12.2022.07.29,train,vocal,t12.2022.07.27,112,every room leads to three rooms,12,Z,2,final,leads,120,160,40,30,32,136,148,136,148,0.7607770682305596
t12.2022.07.29,train,vocal,t12.2022.07.27,112,every room leads to three rooms,13,SIL,2,sil,leads,132,176,44,33,36,148,164,148,164,0.9990465146530045
t12.2022.07.29,train,vocal,t12.2022.07.27,112,every room leads to three rooms,14,T,3,initial,to,148,184,36,37,38,164,172,164,176,0.7807379928987201
t12.2022.07.29,train,vocal,t12.2022.07.27,112,every room leads to three rooms,15,UW,3,final,to,160,192,32,40,40,176,180,176,180,0.9999820316044665
t12.2022.07.29,train,vocal,t12.2022.07.27,112,every room leads to three rooms,16,SIL,3,sil,to,164,208,44,41,44,180,196,180,196,0.9858962423215827
t12.2022.07.29,train,vocal,t12.2022.07.27,112,every room leads to three rooms,17,TH,4,initial,three,180,212,32,45,45,196,200,196,204,0.009698762284597493
t12.2022.07.29,train,vocal,t12.2022.07.27,112,every room leads to three rooms,18,R,4,medial,three,188,220,32,47,47,204,208,204,208,0.027038069551383756
t12.2022.07.29,train,vocal,t12.2022.07.27,112,every room leads to three rooms,19,IY,4,final,three,192,224,32,48,48,208,212,208,216,0.3934948795758211
t12.2022.07.29,train,vocal,t12.2022.07.27,112,every room leads to three rooms,20,SIL,4,sil,three,200,244,44,50,53,216,232,216,232,0.9999529278313147
t12.2022.07.29,train,vocal,t12.2022.07.27,112,every room leads to three rooms,21,R,5,initial,rooms,216,248,32,54,54,232,236,232,240,0.2877653862736839
t12.2022.07.29,train,vocal,t12.2022.07.27,112,every room leads to three rooms,22,UW,5,medial,rooms,224,256,32,56,56,240,244,240,244,0.16119237454307705
t12.2022.07.29,train,vocal,t12.2022.07.27,112,every room leads to three rooms,23,M,5,medial,rooms,228,264,36,57,58,244,252,244,252,0.9493542005449309
t12.2022.07.29,train,vocal,t12.2022.07.27,112,every room leads to three rooms,24,Z,5,final,rooms,236,272,36,59,60,252,260,252,260,0.7429707708819849
t12.2022.07.29,train,vocal,t12.2022.07.27,112,every room leads to three rooms,25,SIL,5,sil,rooms,244,284,40,61,63,260,272,260,272,0.999907059926939
t12.2022.07.29,train,vocal,t12.2022.07.27,113,i had plenty of snow,0,AY,0,single,i,36,68,32,9,9,52,56,16,60,0.9999989938446245
t12.2022.07.29,train,vocal,t12.2022.07.27,113,i had plenty of snow,1,SIL,0,sil,i,44,84,40,11,13,60,72,60,72,0.9992609926929846
t12.2022.07.29,train,vocal,t12.2022.07.27,113,i had plenty of snow,2,HH,1,initial,had,56,88,32,14,14,72,76,72,80,0.9998720118725404
t12.2022.07.29,train,vocal,t12.2022.07.27,113,i had plenty of snow,3,AE,1,medial,had,64,96,32,16,16,80,84,80,84,0.9999311054876511
t12.2022.07.29,train,vocal,t12.2022.07.27,113,i had plenty of snow,4,D,1,final,had,68,104,36,17,18,84,92,84,92,0.9961787304886415
t12.2022.07.29,train,vocal,t12.2022.07.27,113,i had plenty of snow,5,SIL,1,sil,had,76,116,40,19,21,92,104,92,104,0.9000671809506611
t12.2022.07.29,train,vocal,t12.2022.07.27,113,i had plenty of snow,6,P,2,initial,plenty,88,120,32,22,22,104,108,104,108,0.8021016542653219
t12.2022.07.29,train,vocal,t12.2022.07.27,113,i had plenty of snow,7,L,2,medial,plenty,92,124,32,23,23,108,112,108,112,0.22726655745076751
t12.2022.07.29,train,vocal,t12.2022.07.27,113,i had plenty of snow,8,EH,2,medial,plenty,96,128,32,24,24,112,116,112,116,0.15597729653929787
t12.2022.07.29,train,vocal,t12.2022.07.27,113,i had plenty of snow,9,N,2,medial,plenty,100,132,32,25,25,116,120,116,120,0.9701264427707418
t12.2022.07.29,train,vocal,t12.2022.07.27,113,i had plenty of snow,10,T,2,medial,plenty,104,136,32,26,26,120,124,120,124,0.2768187393157378
t12.2022.07.29,train,vocal,t12.2022.07.27,113,i had plenty of snow,11,IY,2,final,plenty,108,140,32,27,27,124,128,124,128,0.9655476126700236
t12.2022.07.29,train,vocal,t12.2022.07.27,113,i had plenty of snow,12,SIL,2,sil,plenty,112,152,40,28,30,128,140,128,144,0.8995766506338212
t12.2022.07.29,train,vocal,t12.2022.07.27,113,i had plenty of snow,13,AH,3,initial,of,132,164,32,33,33,148,152,144,152,0.9999985660204276
t12.2022.07.29,train,vocal,t12.2022.07.27,113,i had plenty of snow,14,V,3,final,of,136,168,32,34,34,152,156,152,156,0.999998957580476
t12.2022.07.29,train,vocal,t12.2022.07.27,113,i had plenty of snow,15,SIL,3,sil,of,140,180,40,35,37,156,168,156,168,0.998604582090628
t12.2022.07.29,train,vocal,t12.2022.07.27,113,i had plenty of snow,16,S,4,initial,snow,152,184,32,38,38,168,172,168,172,0.0002962789001710871
t12.2022.07.29,train,vocal,t12.2022.07.27,113,i had plenty of snow,17,N,4,medial,snow,156,188,32,39,39,172,176,172,176,0.9997821935501184
t12.2022.07.29,train,vocal,t12.2022.07.27,113,i had plenty of snow,18,OW,4,final,snow,160,192,32,40,40,176,180,176,184,0.9773371222747212
t12.2022.07.29,train,vocal,t12.2022.07.27,113,i had plenty of snow,19,SIL,4,sil,snow,168,224,56,42,48,184,212,184,212,0.9999191016422462
t12.2022.07.29,train,vocal,t12.2022.07.27,114,with the abortion issues and stuff,0,W,0,initial,with,40,72,32,10,10,56,60,16,64,0.9516978786404757
t12.2022.07.29,train,vocal,t12.2022.07.27,114,with the abortion issues and stuff,1,IH,0,medial,with,48,80,32,12,12,64,68,64,68,0.9433162371956196
t12.2022.07.29,train,vocal,t12.2022.07.27,114,with the abortion issues and stuff,2,DH,0,final,with,52,84,32,13,13,68,72,68,72,0.8318018693185693
t12.2022.07.29,train,vocal,t12.2022.07.27,114,with the abortion issues and stuff,3,SIL,0,sil,with,56,96,40,14,16,72,84,72,84,0.9443119951262298
t12.2022.07.29,train,vocal,t12.2022.07.27,114,with the abortion issues and stuff,4,DH,1,initial,the,68,104,36,17,18,84,92,84,92,0.921752067555611
t12.2022.07.29,train,vocal,t12.2022.07.27,114,with the abortion issues and stuff,5,AH,1,final,the,76,112,36,19,20,92,100,92,100,0.9114334622378968
t12.2022.07.29,train,vocal,t12.2022.07.27,114,with the abortion issues and stuff,6,SIL,1,sil,the,84,124,40,21,23,100,112,100,116,0.8355310406571604
t12.2022.07.29,train,vocal,t12.2022.07.27,114,with the abortion issues and stuff,7,AH,2,initial,abortion,100,132,32,25,25,116,120,116,120,0.046592747171333805
t12.2022.07.29,train,vocal,t12.2022.07.27,114,with the abortion issues and stuff,8,B,2,medial,abortion,104,136,32,26,26,120,124,120,128,0.035596859825281595
t12.2022.07.29,train,vocal,t12.2022.07.27,114,with the abortion issues and stuff,9,AO,2,medial,abortion,116,148,32,29,29,132,136,128,136,0.20378417280812924
t12.2022.07.29,train,vocal,t12.2022.07.27,114,with the abortion issues and stuff,10,R,2,medial,abortion,120,152,32,30,30,136,140,136,140,0.0035676546957706472
t12.2022.07.29,train,vocal,t12.2022.07.27,114,with the abortion issues and stuff,11,SH,2,medial,abortion,124,156,32,31,31,140,144,140,144,0.6164103348754432
t12.2022.07.29,train,vocal,t12.2022.07.27,114,with the abortion issues and stuff,12,AH,2,medial,abortion,128,164,36,32,33,144,152,144,152,0.9890932736981575
t12.2022.07.29,train,vocal,t12.2022.07.27,114,with the abortion issues and stuff,13,N,2,final,abortion,136,168,32,34,34,152,156,152,156,0.9999920019513826
t12.2022.07.29,train,vocal,t12.2022.07.27,114,with the abortion issues and stuff,14,SIL,2,sil,abortion,140,184,44,35,38,156,172,156,176,0.9855106032602792
t12.2022.07.29,train,vocal,t12.2022.07.27,114,with the abortion issues and stuff,15,IH,3,initial,issues,164,196,32,41,41,180,184,176,184,0.008325318569224196
t12.2022.07.29,train,vocal,t12.2022.07.27,114,with the abortion issues and stuff,16,SH,3,medial,issues,168,200,32,42,42,184,188,184,196,0.9050884918650088
t12.2022.07.29,train,vocal,t12.2022.07.27,114,with the abortion issues and stuff,17,UW,3,medial,issues,184,216,32,46,46,200,204,196,204,0.553562448079194
t12.2022.07.29,train,vocal,t12.2022.07.27,114,with the abortion issues and stuff,18,Z,3,final,issues,188,220,32,47,47,204,208,204,208,0.7110137162118602
t12.2022.07.29,train,vocal,t12.2022.07.27,114,with the abortion issues and stuff,19,SIL,3,sil,issues,192,236,44,48,51,208,224,208,228,0.9023332985046287
t12.2022.07.29,train,vocal,t12.2022.07.27,114,with the abortion issues and stuff,20,AH,4,initial,and,216,248,32,54,54,232,236,228,236,0.9999982391390494
t12.2022.07.29,train,vocal,t12.2022.07.27,114,with the abortion issues and stuff,21,N,4,medial,and,220,252,32,55,55,236,240,236,240,0.999191464728894
t12.2022.07.29,train,vocal,t12.2022.07.27,114,with the abortion issues and stuff,22,D,4,final,and,224,260,36,56,57,240,248,240,248,0.9575721882072568
t12.2022.07.29,train,vocal,t12.2022.07.27,114,with the abortion issues and stuff,23,SIL,4,sil,and,232,264,32,58,58,248,252,248,252,0.9962634918914071
t12.2022.07.29,train,vocal,t12.2022.07.27,114,with the abortion issues and stuff,24,S,5,initial,stuff,236,272,36,59,60,252,260,252,260,0.8813044384977935
t12.2022.07.29,train,vocal,t12.2022.07.27,114,with the abortion issues and stuff,25,T,5,medial,stuff,244,276,32,61,61,260,264,260,264,0.9279549568692839
t12.2022.07.29,train,vocal,t12.2022.07.27,114,with the abortion issues and stuff,26,AH,5,medial,stuff,248,280,32,62,62,264,268,264,268,0.941146961595439
t12.2022.07.29,train,vocal,t12.2022.07.27,114,with the abortion issues and stuff,27,F,5,final,stuff,252,288,36,63,64,268,276,268,276,0.5519889378677476
t12.2022.07.29,train,vocal,t12.2022.07.27,114,with the abortion issues and stuff,28,SIL,5,sil,stuff,260,304,44,65,68,276,292,276,292,0.9999452326281787
t12.2022.07.29,train,vocal,t12.2022.07.27,115,that's easier done in a company,0,DH,0,initial,that's,8,44,36,2,3,24,32,16,32,0.9510675022327265
t12.2022.07.29,train,vocal,t12.2022.07.27,115,that's easier done in a company,1,AE,0,medial,that's,16,48,32,4,4,32,36,32,36,0.99998222271689
t12.2022.07.29,train,vocal,t12.2022.07.27,115,that's easier done in a company,2,T,0,medial,that's,20,52,32,5,5,36,40,36,40,0.9996893555409532
t12.2022.07.29,train,vocal,t12.2022.07.27,115,that's easier done in a company,3,S,0,final,that's,24,60,36,6,7,40,48,40,48,0.8930893507099738
t12.2022.07.29,train,vocal,t12.2022.07.27,115,that's easier done in a company,4,SIL,0,sil,that's,32,64,32,8,8,48,52,48,56,0.9983627715398836
t12.2022.07.29,train,vocal,t12.2022.07.27,115,that's easier done in a company,5,IY,1,initial,easier,44,76,32,11,11,60,64,56,64,0.0004857224116465613
t12.2022.07.29,train,vocal,t12.2022.07.27,115,that's easier done in a company,6,Z,1,medial,easier,48,80,32,12,12,64,68,64,68,0.0003344096839839456
t12.2022.07.29,train,vocal,t12.2022.07.27,115,that's easier done in a company,7,IY,1,medial,easier,52,84,32,13,13,68,72,68,72,0.9470827930895774
t12.2022.07.29,train,vocal,t12.2022.07.27,115,that's easier done in a company,8,ER,1,final,easier,56,88,32,14,14,72,76,72,76,0.16299091464357804
t12.2022.07.29,train,vocal,t12.2022.07.27,115,that's easier done in a company,9,SIL,1,sil,easier,60,100,40,15,17,76,88,76,88,0.7770305249751134
t12.2022.07.29,train,vocal,t12.2022.07.27,115,that's easier done in a company,10,D,2,initial,done,72,104,32,18,18,88,92,88,96,0.15627001411487038
t12.2022.07.29,train,vocal,t12.2022.07.27,115,that's easier done in a company,11,AH,2,medial,done,80,112,32,20,20,96,100,96,100,0.86093481817103
t12.2022.07.29,train,vocal,t12.2022.07.27,115,that's easier done in a company,12,N,2,final,done,84,116,32,21,21,100,104,100,104,0.9991035304889484
t12.2022.07.29,train,vocal,t12.2022.07.27,115,that's easier done in a company,13,SIL,2,sil,done,88,132,44,22,25,104,120,104,124,0.9968785439222935
t12.2022.07.29,train,vocal,t12.2022.07.27,115,that's easier done in a company,14,IH,3,initial,in,112,144,32,28,28,128,132,124,132,0.9999710075613966
t12.2022.07.29,train,vocal,t12.2022.07.27,115,that's easier done in a company,15,N,3,final,in,116,148,32,29,29,132,136,132,136,0.9999974089619827
t12.2022.07.29,train,vocal,t12.2022.07.27,115,that's easier done in a company,16,SIL,3,sil,in,120,160,40,30,32,136,148,136,152,0.9993867757969993
t12.2022.07.29,train,vocal,t12.2022.07.27,115,that's easier done in a company,17,AH,4,single,a,140,176,36,35,36,156,164,152,164,0.9711593630591624
t12.2022.07.29,train,vocal,t12.2022.07.27,115,that's easier done in a company,18,SIL,4,sil,a,148,204,56,37,43,164,192,164,192,0.9998928236912067
t12.2022.07.29,train,vocal,t12.2022.07.27,115,that's easier done in a company,19,K,5,initial,company,176,208,32,44,44,192,196,192,200,0.9999978573522859
t12.2022.07.29,train,vocal,t12.2022.07.27,115,that's easier done in a company,20,AH,5,medial,company,184,216,32,46,46,200,204,200,204,0.9292197410112798
t12.2022.07.29,train,vocal,t12.2022.07.27,115,that's easier done in a company,21,M,5,medial,company,188,220,32,47,47,204,208,204,208,0.9932814785483636
t12.2022.07.29,train,vocal,t12.2022.07.27,115,that's easier done in a company,22,P,5,medial,company,192,224,32,48,48,208,212,208,212,0.9606869774263801
t12.2022.07.29,train,vocal,t12.2022.07.27,115,that's easier done in a company,23,AH,5,medial,company,196,232,36,49,50,212,220,212,220,0.8793129087654759
t12.2022.07.29,train,vocal,t12.2022.07.27,115,that's easier done in a company,24,N,5,medial,company,204,236,32,51,51,220,224,220,224,0.779787427291578
t12.2022.07.29,train,vocal,t12.2022.07.27,115,that's easier done in a company,25,IY,5,final,company,208,240,32,52,52,224,228,224,228,0.9809347726483412
t12.2022.07.29,train,vocal,t12.2022.07.27,115,that's easier done in a company,26,SIL,5,sil,company,212,256,44,53,56,228,244,228,244,0.9588104885414986
t12.2022.07.29,train,vocal,t12.2022.07.27,116,she can do it,0,SH,0,initial,she,8,40,32,2,2,24,28,16,32,0.00011175906456181488
t12.2022.07.29,train,vocal,t12.2022.07.27,116,she can do it,1,IY,0,final,she,16,48,32,4,4,32,36,32,40,0.0004259361589737194
t12.2022.07.29,train,vocal,t12.2022.07.27,116,she can do it,2,SIL,0,sil,she,24,64,40,6,8,40,52,40,52,0.8813680970271794
t12.2022.07.29,train,vocal,t12.2022.07.27,116,she can do it,3,K,1,initial,can,36,68,32,9,9,52,56,52,56,0.9999962280158807
t12.2022.07.29,train,vocal,t12.2022.07.27,116,she can do it,4,AE,1,medial,can,40,72,32,10,10,56,60,56,60,0.9999979523858956
t12.2022.07.29,train,vocal,t12.2022.07.27,116,she can do it,5,N,1,final,can,44,76,32,11,11,60,64,60,64,0.9995724252168839
t12.2022.07.29,train,vocal,t12.2022.07.27,116,she can do it,6,SIL,1,sil,can,48,88,40,12,14,64,76,64,76,0.9960905468247448
t12.2022.07.29,train,vocal,t12.2022.07.27,116,she can do it,7,D,2,initial,do,60,92,32,15,15,76,80,76,84,0.961949848352575
t12.2022.07.29,train,vocal,t12.2022.07.27,116,she can do it,8,UW,2,final,do,68,100,32,17,17,84,88,84,88,0.997798190822569
t12.2022.07.29,train,vocal,t12.2022.07.27,116,she can do it,9,SIL,2,sil,do,72,112,40,18,20,88,100,88,104,0.9424905746182356
t12.2022.07.29,train,vocal,t12.2022.07.27,116,she can do it,10,IH,3,initial,it,88,120,32,22,22,104,108,104,108,0.999999921022479
t12.2022.07.29,train,vocal,t12.2022.07.27,116,she can do it,11,T,3,final,it,92,124,32,23,23,108,112,108,112,0.999997560783164
t12.2022.07.29,train,vocal,t12.2022.07.27,116,she can do it,12,SIL,3,sil,it,96,144,48,24,28,112,132,112,132,0.9993155882261625
t12.2022.07.29,train,vocal,t12.2022.07.27,117,we should see to our own lives,0,W,0,initial,we,24,60,36,6,7,40,48,16,48,0.980157348745019
t12.2022.07.29,train,vocal,t12.2022.07.27,117,we should see to our own lives,1,IY,0,final,we,32,64,32,8,8,48,52,48,56,0.999963686691205
t12.2022.07.29,train,vocal,t12.2022.07.27,117,we should see to our own lives,2,SIL,0,sil,we,40,80,40,10,12,56,68,56,68,0.9997769294362054
t12.2022.07.29,train,vocal,t12.2022.07.27,117,we should see to our own lives,3,SH,1,initial,should,52,84,32,13,13,68,72,68,76,0.9854328311665413
t12.2022.07.29,train,vocal,t12.2022.07.27,117,we should see to our own lives,4,UH,1,medial,should,60,92,32,15,15,76,80,76,80,0.9903255114153827
t12.2022.07.29,train,vocal,t12.2022.07.27,117,we should see to our own lives,5,D,1,final,should,64,96,32,16,16,80,84,80,84,0.9994502759869907
t12.2022.07.29,train,vocal,t12.2022.07.27,117,we should see to our own lives,6,SIL,1,sil,should,68,104,36,17,18,84,92,84,92,0.8848623919271699
t12.2022.07.29,train,vocal,t12.2022.07.27,117,we should see to our own lives,7,S,2,initial,see,76,108,32,19,19,92,96,92,100,0.8624782326986455
t12.2022.07.29,train,vocal,t12.2022.07.27,117,we should see to our own lives,8,IY,2,final,see,84,116,32,21,21,100,104,100,108,0.5036231333442758
t12.2022.07.29,train,vocal,t12.2022.07.27,117,we should see to our own lives,9,SIL,2,sil,see,92,140,48,23,27,108,128,108,128,0.9987061033296227
t12.2022.07.29,train,vocal,t12.2022.07.27,117,we should see to our own lives,10,T,3,initial,to,112,144,32,28,28,128,132,128,136,0.9994429744916686
t12.2022.07.29,train,vocal,t12.2022.07.27,117,we should see to our own lives,11,UW,3,final,to,120,152,32,30,30,136,140,136,140,0.9999917386832414
t12.2022.07.29,train,vocal,t12.2022.07.27,117,we should see to our own lives,12,SIL,3,sil,to,124,176,52,31,36,140,164,140,172,0.9680240365694246
t12.2022.07.29,train,vocal,t12.2022.07.27,117,we should see to our own lives,13,AW,4,initial,our,160,192,32,40,40,176,180,172,180,0.0732189861269224
t12.2022.07.29,train,vocal,t12.2022.07.27,117,we should see to our own lives,14,ER,4,final,our,164,196,32,41,41,180,184,180,184,0.04139713388062883
t12.2022.07.29,train,vocal,t12.2022.07.27,117,we should see to our own lives,15,SIL,4,sil,our,168,212,44,42,45,184,200,184,208,0.9915534741512586
t12.2022.07.29,train,vocal,t12.2022.07.27,117,we should see to our own lives,16,OW,5,initial,own,196,228,32,49,49,212,216,208,216,0.9591621188874434
t12.2022.07.29,train,vocal,t12.2022.07.27,117,we should see to our own lives,17,N,5,final,own,200,240,40,50,52,216,228,216,228,0.9923270983706347
t12.2022.07.29,train,vocal,t12.2022.07.27,117,we should see to our own lives,18,SIL,5,sil,own,212,272,60,53,60,228,260,228,260,0.9894774215346651
t12.2022.07.29,train,vocal,t12.2022.07.27,117,we should see to our own lives,19,L,6,initial,lives,244,280,36,61,62,260,268,260,272,0.9948937517781016
t12.2022.07.29,train,vocal,t12.2022.07.27,117,we should see to our own lives,20,IH,6,medial,lives,256,288,32,64,64,272,276,272,276,0.00032792296521527746
t12.2022.07.29,train,vocal,t12.2022.07.27,117,we should see to our own lives,21,V,6,medial,lives,260,296,36,65,66,276,284,276,284,0.9813258314046531
t12.2022.07.29,train,vocal,t12.2022.07.27,117,we should see to our own lives,22,Z,6,final,lives,268,300,32,67,67,284,288,284,288,0.0008208705931623718
t12.2022.07.29,train,vocal,t12.2022.07.27,117,we should see to our own lives,23,SIL,6,sil,lives,272,316,44,68,71,288,304,288,304,0.9999743177980978
t12.2022.07.29,train,vocal,t12.2022.07.27,118,i think that's all right,0,AY,0,single,i,16,48,32,4,4,32,36,16,40,0.9999976490969397
t12.2022.07.29,train,vocal,t12.2022.07.27,118,i think that's all right,1,SIL,0,sil,i,24,64,40,6,8,40,52,40,52,0.8963833533679266
t12.2022.07.29,train,vocal,t12.2022.07.27,118,i think that's all right,2,TH,1,initial,think,36,68,32,9,9,52,56,52,56,0.9999995416610639
t12.2022.07.29,train,vocal,t12.2022.07.27,118,i think that's all right,3,IH,1,medial,think,40,76,36,10,11,56,64,56,64,0.9970948373665948
t12.2022.07.29,train,vocal,t12.2022.07.27,118,i think that's all right,4,NG,1,medial,think,48,80,32,12,12,64,68,64,68,0.999958173652767
t12.2022.07.29,train,vocal,t12.2022.07.27,118,i think that's all right,5,K,1,final,think,52,84,32,13,13,68,72,68,72,0.9999644270524829
t12.2022.07.29,train,vocal,t12.2022.07.27,118,i think that's all right,6,SIL,1,sil,think,56,88,32,14,14,72,76,72,76,0.9998800333239329
t12.2022.07.29,train,vocal,t12.2022.07.27,118,i think that's all right,7,DH,2,initial,that's,60,96,36,15,16,76,84,76,84,0.9015878387729046
t12.2022.07.29,train,vocal,t12.2022.07.27,118,i think that's all right,8,AE,2,medial,that's,68,100,32,17,17,84,88,84,88,0.9992234073624131
t12.2022.07.29,train,vocal,t12.2022.07.27,118,i think that's all right,9,T,2,medial,that's,72,104,32,18,18,88,92,88,92,0.9999840978709651
t12.2022.07.29,train,vocal,t12.2022.07.27,118,i think that's all right,10,S,2,final,that's,76,108,32,19,19,92,96,92,96,0.9999949850377715
t12.2022.07.29,train,vocal,t12.2022.07.27,118,i think that's all right,11,SIL,2,sil,that's,80,120,40,20,22,96,108,96,112,0.7920497592130858
t12.2022.07.29,train,vocal,t12.2022.07.27,118,i think that's all right,12,AO,3,initial,all,100,132,32,25,25,116,120,112,120,0.9990807001525106
t12.2022.07.29,train,vocal,t12.2022.07.27,118,i think that's all right,13,L,3,final,all,104,136,32,26,26,120,124,120,124,0.9999928562938278
t12.2022.07.29,train,vocal,t12.2022.07.27,118,i think that's all right,14,SIL,3,sil,all,108,148,40,27,29,124,136,124,136,0.9804867757455186
t12.2022.07.29,train,vocal,t12.2022.07.27,118,i think that's all right,15,R,4,initial,right,120,156,36,30,31,136,144,136,144,0.9961452684579881
t12.2022.07.29,train,vocal,t12.2022.07.27,118,i think that's all right,16,AY,4,medial,right,128,160,32,32,32,144,148,144,148,0.999984280365672
t12.2022.07.29,train,vocal,t12.2022.07.27,118,i think that's all right,17,T,4,final,right,132,164,32,33,33,148,152,148,152,0.9997932263934677
t12.2022.07.29,train,vocal,t12.2022.07.27,118,i think that's all right,18,SIL,4,sil,right,136,192,56,34,40,152,180,152,180,0.9966855164445959
t12.2022.07.29,train,vocal,t12.2022.07.27,119,a good steak or a hamburger,0,AH,0,single,a,20,52,32,5,5,36,40,16,40,0.7067199122842138
t12.2022.07.29,train,vocal,t12.2022.07.27,119,a good steak or a hamburger,1,SIL,0,sil,a,24,68,44,6,9,40,56,40,56,0.9900184387477857
t12.2022.07.29,train,vocal,t12.2022.07.27,119,a good steak or a hamburger,2,G,1,initial,good,40,72,32,10,10,56,60,56,64,0.9999763205424775
t12.2022.07.29,train,vocal,t12.2022.07.27,119,a good steak or a hamburger,3,UH,1,medial,good,48,80,32,12,12,64,68,64,68,0.9987760740597148
t12.2022.07.29,train,vocal,t12.2022.07.27,119,a good steak or a hamburger,4,D,1,final,good,52,84,32,13,13,68,72,68,72,0.999065262208797
t12.2022.07.29,train,vocal,t12.2022.07.27,119,a good steak or a hamburger,5,SIL,1,sil,good,56,96,40,14,16,72,84,72,84,0.9811419001801068
t12.2022.07.29,train,vocal,t12.2022.07.27,119,a good steak or a hamburger,6,S,2,initial,steak,68,100,32,17,17,84,88,84,88,0.47835088452953106
t12.2022.07.29,train,vocal,t12.2022.07.27,119,a good steak or a hamburger,7,T,2,medial,steak,72,104,32,18,18,88,92,88,96,0.7501299142001696
t12.2022.07.29,train,vocal,t12.2022.07.27,119,a good steak or a hamburger,8,EY,2,medial,steak,80,112,32,20,20,96,100,96,100,0.9157674877997547
t12.2022.07.29,train,vocal,t12.2022.07.27,119,a good steak or a hamburger,9,K,2,final,steak,84,120,36,21,22,100,108,100,108,0.7447159011785618
t12.2022.07.29,train,vocal,t12.2022.07.27,119,a good steak or a hamburger,10,SIL,2,sil,steak,92,136,44,23,26,108,124,108,128,0.9756254829432813
t12.2022.07.29,train,vocal,t12.2022.07.27,119,a good steak or a hamburger,11,AO,3,initial,or,116,148,32,29,29,132,136,128,136,0.4966944961286152
t12.2022.07.29,train,vocal,t12.2022.07.27,119,a good steak or a hamburger,12,R,3,final,or,120,152,32,30,30,136,140,136,140,0.9980725525727809
t12.2022.07.29,train,vocal,t12.2022.07.27,119,a good steak or a hamburger,13,SIL,3,sil,or,124,168,44,31,34,140,156,140,160,0.9923606309688197
t12.2022.07.29,train,vocal,t12.2022.07.27,119,a good steak or a hamburger,14,AH,4,single,a,144,176,32,36,36,160,164,160,164,0.9999399844619746
t12.2022.07.29,train,vocal,t12.2022.07.27,119,a good steak or a hamburger,15,SIL,4,sil,a,148,200,52,37,42,164,188,164,188,0.9872645493201611
t12.2022.07.29,train,vocal,t12.2022.07.27,119,a good steak or a hamburger,16,HH,5,initial,hamburger,172,204,32,43,43,188,192,188,196,0.6787260250253444
t12.2022.07.29,train,vocal,t12.2022.07.27,119,a good steak or a hamburger,17,AE,5,medial,hamburger,180,212,32,45,45,196,200,196,200,0.9997103853203549
t12.2022.07.29,train,vocal,t12.2022.07.27,119,a good steak or a hamburger,18,M,5,medial,hamburger,184,216,32,46,46,200,204,200,204,0.9986363332476109
t12.2022.07.29,train,vocal,t12.2022.07.27,119,a good steak or a hamburger,19,B,5,medial,hamburger,188,220,32,47,47,204,208,204,212,0.02208266442794751
t12.2022.07.29,train,vocal,t12.2022.07.27,119,a good steak or a hamburger,20,ER,5,medial,hamburger,196,228,32,49,49,212,216,212,220,0.0022667210621845997
t12.2022.07.29,train,vocal,t12.2022.07.27,119,a good steak or a hamburger,21,G,5,medial,hamburger,204,240,36,51,52,220,228,220,228,0.5149234993995573
t12.2022.07.29,train,vocal,t12.2022.07.27,119,a good steak or a hamburger,22,ER,5,final,hamburger,212,248,36,53,54,228,236,228,236,0.5568632520327423
t12.2022.07.29,train,vocal,t12.2022.07.27,119,a good steak or a hamburger,23,SIL,5,sil,hamburger,220,272,52,55,60,236,260,236,260,0.9999412330042877
t12.2022.07.29,train,vocal,t12.2022.07.27,120,it's not too hard,0,IH,0,initial,it's,52,84,32,13,13,68,72,16,72,0.7418878151463889
t12.2022.07.29,train,vocal,t12.2022.07.27,120,it's not too hard,1,T,0,medial,it's,56,88,32,14,14,72,76,72,76,0.9996339562220152
t12.2022.07.29,train,vocal,t12.2022.07.27,120,it's not too hard,2,S,0,final,it's,60,96,36,15,16,76,84,76,84,0.9710619132255444
t12.2022.07.29,train,vocal,t12.2022.07.27,120,it's not too hard,3,SIL,0,sil,it's,68,120,52,17,22,84,108,84,120,0.8972333438241931
t12.2022.07.29,train,vocal,t12.2022.07.27,120,it's not too hard,4,N,1,initial,not,116,152,36,29,30,132,140,120,140,0.5003955643753123
t12.2022.07.29,train,vocal,t12.2022.07.27,120,it's not too hard,5,AA,1,medial,not,124,156,32,31,31,140,144,140,144,0.9997538129817153
t12.2022.07.29,train,vocal,t12.2022.07.27,120,it's not too hard,6,T,1,final,not,128,164,36,32,33,144,152,144,152,0.9988773046174044
t12.2022.07.29,train,vocal,t12.2022.07.27,120,it's not too hard,7,SIL,1,sil,not,136,176,40,34,36,152,164,152,164,0.9985910948386794
t12.2022.07.29,train,vocal,t12.2022.07.27,120,it's not too hard,8,T,2,initial,too,148,180,32,37,37,164,168,164,172,0.9995626034643433
t12.2022.07.29,train,vocal,t12.2022.07.27,120,it's not too hard,9,UW,2,final,too,156,188,32,39,39,172,176,172,176,0.9991339452056843
t12.2022.07.29,train,vocal,t12.2022.07.27,120,it's not too hard,10,SIL,2,sil,too,160,208,48,40,44,176,196,176,196,0.9045838171133564
t12.2022.07.29,train,vocal,t12.2022.07.27,120,it's not too hard,11,HH,3,initial,hard,180,212,32,45,45,196,200,196,204,0.9990415709044929
t12.2022.07.29,train,vocal,t12.2022.07.27,120,it's not too hard,12,AA,3,medial,hard,188,220,32,47,47,204,208,204,208,0.9986289392435952
t12.2022.07.29,train,vocal,t12.2022.07.27,120,it's not too hard,13,R,3,medial,hard,192,224,32,48,48,208,212,208,212,0.9972360183566618
t12.2022.07.29,train,vocal,t12.2022.07.27,120,it's not too hard,14,D,3,final,hard,196,232,36,49,50,212,220,212,220,0.9424578140678355
t12.2022.07.29,train,vocal,t12.2022.07.27,120,it's not too hard,15,SIL,3,sil,hard,204,248,44,51,54,220,236,220,236,0.999979780233129
t12.2022.07.29,train,vocal,t12.2022.07.27,121,do we just go ahead,0,D,0,initial,do,32,64,32,8,8,48,52,16,56,0.018355904499319245
t12.2022.07.29,train,vocal,t12.2022.07.27,121,do we just go ahead,1,UW,0,final,do,40,72,32,10,10,56,60,56,64,0.9221747964552379
t12.2022.07.29,train,vocal,t12.2022.07.27,121,do we just go ahead,2,SIL,0,sil,do,48,84,36,12,13,64,72,64,72,0.999862992732693
t12.2022.07.29,train,vocal,t12.2022.07.27,121,do we just go ahead,3,W,1,initial,we,56,92,36,14,15,72,80,72,84,0.9986317135799961
t12.2022.07.29,train,vocal,t12.2022.07.27,121,do we just go ahead,4,IY,1,final,we,68,100,32,17,17,84,88,84,92,0.9978183438730311
t12.2022.07.29,train,vocal,t12.2022.07.27,121,do we just go ahead,5,SIL,1,sil,we,76,112,36,19,20,92,100,92,100,0.9988929937516313
t12.2022.07.29,train,vocal,t12.2022.07.27,121,do we just go ahead,6,JH,2,initial,just,84,116,32,21,21,100,104,100,108,0.9381418793352174
t12.2022.07.29,train,vocal,t12.2022.07.27,121,do we just go ahead,7,AH,2,medial,just,92,124,32,23,23,108,112,108,112,0.8184156050055573
t12.2022.07.29,train,vocal,t12.2022.07.27,121,do we just go ahead,8,S,2,medial,just,96,128,32,24,24,112,116,112,116,0.9954585448666182
t12.2022.07.29,train,vocal,t12.2022.07.27,121,do we just go ahead,9,T,2,final,just,100,132,32,25,25,116,120,116,120,0.891128862875322
t12.2022.07.29,train,vocal,t12.2022.07.27,121,do we just go ahead,10,SIL,2,sil,just,104,176,72,26,36,120,164,120,168,0.9960947989386184
t12.2022.07.29,train,vocal,t12.2022.07.27,121,do we just go ahead,11,G,3,initial,go,152,184,32,38,38,168,172,168,176,0.020847962119323528
t12.2022.07.29,train,vocal,t12.2022.07.27,121,do we just go ahead,12,OW,3,final,go,164,196,32,41,41,180,184,176,188,0.85309360796868
t12.2022.07.29,train,vocal,t12.2022.07.27,121,do we just go ahead,13,SIL,3,sil,go,172,216,44,43,46,188,204,188,208,0.9285421285510079
t12.2022.07.29,train,vocal,t12.2022.07.27,121,do we just go ahead,14,AH,4,initial,ahead,196,228,32,49,49,212,216,208,220,0.019192154022536295
t12.2022.07.29,train,vocal,t12.2022.07.27,121,do we just go ahead,15,HH,4,medial,ahead,204,236,32,51,51,220,224,220,228,0.0005592178668722455
t12.2022.07.29,train,vocal,t12.2022.07.27,121,do we just go ahead,16,EH,4,medial,ahead,212,244,32,53,53,228,232,228,232,0.03261005031077853
t12.2022.07.29,train,vocal,t12.2022.07.27,121,do we just go ahead,17,D,4,final,ahead,216,248,32,54,54,232,236,232,236,0.9999145074962943
t12.2022.07.29,train,vocal,t12.2022.07.27,121,do we just go ahead,18,SIL,4,sil,ahead,220,280,60,55,62,236,268,236,268,0.944240307399811
t12.2022.07.29,train,vocal,t12.2022.07.27,122,an assistant district attorney in chicago,0,AE,0,initial,an,28,60,32,7,7,44,48,16,48,0.044673235738081095
t12.2022.07.29,train,vocal,t12.2022.07.27,122,an assistant district attorney in chicago,1,N,0,final,an,32,64,32,8,8,48,52,48,56,0.909320527639609
t12.2022.07.29,train,vocal,t12.2022.07.27,122,an assistant district attorney in chicago,2,SIL,0,sil,an,44,92,48,11,15,60,80,56,84,0.8469454238633217
t12.2022.07.29,train,vocal,t12.2022.07.27,122,an assistant district attorney in chicago,3,AH,1,initial,assistant,72,104,32,18,18,88,92,84,92,0.6346854527743493
t12.2022.07.29,train,vocal,t12.2022.07.27,122,an assistant district attorney in chicago,4,S,1,medial,assistant,76,112,36,19,20,92,100,92,104,0.9111134361335459
t12.2022.07.29,train,vocal,t12.2022.07.27,122,an assistant district attorney in chicago,5,IH,1,medial,assistant,88,124,36,22,23,104,112,104,112,0.8624410274850299
t12.2022.07.29,train,vocal,t12.2022.07.27,122,an assistant district attorney in chicago,6,S,1,medial,assistant,96,128,32,24,24,112,116,112,116,0.08331427975256905
t12.2022.07.29,train,vocal,t12.2022.07.27,122,an assistant district attorney in chicago,7,T,1,medial,assistant,100,132,32,25,25,116,120,116,120,0.02819836835209125
t12.2022.07.29,train,vocal,t12.2022.07.27,122,an assistant district attorney in chicago,8,AH,1,medial,assistant,104,136,32,26,26,120,124,120,124,0.9999649686441211
t12.2022.07.29,train,vocal,t12.2022.07.27,122,an assistant district attorney in chicago,9,N,1,medial,assistant,108,144,36,27,28,124,132,124,132,0.9508170268836532
t12.2022.07.29,train,vocal,t12.2022.07.27,122,an assistant district attorney in chicago,10,T,1,final,assistant,116,148,32,29,29,132,136,132,136,0.9470312853644943
t12.2022.07.29,train,vocal,t12.2022.07.27,122,an assistant district attorney in chicago,11,SIL,1,sil,assistant,120,160,40,30,32,136,148,136,148,0.978872939899594
t12.2022.07.29,train,vocal,t12.2022.07.27,122,an assistant district attorney in chicago,12,D,2,initial,district,132,164,32,33,33,148,152,148,156,0.9622862872813244
t12.2022.07.29,train,vocal,t12.2022.07.27,122,an assistant district attorney in chicago,13,IH,2,medial,district,144,176,32,36,36,160,164,156,164,0.8635898065986529
t12.2022.07.29,train,vocal,t12.2022.07.27,122,an assistant district attorney in chicago,14,S,2,medial,district,148,180,32,37,37,164,168,164,168,0.06050116749204693
t12.2022.07.29,train,vocal,t12.2022.07.27,122,an assistant district attorney in chicago,15,T,2,medial,district,152,184,32,38,38,168,172,168,172,0.02702459528854294
t12.2022.07.29,train,vocal,t12.2022.07.27,122,an assistant district attorney in chicago,16,R,2,medial,district,156,188,32,39,39,172,176,172,176,0.013041591531014916
t12.2022.07.29,train,vocal,t12.2022.07.27,122,an assistant district attorney in chicago,17,IH,2,medial,district,160,192,32,40,40,176,180,176,180,0.9928680196444976
t12.2022.07.29,train,vocal,t12.2022.07.27,122,an assistant district attorney in chicago,18,K,2,medial,district,164,196,32,41,41,180,184,180,184,0.9999107202802637
t12.2022.07.29,train,vocal,t12.2022.07.27,122,an assistant district attorney in chicago,19,T,2,final,district,168,200,32,42,42,184,188,184,188,0.10414347758459352
t12.2022.07.29,train,vocal,t12.2022.07.27,122,an assistant district attorney in chicago,20,SIL,2,sil,district,172,212,40,43,45,188,200,188,204,0.9787546121415195
t12.2022.07.29,train,vocal,t12.2022.07.27,122,an assistant district attorney in chicago,21,AH,3,initial,attorney,192,224,32,48,48,208,212,204,216,0.11068617655503342
t12.2022.07.29,train,vocal,t12.2022.07.27,122,an assistant district attorney in chicago,22,T,3,medial,attorney,200,232,32,50,50,216,220,216,220,0.20490812312232043
t12.2022.07.29,train,vocal,t12.2022.07.27,122,an assistant district attorney in chicago,23,ER,3,medial,attorney,204,236,32,51,51,220,224,220,224,0.4695441838252129
t12.2022.07.29,train,vocal,t12.2022.07.27,122,an assistant district attorney in chicago,24,N,3,medial,attorney,208,248,40,52,54,224,236,224,240,0.7074042727950683
t12.2022.07.29,train,vocal,t12.2022.07.27,122,an assistant district attorney in chicago,25,IY,3,final,attorney,224,260,36,56,57,240,248,240,248,0.994697298521175
t12.2022.07.29,train,vocal,t12.2022.07.27,122,an assistant district attorney in chicago,26,SIL,3,sil,attorney,232,276,44,58,61,248,264,248,268,0.973923950423167
t12.2022.07.29,train,vocal,t12.2022.07.27,122,an assistant district attorney in chicago,27,IH,4,initial,in,256,288,32,64,64,272,276,268,276,0.9996715512366967
t12.2022.07.29,train,vocal,t12.2022.07.27,122,an assistant district attorney in chicago,28,N,4,final,in,260,292,32,65,65,276,280,276,280,0.9998992244894626
t12.2022.07.29,train,vocal,t12.2022.07.27,122,an assistant district attorney in chicago,29,SIL,4,sil,in,264,320,56,66,72,280,308,280,308,0.964026335098244
t12.2022.07.29,train,vocal,t12.2022.07.27,122,an assistant district attorney in chicago,30,SH,5,initial,chicago,292,324,32,73,73,308,312,308,316,0.04632072856725926
t12.2022.07.29,train,vocal,t12.2022.07.27,122,an assistant district attorney in chicago,31,AH,5,medial,chicago,300,332,32,75,75,316,320,316,320,0.08678993937388924
t12.2022.07.29,train,vocal,t12.2022.07.27,122,an assistant district attorney in chicago,32,K,5,medial,chicago,304,336,32,76,76,320,324,320,332,0.714377954995827
t12.2022.07.29,train,vocal,t12.2022.07.27,122,an assistant district attorney in chicago,33,AA,5,medial,chicago,324,356,32,81,81,340,344,332,344,0.4019867770415012
t12.2022.07.29,train,vocal,t12.2022.07.27,122,an assistant district attorney in chicago,34,G,5,medial,chicago,328,364,36,82,83,344,352,344,352,0.9826082114256525
t12.2022.07.29,train,vocal,t12.2022.07.27,122,an assistant district attorney in chicago,35,OW,5,final,chicago,336,372,36,84,85,352,360,352,360,0.9946478435300277
t12.2022.07.29,train,vocal,t12.2022.07.27,122,an assistant district attorney in chicago,36,SIL,5,sil,chicago,344,396,52,86,91,360,384,360,384,0.9993545734463947
t12.2022.07.29,train,vocal,t12.2022.07.27,123,what is the point of this,0,W,0,initial,what,16,48,32,4,4,32,36,16,36,0.6104637085729736
t12.2022.07.29,train,vocal,t12.2022.07.27,123,what is the point of this,1,AH,0,medial,what,20,52,32,5,5,36,40,36,40,0.9920372874207587
t12.2022.07.29,train,vocal,t12.2022.07.27,123,what is the point of this,2,T,0,final,what,24,56,32,6,6,40,44,40,44,0.9999929301886482
t12.2022.07.29,train,vocal,t12.2022.07.27,123,what is the point of this,3,SIL,0,sil,what,28,68,40,7,9,44,56,44,60,0.9880171852262626
t12.2022.07.29,train,vocal,t12.2022.07.27,123,what is the point of this,4,IH,1,initial,is,48,80,32,12,12,64,68,60,68,0.9899734856552993
t12.2022.07.29,train,vocal,t12.2022.07.27,123,what is the point of this,5,Z,1,final,is,52,84,32,13,13,68,72,68,72,0.9999042567023607
t12.2022.07.29,train,vocal,t12.2022.07.27,123,what is the point of this,6,SIL,1,sil,is,56,96,40,14,16,72,84,72,84,0.9880577961512422
t12.2022.07.29,train,vocal,t12.2022.07.27,123,what is the point of this,7,DH,2,initial,the,68,100,32,17,17,84,88,84,88,0.9998371964640153
t12.2022.07.29,train,vocal,t12.2022.07.27,123,what is the point of this,8,AH,2,final,the,72,108,36,18,19,88,96,88,96,0.9556603016601765
t12.2022.07.29,train,vocal,t12.2022.07.27,123,what is the point of this,9,SIL,2,sil,the,80,124,44,20,23,96,112,96,112,0.9989192238096036
t12.2022.07.29,train,vocal,t12.2022.07.27,123,what is the point of this,10,P,3,initial,point,96,128,32,24,24,112,116,112,116,0.9993170865214293
t12.2022.07.29,train,vocal,t12.2022.07.27,123,what is the point of this,11,OY,3,medial,point,100,136,36,25,26,116,124,116,124,0.7485517292423547
t12.2022.07.29,train,vocal,t12.2022.07.27,123,what is the point of this,12,N,3,medial,point,108,140,32,27,27,124,128,124,128,0.9999987702796728
t12.2022.07.29,train,vocal,t12.2022.07.27,123,what is the point of this,13,T,3,final,point,112,148,36,28,29,128,136,128,136,0.9889245480961864
t12.2022.07.29,train,vocal,t12.2022.07.27,123,what is the point of this,14,SIL,3,sil,point,120,160,40,30,32,136,148,136,152,0.9986744733803398
t12.2022.07.29,train,vocal,t12.2022.07.27,123,what is the point of this,15,AH,4,initial,of,140,172,32,35,35,156,160,152,160,0.9999996477300599
t12.2022.07.29,train,vocal,t12.2022.07.27,123,what is the point of this,16,V,4,final,of,144,176,32,36,36,160,164,160,164,0.9999990867125815
t12.2022.07.29,train,vocal,t12.2022.07.27,123,what is the point of this,17,SIL,4,sil,of,148,188,40,37,39,164,176,164,176,0.9969033456058886
t12.2022.07.29,train,vocal,t12.2022.07.27,123,what is the point of this,18,DH,5,initial,this,160,192,32,40,40,176,180,176,184,0.9989376108091955
t12.2022.07.29,train,vocal,t12.2022.07.27,123,what is the point of this,19,IH,5,medial,this,168,200,32,42,42,184,188,184,188,0.9998623116849019
t12.2022.07.29,train,vocal,t12.2022.07.27,123,what is the point of this,20,S,5,final,this,172,204,32,43,43,188,192,188,192,0.9999670713306111
t12.2022.07.29,train,vocal,t12.2022.07.27,123,what is the point of this,21,SIL,5,sil,this,176,240,64,44,52,192,228,192,228,0.9998611964339551
t12.2022.07.29,train,vocal,t12.2022.07.27,124,heat a medium saucepan filled with water to boil,0,HH,0,initial,heat,36,68,32,9,9,52,56,16,60,3.1616016207063574e-05
t12.2022.07.29,train,vocal,t12.2022.07.27,124,heat a medium saucepan filled with water to boil,1,IY,0,medial,heat,44,76,32,11,11,60,64,60,64,0.035598285443632284
t12.2022.07.29,train,vocal,t12.2022.07.27,124,heat a medium saucepan filled with water to boil,2,T,0,final,heat,48,80,32,12,12,64,68,64,68,0.9994300734743428
t12.2022.07.29,train,vocal,t12.2022.07.27,124,heat a medium saucepan filled with water to boil,3,SIL,0,sil,heat,52,128,76,13,24,68,116,68,120,0.6657002825730957
t12.2022.07.29,train,vocal,t12.2022.07.27,124,heat a medium saucepan filled with water to boil,4,AH,1,single,a,108,140,32,27,27,124,128,120,128,0.9998952654952913
t12.2022.07.29,train,vocal,t12.2022.07.27,124,heat a medium saucepan filled with water to boil,5,SIL,1,sil,a,112,152,40,28,30,128,140,128,140,0.9877627241702327
t12.2022.07.29,train,vocal,t12.2022.07.27,124,heat a medium saucepan filled with water to boil,6,M,2,initial,medium,124,156,32,31,31,140,144,140,148,0.9859365817939834
t12.2022.07.29,train,vocal,t12.2022.07.27,124,heat a medium saucepan filled with water to boil,7,IY,2,medial,medium,132,164,32,33,33,148,152,148,152,0.021033127022266885
t12.2022.07.29,train,vocal,t12.2022.07.27,124,heat a medium saucepan filled with water to boil,8,D,2,medial,medium,136,168,32,34,34,152,156,152,160,0.18727625993181707
t12.2022.07.29,train,vocal,t12.2022.07.27,124,heat a medium saucepan filled with water to boil,9,IY,2,medial,medium,144,176,32,36,36,160,164,160,164,0.22205411853857246
t12.2022.07.29,train,vocal,t12.2022.07.27,124,heat a medium saucepan filled with water to boil,10,AH,2,medial,medium,148,180,32,37,37,164,168,164,168,0.9649482210821979
t12.2022.07.29,train,vocal,t12.2022.07.27,124,heat a medium saucepan filled with water to boil,11,M,2,final,medium,152,184,32,38,38,168,172,168,172,0.9745359125611802
t12.2022.07.29,train,vocal,t12.2022.07.27,124,heat a medium saucepan filled with water to boil,12,SIL,2,sil,medium,156,204,48,39,43,172,192,172,192,0.9102033280897774
t12.2022.07.29,train,vocal,t12.2022.07.27,124,heat a medium saucepan filled with water to boil,13,S,3,initial,saucepan,176,208,32,44,44,192,196,192,200,0.006796560093853338
t12.2022.07.29,train,vocal,t12.2022.07.27,124,heat a medium saucepan filled with water to boil,14,AO,3,medial,saucepan,188,220,32,47,47,204,208,200,208,0.8698649629729417
t12.2022.07.29,train,vocal,t12.2022.07.27,124,heat a medium saucepan filled with water to boil,15,S,3,medial,saucepan,192,224,32,48,48,208,212,208,216,0.9888839093638241
t12.2022.07.29,train,vocal,t12.2022.07.27,124,heat a medium saucepan filled with water to boil,16,P,3,medial,saucepan,200,232,32,50,50,216,220,216,224,0.09875260687961222
t12.2022.07.29,train,vocal,t12.2022.07.27,124,heat a medium saucepan filled with water to boil,17,AE,3,medial,saucepan,208,240,32,52,52,224,228,224,228,0.003291397511729113
t12.2022.07.29,train,vocal,t12.2022.07.27,124,heat a medium saucepan filled with water to boil,18,N,3,final,saucepan,212,248,36,53,54,228,236,228,236,0.5256529118709226
t12.2022.07.29,train,vocal,t12.2022.07.27,124,heat a medium saucepan filled with water to boil,19,SIL,3,sil,saucepan,220,264,44,55,58,236,252,236,252,0.7844782597354361
t12.2022.07.29,train,vocal,t12.2022.07.27,124,heat a medium saucepan filled with water to boil,20,F,4,initial,filled,236,268,32,59,59,252,256,252,260,7.586614413461183e-06
t12.2022.07.29,train,vocal,t12.2022.07.27,124,heat a medium saucepan filled with water to boil,21,IH,4,medial,filled,244,276,32,61,61,260,264,260,264,0.031196559116258925
t12.2022.07.29,train,vocal,t12.2022.07.27,124,heat a medium saucepan filled with water to boil,22,L,4,medial,filled,248,280,32,62,62,264,268,264,268,0.06849172456616034
t12.2022.07.29,train,vocal,t12.2022.07.27,124,heat a medium saucepan filled with water to boil,23,D,4,final,filled,252,284,32,63,63,268,272,268,272,0.4695672695817876
t12.2022.07.29,train,vocal,t12.2022.07.27,124,heat a medium saucepan filled with water to boil,24,SIL,4,sil,filled,256,292,36,64,65,272,280,272,280,0.6990007052430873
t12.2022.07.29,train,vocal,t12.2022.07.27,124,heat a medium saucepan filled with water to boil,25,W,5,initial,with,264,296,32,66,66,280,284,280,288,0.9973291754984798
t12.2022.07.29,train,vocal,t12.2022.07.27,124,heat a medium saucepan filled with water to boil,26,IH,5,medial,with,272,304,32,68,68,288,292,288,292,0.11552765796767184
t12.2022.07.29,train,vocal,t12.2022.07.27,124,heat a medium saucepan filled with water to boil,27,DH,5,final,with,276,308,32,69,69,292,296,292,296,0.045101276684008144
t12.2022.07.29,train,vocal,t12.2022.07.27,124,heat a medium saucepan filled with water to boil,28,SIL,5,sil,with,280,320,40,70,72,296,308,296,308,0.9881699024901406
t12.2022.07.29,train,vocal,t12.2022.07.27,124,heat a medium saucepan filled with water to boil,29,W,6,initial,water,292,324,32,73,73,308,312,308,316,0.9918195983683309
t12.2022.07.29,train,vocal,t12.2022.07.27,124,heat a medium saucepan filled with water to boil,30,AO,6,medial,water,300,332,32,75,75,316,320,316,320,0.11112542326218913
t12.2022.07.29,train,vocal,t12.2022.07.27,124,heat a medium saucepan filled with water to boil,31,T,6,medial,water,304,336,32,76,76,320,324,320,324,4.55532000135278e-05
t12.2022.07.29,train,vocal,t12.2022.07.27,124,heat a medium saucepan filled with water to boil,32,ER,6,final,water,308,340,32,77,77,324,328,324,328,0.02376252055863515
t12.2022.07.29,train,vocal,t12.2022.07.27,124,heat a medium saucepan filled with water to boil,33,SIL,6,sil,water,312,360,48,78,82,328,348,328,348,0.9998477168971664
t12.2022.07.29,train,vocal,t12.2022.07.27,124,heat a medium saucepan filled with water to boil,34,T,7,initial,to,332,364,32,83,83,348,352,348,356,0.9999965726252561
t12.2022.07.29,train,vocal,t12.2022.07.27,124,heat a medium saucepan filled with water to boil,35,UW,7,final,to,340,372,32,85,85,356,360,356,360,0.9999995876337271
t12.2022.07.29,train,vocal,t12.2022.07.27,124,heat a medium saucepan filled with water to boil,36,SIL,7,sil,to,344,392,48,86,90,360,380,360,380,0.9827631336998752
t12.2022.07.29,train,vocal,t12.2022.07.27,124,heat a medium saucepan filled with water to boil,37,B,8,initial,boil,364,396,32,91,91,380,384,380,388,0.8006073197325457
t12.2022.07.29,train,vocal,t12.2022.07.27,124,heat a medium saucepan filled with water to boil,38,OY,8,medial,boil,372,404,32,93,93,388,392,388,392,0.004756493276487495
t12.2022.07.29,train,vocal,t12.2022.07.27,124,heat a medium saucepan filled with water to boil,39,L,8,final,boil,376,408,32,94,94,392,396,392,396,0.024476700190611496
t12.2022.07.29,train,vocal,t12.2022.07.27,124,heat a medium saucepan filled with water to boil,40,SIL,8,sil,boil,380,436,56,95,101,396,424,396,424,0.999559753751529
t12.2022.07.29,train,vocal,t12.2022.07.27,125,especially when you have a family,0,AH,0,initial,especially,40,72,32,10,10,56,60,16,60,0.2713971925604252
t12.2022.07.29,train,vocal,t12.2022.07.27,125,especially when you have a family,1,S,0,medial,especially,44,80,36,11,12,60,68,60,68,0.9081159673824849
t12.2022.07.29,train,vocal,t12.2022.07.27,125,especially when you have a family,2,P,0,medial,especially,52,84,32,13,13,68,72,68,76,0.8507420292542378
t12.2022.07.29,train,vocal,t12.2022.07.27,125,especially when you have a family,3,EH,0,medial,especially,60,92,32,15,15,76,80,76,80,0.9997876932983841
t12.2022.07.29,train,vocal,t12.2022.07.27,125,especially when you have a family,4,SH,0,medial,especially,64,100,36,16,17,80,88,80,88,0.6044945375577297
t12.2022.07.29,train,vocal,t12.2022.07.27,125,especially when you have a family,5,L,0,medial,especially,72,112,40,18,20,88,100,88,100,0.9828066450825848
t12.2022.07.29,train,vocal,t12.2022.07.27,125,especially when you have a family,6,IY,0,final,especially,84,120,36,21,22,100,108,100,108,0.9931413923344099
t12.2022.07.29,train,vocal,t12.2022.07.27,125,especially when you have a family,7,SIL,0,sil,especially,92,124,32,23,23,108,112,108,112,0.9993751862256067
t12.2022.07.29,train,vocal,t12.2022.07.27,125,especially when you have a family,8,W,1,initial,when,96,128,32,24,24,112,116,112,120,0.9976030267579045
t12.2022.07.29,train,vocal,t12.2022.07.27,125,especially when you have a family,9,EH,1,medial,when,104,136,32,26,26,120,124,120,124,0.9650446585344047
t12.2022.07.29,train,vocal,t12.2022.07.27,125,especially when you have a family,10,N,1,final,when,108,140,32,27,27,124,128,124,128,0.9999990238887067
t12.2022.07.29,train,vocal,t12.2022.07.27,125,especially when you have a family,11,SIL,1,sil,when,112,152,40,28,30,128,140,128,140,0.9619155207445584
t12.2022.07.29,train,vocal,t12.2022.07.27,125,especially when you have a family,12,Y,2,initial,you,124,156,32,31,31,140,144,140,148,0.9946657923839339
t12.2022.07.29,train,vocal,t12.2022.07.27,125,especially when you have a family,13,UW,2,final,you,132,164,32,33,33,148,152,148,152,0.9893872598755887
t12.2022.07.29,train,vocal,t12.2022.07.27,125,especially when you have a family,14,SIL,2,sil,you,136,200,64,34,42,152,188,152,188,0.9681739248725526
t12.2022.07.29,train,vocal,t12.2022.07.27,125,especially when you have a family,15,HH,3,initial,have,172,208,36,43,44,188,196,188,200,0.9998176744997747
t12.2022.07.29,train,vocal,t12.2022.07.27,125,especially when you have a family,16,AE,3,medial,have,184,216,32,46,46,200,204,200,204,0.9999997864532489
t12.2022.07.29,train,vocal,t12.2022.07.27,125,especially when you have a family,17,V,3,final,have,188,220,32,47,47,204,208,204,208,0.9999920278385739
t12.2022.07.29,train,vocal,t12.2022.07.27,125,especially when you have a family,18,SIL,3,sil,have,192,232,40,48,50,208,220,208,224,0.9999536073238707
t12.2022.07.29,train,vocal,t12.2022.07.27,125,especially when you have a family,19,AH,4,single,a,212,244,32,53,53,228,232,224,232,0.9999988727549741
t12.2022.07.29,train,vocal,t12.2022.07.27,125,especially when you have a family,20,SIL,4,sil,a,216,260,44,54,57,232,248,232,248,0.9179491594526864
t12.2022.07.29,train,vocal,t12.2022.07.27,125,especially when you have a family,21,F,5,initial,family,232,264,32,58,58,248,252,248,256,0.9997711374563227
t12.2022.07.29,train,vocal,t12.2022.07.27,125,especially when you have a family,22,AE,5,medial,family,240,272,32,60,60,256,260,256,260,0.9974818747944467
t12.2022.07.29,train,vocal,t12.2022.07.27,125,especially when you have a family,23,M,5,medial,family,244,276,32,61,61,260,264,260,264,0.9832389401313968
t12.2022.07.29,train,vocal,t12.2022.07.27,125,especially when you have a family,24,AH,5,medial,family,248,284,36,62,63,264,272,264,272,0.9409803509608388
t12.2022.07.29,train,vocal,t12.2022.07.27,125,especially when you have a family,25,L,5,medial,family,256,288,32,64,64,272,276,272,276,0.9996012703660413
t12.2022.07.29,train,vocal,t12.2022.07.27,125,especially when you have a family,26,IY,5,final,family,260,296,36,65,66,276,284,276,284,0.9575203517905926
t12.2022.07.29,train,vocal,t12.2022.07.27,125,especially when you have a family,27,SIL,5,sil,family,268,312,44,67,70,284,300,284,300,0.9999547991369412
t12.2022.07.29,train,vocal,t12.2022.07.27,126,i guess that's about all i have to say,0,AY,0,single,i,32,64,32,8,8,48,52,16,52,0.9999990970084731
t12.2022.07.29,train,vocal,t12.2022.07.27,126,i guess that's about all i have to say,1,SIL,0,sil,i,36,80,44,9,12,52,68,52,68,0.8864624564261252
t12.2022.07.29,train,vocal,t12.2022.07.27,126,i guess that's about all i have to say,2,G,1,initial,guess,52,88,36,13,14,68,76,68,80,0.9825651136477185
t12.2022.07.29,train,vocal,t12.2022.07.27,126,i guess that's about all i have to say,3,EH,1,medial,guess,64,96,32,16,16,80,84,80,84,0.9999713296829085
t12.2022.07.29,train,vocal,t12.2022.07.27,126,i guess that's about all i have to say,4,S,1,final,guess,68,100,32,17,17,84,88,84,88,0.9991977810311242
t12.2022.07.29,train,vocal,t12.2022.07.27,126,i guess that's about all i have to say,5,SIL,1,sil,guess,72,112,40,18,20,88,100,88,100,0.9375316018462619
t12.2022.07.29,train,vocal,t12.2022.07.27,126,i guess that's about all i have to say,6,DH,2,initial,that's,84,116,32,21,21,100,104,100,104,0.9999835454646565
t12.2022.07.29,train,vocal,t12.2022.07.27,126,i guess that's about all i have to say,7,AE,2,medial,that's,88,120,32,22,22,104,108,104,108,0.9999943260747954
t12.2022.07.29,train,vocal,t12.2022.07.27,126,i guess that's about all i have to say,8,T,2,medial,that's,92,124,32,23,23,108,112,108,112,0.9999875805665422
t12.2022.07.29,train,vocal,t12.2022.07.27,126,i guess that's about all i have to say,9,S,2,final,that's,96,132,36,24,25,112,120,112,120,0.8390698361054398
t12.2022.07.29,train,vocal,t12.2022.07.27,126,i guess that's about all i have to say,10,SIL,2,sil,that's,104,160,56,26,32,120,148,120,152,0.9289575255682128
t12.2022.07.29,train,vocal,t12.2022.07.27,126,i guess that's about all i have to say,11,AH,3,initial,about,136,172,36,34,35,152,160,152,160,0.8537163632560996
t12.2022.07.29,train,vocal,t12.2022.07.27,126,i guess that's about all i have to say,12,B,3,medial,about,144,180,36,36,37,160,168,160,172,0.9183378708222012
t12.2022.07.29,train,vocal,t12.2022.07.27,126,i guess that's about all i have to say,13,AW,3,medial,about,160,192,32,40,40,176,180,172,180,0.9999780897754285
t12.2022.07.29,train,vocal,t12.2022.07.27,126,i guess that's about all i have to say,14,T,3,final,about,164,200,36,41,42,180,188,180,188,0.962264227367823
t12.2022.07.29,train,vocal,t12.2022.07.27,126,i guess that's about all i have to say,15,SIL,3,sil,about,172,212,40,43,45,188,200,188,204,0.9954327203462864
t12.2022.07.29,train,vocal,t12.2022.07.27,126,i guess that's about all i have to say,16,AO,4,initial,all,192,224,32,48,48,208,212,204,212,0.9901942149448332
t12.2022.07.29,train,vocal,t12.2022.07.27,126,i guess that's about all i have to say,17,L,4,final,all,196,232,36,49,50,212,220,212,220,0.9992577650009622
t12.2022.07.29,train,vocal,t12.2022.07.27,126,i guess that's about all i have to say,18,SIL,4,sil,all,204,264,60,51,58,220,252,220,256,0.9912909564498118
t12.2022.07.29,train,vocal,t12.2022.07.27,126,i guess that's about all i have to say,19,AY,5,single,i,244,280,36,61,62,260,268,256,268,0.8369385223004886
t12.2022.07.29,train,vocal,t12.2022.07.27,126,i guess that's about all i have to say,20,SIL,5,sil,i,252,292,40,63,65,268,280,268,280,0.9918201852247309
t12.2022.07.29,train,vocal,t12.2022.07.27,126,i guess that's about all i have to say,21,HH,6,initial,have,264,300,36,66,67,280,288,280,292,0.980875782994231
t12.2022.07.29,train,vocal,t12.2022.07.27,126,i guess that's about all i have to say,22,AE,6,medial,have,276,308,32,69,69,292,296,292,296,0.9999984300153094
t12.2022.07.29,train,vocal,t12.2022.07.27,126,i guess that's about all i have to say,23,V,6,final,have,280,312,32,70,70,296,300,296,300,0.9999873212902018
t12.2022.07.29,train,vocal,t12.2022.07.27,126,i guess that's about all i have to say,24,SIL,6,sil,have,284,332,48,71,75,300,320,300,320,0.9560780477221508
t12.2022.07.29,train,vocal,t12.2022.07.27,126,i guess that's about all i have to say,25,T,7,initial,to,304,336,32,76,76,320,324,320,328,0.999999867588597
t12.2022.07.29,train,vocal,t12.2022.07.27,126,i guess that's about all i have to say,26,UW,7,final,to,312,344,32,78,78,328,332,328,336,0.9999940336537938
t12.2022.07.29,train,vocal,t12.2022.07.27,126,i guess that's about all i have to say,27,SIL,7,sil,to,320,368,48,80,84,336,356,336,356,0.9896989543024596
t12.2022.07.29,train,vocal,t12.2022.07.27,126,i guess that's about all i have to say,28,S,8,initial,say,340,372,32,85,85,356,360,356,360,0.9826145161128366
t12.2022.07.29,train,vocal,t12.2022.07.27,126,i guess that's about all i have to say,29,EY,8,final,say,344,376,32,86,86,360,364,360,368,0.9230931786763504
t12.2022.07.29,train,vocal,t12.2022.07.27,126,i guess that's about all i have to say,30,SIL,8,sil,say,352,400,48,88,92,368,388,368,388,0.999944773297876
t12.2022.07.29,train,vocal,t12.2022.07.27,127,it protects you from acid and corrosion,0,IH,0,initial,it,40,76,36,10,11,56,64,16,64,0.9995066926115821
t12.2022.07.29,train,vocal,t12.2022.07.27,127,it protects you from acid and corrosion,1,T,0,final,it,48,80,32,12,12,64,68,64,68,0.9999924274949024
t12.2022.07.29,train,vocal,t12.2022.07.27,127,it protects you from acid and corrosion,2,SIL,0,sil,it,52,96,44,13,16,68,84,68,84,0.9990066627637693
t12.2022.07.29,train,vocal,t12.2022.07.27,127,it protects you from acid and corrosion,3,P,1,initial,protects,68,100,32,17,17,84,88,84,88,0.015623114426780186
t12.2022.07.29,train,vocal,t12.2022.07.27,127,it protects you from acid and corrosion,4,R,1,medial,protects,72,104,32,18,18,88,92,88,92,0.020011990597720845
t12.2022.07.29,train,vocal,t12.2022.07.27,127,it protects you from acid and corrosion,5,AH,1,medial,protects,76,108,32,19,19,92,96,92,96,0.002236981457040697
t12.2022.07.29,train,vocal,t12.2022.07.27,127,it protects you from acid and corrosion,6,T,1,medial,protects,80,116,36,20,21,96,104,96,108,0.7753043810058129
t12.2022.07.29,train,vocal,t12.2022.07.27,127,it protects you from acid and corrosion,7,EH,1,medial,protects,96,128,32,24,24,112,116,108,116,0.12366995164789947
t12.2022.07.29,train,vocal,t12.2022.07.27,127,it protects you from acid and corrosion,8,K,1,medial,protects,100,132,32,25,25,116,120,116,120,0.9990017612636748
t12.2022.07.29,train,vocal,t12.2022.07.27,127,it protects you from acid and corrosion,9,T,1,medial,protects,104,136,32,26,26,120,124,120,124,0.8669616585441375
t12.2022.07.29,train,vocal,t12.2022.07.27,127,it protects you from acid and corrosion,10,S,1,final,protects,108,140,32,27,27,124,128,124,128,0.0007012483090817163
t12.2022.07.29,train,vocal,t12.2022.07.27,127,it protects you from acid and corrosion,11,SIL,1,sil,protects,112,144,32,28,28,128,132,128,132,0.9986170045227991
t12.2022.07.29,train,vocal,t12.2022.07.27,127,it protects you from acid and corrosion,12,Y,2,initial,you,116,152,36,29,30,132,140,132,144,0.9964602881391174
t12.2022.07.29,train,vocal,t12.2022.07.27,127,it protects you from acid and corrosion,13,UW,2,final,you,128,160,32,32,32,144,148,144,148,0.6476457686201427
t12.2022.07.29,train,vocal,t12.2022.07.27,127,it protects you from acid and corrosion,14,SIL,2,sil,you,132,184,52,33,38,148,172,148,172,0.8487198718051442
t12.2022.07.29,train,vocal,t12.2022.07.27,127,it protects you from acid and corrosion,15,F,3,initial,from,156,188,32,39,39,172,176,172,176,0.9999830993590927
t12.2022.07.29,train,vocal,t12.2022.07.27,127,it protects you from acid and corrosion,16,R,3,medial,from,160,196,36,40,41,176,184,176,184,0.8211758603198489
t12.2022.07.29,train,vocal,t12.2022.07.27,127,it protects you from acid and corrosion,17,AH,3,medial,from,168,200,32,42,42,184,188,184,188,0.9423427299107224
t12.2022.07.29,train,vocal,t12.2022.07.27,127,it protects you from acid and corrosion,18,M,3,final,from,172,208,36,43,44,188,196,188,196,0.9390019651268624
t12.2022.07.29,train,vocal,t12.2022.07.27,127,it protects you from acid and corrosion,19,SIL,3,sil,from,180,220,40,45,47,196,208,196,212,0.9960206943268298
t12.2022.07.29,train,vocal,t12.2022.07.27,127,it protects you from acid and corrosion,20,AE,4,initial,acid,200,232,32,50,50,216,220,212,220,0.9925314781750845
t12.2022.07.29,train,vocal,t12.2022.07.27,127,it protects you from acid and corrosion,21,S,4,medial,acid,204,236,32,51,51,220,224,220,228,0.9571152845047827
t12.2022.07.29,train,vocal,t12.2022.07.27,127,it protects you from acid and corrosion,22,AH,4,medial,acid,212,252,40,53,55,228,240,228,240,0.576061858339356
t12.2022.07.29,train,vocal,t12.2022.07.27,127,it protects you from acid and corrosion,23,D,4,final,acid,224,256,32,56,56,240,244,240,244,0.024428140587528013
t12.2022.07.29,train,vocal,t12.2022.07.27,127,it protects you from acid and corrosion,24,SIL,4,sil,acid,228,268,40,57,59,244,256,244,260,0.9816026301165572
t12.2022.07.29,train,vocal,t12.2022.07.27,127,it protects you from acid and corrosion,25,AH,5,initial,and,248,280,32,62,62,264,268,260,268,0.9999988122898427
t12.2022.07.29,train,vocal,t12.2022.07.27,127,it protects you from acid and corrosion,26,N,5,medial,and,252,284,32,63,63,268,272,268,272,0.9999948696425887
t12.2022.07.29,train,vocal,t12.2022.07.27,127,it protects you from acid and corrosion,27,D,5,final,and,256,292,36,64,65,272,280,272,280,0.9990398315954574
t12.2022.07.29,train,vocal,t12.2022.07.27,127,it protects you from acid and corrosion,28,SIL,5,sil,and,264,328,64,66,74,280,316,280,316,0.98285944955387
t12.2022.07.29,train,vocal,t12.2022.07.27,127,it protects you from acid and corrosion,29,K,6,initial,corrosion,300,332,32,75,75,316,320,316,324,0.9249026228955616
t12.2022.07.29,train,vocal,t12.2022.07.27,127,it protects you from acid and corrosion,30,ER,6,medial,corrosion,312,344,32,78,78,328,332,324,332,0.008579611516998159
t12.2022.07.29,train,vocal,t12.2022.07.27,127,it protects you from acid and corrosion,31,OW,6,medial,corrosion,316,348,32,79,79,332,336,332,336,0.12129110036469314
t12.2022.07.29,train,vocal,t12.2022.07.27,127,it protects you from acid and corrosion,32,ZH,6,medial,corrosion,320,352,32,80,80,336,340,336,344,0.2075195724699254
t12.2022.07.29,train,vocal,t12.2022.07.27,127,it protects you from acid and corrosion,33,AH,6,medial,corrosion,328,368,40,82,84,344,356,344,356,0.9538395177802185
t12.2022.07.29,train,vocal,t12.2022.07.27,127,it protects you from acid and corrosion,34,N,6,final,corrosion,340,376,36,85,86,356,364,356,364,0.8851041313910359
t12.2022.07.29,train,vocal,t12.2022.07.27,127,it protects you from acid and corrosion,35,SIL,6,sil,corrosion,348,408,60,87,94,364,396,364,396,0.9654466272344346
t12.2022.07.29,train,vocal,t12.2022.07.27,128,i guess we're both pretty practical,0,AY,0,single,i,36,68,32,9,9,52,56,16,60,0.9999979662136114
t12.2022.07.29,train,vocal,t12.2022.07.27,128,i guess we're both pretty practical,1,SIL,0,sil,i,44,80,36,11,12,60,68,60,68,0.9998615663178143
t12.2022.07.29,train,vocal,t12.2022.07.27,128,i guess we're both pretty practical,2,G,1,initial,guess,52,88,36,13,14,68,76,68,80,0.7571030607543903
t12.2022.07.29,train,vocal,t12.2022.07.27,128,i guess we're both pretty practical,3,EH,1,medial,guess,64,96,32,16,16,80,84,80,84,0.9999754348331035
t12.2022.07.29,train,vocal,t12.2022.07.27,128,i guess we're both pretty practical,4,S,1,final,guess,68,104,36,17,18,84,92,84,92,0.9891783256121598
t12.2022.07.29,train,vocal,t12.2022.07.27,128,i guess we're both pretty practical,5,SIL,1,sil,guess,76,116,40,19,21,92,104,92,104,0.9987805033545877
t12.2022.07.29,train,vocal,t12.2022.07.27,128,i guess we're both pretty practical,6,W,2,initial,we're,88,120,32,22,22,104,108,104,112,0.9999795101251002
t12.2022.07.29,train,vocal,t12.2022.07.27,128,i guess we're both pretty practical,7,IY,2,medial,we're,96,128,32,24,24,112,116,112,116,0.6182211365618955
t12.2022.07.29,train,vocal,t12.2022.07.27,128,i guess we're both pretty practical,8,R,2,final,we're,100,132,32,25,25,116,120,116,120,0.10772559151170207
t12.2022.07.29,train,vocal,t12.2022.07.27,128,i guess we're both pretty practical,9,SIL,2,sil,we're,104,148,44,26,29,120,136,120,136,0.9999968239636124
t12.2022.07.29,train,vocal,t12.2022.07.27,128,i guess we're both pretty practical,10,B,3,initial,both,120,152,32,30,30,136,140,136,144,0.9975442475536462
t12.2022.07.29,train,vocal,t12.2022.07.27,128,i guess we're both pretty practical,11,OW,3,medial,both,128,160,32,32,32,144,148,144,148,0.9891086271720874
t12.2022.07.29,train,vocal,t12.2022.07.27,128,i guess we're both pretty practical,12,TH,3,final,both,132,168,36,33,34,148,156,148,156,0.9969165947977174
t12.2022.07.29,train,vocal,t12.2022.07.27,128,i guess we're both pretty practical,13,SIL,3,sil,both,140,200,60,35,42,156,188,156,188,0.9997992614059872
t12.2022.07.29,train,vocal,t12.2022.07.27,128,i guess we're both pretty practical,14,P,4,initial,pretty,172,204,32,43,43,188,192,188,192,0.12180782771582425
t12.2022.07.29,train,vocal,t12.2022.07.27,128,i guess we're both pretty practical,15,R,4,medial,pretty,176,208,32,44,44,192,196,192,196,0.8310047106024215
t12.2022.07.29,train,vocal,t12.2022.07.27,128,i guess we're both pretty practical,16,IH,4,medial,pretty,180,212,32,45,45,196,200,196,200,0.9864417550115223
t12.2022.07.29,train,vocal,t12.2022.07.27,128,i guess we're both pretty practical,17,T,4,medial,pretty,184,216,32,46,46,200,204,200,208,0.6782861275325913
t12.2022.07.29,train,vocal,t12.2022.07.27,128,i guess we're both pretty practical,18,IY,4,final,pretty,192,232,40,48,50,208,220,208,220,0.5166960529817032
t12.2022.07.29,train,vocal,t12.2022.07.27,128,i guess we're both pretty practical,19,SIL,4,sil,pretty,204,248,44,51,54,220,236,220,236,0.9260580501947606
t12.2022.07.29,train,vocal,t12.2022.07.27,128,i guess we're both pretty practical,20,P,5,initial,practical,220,252,32,55,55,236,240,236,240,0.9386579121550848
t12.2022.07.29,train,vocal,t12.2022.07.27,128,i guess we're both pretty practical,21,R,5,medial,practical,224,256,32,56,56,240,244,240,244,0.033307840608059816
t12.2022.07.29,train,vocal,t12.2022.07.27,128,i guess we're both pretty practical,22,AE,5,medial,practical,228,260,32,57,57,244,248,244,248,0.9901206914607388
t12.2022.07.29,train,vocal,t12.2022.07.27,128,i guess we're both pretty practical,23,K,5,medial,practical,232,264,32,58,58,248,252,248,252,0.9784304344598908
t12.2022.07.29,train,vocal,t12.2022.07.27,128,i guess we're both pretty practical,24,T,5,medial,practical,236,268,32,59,59,252,256,252,256,0.02703040839250156
t12.2022.07.29,train,vocal,t12.2022.07.27,128,i guess we're both pretty practical,25,AH,5,medial,practical,240,272,32,60,60,256,260,256,260,0.9766276921385163
t12.2022.07.29,train,vocal,t12.2022.07.27,128,i guess we're both pretty practical,26,K,5,medial,practical,244,284,40,61,63,260,272,260,272,0.8373792424588337
t12.2022.07.29,train,vocal,t12.2022.07.27,128,i guess we're both pretty practical,27,AH,5,medial,practical,256,292,36,64,65,272,280,272,280,0.9867881370272188
t12.2022.07.29,train,vocal,t12.2022.07.27,128,i guess we're both pretty practical,28,L,5,final,practical,264,296,32,66,66,280,284,280,284,0.9972446415892937
t12.2022.07.29,train,vocal,t12.2022.07.27,128,i guess we're both pretty practical,29,SIL,5,sil,practical,268,320,52,67,72,284,308,284,308,0.9621319516132587
t12.2022.07.29,train,vocal,t12.2022.07.27,129,i guess it depends on who you talk to,0,AY,0,single,i,24,56,32,6,6,40,44,16,44,0.9999988328616154
t12.2022.07.29,train,vocal,t12.2022.07.27,129,i guess it depends on who you talk to,1,SIL,0,sil,i,28,72,44,7,10,44,60,44,60,0.8601948998180792
t12.2022.07.29,train,vocal,t12.2022.07.27,129,i guess it depends on who you talk to,2,G,1,initial,guess,44,76,32,11,11,60,64,60,68,0.9999854947429393
t12.2022.07.29,train,vocal,t12.2022.07.27,129,i guess it depends on who you talk to,3,EH,1,medial,guess,52,84,32,13,13,68,72,68,72,0.9996239154236057
t12.2022.07.29,train,vocal,t12.2022.07.27,129,i guess it depends on who you talk to,4,S,1,final,guess,56,88,32,14,14,72,76,72,76,0.9999579811928622
t12.2022.07.29,train,vocal,t12.2022.07.27,129,i guess it depends on who you talk to,5,SIL,1,sil,guess,60,96,36,15,16,76,84,76,88,0.8115020283964545
t12.2022.07.29,train,vocal,t12.2022.07.27,129,i guess it depends on who you talk to,6,IH,2,initial,it,76,108,32,19,19,92,96,88,96,0.9999999734268556
t12.2022.07.29,train,vocal,t12.2022.07.27,129,i guess it depends on who you talk to,7,T,2,final,it,80,112,32,20,20,96,100,96,100,0.9999977291142721
t12.2022.07.29,train,vocal,t12.2022.07.27,129,i guess it depends on who you talk to,8,SIL,2,sil,it,84,144,60,21,28,100,132,100,132,0.9250902417826301
t12.2022.07.29,train,vocal,t12.2022.07.27,129,i guess it depends on who you talk to,9,D,3,initial,depends,116,148,32,29,29,132,136,132,140,0.005029819145867359
t12.2022.07.29,train,vocal,t12.2022.07.27,129,i guess it depends on who you talk to,10,IH,3,medial,depends,124,156,32,31,31,140,144,140,144,0.2261589456353513
t12.2022.07.29,train,vocal,t12.2022.07.27,129,i guess it depends on who you talk to,11,P,3,medial,depends,128,160,32,32,32,144,148,144,152,0.006581848804771853
t12.2022.07.29,train,vocal,t12.2022.07.27,129,i guess it depends on who you talk to,12,EH,3,medial,depends,136,168,32,34,34,152,156,152,156,0.03580121001178292
t12.2022.07.29,train,vocal,t12.2022.07.27,129,i guess it depends on who you talk to,13,N,3,medial,depends,140,172,32,35,35,156,160,156,160,0.9983585039471345
t12.2022.07.29,train,vocal,t12.2022.07.27,129,i guess it depends on who you talk to,14,D,3,medial,depends,144,180,36,36,37,160,168,160,168,0.6482374007102243
t12.2022.07.29,train,vocal,t12.2022.07.27,129,i guess it depends on who you talk to,15,Z,3,final,depends,152,184,32,38,38,168,172,168,172,0.8210501815222349
t12.2022.07.29,train,vocal,t12.2022.07.27,129,i guess it depends on who you talk to,16,SIL,3,sil,depends,156,192,36,39,40,172,180,172,184,0.9942334723440641
t12.2022.07.29,train,vocal,t12.2022.07.27,129,i guess it depends on who you talk to,17,AA,4,initial,on,172,204,32,43,43,188,192,184,192,0.9993224515949131
t12.2022.07.29,train,vocal,t12.2022.07.27,129,i guess it depends on who you talk to,18,N,4,final,on,176,208,32,44,44,192,196,192,196,0.9999743858120194
t12.2022.07.29,train,vocal,t12.2022.07.27,129,i guess it depends on who you talk to,19,SIL,4,sil,on,180,228,48,45,49,196,216,196,216,0.9932298057161381
t12.2022.07.29,train,vocal,t12.2022.07.27,129,i guess it depends on who you talk to,20,HH,5,initial,who,200,232,32,50,50,216,220,216,220,0.19618846218762837
t12.2022.07.29,train,vocal,t12.2022.07.27,129,i guess it depends on who you talk to,21,UW,5,final,who,204,236,32,51,51,220,224,220,224,0.8901658834755946
t12.2022.07.29,train,vocal,t12.2022.07.27,129,i guess it depends on who you talk to,22,SIL,5,sil,who,208,252,44,52,55,224,240,224,240,0.9234789808412501
t12.2022.07.29,train,vocal,t12.2022.07.27,129,i guess it depends on who you talk to,23,Y,6,initial,you,224,260,36,56,57,240,248,240,248,0.9994070025155206
t12.2022.07.29,train,vocal,t12.2022.07.27,129,i guess it depends on who you talk to,24,UW,6,final,you,232,268,36,58,59,248,256,248,256,0.9822144236832123
t12.2022.07.29,train,vocal,t12.2022.07.27,129,i guess it depends on who you talk to,25,SIL,6,sil,you,240,316,76,60,71,256,304,256,304,0.9996350010176229
t12.2022.07.29,train,vocal,t12.2022.07.27,129,i guess it depends on who you talk to,26,T,7,initial,talk,288,320,32,72,72,304,308,304,312,0.9897561631524253
t12.2022.07.29,train,vocal,t12.2022.07.27,129,i guess it depends on who you talk to,27,AO,7,medial,talk,296,328,32,74,74,312,316,312,316,0.5420644409247097
t12.2022.07.29,train,vocal,t12.2022.07.27,129,i guess it depends on who you talk to,28,K,7,final,talk,300,332,32,75,75,316,320,316,320,0.9999012378196123
t12.2022.07.29,train,vocal,t12.2022.07.27,129,i guess it depends on who you talk to,29,SIL,7,sil,talk,304,344,40,76,78,320,332,320,332,0.9714932622923094
t12.2022.07.29,train,vocal,t12.2022.07.27,129,i guess it depends on who you talk to,30,T,8,initial,to,316,348,32,79,79,332,336,332,340,0.9916182039205976
t12.2022.07.29,train,vocal,t12.2022.07.27,129,i guess it depends on who you talk to,31,UW,8,final,to,324,356,32,81,81,340,344,340,344,0.9954947801652654
t12.2022.07.29,train,vocal,t12.2022.07.27,129,i guess it depends on who you talk to,32,SIL,8,sil,to,328,376,48,82,86,344,364,344,364,0.9179919561745418
t12.2022.07.29,train,vocal,t12.2022.07.27,130,this time i had no choice in the matter,0,DH,0,initial,this,40,72,32,10,10,56,60,16,64,0.9999528736891892
t12.2022.07.29,train,vocal,t12.2022.07.27,130,this time i had no choice in the matter,1,IH,0,medial,this,48,80,32,12,12,64,68,64,68,0.9970623598772714
t12.2022.07.29,train,vocal,t12.2022.07.27,130,this time i had no choice in the matter,2,S,0,final,this,52,84,32,13,13,68,72,68,72,0.9910091340913049
t12.2022.07.29,train,vocal,t12.2022.07.27,130,this time i had no choice in the matter,3,SIL,0,sil,this,56,92,36,14,15,72,80,72,80,0.9998503138010811
t12.2022.07.29,train,vocal,t12.2022.07.27,130,this time i had no choice in the matter,4,T,1,initial,time,64,100,36,16,17,80,88,80,92,0.9260178708656706
t12.2022.07.29,train,vocal,t12.2022.07.27,130,this time i had no choice in the matter,5,AY,1,medial,time,76,108,32,19,19,92,96,92,96,0.9990364129464305
t12.2022.07.29,train,vocal,t12.2022.07.27,130,this time i had no choice in the matter,6,M,1,final,time,80,120,40,20,22,96,108,96,108,0.6857891173586442
t12.2022.07.29,train,vocal,t12.2022.07.27,130,this time i had no choice in the matter,7,SIL,1,sil,time,92,140,48,23,27,108,128,108,132,0.9350592994406647
t12.2022.07.29,train,vocal,t12.2022.07.27,130,this time i had no choice in the matter,8,AY,2,single,i,120,152,32,30,30,136,140,132,144,0.9999986553733741
t12.2022.07.29,train,vocal,t12.2022.07.27,130,this time i had no choice in the matter,9,SIL,2,sil,i,128,172,44,32,35,144,160,144,160,0.9865681959918713
t12.2022.07.29,train,vocal,t12.2022.07.27,130,this time i had no choice in the matter,10,HH,3,initial,had,144,176,32,36,36,160,164,160,164,0.9962866186016114
t12.2022.07.29,train,vocal,t12.2022.07.27,130,this time i had no choice in the matter,11,AE,3,medial,had,148,180,32,37,37,164,168,164,168,0.9999941533565123
t12.2022.07.29,train,vocal,t12.2022.07.27,130,this time i had no choice in the matter,12,D,3,final,had,152,184,32,38,38,168,172,168,172,0.9998547689842489
t12.2022.07.29,train,vocal,t12.2022.07.27,130,this time i had no choice in the matter,13,SIL,3,sil,had,156,200,44,39,42,172,188,172,188,0.8871037052883852
t12.2022.07.29,train,vocal,t12.2022.07.27,130,this time i had no choice in the matter,14,N,4,initial,no,172,204,32,43,43,188,192,188,196,0.9999357643433603
t12.2022.07.29,train,vocal,t12.2022.07.27,130,this time i had no choice in the matter,15,OW,4,final,no,180,212,32,45,45,196,200,196,204,0.9993039753648388
t12.2022.07.29,train,vocal,t12.2022.07.27,130,this time i had no choice in the matter,16,SIL,4,sil,no,188,252,64,47,55,204,240,204,240,0.9999332722844735
t12.2022.07.29,train,vocal,t12.2022.07.27,130,this time i had no choice in the matter,17,CH,5,initial,choice,224,256,32,56,56,240,244,240,248,0.9845892740368338
t12.2022.07.29,train,vocal,t12.2022.07.27,130,this time i had no choice in the matter,18,OY,5,medial,choice,236,268,32,59,59,252,256,248,256,0.9999801411697076
t12.2022.07.29,train,vocal,t12.2022.07.27,130,this time i had no choice in the matter,19,S,5,final,choice,240,272,32,60,60,256,260,256,260,0.986408889229818
t12.2022.07.29,train,vocal,t12.2022.07.27,130,this time i had no choice in the matter,20,SIL,5,sil,choice,244,288,44,61,64,260,276,260,280,0.9889771558631388
t12.2022.07.29,train,vocal,t12.2022.07.27,130,this time i had no choice in the matter,21,IH,6,initial,in,268,300,32,67,67,284,288,280,288,0.9991669052403382
t12.2022.07.29,train,vocal,t12.2022.07.27,130,this time i had no choice in the matter,22,N,6,final,in,272,304,32,68,68,288,292,288,292,0.9999874199580234
t12.2022.07.29,train,vocal,t12.2022.07.27,130,this time i had no choice in the matter,23,SIL,6,sil,in,276,320,44,69,72,292,308,292,308,0.9922121234726762
t12.2022.07.29,train,vocal,t12.2022.07.27,130,this time i had no choice in the matter,24,DH,7,initial,the,292,328,36,73,74,308,316,308,316,0.9992073728062036
t12.2022.07.29,train,vocal,t12.2022.07.27,130,this time i had no choice in the matter,25,AH,7,final,the,300,336,36,75,76,316,324,316,324,0.792595592462041
t12.2022.07.29,train,vocal,t12.2022.07.27,130,this time i had no choice in the matter,26,SIL,7,sil,the,308,348,40,77,79,324,336,324,336,0.9991076445679626
t12.2022.07.29,train,vocal,t12.2022.07.27,130,this time i had no choice in the matter,27,M,8,initial,matter,320,352,32,80,80,336,340,336,344,0.9990046072807977
t12.2022.07.29,train,vocal,t12.2022.07.27,130,this time i had no choice in the matter,28,AE,8,medial,matter,328,360,32,82,82,344,348,344,348,0.8979161943576786
t12.2022.07.29,train,vocal,t12.2022.07.27,130,this time i had no choice in the matter,29,T,8,medial,matter,332,364,32,83,83,348,352,348,356,0.9970031747639713
t12.2022.07.29,train,vocal,t12.2022.07.27,130,this time i had no choice in the matter,30,ER,8,final,matter,340,380,40,85,87,356,368,356,368,0.964475112227117
t12.2022.07.29,train,vocal,t12.2022.07.27,130,this time i had no choice in the matter,31,SIL,8,sil,matter,352,392,40,88,90,368,380,368,380,0.9999574169706822
t12.2022.07.29,train,vocal,t12.2022.07.27,131,i'm the type of person,0,AY,0,initial,i'm,44,76,32,11,11,60,64,16,64,0.9999198455387933
t12.2022.07.29,train,vocal,t12.2022.07.27,131,i'm the type of person,1,M,0,final,i'm,48,80,32,12,12,64,68,64,68,0.9999735770156518
t12.2022.07.29,train,vocal,t12.2022.07.27,131,i'm the type of person,2,SIL,0,sil,i'm,52,92,40,13,15,68,80,68,80,0.9763524334273724
t12.2022.07.29,train,vocal,t12.2022.07.27,131,i'm the type of person,3,DH,1,initial,the,64,96,32,16,16,80,84,80,84,0.9999978057357948
t12.2022.07.29,train,vocal,t12.2022.07.27,131,i'm the type of person,4,AH,1,final,the,68,104,36,17,18,84,92,84,92,0.9648101661715007
t12.2022.07.29,train,vocal,t12.2022.07.27,131,i'm the type of person,5,SIL,1,sil,the,76,116,40,19,21,92,104,92,104,0.9996256038850397
t12.2022.07.29,train,vocal,t12.2022.07.27,131,i'm the type of person,6,T,2,initial,type,88,120,32,22,22,104,108,104,112,0.08651287466728215
t12.2022.07.29,train,vocal,t12.2022.07.27,131,i'm the type of person,7,AY,2,medial,type,100,132,32,25,25,116,120,112,120,0.006121464441388212
t12.2022.07.29,train,vocal,t12.2022.07.27,131,i'm the type of person,8,P,2,final,type,104,136,32,26,26,120,124,120,124,0.9963105014351623
t12.2022.07.29,train,vocal,t12.2022.07.27,131,i'm the type of person,9,SIL,2,sil,type,108,160,52,27,32,124,148,124,152,0.9009142676979242
t12.2022.07.29,train,vocal,t12.2022.07.27,131,i'm the type of person,10,AH,3,initial,of,140,176,36,35,36,156,164,152,164,0.8675573574318433
t12.2022.07.29,train,vocal,t12.2022.07.27,131,i'm the type of person,11,V,3,final,of,148,180,32,37,37,164,168,164,168,0.9999686138455149
t12.2022.07.29,train,vocal,t12.2022.07.27,131,i'm the type of person,12,SIL,3,sil,of,152,188,36,38,39,168,176,168,176,0.998893039275953
t12.2022.07.29,train,vocal,t12.2022.07.27,131,i'm the type of person,13,P,4,initial,person,160,192,32,40,40,176,180,176,184,0.900737941872193
t12.2022.07.29,train,vocal,t12.2022.07.27,131,i'm the type of person,14,ER,4,medial,person,168,200,32,42,42,184,188,184,188,0.5009105976289197
t12.2022.07.29,train,vocal,t12.2022.07.27,131,i'm the type of person,15,S,4,medial,person,172,204,32,43,43,188,192,188,196,0.9907796571644024
t12.2022.07.29,train,vocal,t12.2022.07.27,131,i'm the type of person,16,AH,4,medial,person,180,216,36,45,46,196,204,196,204,0.8174834792894969
t12.2022.07.29,train,vocal,t12.2022.07.27,131,i'm the type of person,17,N,4,final,person,188,220,32,47,47,204,208,204,208,0.9997783405975816
t12.2022.07.29,train,vocal,t12.2022.07.27,131,i'm the type of person,18,SIL,4,sil,person,192,240,48,48,52,208,228,208,228,0.9715840998369794
t12.2022.07.29,train,vocal,t12.2022.07.27,132,i don't really subscribe to anything else,0,AY,0,single,i,40,72,32,10,10,56,60,16,60,0.9999998241696655
t12.2022.07.29,train,vocal,t12.2022.07.27,132,i don't really subscribe to anything else,1,SIL,0,sil,i,44,84,40,11,13,60,72,60,72,0.9133449990558096
t12.2022.07.29,train,vocal,t12.2022.07.27,132,i don't really subscribe to anything else,2,D,1,initial,don't,56,92,36,14,15,72,80,72,80,0.824205176122969
t12.2022.07.29,train,vocal,t12.2022.07.27,132,i don't really subscribe to anything else,3,OW,1,medial,don't,64,96,32,16,16,80,84,80,84,0.9999996485390151
t12.2022.07.29,train,vocal,t12.2022.07.27,132,i don't really subscribe to anything else,4,N,1,medial,don't,68,100,32,17,17,84,88,84,88,0.9999948838381343
t12.2022.07.29,train,vocal,t12.2022.07.27,132,i don't really subscribe to anything else,5,T,1,final,don't,72,108,36,18,19,88,96,88,96,0.999869970519597
t12.2022.07.29,train,vocal,t12.2022.07.27,132,i don't really subscribe to anything else,6,SIL,1,sil,don't,80,112,32,20,20,96,100,96,100,0.999922771615007
t12.2022.07.29,train,vocal,t12.2022.07.27,132,i don't really subscribe to anything else,7,R,2,initial,really,84,120,36,21,22,100,108,100,108,0.9918505057693847
t12.2022.07.29,train,vocal,t12.2022.07.27,132,i don't really subscribe to anything else,8,IH,2,medial,really,92,124,32,23,23,108,112,108,112,0.999973602406277
t12.2022.07.29,train,vocal,t12.2022.07.27,132,i don't really subscribe to anything else,9,L,2,medial,really,96,136,40,24,26,112,124,112,124,0.9982559765904188
t12.2022.07.29,train,vocal,t12.2022.07.27,132,i don't really subscribe to anything else,10,IY,2,final,really,108,144,36,27,28,124,132,124,132,0.9990770625136451
t12.2022.07.29,train,vocal,t12.2022.07.27,132,i don't really subscribe to anything else,11,SIL,2,sil,really,116,172,56,29,35,132,160,132,160,0.9761459799875352
t12.2022.07.29,train,vocal,t12.2022.07.27,132,i don't really subscribe to anything else,12,S,3,initial,subscribe,144,176,32,36,36,160,164,160,168,0.6229113175515701
t12.2022.07.29,train,vocal,t12.2022.07.27,132,i don't really subscribe to anything else,13,AH,3,medial,subscribe,152,184,32,38,38,168,172,168,172,0.9946292369801403
t12.2022.07.29,train,vocal,t12.2022.07.27,132,i don't really subscribe to anything else,14,B,3,medial,subscribe,156,188,32,39,39,172,176,172,176,0.7605447924850376
t12.2022.07.29,train,vocal,t12.2022.07.27,132,i don't really subscribe to anything else,15,S,3,medial,subscribe,160,196,36,40,41,176,184,176,184,0.7644152795726391
t12.2022.07.29,train,vocal,t12.2022.07.27,132,i don't really subscribe to anything else,16,K,3,medial,subscribe,168,200,32,42,42,184,188,184,188,0.3314471686528054
t12.2022.07.29,train,vocal,t12.2022.07.27,132,i don't really subscribe to anything else,17,R,3,medial,subscribe,172,204,32,43,43,188,192,188,196,0.1588267008352451
t12.2022.07.29,train,vocal,t12.2022.07.27,132,i don't really subscribe to anything else,18,AY,3,medial,subscribe,180,212,32,45,45,196,200,196,200,0.0233506931793563
t12.2022.07.29,train,vocal,t12.2022.07.27,132,i don't really subscribe to anything else,19,B,3,final,subscribe,184,216,32,46,46,200,204,200,208,0.30567499764657835
t12.2022.07.29,train,vocal,t12.2022.07.27,132,i don't really subscribe to anything else,20,SIL,3,sil,subscribe,192,236,44,48,51,208,224,208,224,0.8050444982289858
t12.2022.07.29,train,vocal,t12.2022.07.27,132,i don't really subscribe to anything else,21,T,4,initial,to,208,240,32,52,52,224,228,224,228,0.03659509853074638
t12.2022.07.29,train,vocal,t12.2022.07.27,132,i don't really subscribe to anything else,22,UW,4,final,to,212,244,32,53,53,228,232,228,232,0.9999847388802378
t12.2022.07.29,train,vocal,t12.2022.07.27,132,i don't really subscribe to anything else,23,SIL,4,sil,to,216,260,44,54,57,232,248,232,252,0.9767388011456464
t12.2022.07.29,train,vocal,t12.2022.07.27,132,i don't really subscribe to anything else,24,EH,5,initial,anything,236,268,32,59,59,252,256,252,256,0.9999545075439037
t12.2022.07.29,train,vocal,t12.2022.07.27,132,i don't really subscribe to anything else,25,N,5,medial,anything,240,272,32,60,60,256,260,256,260,0.9998334451222204
t12.2022.07.29,train,vocal,t12.2022.07.27,132,i don't really subscribe to anything else,26,IY,5,medial,anything,244,280,36,61,62,260,268,260,268,0.7671908530593899
t12.2022.07.29,train,vocal,t12.2022.07.27,132,i don't really subscribe to anything else,27,TH,5,medial,anything,252,288,36,63,64,268,276,268,276,0.9021323967316277
t12.2022.07.29,train,vocal,t12.2022.07.27,132,i don't really subscribe to anything else,28,IH,5,medial,anything,260,300,40,65,67,276,288,276,288,0.9825267882347436
t12.2022.07.29,train,vocal,t12.2022.07.27,132,i don't really subscribe to anything else,29,NG,5,final,anything,272,308,36,68,69,288,296,288,296,0.7897924293676866
t12.2022.07.29,train,vocal,t12.2022.07.27,132,i don't really subscribe to anything else,30,SIL,5,sil,anything,280,320,40,70,72,296,308,296,312,0.7484851303657031
t12.2022.07.29,train,vocal,t12.2022.07.27,132,i don't really subscribe to anything else,31,EH,6,initial,else,296,328,32,74,74,312,316,312,316,0.9999784418672977
t12.2022.07.29,train,vocal,t12.2022.07.27,132,i don't really subscribe to anything else,32,L,6,medial,else,300,332,32,75,75,316,320,316,320,0.9987490085343741
t12.2022.07.29,train,vocal,t12.2022.07.27,132,i don't really subscribe to anything else,33,S,6,final,else,304,336,32,76,76,320,324,320,324,0.9993131425434215
t12.2022.07.29,train,vocal,t12.2022.07.27,132,i don't really subscribe to anything else,34,SIL,6,sil,else,308,356,48,77,81,324,344,324,344,0.9531055901407288
t12.2022.07.29,train,vocal,t12.2022.07.27,133,my dad wants me to go back,0,M,0,initial,my,8,40,32,2,2,24,28,16,32,0.995618321774167
t12.2022.07.29,train,vocal,t12.2022.07.27,133,my dad wants me to go back,1,AY,0,final,my,16,48,32,4,4,32,36,32,40,0.9987061444247696
t12.2022.07.29,train,vocal,t12.2022.07.27,133,my dad wants me to go back,2,SIL,0,sil,my,24,60,36,6,7,40,48,40,48,0.9995696817123222
t12.2022.07.29,train,vocal,t12.2022.07.27,133,my dad wants me to go back,3,D,1,initial,dad,32,64,32,8,8,48,52,48,56,0.9931936356524503
t12.2022.07.29,train,vocal,t12.2022.07.27,133,my dad wants me to go back,4,AE,1,medial,dad,40,72,32,10,10,56,60,56,60,0.17991016123932985
t12.2022.07.29,train,vocal,t12.2022.07.27,133,my dad wants me to go back,5,D,1,final,dad,44,76,32,11,11,60,64,60,64,0.9982009585295393
t12.2022.07.29,train,vocal,t12.2022.07.27,133,my dad wants me to go back,6,SIL,1,sil,dad,48,88,40,12,14,64,76,64,76,0.9560544588209332
t12.2022.07.29,train,vocal,t12.2022.07.27,133,my dad wants me to go back,7,W,2,initial,wants,60,96,36,15,16,76,84,76,84,0.9962218640215539
t12.2022.07.29,train,vocal,t12.2022.07.27,133,my dad wants me to go back,8,AA,2,medial,wants,68,100,32,17,17,84,88,84,88,0.7375689389854263
t12.2022.07.29,train,vocal,t12.2022.07.27,133,my dad wants me to go back,9,N,2,medial,wants,72,104,32,18,18,88,92,88,92,0.9916664263182702
t12.2022.07.29,train,vocal,t12.2022.07.27,133,my dad wants me to go back,10,T,2,medial,wants,76,108,32,19,19,92,96,92,96,0.9360894927311676
t12.2022.07.29,train,vocal,t12.2022.07.27,133,my dad wants me to go back,11,S,2,final,wants,80,112,32,20,20,96,100,96,100,0.1649212892214434
t12.2022.07.29,train,vocal,t12.2022.07.27,133,my dad wants me to go back,12,SIL,2,sil,wants,84,120,36,21,22,100,108,100,108,0.9999633708938896
t12.2022.07.29,train,vocal,t12.2022.07.27,133,my dad wants me to go back,13,M,3,initial,me,92,124,32,23,23,108,112,108,116,0.9536074505700162
t12.2022.07.29,train,vocal,t12.2022.07.27,133,my dad wants me to go back,14,IY,3,final,me,104,136,32,26,26,120,124,116,128,0.9964493865787605
t12.2022.07.29,train,vocal,t12.2022.07.27,133,my dad wants me to go back,15,SIL,3,sil,me,112,156,44,28,31,128,144,128,144,0.9999216951215878
t12.2022.07.29,train,vocal,t12.2022.07.27,133,my dad wants me to go back,16,T,4,initial,to,128,164,36,32,33,144,152,144,156,0.9993911849464375
t12.2022.07.29,train,vocal,t12.2022.07.27,133,my dad wants me to go back,17,UW,4,final,to,140,172,32,35,35,156,160,156,160,0.9999911317719021
t12.2022.07.29,train,vocal,t12.2022.07.27,133,my dad wants me to go back,18,SIL,4,sil,to,144,196,52,36,41,160,184,160,184,0.9992483208735181
t12.2022.07.29,train,vocal,t12.2022.07.27,133,my dad wants me to go back,19,G,5,initial,go,168,200,32,42,42,184,188,184,192,0.9976905841136109
t12.2022.07.29,train,vocal,t12.2022.07.27,133,my dad wants me to go back,20,OW,5,final,go,176,208,32,44,44,192,196,192,200,0.9999591613653968
t12.2022.07.29,train,vocal,t12.2022.07.27,133,my dad wants me to go back,21,SIL,5,sil,go,184,236,52,46,51,200,224,200,224,0.9995880759153281
t12.2022.07.29,train,vocal,t12.2022.07.27,133,my dad wants me to go back,22,B,6,initial,back,208,240,32,52,52,224,228,224,232,0.9997901060555976
t12.2022.07.29,train,vocal,t12.2022.07.27,133,my dad wants me to go back,23,AE,6,medial,back,216,248,32,54,54,232,236,232,236,0.3803651926620801
t12.2022.07.29,train,vocal,t12.2022.07.27,133,my dad wants me to go back,24,K,6,final,back,220,256,36,55,56,236,244,236,244,0.6867850995848994
t12.2022.07.29,train,vocal,t12.2022.07.27,133,my dad wants me to go back,25,SIL,6,sil,back,228,280,52,57,62,244,268,244,268,0.9998202706649603
t12.2022.07.29,train,vocal,t12.2022.07.27,134,i started out wanting to teach,0,AY,0,single,i,100,132,32,25,25,116,120,16,124,0.9999928408582468
t12.2022.07.29,train,vocal,t12.2022.07.27,134,i started out wanting to teach,1,SIL,0,sil,i,108,168,60,27,34,124,156,124,160,0.9433366503713001
t12.2022.07.29,train,vocal,t12.2022.07.27,134,i started out wanting to teach,2,S,1,initial,started,144,176,32,36,36,160,164,160,164,0.0005203046046501527
t12.2022.07.29,train,vocal,t12.2022.07.27,134,i started out wanting to teach,3,T,1,medial,started,148,180,32,37,37,164,168,164,168,0.018570175723339438
t12.2022.07.29,train,vocal,t12.2022.07.27,134,i started out wanting to teach,4,AA,1,medial,started,152,184,32,38,38,168,172,168,176,9.641720438032864e-08
t12.2022.07.29,train,vocal,t12.2022.07.27,134,i started out wanting to teach,5,R,1,medial,started,164,196,32,41,41,180,184,176,188,2.3211689842359247e-11
t12.2022.07.29,train,vocal,t12.2022.07.27,134,i started out wanting to teach,6,T,1,medial,started,176,208,32,44,44,192,196,188,196,0.027343831944420707
t12.2022.07.29,train,vocal,t12.2022.07.27,134,i started out wanting to teach,7,AH,1,medial,started,180,212,32,45,45,196,200,196,204,0.003031609156481026
t12.2022.07.29,train,vocal,t12.2022.07.27,134,i started out wanting to teach,8,D,1,final,started,188,220,32,47,47,204,208,204,208,0.010896973245451354
t12.2022.07.29,train,vocal,t12.2022.07.27,134,i started out wanting to teach,9,SIL,1,sil,started,192,228,36,48,49,208,216,208,220,0.9984655702439384
t12.2022.07.29,train,vocal,t12.2022.07.27,134,i started out wanting to teach,10,AW,2,initial,out,208,240,32,52,52,224,228,220,228,0.003585259005846954
t12.2022.07.29,train,vocal,t12.2022.07.27,134,i started out wanting to teach,11,T,2,final,out,212,244,32,53,53,228,232,228,232,0.9988573551879917
t12.2022.07.29,train,vocal,t12.2022.07.27,134,i started out wanting to teach,12,SIL,2,sil,out,216,264,48,54,58,232,252,232,252,0.9693639264632159
t12.2022.07.29,train,vocal,t12.2022.07.27,134,i started out wanting to teach,13,W,3,initial,wanting,236,268,32,59,59,252,256,252,260,0.9998286874336338
t12.2022.07.29,train,vocal,t12.2022.07.27,134,i started out wanting to teach,14,AA,3,medial,wanting,248,280,32,62,62,264,268,260,268,0.9989125595099109
t12.2022.07.29,train,vocal,t12.2022.07.27,134,i started out wanting to teach,15,N,3,medial,wanting,252,284,32,63,63,268,272,268,272,0.8530277550697233
t12.2022.07.29,train,vocal,t12.2022.07.27,134,i started out wanting to teach,16,T,3,medial,wanting,256,288,32,64,64,272,276,272,276,0.988083506050091
t12.2022.07.29,train,vocal,t12.2022.07.27,134,i started out wanting to teach,17,IH,3,medial,wanting,260,296,36,65,66,276,284,276,284,0.9258873953084259
t12.2022.07.29,train,vocal,t12.2022.07.27,134,i started out wanting to teach,18,NG,3,final,wanting,268,300,32,67,67,284,288,284,288,0.9998974259476194
t12.2022.07.29,train,vocal,t12.2022.07.27,134,i started out wanting to teach,19,SIL,3,sil,wanting,272,324,52,68,73,288,312,288,312,0.9757016325434726
t12.2022.07.29,train,vocal,t12.2022.07.27,134,i started out wanting to teach,20,T,4,initial,to,296,332,36,74,75,312,320,312,324,0.9461095360457192
t12.2022.07.29,train,vocal,t12.2022.07.27,134,i started out wanting to teach,21,UW,4,final,to,308,340,32,77,77,324,328,324,328,0.9999987674597471
t12.2022.07.29,train,vocal,t12.2022.07.27,134,i started out wanting to teach,22,SIL,4,sil,to,312,356,44,78,81,328,344,328,344,0.8754478142256129
t12.2022.07.29,train,vocal,t12.2022.07.27,134,i started out wanting to teach,23,T,5,initial,teach,328,360,32,82,82,344,348,344,352,0.023371999640292195
t12.2022.07.29,train,vocal,t12.2022.07.27,134,i started out wanting to teach,24,IY,5,medial,teach,336,368,32,84,84,352,356,352,356,0.46828725150187844
t12.2022.07.29,train,vocal,t12.2022.07.27,134,i started out wanting to teach,25,CH,5,final,teach,340,376,36,85,86,356,364,356,364,0.9978147344412167
t12.2022.07.29,train,vocal,t12.2022.07.27,134,i started out wanting to teach,26,SIL,5,sil,teach,348,400,52,87,92,364,388,364,388,0.9832111512450784
t12.2022.07.29,train,vocal,t12.2022.07.27,135,did you enjoy this episode,0,D,0,initial,did,28,60,32,7,7,44,48,16,48,0.9980063816165261
t12.2022.07.29,train,vocal,t12.2022.07.27,135,did you enjoy this episode,1,IH,0,medial,did,32,64,32,8,8,48,52,48,52,0.9971487663206396
t12.2022.07.29,train,vocal,t12.2022.07.27,135,did you enjoy this episode,2,D,0,final,did,36,68,32,9,9,52,56,52,56,0.9985603725935636
t12.2022.07.29,train,vocal,t12.2022.07.27,135,did you enjoy this episode,3,SIL,0,sil,did,40,80,40,10,12,56,68,56,68,0.9977973188809717
t12.2022.07.29,train,vocal,t12.2022.07.27,135,did you enjoy this episode,4,Y,1,initial,you,52,84,32,13,13,68,72,68,72,0.9999986721769268
t12.2022.07.29,train,vocal,t12.2022.07.27,135,did you enjoy this episode,5,UW,1,final,you,56,92,36,14,15,72,80,72,80,0.9370414587086834
t12.2022.07.29,train,vocal,t12.2022.07.27,135,did you enjoy this episode,6,SIL,1,sil,you,64,104,40,16,18,80,92,80,96,0.8741951088545944
t12.2022.07.29,train,vocal,t12.2022.07.27,135,did you enjoy this episode,7,EH,2,initial,enjoy,80,112,32,20,20,96,100,96,100,0.9996383151657632
t12.2022.07.29,train,vocal,t12.2022.07.27,135,did you enjoy this episode,8,N,2,medial,enjoy,84,116,32,21,21,100,104,100,104,0.9999995822838015
t12.2022.07.29,train,vocal,t12.2022.07.27,135,did you enjoy this episode,9,JH,2,medial,enjoy,88,124,36,22,23,104,112,104,112,0.9821483014992993
t12.2022.07.29,train,vocal,t12.2022.07.27,135,did you enjoy this episode,10,OY,2,final,enjoy,96,132,36,24,25,112,120,112,120,0.999821634084979
t12.2022.07.29,train,vocal,t12.2022.07.27,135,did you enjoy this episode,11,SIL,2,sil,enjoy,104,148,44,26,29,120,136,120,136,0.9983914325458169
t12.2022.07.29,train,vocal,t12.2022.07.27,135,did you enjoy this episode,12,DH,3,initial,this,120,156,36,30,31,136,144,136,148,0.9100318570288859
t12.2022.07.29,train,vocal,t12.2022.07.27,135,did you enjoy this episode,13,IH,3,medial,this,132,164,32,33,33,148,152,148,152,0.09013760137287277
t12.2022.07.29,train,vocal,t12.2022.07.27,135,did you enjoy this episode,14,S,3,final,this,136,168,32,34,34,152,156,152,156,0.20817482088718633
t12.2022.07.29,train,vocal,t12.2022.07.27,135,did you enjoy this episode,15,SIL,3,sil,this,140,180,40,35,37,156,168,156,176,0.9991667918558411
t12.2022.07.29,train,vocal,t12.2022.07.27,135,did you enjoy this episode,16,EH,4,initial,episode,164,196,32,41,41,180,184,176,184,0.0439678821250241
t12.2022.07.29,train,vocal,t12.2022.07.27,135,did you enjoy this episode,17,P,4,medial,episode,168,200,32,42,42,184,188,184,192,0.9985486330759391
t12.2022.07.29,train,vocal,t12.2022.07.27,135,did you enjoy this episode,18,AH,4,medial,episode,180,212,32,45,45,196,200,192,200,0.001990293952015568
t12.2022.07.29,train,vocal,t12.2022.07.27,135,did you enjoy this episode,19,S,4,medial,episode,184,216,32,46,46,200,204,200,208,0.002063112782671682
t12.2022.07.29,train,vocal,t12.2022.07.27,135,did you enjoy this episode,20,OW,4,medial,episode,192,224,32,48,48,208,212,208,216,0.0002888805960501335
t12.2022.07.29,train,vocal,t12.2022.07.27,135,did you enjoy this episode,21,D,4,final,episode,200,232,32,50,50,216,220,216,220,0.0016315004916800074
t12.2022.07.29,train,vocal,t12.2022.07.27,135,did you enjoy this episode,22,SIL,4,sil,episode,204,252,48,51,55,220,240,220,240,0.9976365944138118
t12.2022.07.29,train,vocal,t12.2022.07.27,136,she really was good,0,SH,0,initial,she,48,84,36,12,13,64,72,16,76,0.959131996860018
t12.2022.07.29,train,vocal,t12.2022.07.27,136,she really was good,1,IY,0,final,she,60,92,32,15,15,76,80,76,84,0.9999528921455326
t12.2022.07.29,train,vocal,t12.2022.07.27,136,she really was good,2,SIL,0,sil,she,68,104,36,17,18,84,92,84,92,0.9975762311477303
t12.2022.07.29,train,vocal,t12.2022.07.27,136,she really was good,3,R,1,initial,really,76,108,32,19,19,92,96,92,100,0.094898842719733
t12.2022.07.29,train,vocal,t12.2022.07.27,136,she really was good,4,IH,1,medial,really,84,116,32,21,21,100,104,100,104,0.9966936789218142
t12.2022.07.29,train,vocal,t12.2022.07.27,136,she really was good,5,L,1,medial,really,88,120,32,22,22,104,108,104,108,0.9993239210622087
t12.2022.07.29,train,vocal,t12.2022.07.27,136,she really was good,6,IY,1,final,really,92,128,36,23,24,108,116,108,116,0.8980815854431949
t12.2022.07.29,train,vocal,t12.2022.07.27,136,she really was good,7,SIL,1,sil,really,100,132,32,25,25,116,120,116,120,0.9984070934277074
t12.2022.07.29,train,vocal,t12.2022.07.27,136,she really was good,8,W,2,initial,was,104,140,36,26,27,120,128,120,128,0.7523765050362461
t12.2022.07.29,train,vocal,t12.2022.07.27,136,she really was good,9,AA,2,medial,was,112,144,32,28,28,128,132,128,132,0.18281133509569847
t12.2022.07.29,train,vocal,t12.2022.07.27,136,she really was good,10,Z,2,final,was,116,148,32,29,29,132,136,132,136,0.8152505128147591
t12.2022.07.29,train,vocal,t12.2022.07.27,136,she really was good,11,SIL,2,sil,was,120,160,40,30,32,136,148,136,148,0.9874512329056327
t12.2022.07.29,train,vocal,t12.2022.07.27,136,she really was good,12,G,3,initial,good,132,164,32,33,33,148,152,148,156,0.9998661415885883
t12.2022.07.29,train,vocal,t12.2022.07.27,136,she really was good,13,UH,3,medial,good,140,172,32,35,35,156,160,156,160,0.9999852816070731
t12.2022.07.29,train,vocal,t12.2022.07.27,136,she really was good,14,D,3,final,good,144,180,36,36,37,160,168,160,168,0.7807973860224489
t12.2022.07.29,train,vocal,t12.2022.07.27,136,she really was good,15,SIL,3,sil,good,152,200,48,38,42,168,188,168,188,0.9999980802714843
t12.2022.07.29,train,vocal,t12.2022.07.27,137,we drove down to visit friends,0,W,0,initial,we,4,36,32,1,1,20,24,16,28,0.993981585056908
t12.2022.07.29,train,vocal,t12.2022.07.27,137,we drove down to visit friends,1,IY,0,final,we,12,44,32,3,3,28,32,28,36,0.9908513865209202
t12.2022.07.29,train,vocal,t12.2022.07.27,137,we drove down to visit friends,2,SIL,0,sil,we,20,52,32,5,5,36,40,36,40,0.9966006194170762
t12.2022.07.29,train,vocal,t12.2022.07.27,137,we drove down to visit friends,3,D,1,initial,drove,24,56,32,6,6,40,44,40,44,0.007794059258450348
t12.2022.07.29,train,vocal,t12.2022.07.27,137,we drove down to visit friends,4,R,1,medial,drove,28,60,32,7,7,44,48,44,48,0.03311973898452131
t12.2022.07.29,train,vocal,t12.2022.07.27,137,we drove down to visit friends,5,OW,1,medial,drove,32,64,32,8,8,48,52,48,52,0.015486238558757057
t12.2022.07.29,train,vocal,t12.2022.07.27,137,we drove down to visit friends,6,V,1,final,drove,36,68,32,9,9,52,56,52,60,0.9995301322953326
t12.2022.07.29,train,vocal,t12.2022.07.27,137,we drove down to visit friends,7,SIL,1,sil,drove,44,84,40,11,13,60,72,60,72,0.9238364463571814
t12.2022.07.29,train,vocal,t12.2022.07.27,137,we drove down to visit friends,8,D,2,initial,down,56,88,32,14,14,72,76,72,80,0.3815677223792418
t12.2022.07.29,train,vocal,t12.2022.07.27,137,we drove down to visit friends,9,AW,2,medial,down,64,96,32,16,16,80,84,80,84,0.9897468062799549
t12.2022.07.29,train,vocal,t12.2022.07.27,137,we drove down to visit friends,10,N,2,final,down,68,100,32,17,17,84,88,84,88,0.9999886113398336
t12.2022.07.29,train,vocal,t12.2022.07.27,137,we drove down to visit friends,11,SIL,2,sil,down,72,120,48,18,22,88,108,88,108,0.9325448859918429
t12.2022.07.29,train,vocal,t12.2022.07.27,137,we drove down to visit friends,12,T,3,initial,to,92,128,36,23,24,108,116,108,120,0.8176403148872851
t12.2022.07.29,train,vocal,t12.2022.07.27,137,we drove down to visit friends,13,UW,3,final,to,104,136,32,26,26,120,124,120,124,0.9999866732631869
t12.2022.07.29,train,vocal,t12.2022.07.27,137,we drove down to visit friends,14,SIL,3,sil,to,108,156,48,27,31,124,144,124,144,0.9650041341660724
t12.2022.07.29,train,vocal,t12.2022.07.27,137,we drove down to visit friends,15,V,4,initial,visit,128,160,32,32,32,144,148,144,152,0.05320312702796311
t12.2022.07.29,train,vocal,t12.2022.07.27,137,we drove down to visit friends,16,IH,4,medial,visit,140,172,32,35,35,156,160,152,160,0.7934165565916866
t12.2022.07.29,train,vocal,t12.2022.07.27,137,we drove down to visit friends,17,Z,4,medial,visit,144,176,32,36,36,160,164,160,164,0.9603392450387988
t12.2022.07.29,train,vocal,t12.2022.07.27,137,we drove down to visit friends,18,AH,4,medial,visit,148,184,36,37,38,164,172,164,172,0.8317550068375887
t12.2022.07.29,train,vocal,t12.2022.07.27,137,we drove down to visit friends,19,T,4,final,visit,156,192,36,39,40,172,180,172,180,0.8399878651038583
t12.2022.07.29,train,vocal,t12.2022.07.27,137,we drove down to visit friends,20,SIL,4,sil,visit,164,212,48,41,45,180,200,180,200,0.9998032447722146
t12.2022.07.29,train,vocal,t12.2022.07.27,137,we drove down to visit friends,21,F,5,initial,friends,184,216,32,46,46,200,204,200,204,0.44376038864161577
t12.2022.07.29,train,vocal,t12.2022.07.27,137,we drove down to visit friends,22,R,5,medial,friends,188,220,32,47,47,204,208,204,208,0.9974190653200248
t12.2022.07.29,train,vocal,t12.2022.07.27,137,we drove down to visit friends,23,EH,5,medial,friends,192,224,32,48,48,208,212,208,212,0.15292748150098737
t12.2022.07.29,train,vocal,t12.2022.07.27,137,we drove down to visit friends,24,N,5,medial,friends,196,228,32,49,49,212,216,212,216,0.9100496575925199
t12.2022.07.29,train,vocal,t12.2022.07.27,137,we drove down to visit friends,25,D,5,medial,friends,200,236,36,50,51,216,224,216,224,0.8665432702201139
t12.2022.07.29,train,vocal,t12.2022.07.27,137,we drove down to visit friends,26,Z,5,final,friends,208,244,36,52,53,224,232,224,232,0.9558516314874541
t12.2022.07.29,train,vocal,t12.2022.07.27,137,we drove down to visit friends,27,SIL,5,sil,friends,216,268,52,54,59,232,256,232,256,0.9921540010860651
t12.2022.07.29,train,vocal,t12.2022.07.27,138,i almost forgot the topic,0,AY,0,single,i,48,80,32,12,12,64,68,16,68,0.999995428811299
t12.2022.07.29,train,vocal,t12.2022.07.27,138,i almost forgot the topic,1,SIL,0,sil,i,52,96,44,13,16,68,84,68,88,0.8629225162287376
t12.2022.07.29,train,vocal,t12.2022.07.27,138,i almost forgot the topic,2,AO,1,initial,almost,76,108,32,19,19,92,96,88,96,0.9919240753625108
t12.2022.07.29,train,vocal,t12.2022.07.27,138,i almost forgot the topic,3,L,1,medial,almost,80,112,32,20,20,96,100,96,100,0.969481565713642
t12.2022.07.29,train,vocal,t12.2022.07.27,138,i almost forgot the topic,4,M,1,medial,almost,84,116,32,21,21,100,104,100,104,0.9914907697575117
t12.2022.07.29,train,vocal,t12.2022.07.27,138,i almost forgot the topic,5,OW,1,medial,almost,88,120,32,22,22,104,108,104,108,0.8558267927903063
t12.2022.07.29,train,vocal,t12.2022.07.27,138,i almost forgot the topic,6,S,1,medial,almost,92,128,36,23,24,108,116,108,116,0.8309346196642198
t12.2022.07.29,train,vocal,t12.2022.07.27,138,i almost forgot the topic,7,T,1,final,almost,100,132,32,25,25,116,120,116,120,0.9317316277862059
t12.2022.07.29,train,vocal,t12.2022.07.27,138,i almost forgot the topic,8,SIL,1,sil,almost,104,164,60,26,33,120,152,120,152,0.9375687263135285
t12.2022.07.29,train,vocal,t12.2022.07.27,138,i almost forgot the topic,9,F,2,initial,forgot,136,168,32,34,34,152,156,152,160,7.887025507391164e-05
t12.2022.07.29,train,vocal,t12.2022.07.27,138,i almost forgot the topic,10,ER,2,medial,forgot,144,176,32,36,36,160,164,160,164,0.0287521677409537
t12.2022.07.29,train,vocal,t12.2022.07.27,138,i almost forgot the topic,11,G,2,medial,forgot,148,180,32,37,37,164,168,164,172,0.271426188781798
t12.2022.07.29,train,vocal,t12.2022.07.27,138,i almost forgot the topic,12,AA,2,medial,forgot,160,192,32,40,40,176,180,172,184,0.870461943077135
t12.2022.07.29,train,vocal,t12.2022.07.27,138,i almost forgot the topic,13,T,2,final,forgot,168,204,36,42,43,184,192,184,192,0.9868553613252686
t12.2022.07.29,train,vocal,t12.2022.07.27,138,i almost forgot the topic,14,SIL,2,sil,forgot,176,216,40,44,46,192,204,192,204,0.9656166458285768
t12.2022.07.29,train,vocal,t12.2022.07.27,138,i almost forgot the topic,15,DH,3,initial,the,188,220,32,47,47,204,208,204,212,0.999998487419802
t12.2022.07.29,train,vocal,t12.2022.07.27,138,i almost forgot the topic,16,AH,3,final,the,196,228,32,49,49,212,216,212,216,0.9999999122019979
t12.2022.07.29,train,vocal,t12.2022.07.27,138,i almost forgot the topic,17,SIL,3,sil,the,200,244,44,50,53,216,232,216,232,0.6993544468930518
t12.2022.07.29,train,vocal,t12.2022.07.27,138,i almost forgot the topic,18,T,4,initial,topic,216,252,36,54,55,232,240,232,244,0.8759275614238577
t12.2022.07.29,train,vocal,t12.2022.07.27,138,i almost forgot the topic,19,AA,4,medial,topic,228,260,32,57,57,244,248,244,248,0.898864953050651
t12.2022.07.29,train,vocal,t12.2022.07.27,138,i almost forgot the topic,20,P,4,medial,topic,232,264,32,58,58,248,252,248,252,0.08705395831966141
t12.2022.07.29,train,vocal,t12.2022.07.27,138,i almost forgot the topic,21,IH,4,medial,topic,236,272,36,59,60,252,260,252,260,0.9795832308260499
t12.2022.07.29,train,vocal,t12.2022.07.27,138,i almost forgot the topic,22,K,4,final,topic,244,280,36,61,62,260,268,260,268,0.9130387315029629
t12.2022.07.29,train,vocal,t12.2022.07.27,138,i almost forgot the topic,23,SIL,4,sil,topic,252,284,32,63,63,268,272,268,272,0.9996620908520261
t12.2022.07.29,train,vocal,t12.2022.07.27,139,you got young boys or girls,0,Y,0,initial,you,48,80,32,12,12,64,68,16,68,0.9905567464461701
t12.2022.07.29,train,vocal,t12.2022.07.27,139,you got young boys or girls,1,UW,0,final,you,52,84,32,13,13,68,72,68,76,0.9983636833701471
t12.2022.07.29,train,vocal,t12.2022.07.27,139,you got young boys or girls,2,SIL,0,sil,you,60,104,44,15,18,76,92,76,92,0.9996859962817748
t12.2022.07.29,train,vocal,t12.2022.07.27,139,you got young boys or girls,3,G,1,initial,got,76,108,32,19,19,92,96,92,100,0.9894773488547337
t12.2022.07.29,train,vocal,t12.2022.07.27,139,you got young boys or girls,4,AA,1,medial,got,84,116,32,21,21,100,104,100,104,0.9112180144548592
t12.2022.07.29,train,vocal,t12.2022.07.27,139,you got young boys or girls,5,T,1,final,got,88,124,36,22,23,104,112,104,112,0.9690340664586874
t12.2022.07.29,train,vocal,t12.2022.07.27,139,you got young boys or girls,6,SIL,1,sil,got,96,136,40,24,26,112,124,112,124,0.8331568359203189
t12.2022.07.29,train,vocal,t12.2022.07.27,139,you got young boys or girls,7,Y,2,initial,young,108,140,32,27,27,124,128,124,128,0.27313783529816954
t12.2022.07.29,train,vocal,t12.2022.07.27,139,you got young boys or girls,8,AH,2,medial,young,112,144,32,28,28,128,132,128,132,0.25440518532961187
t12.2022.07.29,train,vocal,t12.2022.07.27,139,you got young boys or girls,9,NG,2,final,young,116,160,44,29,32,132,148,132,148,0.9106166644823264
t12.2022.07.29,train,vocal,t12.2022.07.27,139,you got young boys or girls,10,SIL,2,sil,young,132,172,40,33,35,148,160,148,160,0.9690293083693544
t12.2022.07.29,train,vocal,t12.2022.07.27,139,you got young boys or girls,11,B,3,initial,boys,144,176,32,36,36,160,164,160,168,0.08873246435714278
t12.2022.07.29,train,vocal,t12.2022.07.27,139,you got young boys or girls,12,OY,3,medial,boys,156,188,32,39,39,172,176,168,176,0.06710849098396772
t12.2022.07.29,train,vocal,t12.2022.07.27,139,you got young boys or girls,13,Z,3,final,boys,160,192,32,40,40,176,180,176,184,0.0015593427147088596
t12.2022.07.29,train,vocal,t12.2022.07.27,139,you got young boys or girls,14,SIL,3,sil,boys,168,220,52,42,47,184,208,184,216,0.8348923506953474
t12.2022.07.29,train,vocal,t12.2022.07.27,139,you got young boys or girls,15,AO,4,initial,or,204,236,32,51,51,220,224,216,224,0.9961350435853014
t12.2022.07.29,train,vocal,t12.2022.07.27,139,you got young boys or girls,16,R,4,final,or,208,240,32,52,52,224,228,224,228,0.9999664940451118
t12.2022.07.29,train,vocal,t12.2022.07.27,139,you got young boys or girls,17,SIL,4,sil,or,212,260,48,53,57,228,248,228,248,0.9982140575166637
t12.2022.07.29,train,vocal,t12.2022.07.27,139,you got young boys or girls,18,G,5,initial,girls,232,264,32,58,58,248,252,248,256,0.00033973185181272427
t12.2022.07.29,train,vocal,t12.2022.07.27,139,you got young boys or girls,19,ER,5,medial,girls,240,272,32,60,60,256,260,256,260,0.8691813163457881
t12.2022.07.29,train,vocal,t12.2022.07.27,139,you got young boys or girls,20,L,5,medial,girls,244,280,36,61,62,260,268,260,268,0.9277779670969488
t12.2022.07.29,train,vocal,t12.2022.07.27,139,you got young boys or girls,21,Z,5,final,girls,252,288,36,63,64,268,276,268,276,0.8600048281892002
t12.2022.07.29,train,vocal,t12.2022.07.27,139,you got young boys or girls,22,SIL,5,sil,girls,260,304,44,65,68,276,292,276,292,0.9999696771422206
t12.2022.07.29,train,vocal,t12.2022.07.27,140,we're putting up with all her accidents,0,W,0,initial,we're,44,76,32,11,11,60,64,16,64,0.9959731763321802
t12.2022.07.29,train,vocal,t12.2022.07.27,140,we're putting up with all her accidents,1,IY,0,medial,we're,48,80,32,12,12,64,68,64,68,0.981524436969564
t12.2022.07.29,train,vocal,t12.2022.07.27,140,we're putting up with all her accidents,2,R,0,final,we're,52,84,32,13,13,68,72,68,72,0.9866851637442937
t12.2022.07.29,train,vocal,t12.2022.07.27,140,we're putting up with all her accidents,3,SIL,0,sil,we're,56,96,40,14,16,72,84,72,84,0.9693996942745812
t12.2022.07.29,train,vocal,t12.2022.07.27,140,we're putting up with all her accidents,4,P,1,initial,putting,68,100,32,17,17,84,88,84,92,0.9991498063554242
t12.2022.07.29,train,vocal,t12.2022.07.27,140,we're putting up with all her accidents,5,AH,1,medial,putting,76,108,32,19,19,92,96,92,96,0.0011769235333707272
t12.2022.07.29,train,vocal,t12.2022.07.27,140,we're putting up with all her accidents,6,T,1,medial,putting,80,116,36,20,21,96,104,96,104,0.4224415293548941
t12.2022.07.29,train,vocal,t12.2022.07.27,140,we're putting up with all her accidents,7,IH,1,medial,putting,88,120,32,22,22,104,108,104,108,0.37871596386455364
t12.2022.07.29,train,vocal,t12.2022.07.27,140,we're putting up with all her accidents,8,NG,1,final,putting,92,124,32,23,23,108,112,108,112,0.5468837560817709
t12.2022.07.29,train,vocal,t12.2022.07.27,140,we're putting up with all her accidents,9,SIL,1,sil,putting,96,132,36,24,25,112,120,112,128,0.9987700291405839
t12.2022.07.29,train,vocal,t12.2022.07.27,140,we're putting up with all her accidents,10,AH,2,initial,up,116,148,32,29,29,132,136,128,136,0.9999616556656198
t12.2022.07.29,train,vocal,t12.2022.07.27,140,we're putting up with all her accidents,11,P,2,final,up,120,156,36,30,31,136,144,136,144,0.8608018615322648
t12.2022.07.29,train,vocal,t12.2022.07.27,140,we're putting up with all her accidents,12,SIL,2,sil,up,128,196,68,32,41,144,184,144,192,0.9979832917972636
t12.2022.07.29,train,vocal,t12.2022.07.27,140,we're putting up with all her accidents,13,W,3,initial,with,180,216,36,45,46,196,204,192,208,0.9990231936995038
t12.2022.07.29,train,vocal,t12.2022.07.27,140,we're putting up with all her accidents,14,IH,3,medial,with,192,224,32,48,48,208,212,208,212,0.999981331195934
t12.2022.07.29,train,vocal,t12.2022.07.27,140,we're putting up with all her accidents,15,DH,3,final,with,196,228,32,49,49,212,216,212,216,0.9991796870253806
t12.2022.07.29,train,vocal,t12.2022.07.27,140,we're putting up with all her accidents,16,SIL,3,sil,with,200,240,40,50,52,216,228,216,232,0.8875748464510876
t12.2022.07.29,train,vocal,t12.2022.07.27,140,we're putting up with all her accidents,17,AO,4,initial,all,216,252,36,54,55,232,240,232,240,0.9947126401913816
t12.2022.07.29,train,vocal,t12.2022.07.27,140,we're putting up with all her accidents,18,L,4,final,all,224,256,32,56,56,240,244,240,244,0.9999092872187365
t12.2022.07.29,train,vocal,t12.2022.07.27,140,we're putting up with all her accidents,19,SIL,4,sil,all,228,296,68,57,66,244,284,244,284,0.9996510645948182
t12.2022.07.29,train,vocal,t12.2022.07.27,140,we're putting up with all her accidents,20,HH,5,initial,her,268,308,40,67,69,284,296,284,300,0.872129193414848
t12.2022.07.29,train,vocal,t12.2022.07.27,140,we're putting up with all her accidents,21,ER,5,final,her,284,320,36,71,72,300,308,300,308,0.9939411597027872
t12.2022.07.29,train,vocal,t12.2022.07.27,140,we're putting up with all her accidents,22,SIL,5,sil,her,292,332,40,73,75,308,320,308,328,0.9999636622365847
t12.2022.07.29,train,vocal,t12.2022.07.27,140,we're putting up with all her accidents,23,AE,6,initial,accidents,316,348,32,79,79,332,336,328,336,0.417334318330544
t12.2022.07.29,train,vocal,t12.2022.07.27,140,we're putting up with all her accidents,24,K,6,medial,accidents,320,352,32,80,80,336,340,336,340,0.9729628847425855
t12.2022.07.29,train,vocal,t12.2022.07.27,140,we're putting up with all her accidents,25,S,6,medial,accidents,324,356,32,81,81,340,344,340,344,0.9742634181902776
t12.2022.07.29,train,vocal,t12.2022.07.27,140,we're putting up with all her accidents,26,AH,6,medial,accidents,328,360,32,82,82,344,348,344,348,0.3795094506334562
t12.2022.07.29,train,vocal,t12.2022.07.27,140,we're putting up with all her accidents,27,D,6,medial,accidents,332,364,32,83,83,348,352,348,352,0.022487894369559995
t12.2022.07.29,train,vocal,t12.2022.07.27,140,we're putting up with all her accidents,28,AH,6,medial,accidents,336,368,32,84,84,352,356,352,356,0.9672024325880978
t12.2022.07.29,train,vocal,t12.2022.07.27,140,we're putting up with all her accidents,29,N,6,medial,accidents,340,376,36,85,86,356,364,356,364,0.8924359494599026
t12.2022.07.29,train,vocal,t12.2022.07.27,140,we're putting up with all her accidents,30,T,6,medial,accidents,348,380,32,87,87,364,368,364,368,0.8329772644832046
t12.2022.07.29,train,vocal,t12.2022.07.27,140,we're putting up with all her accidents,31,S,6,final,accidents,352,384,32,88,88,368,372,368,372,0.4785237473836924
t12.2022.07.29,train,vocal,t12.2022.07.27,140,we're putting up with all her accidents,32,SIL,6,sil,accidents,356,396,40,89,91,372,384,372,384,0.9993350849087026
t12.2022.07.29,train,vocal,t12.2022.07.27,141,players come from outside of texas,0,P,0,initial,players,16,48,32,4,4,32,36,16,36,0.18668217008224197
t12.2022.07.29,train,vocal,t12.2022.07.27,141,players come from outside of texas,1,L,0,medial,players,20,52,32,5,5,36,40,36,44,0.026759684420970768
t12.2022.07.29,train,vocal,t12.2022.07.27,141,players come from outside of texas,2,EY,0,medial,players,28,60,32,7,7,44,48,44,52,0.03288205228540592
t12.2022.07.29,train,vocal,t12.2022.07.27,141,players come from outside of texas,3,ER,0,medial,players,36,72,36,9,10,52,60,52,60,0.9923318128960938
t12.2022.07.29,train,vocal,t12.2022.07.27,141,players come from outside of texas,4,Z,0,final,players,44,76,32,11,11,60,64,60,64,0.3066622786280282
t12.2022.07.29,train,vocal,t12.2022.07.27,141,players come from outside of texas,5,SIL,0,sil,players,48,88,40,12,14,64,76,64,76,0.9827263334800828
t12.2022.07.29,train,vocal,t12.2022.07.27,141,players come from outside of texas,6,K,1,initial,come,60,92,32,15,15,76,80,76,84,0.981228912698833
t12.2022.07.29,train,vocal,t12.2022.07.27,141,players come from outside of texas,7,AH,1,medial,come,68,100,32,17,17,84,88,84,88,0.0014470513255958309
t12.2022.07.29,train,vocal,t12.2022.07.27,141,players come from outside of texas,8,M,1,final,come,72,108,36,18,19,88,96,88,96,0.47557168637753655
t12.2022.07.29,train,vocal,t12.2022.07.27,141,players come from outside of texas,9,SIL,1,sil,come,80,120,40,20,22,96,108,96,108,0.953389298842839
t12.2022.07.29,train,vocal,t12.2022.07.27,141,players come from outside of texas,10,F,2,initial,from,92,124,32,23,23,108,112,108,112,0.9997629740802779
t12.2022.07.29,train,vocal,t12.2022.07.27,141,players come from outside of texas,11,R,2,medial,from,96,128,32,24,24,112,116,112,116,0.9996558898921141
t12.2022.07.29,train,vocal,t12.2022.07.27,141,players come from outside of texas,12,AH,2,medial,from,100,132,32,25,25,116,120,116,120,0.9999272977307363
t12.2022.07.29,train,vocal,t12.2022.07.27,141,players come from outside of texas,13,M,2,final,from,104,136,32,26,26,120,124,120,124,0.999988963327761
t12.2022.07.29,train,vocal,t12.2022.07.27,141,players come from outside of texas,14,SIL,2,sil,from,108,148,40,27,29,124,136,124,144,0.9462890795237634
t12.2022.07.29,train,vocal,t12.2022.07.27,141,players come from outside of texas,15,AW,3,initial,outside,132,164,32,33,33,148,152,144,152,0.8517369202294873
t12.2022.07.29,train,vocal,t12.2022.07.27,141,players come from outside of texas,16,T,3,medial,outside,136,168,32,34,34,152,156,152,156,0.999843027153903
t12.2022.07.29,train,vocal,t12.2022.07.27,141,players come from outside of texas,17,S,3,medial,outside,140,176,36,35,36,156,164,156,164,0.6164052406564738
t12.2022.07.29,train,vocal,t12.2022.07.27,141,players come from outside of texas,18,AY,3,medial,outside,148,180,32,37,37,164,168,164,168,0.00035582292848127276
t12.2022.07.29,train,vocal,t12.2022.07.27,141,players come from outside of texas,19,D,3,final,outside,152,184,32,38,38,168,172,168,172,0.0002448060010589595
t12.2022.07.29,train,vocal,t12.2022.07.27,141,players come from outside of texas,20,SIL,3,sil,outside,156,200,44,39,42,172,188,172,192,0.9967879817697411
t12.2022.07.29,train,vocal,t12.2022.07.27,141,players come from outside of texas,21,AH,4,initial,of,180,212,32,45,45,196,200,192,200,0.9999982868362931
t12.2022.07.29,train,vocal,t12.2022.07.27,141,players come from outside of texas,22,V,4,final,of,184,216,32,46,46,200,204,200,204,0.9999983673693363
t12.2022.07.29,train,vocal,t12.2022.07.27,141,players come from outside of texas,23,SIL,4,sil,of,188,232,44,47,50,204,220,204,220,0.9736435042569176
t12.2022.07.29,train,vocal,t12.2022.07.27,141,players come from outside of texas,24,T,5,initial,texas,204,236,32,51,51,220,224,220,228,0.8835643045262953
t12.2022.07.29,train,vocal,t12.2022.07.27,141,players come from outside of texas,25,EH,5,medial,texas,212,244,32,53,53,228,232,228,232,0.07565340619574314
t12.2022.07.29,train,vocal,t12.2022.07.27,141,players come from outside of texas,26,K,5,medial,texas,216,248,32,54,54,232,236,232,236,0.9999449264351489
t12.2022.07.29,train,vocal,t12.2022.07.27,141,players come from outside of texas,27,S,5,medial,texas,220,256,36,55,56,236,244,236,244,0.8699331115946578
t12.2022.07.29,train,vocal,t12.2022.07.27,141,players come from outside of texas,28,AH,5,medial,texas,228,260,32,57,57,244,248,244,248,0.996656751309542
t12.2022.07.29,train,vocal,t12.2022.07.27,141,players come from outside of texas,29,S,5,final,texas,232,268,36,58,59,248,256,248,256,0.928020971753646
t12.2022.07.29,train,vocal,t12.2022.07.27,141,players come from outside of texas,30,SIL,5,sil,texas,240,292,52,60,65,256,280,256,280,0.9981286199347656
t12.2022.07.29,train,vocal,t12.2022.07.27,142,which brings us to the final point,0,W,0,initial,which,16,48,32,4,4,32,36,16,36,0.8043432988824436
t12.2022.07.29,train,vocal,t12.2022.07.27,142,which brings us to the final point,1,IH,0,medial,which,20,52,32,5,5,36,40,36,40,0.9176937523717354
t12.2022.07.29,train,vocal,t12.2022.07.27,142,which brings us to the final point,2,CH,0,final,which,24,60,36,6,7,40,48,40,48,0.46787813737969963
t12.2022.07.29,train,vocal,t12.2022.07.27,142,which brings us to the final point,3,SIL,0,sil,which,32,68,36,8,9,48,56,48,56,0.9983407338036028
t12.2022.07.29,train,vocal,t12.2022.07.27,142,which brings us to the final point,4,B,1,initial,brings,40,72,32,10,10,56,60,56,60,0.9988432760708486
t12.2022.07.29,train,vocal,t12.2022.07.27,142,which brings us to the final point,5,R,1,medial,brings,44,76,32,11,11,60,64,60,64,0.0021375500305840667
t12.2022.07.29,train,vocal,t12.2022.07.27,142,which brings us to the final point,6,IH,1,medial,brings,48,80,32,12,12,64,68,64,68,0.202573216452919
t12.2022.07.29,train,vocal,t12.2022.07.27,142,which brings us to the final point,7,NG,1,medial,brings,52,84,32,13,13,68,72,68,72,0.002026676418432462
t12.2022.07.29,train,vocal,t12.2022.07.27,142,which brings us to the final point,8,Z,1,final,brings,56,88,32,14,14,72,76,72,76,0.00015816039039964126
t12.2022.07.29,train,vocal,t12.2022.07.27,142,which brings us to the final point,9,SIL,1,sil,brings,60,96,36,15,16,76,84,76,88,0.9911034187112644
t12.2022.07.29,train,vocal,t12.2022.07.27,142,which brings us to the final point,10,AH,2,initial,us,72,104,32,18,18,88,92,88,92,0.000762258671492448
t12.2022.07.29,train,vocal,t12.2022.07.27,142,which brings us to the final point,11,S,2,final,us,76,108,32,19,19,92,96,92,96,0.18561616299542497
t12.2022.07.29,train,vocal,t12.2022.07.27,142,which brings us to the final point,12,SIL,2,sil,us,80,128,48,20,24,96,116,96,116,0.9982058836937673
t12.2022.07.29,train,vocal,t12.2022.07.27,142,which brings us to the final point,13,T,3,initial,to,100,132,32,25,25,116,120,116,124,0.9999805408031714
t12.2022.07.29,train,vocal,t12.2022.07.27,142,which brings us to the final point,14,UW,3,final,to,108,140,32,27,27,124,128,124,128,0.9998912708911499
t12.2022.07.29,train,vocal,t12.2022.07.27,142,which brings us to the final point,15,SIL,3,sil,to,112,184,72,28,38,128,172,128,176,0.9800291695790804
t12.2022.07.29,train,vocal,t12.2022.07.27,142,which brings us to the final point,16,DH,4,initial,the,164,196,32,41,41,180,184,176,188,0.9998639905053007
t12.2022.07.29,train,vocal,t12.2022.07.27,142,which brings us to the final point,17,AH,4,final,the,172,204,32,43,43,188,192,188,192,0.9999999288952091
t12.2022.07.29,train,vocal,t12.2022.07.27,142,which brings us to the final point,18,SIL,4,sil,the,176,220,44,44,47,192,208,192,208,0.9381298587464557
t12.2022.07.29,train,vocal,t12.2022.07.27,142,which brings us to the final point,19,F,5,initial,final,192,224,32,48,48,208,212,208,216,0.9989588406962867
t12.2022.07.29,train,vocal,t12.2022.07.27,142,which brings us to the final point,20,AY,5,medial,final,200,232,32,50,50,216,220,216,220,0.34094194045378995
t12.2022.07.29,train,vocal,t12.2022.07.27,142,which brings us to the final point,21,N,5,medial,final,204,236,32,51,51,220,224,220,224,0.9980365161237521
t12.2022.07.29,train,vocal,t12.2022.07.27,142,which brings us to the final point,22,AH,5,medial,final,208,244,36,52,53,224,232,224,232,0.9668232165643915
t12.2022.07.29,train,vocal,t12.2022.07.27,142,which brings us to the final point,23,L,5,final,final,216,256,40,54,56,232,244,232,244,0.7968318636371746
t12.2022.07.29,train,vocal,t12.2022.07.27,142,which brings us to the final point,24,SIL,5,sil,final,228,272,44,57,60,244,260,244,260,0.9617486592266477
t12.2022.07.29,train,vocal,t12.2022.07.27,142,which brings us to the final point,25,P,6,initial,point,244,276,32,61,61,260,264,260,264,0.9998846522138467
t12.2022.07.29,train,vocal,t12.2022.07.27,142,which brings us to the final point,26,OY,6,medial,point,248,280,32,62,62,264,268,264,268,0.9926505771591776
t12.2022.07.29,train,vocal,t12.2022.07.27,142,which brings us to the final point,27,N,6,medial,point,252,284,32,63,63,268,272,268,272,0.9998879644058978
t12.2022.07.29,train,vocal,t12.2022.07.27,142,which brings us to the final point,28,T,6,final,point,256,288,32,64,64,272,276,272,276,0.9996889628365954
t12.2022.07.29,train,vocal,t12.2022.07.27,142,which brings us to the final point,29,SIL,6,sil,point,260,304,44,65,68,276,292,276,292,0.9754041399649729
t12.2022.07.29,train,vocal,t12.2022.07.27,143,there's some nice stuff over there to see,0,DH,0,initial,there's,44,76,32,11,11,60,64,16,64,0.9999120635869715
t12.2022.07.29,train,vocal,t12.2022.07.27,143,there's some nice stuff over there to see,1,EH,0,medial,there's,48,80,32,12,12,64,68,64,68,0.8733605083515548
t12.2022.07.29,train,vocal,t12.2022.07.27,143,there's some nice stuff over there to see,2,R,0,medial,there's,52,84,32,13,13,68,72,68,72,0.9625974299470107
t12.2022.07.29,train,vocal,t12.2022.07.27,143,there's some nice stuff over there to see,3,Z,0,final,there's,56,88,32,14,14,72,76,72,76,0.35837091286150613
t12.2022.07.29,train,vocal,t12.2022.07.27,143,there's some nice stuff over there to see,4,SIL,0,sil,there's,60,96,36,15,16,76,84,76,84,0.983385130505648
t12.2022.07.29,train,vocal,t12.2022.07.27,143,there's some nice stuff over there to see,5,S,1,initial,some,68,100,32,17,17,84,88,84,92,0.9998524545474405
t12.2022.07.29,train,vocal,t12.2022.07.27,143,there's some nice stuff over there to see,6,AH,1,medial,some,76,108,32,19,19,92,96,92,96,0.9744412992886035
t12.2022.07.29,train,vocal,t12.2022.07.27,143,there's some nice stuff over there to see,7,M,1,final,some,80,112,32,20,20,96,100,96,100,0.9999631102444568
t12.2022.07.29,train,vocal,t12.2022.07.27,143,there's some nice stuff over there to see,8,SIL,1,sil,some,84,128,44,21,24,100,116,100,116,0.8657664947541868
t12.2022.07.29,train,vocal,t12.2022.07.27,143,there's some nice stuff over there to see,9,N,2,initial,nice,100,132,32,25,25,116,120,116,124,0.9906369751995168
t12.2022.07.29,train,vocal,t12.2022.07.27,143,there's some nice stuff over there to see,10,AY,2,medial,nice,108,140,32,27,27,124,128,124,128,0.8234038448266794
t12.2022.07.29,train,vocal,t12.2022.07.27,143,there's some nice stuff over there to see,11,S,2,final,nice,112,144,32,28,28,128,132,128,132,0.999934926361062
t12.2022.07.29,train,vocal,t12.2022.07.27,143,there's some nice stuff over there to see,12,SIL,2,sil,nice,116,168,52,29,34,132,156,132,156,0.9882821581430762
t12.2022.07.29,train,vocal,t12.2022.07.27,143,there's some nice stuff over there to see,13,S,3,initial,stuff,140,172,32,35,35,156,160,156,160,0.6369857249330781
t12.2022.07.29,train,vocal,t12.2022.07.27,143,there's some nice stuff over there to see,14,T,3,medial,stuff,144,180,36,36,37,160,168,160,172,0.6354127471709313
t12.2022.07.29,train,vocal,t12.2022.07.27,143,there's some nice stuff over there to see,15,AH,3,medial,stuff,156,188,32,39,39,172,176,172,176,0.8895476978956035
t12.2022.07.29,train,vocal,t12.2022.07.27,143,there's some nice stuff over there to see,16,F,3,final,stuff,160,192,32,40,40,176,180,176,180,0.9980906115297605
t12.2022.07.29,train,vocal,t12.2022.07.27,143,there's some nice stuff over there to see,17,SIL,3,sil,stuff,164,208,44,41,44,180,196,180,204,0.9980033009529058
t12.2022.07.29,train,vocal,t12.2022.07.27,143,there's some nice stuff over there to see,18,OW,4,initial,over,192,224,32,48,48,208,212,204,212,8.306013113650938e-07
t12.2022.07.29,train,vocal,t12.2022.07.27,143,there's some nice stuff over there to see,19,V,4,medial,over,196,228,32,49,49,212,216,212,216,0.9999501350325598
t12.2022.07.29,train,vocal,t12.2022.07.27,143,there's some nice stuff over there to see,20,ER,4,final,over,200,232,32,50,50,216,220,216,220,5.496931915314801e-06
t12.2022.07.29,train,vocal,t12.2022.07.27,143,there's some nice stuff over there to see,21,SIL,4,sil,over,204,240,36,51,52,220,228,220,228,0.9999826159565677
t12.2022.07.29,train,vocal,t12.2022.07.27,143,there's some nice stuff over there to see,22,DH,5,initial,there,212,248,36,53,54,228,236,228,240,0.9724752623726944
t12.2022.07.29,train,vocal,t12.2022.07.27,143,there's some nice stuff over there to see,23,EH,5,medial,there,224,256,32,56,56,240,244,240,244,0.9993377279970871
t12.2022.07.29,train,vocal,t12.2022.07.27,143,there's some nice stuff over there to see,24,R,5,final,there,228,264,36,57,58,244,252,244,252,0.9939421481344555
t12.2022.07.29,train,vocal,t12.2022.07.27,143,there's some nice stuff over there to see,25,SIL,5,sil,there,236,304,68,59,68,252,292,252,292,0.998927822540453
t12.2022.07.29,train,vocal,t12.2022.07.27,143,there's some nice stuff over there to see,26,T,6,initial,to,276,312,36,69,70,292,300,292,300,0.9249117471074148
t12.2022.07.29,train,vocal,t12.2022.07.27,143,there's some nice stuff over there to see,27,UW,6,final,to,284,316,32,71,71,300,304,300,304,0.9999997127286574
t12.2022.07.29,train,vocal,t12.2022.07.27,143,there's some nice stuff over there to see,28,SIL,6,sil,to,288,336,48,72,76,304,324,304,324,0.9745648541126117
t12.2022.07.29,train,vocal,t12.2022.07.27,143,there's some nice stuff over there to see,29,S,7,initial,see,308,340,32,77,77,324,328,324,332,0.9995544115520791
t12.2022.07.29,train,vocal,t12.2022.07.27,143,there's some nice stuff over there to see,30,IY,7,final,see,316,348,32,79,79,332,336,332,340,0.980128883959836
t12.2022.07.29,train,vocal,t12.2022.07.27,143,there's some nice stuff over there to see,31,SIL,7,sil,see,324,372,48,81,85,340,360,340,360,0.9999601476446912
t12.2022.07.29,train,vocal,t12.2022.07.27,144,thanks for discussing it,0,TH,0,initial,thanks,32,64,32,8,8,48,52,16,52,3.129937655638151e-05
t12.2022.07.29,train,vocal,t12.2022.07.27,144,thanks for discussing it,1,AE,0,medial,thanks,36,68,32,9,9,52,56,52,56,0.9999784859282009
t12.2022.07.29,train,vocal,t12.2022.07.27,144,thanks for discussing it,2,NG,0,medial,thanks,40,72,32,10,10,56,60,56,60,4.8533049929165e-07
t12.2022.07.29,train,vocal,t12.2022.07.27,144,thanks for discussing it,3,K,0,medial,thanks,44,76,32,11,11,60,64,60,64,3.355739079145477e-07
t12.2022.07.29,train,vocal,t12.2022.07.27,144,thanks for discussing it,4,S,0,final,thanks,48,80,32,12,12,64,68,64,68,0.9891179310887654
t12.2022.07.29,train,vocal,t12.2022.07.27,144,thanks for discussing it,5,SIL,0,sil,thanks,52,88,36,13,14,68,76,68,76,0.9992379768022371
t12.2022.07.29,train,vocal,t12.2022.07.27,144,thanks for discussing it,6,F,1,initial,for,60,92,32,15,15,76,80,76,84,0.9999763364252516
t12.2022.07.29,train,vocal,t12.2022.07.27,144,thanks for discussing it,7,AO,1,medial,for,68,100,32,17,17,84,88,84,88,0.9990165950584196
t12.2022.07.29,train,vocal,t12.2022.07.27,144,thanks for discussing it,8,R,1,final,for,72,104,32,18,18,88,92,88,92,0.9987971172515953
t12.2022.07.29,train,vocal,t12.2022.07.27,144,thanks for discussing it,9,SIL,1,sil,for,76,112,36,19,20,92,100,92,100,0.9999054774726907
t12.2022.07.29,train,vocal,t12.2022.07.27,144,thanks for discussing it,10,D,2,initial,discussing,84,116,32,21,21,100,104,100,108,0.9699438637190179
t12.2022.07.29,train,vocal,t12.2022.07.27,144,thanks for discussing it,11,IH,2,medial,discussing,92,124,32,23,23,108,112,108,112,0.556189415601662
t12.2022.07.29,train,vocal,t12.2022.07.27,144,thanks for discussing it,12,S,2,medial,discussing,96,128,32,24,24,112,116,112,116,0.982461321950627
t12.2022.07.29,train,vocal,t12.2022.07.27,144,thanks for discussing it,13,K,2,medial,discussing,100,140,40,25,27,116,128,116,128,0.6031966699347788
t12.2022.07.29,train,vocal,t12.2022.07.27,144,thanks for discussing it,14,AH,2,medial,discussing,112,144,32,28,28,128,132,128,132,0.4966111329730454
t12.2022.07.29,train,vocal,t12.2022.07.27,144,thanks for discussing it,15,S,2,medial,discussing,116,148,32,29,29,132,136,132,140,0.11233828149153506
t12.2022.07.29,train,vocal,t12.2022.07.27,144,thanks for discussing it,16,IH,2,medial,discussing,124,156,32,31,31,140,144,140,144,0.007267012863505038
t12.2022.07.29,train,vocal,t12.2022.07.27,144,thanks for discussing it,17,NG,2,final,discussing,128,160,32,32,32,144,148,144,148,0.00591110257013697
t12.2022.07.29,train,vocal,t12.2022.07.27,144,thanks for discussing it,18,SIL,2,sil,discussing,132,168,36,33,34,148,156,148,160,0.9971486485068108
t12.2022.07.29,train,vocal,t12.2022.07.27,144,thanks for discussing it,19,IH,3,initial,it,144,176,32,36,36,160,164,160,164,0.9999925819943049
t12.2022.07.29,train,vocal,t12.2022.07.27,144,thanks for discussing it,20,T,3,final,it,148,180,32,37,37,164,168,164,168,0.9999714295548645
t12.2022.07.29,train,vocal,t12.2022.07.27,144,thanks for discussing it,21,SIL,3,sil,it,152,204,52,38,43,168,192,168,192,0.9994307761700112
t12.2022.07.29,train,vocal,t12.2022.07.27,145,just our own design,0,JH,0,initial,just,24,56,32,6,6,40,44,16,48,0.012330914567135665
t12.2022.07.29,train,vocal,t12.2022.07.27,145,just our own design,1,AH,0,medial,just,32,64,32,8,8,48,52,48,52,0.0005355840079225329
t12.2022.07.29,train,vocal,t12.2022.07.27,145,just our own design,2,S,0,medial,just,36,68,32,9,9,52,56,52,56,0.0042297209959428345
t12.2022.07.29,train,vocal,t12.2022.07.27,145,just our own design,3,T,0,final,just,40,72,32,10,10,56,60,56,60,0.012999951138297652
t12.2022.07.29,train,vocal,t12.2022.07.27,145,just our own design,4,SIL,0,sil,just,44,80,36,11,12,60,68,60,72,0.9943114341397359
t12.2022.07.29,train,vocal,t12.2022.07.27,145,just our own design,5,AW,1,initial,our,56,88,32,14,14,72,76,72,76,0.0024938246429471386
t12.2022.07.29,train,vocal,t12.2022.07.27,145,just our own design,6,ER,1,final,our,60,92,32,15,15,76,80,76,80,0.014412948584324422
t12.2022.07.29,train,vocal,t12.2022.07.27,145,just our own design,7,SIL,1,sil,our,64,112,48,16,20,80,100,80,104,0.9857814046423645
t12.2022.07.29,train,vocal,t12.2022.07.27,145,just our own design,8,OW,2,initial,own,92,124,32,23,23,108,112,104,112,0.9507576442429833
t12.2022.07.29,train,vocal,t12.2022.07.27,145,just our own design,9,N,2,final,own,96,132,36,24,25,112,120,112,120,0.9983379833818409
t12.2022.07.29,train,vocal,t12.2022.07.27,145,just our own design,10,SIL,2,sil,own,104,156,52,26,31,120,144,120,144,0.9987029099657784
t12.2022.07.29,train,vocal,t12.2022.07.27,145,just our own design,11,D,3,initial,design,128,160,32,32,32,144,148,144,152,0.2461777007234527
t12.2022.07.29,train,vocal,t12.2022.07.27,145,just our own design,12,IH,3,medial,design,136,168,32,34,34,152,156,152,156,8.140341426459438e-05
t12.2022.07.29,train,vocal,t12.2022.07.27,145,just our own design,13,Z,3,medial,design,140,172,32,35,35,156,160,156,164,0.24798590655596756
t12.2022.07.29,train,vocal,t12.2022.07.27,145,just our own design,14,AY,3,medial,design,148,180,32,37,37,164,168,164,168,0.0012503821139130168
t12.2022.07.29,train,vocal,t12.2022.07.27,145,just our own design,15,N,3,final,design,152,188,36,38,39,168,176,168,176,0.42534717359521707
t12.2022.07.29,train,vocal,t12.2022.07.27,145,just our own design,16,SIL,3,sil,design,160,212,52,40,45,176,200,176,200,0.9999877625571615
t12.2022.07.29,train,vocal,t12.2022.07.27,146,well my children are grown,0,W,0,initial,well,28,60,32,7,7,44,48,16,52,0.9947086602533736
t12.2022.07.29,train,vocal,t12.2022.07.27,146,well my children are grown,1,EH,0,medial,well,36,68,32,9,9,52,56,52,56,0.9368554166352981
t12.2022.07.29,train,vocal,t12.2022.07.27,146,well my children are grown,2,L,0,final,well,40,72,32,10,10,56,60,56,60,0.9999893303482528
t12.2022.07.29,train,vocal,t12.2022.07.27,146,well my children are grown,3,SIL,0,sil,well,44,84,40,11,13,60,72,60,72,0.8741341294669934
t12.2022.07.29,train,vocal,t12.2022.07.27,146,well my children are grown,4,M,1,initial,my,56,88,32,14,14,72,76,72,80,0.9999850349535082
t12.2022.07.29,train,vocal,t12.2022.07.27,146,well my children are grown,5,AY,1,final,my,64,96,32,16,16,80,84,80,84,0.9987418193662319
t12.2022.07.29,train,vocal,t12.2022.07.27,146,well my children are grown,6,SIL,1,sil,my,68,108,40,17,19,84,96,84,96,0.8784236710217522
t12.2022.07.29,train,vocal,t12.2022.07.27,146,well my children are grown,7,CH,2,initial,children,80,112,32,20,20,96,100,96,104,0.7507404662332454
t12.2022.07.29,train,vocal,t12.2022.07.27,146,well my children are grown,8,IH,2,medial,children,88,120,32,22,22,104,108,104,108,0.8894705431474379
t12.2022.07.29,train,vocal,t12.2022.07.27,146,well my children are grown,9,L,2,medial,children,92,124,32,23,23,108,112,108,112,0.9655673758712475
t12.2022.07.29,train,vocal,t12.2022.07.27,146,well my children are grown,10,D,2,medial,children,96,128,32,24,24,112,116,112,116,0.9966751355745619
t12.2022.07.29,train,vocal,t12.2022.07.27,146,well my children are grown,11,R,2,medial,children,100,132,32,25,25,116,120,116,120,0.7345741737543438
t12.2022.07.29,train,vocal,t12.2022.07.27,146,well my children are grown,12,AH,2,medial,children,104,136,32,26,26,120,124,120,124,0.9508924408932796
t12.2022.07.29,train,vocal,t12.2022.07.27,146,well my children are grown,13,N,2,final,children,108,140,32,27,27,124,128,124,128,0.9684051314036501
t12.2022.07.29,train,vocal,t12.2022.07.27,146,well my children are grown,14,SIL,2,sil,children,112,148,36,28,29,128,136,128,140,0.9809351608758898
t12.2022.07.29,train,vocal,t12.2022.07.27,146,well my children are grown,15,AA,3,initial,are,128,160,32,32,32,144,148,140,148,0.9990181974931766
t12.2022.07.29,train,vocal,t12.2022.07.27,146,well my children are grown,16,R,3,final,are,132,164,32,33,33,148,152,148,152,0.9999731871092087
t12.2022.07.29,train,vocal,t12.2022.07.27,146,well my children are grown,17,SIL,3,sil,are,136,180,44,34,37,152,168,152,168,0.9999180356037684
t12.2022.07.29,train,vocal,t12.2022.07.27,146,well my children are grown,18,G,4,initial,grown,152,188,36,38,39,168,176,168,176,0.9208425073632304
t12.2022.07.29,train,vocal,t12.2022.07.27,146,well my children are grown,19,R,4,medial,grown,160,192,32,40,40,176,180,176,180,0.003332534148634163
t12.2022.07.29,train,vocal,t12.2022.07.27,146,well my children are grown,20,OW,4,medial,grown,164,196,32,41,41,180,184,180,184,0.19149340671205584
t12.2022.07.29,train,vocal,t12.2022.07.27,146,well my children are grown,21,N,4,final,grown,168,200,32,42,42,184,188,184,188,0.6957579569472172
t12.2022.07.29,train,vocal,t12.2022.07.27,146,well my children are grown,22,SIL,4,sil,grown,172,220,48,43,47,188,208,188,208,0.9461766252550345
t12.2022.07.29,train,vocal,t12.2022.07.27,147,you might ask what is the point of this,0,Y,0,initial,you,28,64,36,7,8,44,52,16,52,0.9814269857997802
t12.2022.07.29,train,vocal,t12.2022.07.27,147,you might ask what is the point of this,1,UW,0,final,you,36,68,32,9,9,52,56,52,56,0.99991820454721
t12.2022.07.29,train,vocal,t12.2022.07.27,147,you might ask what is the point of this,2,SIL,0,sil,you,40,84,44,10,13,56,72,56,72,0.9832523791853389
t12.2022.07.29,train,vocal,t12.2022.07.27,147,you might ask what is the point of this,3,M,1,initial,might,56,88,32,14,14,72,76,72,80,0.9999408877897779
t12.2022.07.29,train,vocal,t12.2022.07.27,147,you might ask what is the point of this,4,AY,1,medial,might,64,96,32,16,16,80,84,80,84,0.9806350680242129
t12.2022.07.29,train,vocal,t12.2022.07.27,147,you might ask what is the point of this,5,T,1,final,might,68,100,32,17,17,84,88,84,88,0.9992207088116882
t12.2022.07.29,train,vocal,t12.2022.07.27,147,you might ask what is the point of this,6,SIL,1,sil,might,72,112,40,18,20,88,100,88,104,0.9023706752643834
t12.2022.07.29,train,vocal,t12.2022.07.27,147,you might ask what is the point of this,7,AE,2,initial,ask,92,124,32,23,23,108,112,104,112,0.6711372500200051
t12.2022.07.29,train,vocal,t12.2022.07.27,147,you might ask what is the point of this,8,S,2,medial,ask,96,128,32,24,24,112,116,112,116,0.9974448228234012
t12.2022.07.29,train,vocal,t12.2022.07.27,147,you might ask what is the point of this,9,K,2,final,ask,100,136,36,25,26,116,124,116,124,0.6511465009046302
t12.2022.07.29,train,vocal,t12.2022.07.27,147,you might ask what is the point of this,10,SIL,2,sil,ask,108,144,36,27,28,124,132,124,132,0.9998928683712689
t12.2022.07.29,train,vocal,t12.2022.07.27,147,you might ask what is the point of this,11,W,3,initial,what,116,148,32,29,29,132,136,132,136,0.9591005438274051
t12.2022.07.29,train,vocal,t12.2022.07.27,147,you might ask what is the point of this,12,AH,3,medial,what,120,152,32,30,30,136,140,136,140,0.9912638003892599
t12.2022.07.29,train,vocal,t12.2022.07.27,147,you might ask what is the point of this,13,T,3,final,what,124,160,36,31,32,140,148,140,148,0.9950698358004987
t12.2022.07.29,train,vocal,t12.2022.07.27,147,you might ask what is the point of this,14,SIL,3,sil,what,132,172,40,33,35,148,160,148,164,0.9999664791785424
t12.2022.07.29,train,vocal,t12.2022.07.27,147,you might ask what is the point of this,15,IH,4,initial,is,152,184,32,38,38,168,172,164,172,0.9988110925502611
t12.2022.07.29,train,vocal,t12.2022.07.27,147,you might ask what is the point of this,16,Z,4,final,is,156,188,32,39,39,172,176,172,176,0.9985430784231896
t12.2022.07.29,train,vocal,t12.2022.07.27,147,you might ask what is the point of this,17,SIL,4,sil,is,160,208,48,40,44,176,196,176,196,0.9954171970259781
t12.2022.07.29,train,vocal,t12.2022.07.27,147,you might ask what is the point of this,18,DH,5,initial,the,180,216,36,45,46,196,204,196,204,0.9997164906175264
t12.2022.07.29,train,vocal,t12.2022.07.27,147,you might ask what is the point of this,19,AH,5,final,the,188,224,36,47,48,204,212,204,212,0.8138011957245519
t12.2022.07.29,train,vocal,t12.2022.07.27,147,you might ask what is the point of this,20,SIL,5,sil,the,196,248,52,49,54,212,236,212,236,0.9999509496038366
t12.2022.07.29,train,vocal,t12.2022.07.27,147,you might ask what is the point of this,21,P,6,initial,point,220,252,32,55,55,236,240,236,244,0.24407782879503512
t12.2022.07.29,train,vocal,t12.2022.07.27,147,you might ask what is the point of this,22,OY,6,medial,point,228,264,36,57,58,244,252,244,252,0.8297736196052737
t12.2022.07.29,train,vocal,t12.2022.07.27,147,you might ask what is the point of this,23,N,6,medial,point,236,268,32,59,59,252,256,252,256,0.9999492519903082
t12.2022.07.29,train,vocal,t12.2022.07.27,147,you might ask what is the point of this,24,T,6,final,point,240,276,36,60,61,256,264,256,264,0.7974782652517867
t12.2022.07.29,train,vocal,t12.2022.07.27,147,you might ask what is the point of this,25,SIL,6,sil,point,248,288,40,62,64,264,276,264,280,0.9692323546162465
t12.2022.07.29,train,vocal,t12.2022.07.27,147,you might ask what is the point of this,26,AH,7,initial,of,264,296,32,66,66,280,284,280,284,0.9999984249859726
t12.2022.07.29,train,vocal,t12.2022.07.27,147,you might ask what is the point of this,27,V,7,final,of,268,300,32,67,67,284,288,284,288,0.9999990880366342
t12.2022.07.29,train,vocal,t12.2022.07.27,147,you might ask what is the point of this,28,SIL,7,sil,of,272,308,36,68,69,288,296,288,296,0.9979124072730707
t12.2022.07.29,train,vocal,t12.2022.07.27,147,you might ask what is the point of this,29,DH,8,initial,this,280,312,32,70,70,296,300,296,300,0.999515673071125
t12.2022.07.29,train,vocal,t12.2022.07.27,147,you might ask what is the point of this,30,IH,8,medial,this,284,320,36,71,72,300,308,300,308,0.9684460524533411
t12.2022.07.29,train,vocal,t12.2022.07.27,147,you might ask what is the point of this,31,S,8,final,this,292,324,32,73,73,308,312,308,312,0.9994901024790642
t12.2022.07.29,train,vocal,t12.2022.07.27,147,you might ask what is the point of this,32,SIL,8,sil,this,296,336,40,74,76,312,324,312,324,0.9999986154168817
t12.2022.07.29,train,vocal,t12.2022.07.27,148,if it's a good decision it's on me,0,IH,0,initial,if,16,48,32,4,4,32,36,16,36,0.9995607405301932
t12.2022.07.29,train,vocal,t12.2022.07.27,148,if it's a good decision it's on me,1,F,0,final,if,20,52,32,5,5,36,40,36,40,0.9999535809441928
t12.2022.07.29,train,vocal,t12.2022.07.27,148,if it's a good decision it's on me,2,SIL,0,sil,if,24,60,36,6,7,40,48,40,52,0.9979296895137433
t12.2022.07.29,train,vocal,t12.2022.07.27,148,if it's a good decision it's on me,3,IH,1,initial,it's,40,72,32,10,10,56,60,52,60,0.9999996301999818
t12.2022.07.29,train,vocal,t12.2022.07.27,148,if it's a good decision it's on me,4,T,1,medial,it's,44,76,32,11,11,60,64,60,64,0.9999601015742545
t12.2022.07.29,train,vocal,t12.2022.07.27,148,if it's a good decision it's on me,5,S,1,final,it's,48,80,32,12,12,64,68,64,68,0.9923534935461263
t12.2022.07.29,train,vocal,t12.2022.07.27,148,if it's a good decision it's on me,6,SIL,1,sil,it's,52,88,36,13,14,68,76,68,80,0.9938534721386957
t12.2022.07.29,train,vocal,t12.2022.07.27,148,if it's a good decision it's on me,7,AH,2,single,a,64,96,32,16,16,80,84,80,84,0.8041695211444017
t12.2022.07.29,train,vocal,t12.2022.07.27,148,if it's a good decision it's on me,8,SIL,2,sil,a,68,116,48,17,21,84,104,84,104,0.9423926056045548
t12.2022.07.29,train,vocal,t12.2022.07.27,148,if it's a good decision it's on me,9,G,3,initial,good,88,120,32,22,22,104,108,104,112,0.9999936877043331
t12.2022.07.29,train,vocal,t12.2022.07.27,148,if it's a good decision it's on me,10,UH,3,medial,good,96,128,32,24,24,112,116,112,116,0.9999922136729328
t12.2022.07.29,train,vocal,t12.2022.07.27,148,if it's a good decision it's on me,11,D,3,final,good,100,132,32,25,25,116,120,116,120,0.9999861906289115
t12.2022.07.29,train,vocal,t12.2022.07.27,148,if it's a good decision it's on me,12,SIL,3,sil,good,104,168,64,26,34,120,156,120,156,0.9659499320523006
t12.2022.07.29,train,vocal,t12.2022.07.27,148,if it's a good decision it's on me,13,D,4,initial,decision,140,172,32,35,35,156,160,156,164,0.9999007165484066
t12.2022.07.29,train,vocal,t12.2022.07.27,148,if it's a good decision it's on me,14,IH,4,medial,decision,148,184,36,37,38,164,172,164,172,0.9774761123999752
t12.2022.07.29,train,vocal,t12.2022.07.27,148,if it's a good decision it's on me,15,S,4,medial,decision,156,188,32,39,39,172,176,172,176,0.9982929063245809
t12.2022.07.29,train,vocal,t12.2022.07.27,148,if it's a good decision it's on me,16,IH,4,medial,decision,160,192,32,40,40,176,180,176,180,0.9979511814070857
t12.2022.07.29,train,vocal,t12.2022.07.27,148,if it's a good decision it's on me,17,ZH,4,medial,decision,164,200,36,41,42,180,188,180,188,0.9202532737302547
t12.2022.07.29,train,vocal,t12.2022.07.27,148,if it's a good decision it's on me,18,AH,4,medial,decision,172,208,36,43,44,188,196,188,196,0.9946292417681994
t12.2022.07.29,train,vocal,t12.2022.07.27,148,if it's a good decision it's on me,19,N,4,final,decision,180,212,32,45,45,196,200,196,200,0.9999268712346805
t12.2022.07.29,train,vocal,t12.2022.07.27,148,if it's a good decision it's on me,20,SIL,4,sil,decision,184,220,36,46,47,200,208,200,212,0.9987196161505485
t12.2022.07.29,train,vocal,t12.2022.07.27,148,if it's a good decision it's on me,21,IH,5,initial,it's,196,228,32,49,49,212,216,212,216,0.9999957853178314
t12.2022.07.29,train,vocal,t12.2022.07.27,148,if it's a good decision it's on me,22,T,5,medial,it's,200,232,32,50,50,216,220,216,220,0.9999910925385221
t12.2022.07.29,train,vocal,t12.2022.07.27,148,if it's a good decision it's on me,23,S,5,final,it's,204,236,32,51,51,220,224,220,224,0.10911929673063493
t12.2022.07.29,train,vocal,t12.2022.07.27,148,if it's a good decision it's on me,24,SIL,5,sil,it's,208,252,44,52,55,224,240,224,244,0.9752470625171418
t12.2022.07.29,train,vocal,t12.2022.07.27,148,if it's a good decision it's on me,25,AA,6,initial,on,228,260,32,57,57,244,248,244,248,0.9999879146452051
t12.2022.07.29,train,vocal,t12.2022.07.27,148,if it's a good decision it's on me,26,N,6,final,on,232,268,36,58,59,248,256,248,256,0.8726631953412558
t12.2022.07.29,train,vocal,t12.2022.07.27,148,if it's a good decision it's on me,27,SIL,6,sil,on,240,280,40,60,62,256,268,256,268,0.9835511522500257
t12.2022.07.29,train,vocal,t12.2022.07.27,148,if it's a good decision it's on me,28,M,7,initial,me,252,284,32,63,63,268,272,268,276,0.9997208693220571
t12.2022.07.29,train,vocal,t12.2022.07.27,148,if it's a good decision it's on me,29,IY,7,final,me,260,292,32,65,65,276,280,276,280,0.9930296335607176
t12.2022.07.29,train,vocal,t12.2022.07.27,148,if it's a good decision it's on me,30,SIL,7,sil,me,264,312,48,66,70,280,300,280,300,0.893470116846309
t12.2022.07.29,train,vocal,t12.2022.07.27,149,live without dessert for the most part,0,L,0,initial,live,36,72,36,9,10,52,60,16,64,0.7497320641595526
t12.2022.07.29,train,vocal,t12.2022.07.27,149,live without dessert for the most part,1,AY,0,medial,live,48,80,32,12,12,64,68,64,68,0.28529219359541846
t12.2022.07.29,train,vocal,t12.2022.07.27,149,live without dessert for the most part,2,V,0,final,live,52,84,32,13,13,68,72,68,72,0.9995403972853555
t12.2022.07.29,train,vocal,t12.2022.07.27,149,live without dessert for the most part,3,SIL,0,sil,live,56,100,44,14,17,72,88,72,88,0.93326531613299
t12.2022.07.29,train,vocal,t12.2022.07.27,149,live without dessert for the most part,4,W,1,initial,without,72,104,32,18,18,88,92,88,96,0.9263088138860763
t12.2022.07.29,train,vocal,t12.2022.07.27,149,live without dessert for the most part,5,IH,1,medial,without,80,112,32,20,20,96,100,96,100,0.3391500152895824
t12.2022.07.29,train,vocal,t12.2022.07.27,149,live without dessert for the most part,6,TH,1,medial,without,84,120,36,21,22,100,108,100,108,0.9807150443181696
t12.2022.07.29,train,vocal,t12.2022.07.27,149,live without dessert for the most part,7,AW,1,medial,without,92,128,36,23,24,108,116,108,116,0.9998729084581124
t12.2022.07.29,train,vocal,t12.2022.07.27,149,live without dessert for the most part,8,T,1,final,without,100,136,36,25,26,116,124,116,124,0.9981630431359932
t12.2022.07.29,train,vocal,t12.2022.07.27,149,live without dessert for the most part,9,SIL,1,sil,without,108,164,56,27,33,124,152,124,152,0.9999749158116359
t12.2022.07.29,train,vocal,t12.2022.07.27,149,live without dessert for the most part,10,D,2,initial,dessert,136,168,32,34,34,152,156,152,160,0.9994119008311428
t12.2022.07.29,train,vocal,t12.2022.07.27,149,live without dessert for the most part,11,IH,2,medial,dessert,144,176,32,36,36,160,164,160,164,0.9999086187461911
t12.2022.07.29,train,vocal,t12.2022.07.27,149,live without dessert for the most part,12,Z,2,medial,dessert,148,184,36,37,38,164,172,164,176,0.33791844548785477
t12.2022.07.29,train,vocal,t12.2022.07.27,149,live without dessert for the most part,13,ER,2,medial,dessert,160,196,36,40,41,176,184,176,188,0.07946445486005559
t12.2022.07.29,train,vocal,t12.2022.07.27,149,live without dessert for the most part,14,T,2,final,dessert,172,204,32,43,43,188,192,188,192,0.001737616738579384
t12.2022.07.29,train,vocal,t12.2022.07.27,149,live without dessert for the most part,15,SIL,2,sil,dessert,176,220,44,44,47,192,208,192,208,0.9183324036060652
t12.2022.07.29,train,vocal,t12.2022.07.27,149,live without dessert for the most part,16,F,3,initial,for,192,224,32,48,48,208,212,208,216,0.9968616358257067
t12.2022.07.29,train,vocal,t12.2022.07.27,149,live without dessert for the most part,17,AO,3,medial,for,200,232,32,50,50,216,220,216,220,0.9981443231157984
t12.2022.07.29,train,vocal,t12.2022.07.27,149,live without dessert for the most part,18,R,3,final,for,204,236,32,51,51,220,224,220,224,0.9951686706311564
t12.2022.07.29,train,vocal,t12.2022.07.27,149,live without dessert for the most part,19,SIL,3,sil,for,208,244,36,52,53,224,232,224,232,0.9997810345555858
t12.2022.07.29,train,vocal,t12.2022.07.27,149,live without dessert for the most part,20,DH,4,initial,the,216,252,36,54,55,232,240,232,240,0.9955258337483531
t12.2022.07.29,train,vocal,t12.2022.07.27,149,live without dessert for the most part,21,AH,4,final,the,224,264,40,56,58,240,252,240,252,0.782956560518781
t12.2022.07.29,train,vocal,t12.2022.07.27,149,live without dessert for the most part,22,SIL,4,sil,the,236,276,40,59,61,252,264,252,264,0.9999341403024031
t12.2022.07.29,train,vocal,t12.2022.07.27,149,live without dessert for the most part,23,M,5,initial,most,248,280,32,62,62,264,268,264,272,0.9985629818455156
t12.2022.07.29,train,vocal,t12.2022.07.27,149,live without dessert for the most part,24,OW,5,medial,most,260,292,32,65,65,276,280,272,280,0.9940087135979694
t12.2022.07.29,train,vocal,t12.2022.07.27,149,live without dessert for the most part,25,S,5,medial,most,264,296,32,66,66,280,284,280,284,0.9997736698396847
t12.2022.07.29,train,vocal,t12.2022.07.27,149,live without dessert for the most part,26,T,5,final,most,268,300,32,67,67,284,288,284,288,0.8954390914979805
t12.2022.07.29,train,vocal,t12.2022.07.27,149,live without dessert for the most part,27,SIL,5,sil,most,272,320,48,68,72,288,308,288,308,0.8932513418575322
t12.2022.07.29,train,vocal,t12.2022.07.27,149,live without dessert for the most part,28,P,6,initial,part,292,324,32,73,73,308,312,308,312,0.5097663620741195
t12.2022.07.29,train,vocal,t12.2022.07.27,149,live without dessert for the most part,29,AA,6,medial,part,296,328,32,74,74,312,316,312,316,0.9889838598472599
t12.2022.07.29,train,vocal,t12.2022.07.27,149,live without dessert for the most part,30,R,6,medial,part,300,332,32,75,75,316,320,316,320,0.9946729861356163
t12.2022.07.29,train,vocal,t12.2022.07.27,149,live without dessert for the most part,31,T,6,final,part,304,340,36,76,77,320,328,320,328,0.9693004145172309
t12.2022.07.29,train,vocal,t12.2022.07.27,149,live without dessert for the most part,32,SIL,6,sil,part,312,348,36,78,79,328,336,328,336,0.9998106818676045
t12.2022.07.29,train,vocal,t12.2022.07.27,150,ever seen one of these bad boys,0,EH,0,initial,ever,24,56,32,6,6,40,44,16,44,0.021140545368949694
t12.2022.07.29,train,vocal,t12.2022.07.27,150,ever seen one of these bad boys,1,V,0,medial,ever,28,60,32,7,7,44,48,44,48,0.8615203821082693
t12.2022.07.29,train,vocal,t12.2022.07.27,150,ever seen one of these bad boys,2,ER,0,final,ever,32,64,32,8,8,48,52,48,52,0.011410308438168735
t12.2022.07.29,train,vocal,t12.2022.07.27,150,ever seen one of these bad boys,3,SIL,0,sil,ever,36,72,36,9,10,52,60,52,60,0.9996998434606315
t12.2022.07.29,train,vocal,t12.2022.07.27,150,ever seen one of these bad boys,4,S,1,initial,seen,44,76,32,11,11,60,64,60,68,0.9902914212424134
t12.2022.07.29,train,vocal,t12.2022.07.27,150,ever seen one of these bad boys,5,IY,1,medial,seen,52,84,32,13,13,68,72,68,72,0.9861047715149247
t12.2022.07.29,train,vocal,t12.2022.07.27,150,ever seen one of these bad boys,6,N,1,final,seen,56,88,32,14,14,72,76,72,76,0.9998384242476331
t12.2022.07.29,train,vocal,t12.2022.07.27,150,ever seen one of these bad boys,7,SIL,1,sil,seen,60,100,40,15,17,76,88,76,88,0.842398355930232
t12.2022.07.29,train,vocal,t12.2022.07.27,150,ever seen one of these bad boys,8,W,2,initial,one,72,104,32,18,18,88,92,88,92,0.9998589115632158
t12.2022.07.29,train,vocal,t12.2022.07.27,150,ever seen one of these bad boys,9,AH,2,medial,one,76,108,32,19,19,92,96,92,96,0.9997217521785882
t12.2022.07.29,train,vocal,t12.2022.07.27,150,ever seen one of these bad boys,10,N,2,final,one,80,112,32,20,20,96,100,96,100,0.9999885212472293
t12.2022.07.29,train,vocal,t12.2022.07.27,150,ever seen one of these bad boys,11,SIL,2,sil,one,84,128,44,21,24,100,116,100,120,0.9059069793149861
t12.2022.07.29,train,vocal,t12.2022.07.27,150,ever seen one of these bad boys,12,AH,3,initial,of,108,140,32,27,27,124,128,120,128,0.9999885888044918
t12.2022.07.29,train,vocal,t12.2022.07.27,150,ever seen one of these bad boys,13,V,3,final,of,112,144,32,28,28,128,132,128,132,0.9999636640860846
t12.2022.07.29,train,vocal,t12.2022.07.27,150,ever seen one of these bad boys,14,SIL,3,sil,of,116,160,44,29,32,132,148,132,148,0.9991041552892637
t12.2022.07.29,train,vocal,t12.2022.07.27,150,ever seen one of these bad boys,15,DH,4,initial,these,132,164,32,33,33,148,152,148,156,0.9999750788815276
t12.2022.07.29,train,vocal,t12.2022.07.27,150,ever seen one of these bad boys,16,IY,4,medial,these,140,172,32,35,35,156,160,156,160,0.002857022863672408
t12.2022.07.29,train,vocal,t12.2022.07.27,150,ever seen one of these bad boys,17,Z,4,final,these,144,176,32,36,36,160,164,160,164,0.00046521164347012467
t12.2022.07.29,train,vocal,t12.2022.07.27,150,ever seen one of these bad boys,18,SIL,4,sil,these,148,204,56,37,43,164,192,164,192,0.991788350231733
t12.2022.07.29,train,vocal,t12.2022.07.27,150,ever seen one of these bad boys,19,B,5,initial,bad,176,208,32,44,44,192,196,192,200,0.9997010298267847
t12.2022.07.29,train,vocal,t12.2022.07.27,150,ever seen one of these bad boys,20,AE,5,medial,bad,184,216,32,46,46,200,204,200,204,0.9969900018539466
t12.2022.07.29,train,vocal,t12.2022.07.27,150,ever seen one of these bad boys,21,D,5,final,bad,188,224,36,47,48,204,212,204,212,0.9084449933173624
t12.2022.07.29,train,vocal,t12.2022.07.27,150,ever seen one of these bad boys,22,SIL,5,sil,bad,196,236,40,49,51,212,224,212,224,0.9979252120699776
t12.2022.07.29,train,vocal,t12.2022.07.27,150,ever seen one of these bad boys,23,B,6,initial,boys,208,240,32,52,52,224,228,224,232,0.9952830460582153
t12.2022.07.29,train,vocal,t12.2022.07.27,150,ever seen one of these bad boys,24,OY,6,medial,boys,220,252,32,55,55,236,240,232,240,0.9902361373144718
t12.2022.07.29,train,vocal,t12.2022.07.27,150,ever seen one of these bad boys,25,Z,6,final,boys,224,256,32,56,56,240,244,240,244,0.9385906269006877
t12.2022.07.29,train,vocal,t12.2022.07.27,150,ever seen one of these bad boys,26,SIL,6,sil,boys,228,268,40,57,59,244,256,244,256,0.9989599670235236
t12.2022.07.29,train,vocal,t12.2022.07.27,151,i've heard about it,0,AY,0,initial,i've,36,68,32,9,9,52,56,16,56,0.9999527920782788
t12.2022.07.29,train,vocal,t12.2022.07.27,151,i've heard about it,1,V,0,final,i've,40,72,32,10,10,56,60,56,60,0.9999322552795479
t12.2022.07.29,train,vocal,t12.2022.07.27,151,i've heard about it,2,SIL,0,sil,i've,44,84,40,11,13,60,72,60,72,0.9806480357628743
t12.2022.07.29,train,vocal,t12.2022.07.27,151,i've heard about it,3,HH,1,initial,heard,56,88,32,14,14,72,76,72,80,0.7887555845014028
t12.2022.07.29,train,vocal,t12.2022.07.27,151,i've heard about it,4,ER,1,medial,heard,64,96,32,16,16,80,84,80,84,0.8818911837441701
t12.2022.07.29,train,vocal,t12.2022.07.27,151,i've heard about it,5,D,1,final,heard,68,104,36,17,18,84,92,84,92,0.9907461888647924
t12.2022.07.29,train,vocal,t12.2022.07.27,151,i've heard about it,6,SIL,1,sil,heard,76,112,36,19,20,92,100,92,100,0.9974929280683678
t12.2022.07.29,train,vocal,t12.2022.07.27,151,i've heard about it,7,AH,2,initial,about,84,124,40,21,23,100,112,100,112,0.8951476191482057
t12.2022.07.29,train,vocal,t12.2022.07.27,151,i've heard about it,8,B,2,medial,about,96,132,36,24,25,112,120,112,120,0.9354051197467659
t12.2022.07.29,train,vocal,t12.2022.07.27,151,i've heard about it,9,AW,2,medial,about,104,140,36,26,27,120,128,120,128,0.8488026211116173
t12.2022.07.29,train,vocal,t12.2022.07.27,151,i've heard about it,10,T,2,final,about,112,144,32,28,28,128,132,128,132,0.9979545822949372
t12.2022.07.29,train,vocal,t12.2022.07.27,151,i've heard about it,11,SIL,2,sil,about,116,152,36,29,30,132,140,132,140,0.9599283080093509
t12.2022.07.29,train,vocal,t12.2022.07.27,151,i've heard about it,12,IH,3,initial,it,124,156,32,31,31,140,144,140,144,0.9999743851013472
t12.2022.07.29,train,vocal,t12.2022.07.27,151,i've heard about it,13,T,3,final,it,128,160,32,32,32,144,148,144,148,0.9998084046161368
t12.2022.07.29,train,vocal,t12.2022.07.27,151,i've heard about it,14,SIL,3,sil,it,132,180,48,33,37,148,168,148,168,0.997517575204107
t12.2022.07.29,train,vocal,t12.2022.07.27,152,don't buy them that way,0,D,0,initial,don't,16,48,32,4,4,32,36,16,40,0.9884292311751222
t12.2022.07.29,train,vocal,t12.2022.07.27,152,don't buy them that way,1,OW,0,medial,don't,24,56,32,6,6,40,44,40,44,0.9995684396614858
t12.2022.07.29,train,vocal,t12.2022.07.27,152,don't buy them that way,2,N,0,medial,don't,28,60,32,7,7,44,48,44,48,0.9983549336861047
t12.2022.07.29,train,vocal,t12.2022.07.27,152,don't buy them that way,3,T,0,final,don't,32,64,32,8,8,48,52,48,52,0.9999326220524779
t12.2022.07.29,train,vocal,t12.2022.07.27,152,don't buy them that way,4,SIL,0,sil,don't,36,72,36,9,10,52,60,52,60,0.7718975922744019
t12.2022.07.29,train,vocal,t12.2022.07.27,152,don't buy them that way,5,B,1,initial,buy,44,76,32,11,11,60,64,60,68,0.9922633925032767
t12.2022.07.29,train,vocal,t12.2022.07.27,152,don't buy them that way,6,AY,1,final,buy,52,84,32,13,13,68,72,68,76,0.997404140002346
t12.2022.07.29,train,vocal,t12.2022.07.27,152,don't buy them that way,7,SIL,1,sil,buy,60,96,36,15,16,76,84,76,84,0.7950881563022195
t12.2022.07.29,train,vocal,t12.2022.07.27,152,don't buy them that way,8,DH,2,initial,them,68,104,36,17,18,84,92,84,92,0.9548845562392485
t12.2022.07.29,train,vocal,t12.2022.07.27,152,don't buy them that way,9,EH,2,medial,them,76,108,32,19,19,92,96,92,96,0.9999065465027605
t12.2022.07.29,train,vocal,t12.2022.07.27,152,don't buy them that way,10,M,2,final,them,80,112,32,20,20,96,100,96,100,0.999994985128504
t12.2022.07.29,train,vocal,t12.2022.07.27,152,don't buy them that way,11,SIL,2,sil,them,84,124,40,21,23,100,112,100,112,0.9951027737764756
t12.2022.07.29,train,vocal,t12.2022.07.27,152,don't buy them that way,12,DH,3,initial,that,96,132,36,24,25,112,120,112,120,0.9996851423868022
t12.2022.07.29,train,vocal,t12.2022.07.27,152,don't buy them that way,13,AE,3,medial,that,104,140,36,26,27,120,128,120,128,0.9692888879164415
t12.2022.07.29,train,vocal,t12.2022.07.27,152,don't buy them that way,14,T,3,final,that,112,144,32,28,28,128,132,128,132,0.9999719974368521
t12.2022.07.29,train,vocal,t12.2022.07.27,152,don't buy them that way,15,SIL,3,sil,that,116,160,44,29,32,132,148,132,148,0.9849077732175813
t12.2022.07.29,train,vocal,t12.2022.07.27,152,don't buy them that way,16,W,4,initial,way,132,164,32,33,33,148,152,148,156,0.9998661842816937
t12.2022.07.29,train,vocal,t12.2022.07.27,152,don't buy them that way,17,EY,4,final,way,140,172,32,35,35,156,160,156,160,0.9998873787643354
t12.2022.07.29,train,vocal,t12.2022.07.27,152,don't buy them that way,18,SIL,4,sil,way,144,184,40,36,38,160,172,160,172,0.9922379500631903
t12.2022.07.29,train,vocal,t12.2022.07.27,153,they're kind of nice,0,DH,0,initial,they're,40,72,32,10,10,56,60,16,64,0.9999922505712106
t12.2022.07.29,train,vocal,t12.2022.07.27,153,they're kind of nice,1,EH,0,medial,they're,48,80,32,12,12,64,68,64,68,0.9999349480544721
t12.2022.07.29,train,vocal,t12.2022.07.27,153,they're kind of nice,2,R,0,final,they're,52,84,32,13,13,68,72,68,72,0.9999258359026612
t12.2022.07.29,train,vocal,t12.2022.07.27,153,they're kind of nice,3,SIL,0,sil,they're,56,100,44,14,17,72,88,72,88,0.9983643227295638
t12.2022.07.29,train,vocal,t12.2022.07.27,153,they're kind of nice,4,K,1,initial,kind,72,104,32,18,18,88,92,88,96,0.999971293124593
t12.2022.07.29,train,vocal,t12.2022.07.27,153,they're kind of nice,5,AY,1,medial,kind,80,112,32,20,20,96,100,96,100,0.983831338395446
t12.2022.07.29,train,vocal,t12.2022.07.27,153,they're kind of nice,6,N,1,medial,kind,84,120,36,21,22,100,108,100,108,0.9922901865118936
t12.2022.07.29,train,vocal,t12.2022.07.27,153,they're kind of nice,7,D,1,final,kind,92,124,32,23,23,108,112,108,112,0.9990805889062974
t12.2022.07.29,train,vocal,t12.2022.07.27,153,they're kind of nice,8,SIL,1,sil,kind,96,132,36,24,25,112,120,112,124,0.9979486499824839
t12.2022.07.29,train,vocal,t12.2022.07.27,153,they're kind of nice,9,AH,2,initial,of,112,144,32,28,28,128,132,124,132,0.999999730208833
t12.2022.07.29,train,vocal,t12.2022.07.27,153,they're kind of nice,10,V,2,final,of,116,148,32,29,29,132,136,132,136,0.9999937752897756
t12.2022.07.29,train,vocal,t12.2022.07.27,153,they're kind of nice,11,SIL,2,sil,of,120,156,36,30,31,136,144,136,144,0.9997680361150365
t12.2022.07.29,train,vocal,t12.2022.07.27,153,they're kind of nice,12,N,3,initial,nice,128,160,32,32,32,144,148,144,152,0.9950424509429014
t12.2022.07.29,train,vocal,t12.2022.07.27,153,they're kind of nice,13,AY,3,medial,nice,136,168,32,34,34,152,156,152,156,0.5435419072666572
t12.2022.07.29,train,vocal,t12.2022.07.27,153,they're kind of nice,14,S,3,final,nice,140,172,32,35,35,156,160,156,160,0.9999982602848986
t12.2022.07.29,train,vocal,t12.2022.07.27,153,they're kind of nice,15,SIL,3,sil,nice,144,188,44,36,39,160,176,160,176,0.9998863103655002
t12.2022.07.29,train,vocal,t12.2022.07.27,154,we go backpacking fifteen or twenty miles,0,W,0,initial,we,48,80,32,12,12,64,68,16,72,0.9998303481264971
t12.2022.07.29,train,vocal,t12.2022.07.27,154,we go backpacking fifteen or twenty miles,1,IY,0,final,we,56,88,32,14,14,72,76,72,80,0.9999993094712035
t12.2022.07.29,train,vocal,t12.2022.07.27,154,we go backpacking fifteen or twenty miles,2,SIL,0,sil,we,64,104,40,16,18,80,92,80,92,0.9967596761409346
t12.2022.07.29,train,vocal,t12.2022.07.27,154,we go backpacking fifteen or twenty miles,3,G,1,initial,go,76,108,32,19,19,92,96,92,100,0.9785225766189518
t12.2022.07.29,train,vocal,t12.2022.07.27,154,we go backpacking fifteen or twenty miles,4,OW,1,final,go,84,116,32,21,21,100,104,100,108,0.8597530662533067
t12.2022.07.29,train,vocal,t12.2022.07.27,154,we go backpacking fifteen or twenty miles,5,SIL,1,sil,go,92,132,40,23,25,108,120,108,120,0.9914018478379677
t12.2022.07.29,train,vocal,t12.2022.07.27,154,we go backpacking fifteen or twenty miles,6,B,2,initial,backpacking,104,136,32,26,26,120,124,120,128,0.7026229734185067
t12.2022.07.29,train,vocal,t12.2022.07.27,154,we go backpacking fifteen or twenty miles,7,AE,2,medial,backpacking,116,148,32,29,29,132,136,128,136,0.9638525675037096
t12.2022.07.29,train,vocal,t12.2022.07.27,154,we go backpacking fifteen or twenty miles,8,K,2,medial,backpacking,120,156,36,30,31,136,144,136,144,0.9617118887054137
t12.2022.07.29,train,vocal,t12.2022.07.27,154,we go backpacking fifteen or twenty miles,9,P,2,medial,backpacking,128,160,32,32,32,144,148,144,148,2.3762134362026022e-05
t12.2022.07.29,train,vocal,t12.2022.07.27,154,we go backpacking fifteen or twenty miles,10,EY,2,medial,backpacking,132,164,32,33,33,148,152,148,152,7.344696497232226e-05
t12.2022.07.29,train,vocal,t12.2022.07.27,154,we go backpacking fifteen or twenty miles,11,K,2,medial,backpacking,136,168,32,34,34,152,156,152,156,0.00015593056077825126
t12.2022.07.29,train,vocal,t12.2022.07.27,154,we go backpacking fifteen or twenty miles,12,IH,2,medial,backpacking,140,172,32,35,35,156,160,156,160,0.957249316453105
t12.2022.07.29,train,vocal,t12.2022.07.27,154,we go backpacking fifteen or twenty miles,13,NG,2,final,backpacking,144,176,32,36,36,160,164,160,164,0.9828424585390545
t12.2022.07.29,train,vocal,t12.2022.07.27,154,we go backpacking fifteen or twenty miles,14,SIL,2,sil,backpacking,148,212,64,37,45,164,200,164,200,0.986732563966598
t12.2022.07.29,train,vocal,t12.2022.07.27,154,we go backpacking fifteen or twenty miles,15,F,3,initial,fifteen,184,216,32,46,46,200,204,200,208,0.7627728227662394
t12.2022.07.29,train,vocal,t12.2022.07.27,154,we go backpacking fifteen or twenty miles,16,IH,3,medial,fifteen,192,224,32,48,48,208,212,208,212,0.5845409686524877
t12.2022.07.29,train,vocal,t12.2022.07.27,154,we go backpacking fifteen or twenty miles,17,F,3,medial,fifteen,196,228,32,49,49,212,216,212,216,0.9289388853541435
t12.2022.07.29,train,vocal,t12.2022.07.27,154,we go backpacking fifteen or twenty miles,18,T,3,medial,fifteen,200,236,36,50,51,216,224,216,224,0.9747946665126757
t12.2022.07.29,train,vocal,t12.2022.07.27,154,we go backpacking fifteen or twenty miles,19,IY,3,medial,fifteen,208,240,32,52,52,224,228,224,228,0.2688209732852048
t12.2022.07.29,train,vocal,t12.2022.07.27,154,we go backpacking fifteen or twenty miles,20,N,3,final,fifteen,212,248,36,53,54,228,236,228,236,0.8130731797025108
t12.2022.07.29,train,vocal,t12.2022.07.27,154,we go backpacking fifteen or twenty miles,21,SIL,3,sil,fifteen,220,260,40,55,57,236,248,236,252,0.7515553142191361
t12.2022.07.29,train,vocal,t12.2022.07.27,154,we go backpacking fifteen or twenty miles,22,AO,4,initial,or,240,272,32,60,60,256,260,252,260,0.9961693728630603
t12.2022.07.29,train,vocal,t12.2022.07.27,154,we go backpacking fifteen or twenty miles,23,R,4,final,or,244,276,32,61,61,260,264,260,264,0.9992078662166389
t12.2022.07.29,train,vocal,t12.2022.07.27,154,we go backpacking fifteen or twenty miles,24,SIL,4,sil,or,248,292,44,62,65,264,280,264,280,0.9398616480355007
t12.2022.07.29,train,vocal,t12.2022.07.27,154,we go backpacking fifteen or twenty miles,25,T,5,initial,twenty,264,296,32,66,66,280,284,280,284,0.8991705625174442
t12.2022.07.29,train,vocal,t12.2022.07.27,154,we go backpacking fifteen or twenty miles,26,W,5,medial,twenty,268,300,32,67,67,284,288,284,288,0.060562585840231546
t12.2022.07.29,train,vocal,t12.2022.07.27,154,we go backpacking fifteen or twenty miles,27,EH,5,medial,twenty,272,304,32,68,68,288,292,288,292,0.0775102657362132
t12.2022.07.29,train,vocal,t12.2022.07.27,154,we go backpacking fifteen or twenty miles,28,N,5,medial,twenty,276,308,32,69,69,292,296,292,296,0.997746400683658
t12.2022.07.29,train,vocal,t12.2022.07.27,154,we go backpacking fifteen or twenty miles,29,T,5,medial,twenty,280,312,32,70,70,296,300,296,300,0.0040328984142614975
t12.2022.07.29,train,vocal,t12.2022.07.27,154,we go backpacking fifteen or twenty miles,30,IY,5,final,twenty,284,316,32,71,71,300,304,300,304,0.2049579814172211
t12.2022.07.29,train,vocal,t12.2022.07.27,154,we go backpacking fifteen or twenty miles,31,SIL,5,sil,twenty,288,340,52,72,77,304,328,304,328,0.8316151727783779
t12.2022.07.29,train,vocal,t12.2022.07.27,154,we go backpacking fifteen or twenty miles,32,M,6,initial,miles,312,344,32,78,78,328,332,328,336,0.09429777157811818
t12.2022.07.29,train,vocal,t12.2022.07.27,154,we go backpacking fifteen or twenty miles,33,AY,6,medial,miles,320,352,32,80,80,336,340,336,340,0.9423776841907373
t12.2022.07.29,train,vocal,t12.2022.07.27,154,we go backpacking fifteen or twenty miles,34,L,6,medial,miles,324,364,40,81,83,340,352,340,352,0.8656314628766898
t12.2022.07.29,train,vocal,t12.2022.07.27,154,we go backpacking fifteen or twenty miles,35,Z,6,final,miles,336,372,36,84,85,352,360,352,360,0.9930170096300084
t12.2022.07.29,train,vocal,t12.2022.07.27,154,we go backpacking fifteen or twenty miles,36,SIL,6,sil,miles,344,380,36,86,87,360,368,360,368,0.9516365875659665
t12.2022.07.29,train,vocal,t12.2022.07.27,155,i see people enthusiastic about it,0,AY,0,single,i,48,80,32,12,12,64,68,16,72,0.9999700158823889
t12.2022.07.29,train,vocal,t12.2022.07.27,155,i see people enthusiastic about it,1,SIL,0,sil,i,56,96,40,14,16,72,84,72,84,0.9999678026035902
t12.2022.07.29,train,vocal,t12.2022.07.27,155,i see people enthusiastic about it,2,S,1,initial,see,68,100,32,17,17,84,88,84,92,0.07693551920088772
t12.2022.07.29,train,vocal,t12.2022.07.27,155,i see people enthusiastic about it,3,IY,1,final,see,76,108,32,19,19,92,96,92,100,0.7346411819286978
t12.2022.07.29,train,vocal,t12.2022.07.27,155,i see people enthusiastic about it,4,SIL,1,sil,see,84,124,40,21,23,100,112,100,112,0.9976152162334219
t12.2022.07.29,train,vocal,t12.2022.07.27,155,i see people enthusiastic about it,5,P,2,initial,people,96,128,32,24,24,112,116,112,120,0.001027067331067569
t12.2022.07.29,train,vocal,t12.2022.07.27,155,i see people enthusiastic about it,6,IY,2,medial,people,104,136,32,26,26,120,124,120,124,0.22851180973070892
t12.2022.07.29,train,vocal,t12.2022.07.27,155,i see people enthusiastic about it,7,P,2,medial,people,108,140,32,27,27,124,128,124,128,0.43909423284897764
t12.2022.07.29,train,vocal,t12.2022.07.27,155,i see people enthusiastic about it,8,AH,2,medial,people,112,144,32,28,28,128,132,128,132,0.9546339466064492
t12.2022.07.29,train,vocal,t12.2022.07.27,155,i see people enthusiastic about it,9,L,2,final,people,116,152,36,29,30,132,140,132,140,0.7732410102578967
t12.2022.07.29,train,vocal,t12.2022.07.27,155,i see people enthusiastic about it,10,SIL,2,sil,people,124,176,52,31,36,140,164,140,168,0.9172835471080282
t12.2022.07.29,train,vocal,t12.2022.07.27,155,i see people enthusiastic about it,11,IH,3,initial,enthusiastic,156,188,32,39,39,172,176,168,176,0.04356053092335012
t12.2022.07.29,train,vocal,t12.2022.07.27,155,i see people enthusiastic about it,12,N,3,medial,enthusiastic,160,196,36,40,41,176,184,176,188,0.8467466882180376
t12.2022.07.29,train,vocal,t12.2022.07.27,155,i see people enthusiastic about it,13,TH,3,medial,enthusiastic,172,204,32,43,43,188,192,188,192,0.004572944750600039
t12.2022.07.29,train,vocal,t12.2022.07.27,155,i see people enthusiastic about it,14,UW,3,medial,enthusiastic,176,208,32,44,44,192,196,192,196,3.2728058880261414e-05
t12.2022.07.29,train,vocal,t12.2022.07.27,155,i see people enthusiastic about it,15,Z,3,medial,enthusiastic,180,212,32,45,45,196,200,196,204,5.590325913237815e-05
t12.2022.07.29,train,vocal,t12.2022.07.27,155,i see people enthusiastic about it,16,IY,3,medial,enthusiastic,188,220,32,47,47,204,208,204,220,0.01925399318920827
t12.2022.07.29,train,vocal,t12.2022.07.27,155,i see people enthusiastic about it,17,AE,3,medial,enthusiastic,212,244,32,53,53,228,232,220,232,0.9877660572316381
t12.2022.07.29,train,vocal,t12.2022.07.27,155,i see people enthusiastic about it,18,S,3,medial,enthusiastic,216,248,32,54,54,232,236,232,236,0.0034733938082925127
t12.2022.07.29,train,vocal,t12.2022.07.27,155,i see people enthusiastic about it,19,T,3,medial,enthusiastic,220,252,32,55,55,236,240,236,240,0.0975841378323835
t12.2022.07.29,train,vocal,t12.2022.07.27,155,i see people enthusiastic about it,20,IH,3,medial,enthusiastic,224,256,32,56,56,240,244,240,244,0.9578632235035325
t12.2022.07.29,train,vocal,t12.2022.07.27,155,i see people enthusiastic about it,21,K,3,final,enthusiastic,228,264,36,57,58,244,252,244,252,0.8179672615099813
t12.2022.07.29,train,vocal,t12.2022.07.27,155,i see people enthusiastic about it,22,SIL,3,sil,enthusiastic,236,276,40,59,61,252,264,252,264,0.9968332068000526
t12.2022.07.29,train,vocal,t12.2022.07.27,155,i see people enthusiastic about it,23,AH,4,initial,about,248,288,40,62,64,264,276,264,276,0.8809273751763436
t12.2022.07.29,train,vocal,t12.2022.07.27,155,i see people enthusiastic about it,24,B,4,medial,about,260,296,36,65,66,276,284,276,284,0.9974678748924141
t12.2022.07.29,train,vocal,t12.2022.07.27,155,i see people enthusiastic about it,25,AW,4,medial,about,268,304,36,67,68,284,292,284,292,0.9995896140271503
t12.2022.07.29,train,vocal,t12.2022.07.27,155,i see people enthusiastic about it,26,T,4,final,about,276,312,36,69,70,292,300,292,300,0.9781530509915595
t12.2022.07.29,train,vocal,t12.2022.07.27,155,i see people enthusiastic about it,27,SIL,4,sil,about,284,316,32,71,71,300,304,300,308,0.9999455735771305
t12.2022.07.29,train,vocal,t12.2022.07.27,155,i see people enthusiastic about it,28,IH,5,initial,it,292,324,32,73,73,308,312,308,312,0.9996417402952824
t12.2022.07.29,train,vocal,t12.2022.07.27,155,i see people enthusiastic about it,29,T,5,final,it,296,328,32,74,74,312,316,312,316,0.9999595434530538
t12.2022.07.29,train,vocal,t12.2022.07.27,155,i see people enthusiastic about it,30,SIL,5,sil,it,300,344,44,75,78,316,332,316,332,0.9996411179553657
t12.2022.07.29,train,vocal,t12.2022.07.27,156,third world governments,0,TH,0,initial,third,16,48,32,4,4,32,36,16,40,0.0009236648781063736
t12.2022.07.29,train,vocal,t12.2022.07.27,156,third world governments,1,ER,0,medial,third,24,56,32,6,6,40,44,40,44,0.0005863751054530473
t12.2022.07.29,train,vocal,t12.2022.07.27,156,third world governments,2,D,0,final,third,28,60,32,7,7,44,48,44,48,0.9972975520846791
t12.2022.07.29,train,vocal,t12.2022.07.27,156,third world governments,3,SIL,0,sil,third,32,72,40,8,10,48,60,48,60,0.8700882651937429
t12.2022.07.29,train,vocal,t12.2022.07.27,156,third world governments,4,W,1,initial,world,44,76,32,11,11,60,64,60,68,0.9998881651441278
t12.2022.07.29,train,vocal,t12.2022.07.27,156,third world governments,5,ER,1,medial,world,52,84,32,13,13,68,72,68,72,0.39464694917462234
t12.2022.07.29,train,vocal,t12.2022.07.27,156,third world governments,6,L,1,medial,world,56,88,32,14,14,72,76,72,76,0.045787627753291746
t12.2022.07.29,train,vocal,t12.2022.07.27,156,third world governments,7,D,1,final,world,60,92,32,15,15,76,80,76,80,0.9996511041170774
t12.2022.07.29,train,vocal,t12.2022.07.27,156,third world governments,8,SIL,1,sil,world,64,104,40,16,18,80,92,80,92,0.993692967408776
t12.2022.07.29,train,vocal,t12.2022.07.27,156,third world governments,9,G,2,initial,governments,76,108,32,19,19,92,96,92,100,0.01059138046092914
t12.2022.07.29,train,vocal,t12.2022.07.27,156,third world governments,10,AH,2,medial,governments,88,120,32,22,22,104,108,100,108,0.9983565049755517
t12.2022.07.29,train,vocal,t12.2022.07.27,156,third world governments,11,V,2,medial,governments,92,124,32,23,23,108,112,108,112,0.8166511437943185
t12.2022.07.29,train,vocal,t12.2022.07.27,156,third world governments,12,ER,2,medial,governments,96,128,32,24,24,112,116,112,116,0.9544768557710375
t12.2022.07.29,train,vocal,t12.2022.07.27,156,third world governments,13,M,2,medial,governments,100,140,40,25,27,116,128,116,128,0.8969398832111258
t12.2022.07.29,train,vocal,t12.2022.07.27,156,third world governments,14,AH,2,medial,governments,112,148,36,28,29,128,136,128,136,0.818159486799592
t12.2022.07.29,train,vocal,t12.2022.07.27,156,third world governments,15,N,2,medial,governments,120,152,32,30,30,136,140,136,140,0.99973440606879
t12.2022.07.29,train,vocal,t12.2022.07.27,156,third world governments,16,T,2,medial,governments,124,156,32,31,31,140,144,140,144,0.2576161812498256
t12.2022.07.29,train,vocal,t12.2022.07.27,156,third world governments,17,S,2,final,governments,128,164,36,32,33,144,152,144,152,0.9106955956615304
t12.2022.07.29,train,vocal,t12.2022.07.27,156,third world governments,18,SIL,2,sil,governments,136,180,44,34,37,152,168,152,168,0.9942157925067162
t12.2022.07.29,train,vocal,t12.2022.07.27,157,that everybody's fighting over,0,DH,0,initial,that,28,60,32,7,7,44,48,16,48,0.9771156978161784
t12.2022.07.29,train,vocal,t12.2022.07.27,157,that everybody's fighting over,1,AE,0,medial,that,32,64,32,8,8,48,52,48,52,0.9949748682499552
t12.2022.07.29,train,vocal,t12.2022.07.27,157,that everybody's fighting over,2,T,0,final,that,36,68,32,9,9,52,56,52,56,0.9999511671831361
t12.2022.07.29,train,vocal,t12.2022.07.27,157,that everybody's fighting over,3,SIL,0,sil,that,40,92,52,10,15,56,80,56,84,0.9590149012089088
t12.2022.07.29,train,vocal,t12.2022.07.27,157,that everybody's fighting over,4,EH,1,initial,everybody's,72,104,32,18,18,88,92,84,92,0.9971205879814418
t12.2022.07.29,train,vocal,t12.2022.07.27,157,that everybody's fighting over,5,V,1,medial,everybody's,76,108,32,19,19,92,96,92,96,0.9997180492907192
t12.2022.07.29,train,vocal,t12.2022.07.27,157,that everybody's fighting over,6,R,1,medial,everybody's,80,112,32,20,20,96,100,96,100,0.5641762636373009
t12.2022.07.29,train,vocal,t12.2022.07.27,157,that everybody's fighting over,7,IY,1,medial,everybody's,84,116,32,21,21,100,104,100,104,0.9430180711143705
t12.2022.07.29,train,vocal,t12.2022.07.27,157,that everybody's fighting over,8,B,1,medial,everybody's,88,120,32,22,22,104,108,104,108,0.5273701792463956
t12.2022.07.29,train,vocal,t12.2022.07.27,157,that everybody's fighting over,9,AA,1,medial,everybody's,92,124,32,23,23,108,112,108,112,0.31178966935639424
t12.2022.07.29,train,vocal,t12.2022.07.27,157,that everybody's fighting over,10,D,1,medial,everybody's,96,128,32,24,24,112,116,112,116,0.04390685251380333
t12.2022.07.29,train,vocal,t12.2022.07.27,157,that everybody's fighting over,11,IY,1,medial,everybody's,100,132,32,25,25,116,120,116,120,0.8654224460640474
t12.2022.07.29,train,vocal,t12.2022.07.27,157,that everybody's fighting over,12,Z,1,final,everybody's,104,136,32,26,26,120,124,120,124,1.7822231733386103e-06
t12.2022.07.29,train,vocal,t12.2022.07.27,157,that everybody's fighting over,13,SIL,1,sil,everybody's,108,148,40,27,29,124,136,124,136,0.999713750590629
t12.2022.07.29,train,vocal,t12.2022.07.27,157,that everybody's fighting over,14,F,2,initial,fighting,120,152,32,30,30,136,140,136,144,0.9786511614332576
t12.2022.07.29,train,vocal,t12.2022.07.27,157,that everybody's fighting over,15,AY,2,medial,fighting,128,160,32,32,32,144,148,144,152,0.3055198178702219
t12.2022.07.29,train,vocal,t12.2022.07.27,157,that everybody's fighting over,16,T,2,medial,fighting,136,168,32,34,34,152,156,152,156,0.00023199926187969085
t12.2022.07.29,train,vocal,t12.2022.07.27,157,that everybody's fighting over,17,IH,2,medial,fighting,140,172,32,35,35,156,160,156,160,0.9999081512092903
t12.2022.07.29,train,vocal,t12.2022.07.27,157,that everybody's fighting over,18,NG,2,final,fighting,144,180,36,36,37,160,168,160,168,0.9370524536835021
t12.2022.07.29,train,vocal,t12.2022.07.27,157,that everybody's fighting over,19,SIL,2,sil,fighting,152,196,44,38,41,168,184,168,192,0.9917176503063333
t12.2022.07.29,train,vocal,t12.2022.07.27,157,that everybody's fighting over,20,OW,3,initial,over,180,212,32,45,45,196,200,192,200,0.992977013085983
t12.2022.07.29,train,vocal,t12.2022.07.27,157,that everybody's fighting over,21,V,3,medial,over,184,216,32,46,46,200,204,200,204,0.9994565529539147
t12.2022.07.29,train,vocal,t12.2022.07.27,157,that everybody's fighting over,22,ER,3,final,over,188,220,32,47,47,204,208,204,208,0.9361494509620836
t12.2022.07.29,train,vocal,t12.2022.07.27,157,that everybody's fighting over,23,SIL,3,sil,over,192,236,44,48,51,208,224,208,224,0.9525721330068174
t12.2022.07.29,train,vocal,t12.2022.07.27,158,then you want to be in,0,DH,0,initial,then,12,44,32,3,3,28,32,16,32,0.9981392642082413
t12.2022.07.29,train,vocal,t12.2022.07.27,158,then you want to be in,1,EH,0,medial,then,16,48,32,4,4,32,36,32,36,0.8364025225126841
t12.2022.07.29,train,vocal,t12.2022.07.27,158,then you want to be in,2,N,0,final,then,20,56,36,5,6,36,44,36,44,0.8380409182018851
t12.2022.07.29,train,vocal,t12.2022.07.27,158,then you want to be in,3,SIL,0,sil,then,28,64,36,7,8,44,52,44,52,0.9975506078922197
t12.2022.07.29,train,vocal,t12.2022.07.27,158,then you want to be in,4,Y,1,initial,you,36,68,32,9,9,52,56,52,60,0.9999841687770373
t12.2022.07.29,train,vocal,t12.2022.07.27,158,then you want to be in,5,UW,1,final,you,44,76,32,11,11,60,64,60,64,0.9990067151385372
t12.2022.07.29,train,vocal,t12.2022.07.27,158,then you want to be in,6,SIL,1,sil,you,48,88,40,12,14,64,76,64,76,0.8791586278366937
t12.2022.07.29,train,vocal,t12.2022.07.27,158,then you want to be in,7,W,2,initial,want,60,92,32,15,15,76,80,76,84,0.9983779501269996
t12.2022.07.29,train,vocal,t12.2022.07.27,158,then you want to be in,8,AA,2,medial,want,72,104,32,18,18,88,92,84,92,0.9720017657759986
t12.2022.07.29,train,vocal,t12.2022.07.27,158,then you want to be in,9,N,2,medial,want,76,108,32,19,19,92,96,92,96,0.9740065792006959
t12.2022.07.29,train,vocal,t12.2022.07.27,158,then you want to be in,10,T,2,final,want,80,112,32,20,20,96,100,96,100,0.9998185828708019
t12.2022.07.29,train,vocal,t12.2022.07.27,158,then you want to be in,11,SIL,2,sil,want,84,128,44,21,24,100,116,100,116,0.9121422589228727
t12.2022.07.29,train,vocal,t12.2022.07.27,158,then you want to be in,12,T,3,initial,to,100,132,32,25,25,116,120,116,124,0.9999895348693374
t12.2022.07.29,train,vocal,t12.2022.07.27,158,then you want to be in,13,UW,3,final,to,108,140,32,27,27,124,128,124,128,0.999937884230636
t12.2022.07.29,train,vocal,t12.2022.07.27,158,then you want to be in,14,SIL,3,sil,to,112,164,52,28,33,128,152,128,152,0.8678290481849021
t12.2022.07.29,train,vocal,t12.2022.07.27,158,then you want to be in,15,B,4,initial,be,136,168,32,34,34,152,156,152,160,0.0002613881852023037
t12.2022.07.29,train,vocal,t12.2022.07.27,158,then you want to be in,16,IY,4,final,be,144,176,32,36,36,160,164,160,168,0.953312054289945
t12.2022.07.29,train,vocal,t12.2022.07.27,158,then you want to be in,17,SIL,4,sil,be,152,188,36,38,39,168,176,168,180,0.9861110850631193
t12.2022.07.29,train,vocal,t12.2022.07.27,158,then you want to be in,18,IH,5,initial,in,164,200,36,41,42,180,188,180,188,0.8803546498687305
t12.2022.07.29,train,vocal,t12.2022.07.27,158,then you want to be in,19,N,5,final,in,172,204,32,43,43,188,192,188,192,0.9999912395760964
t12.2022.07.29,train,vocal,t12.2022.07.27,158,then you want to be in,20,SIL,5,sil,in,176,220,44,44,47,192,208,192,208,0.9997608775264389
t12.2022.07.29,train,vocal,t12.2022.07.27,159,if somebody ruined their life,0,IH,0,initial,if,12,44,32,3,3,28,32,16,32,0.9990098612621111
t12.2022.07.29,train,vocal,t12.2022.07.27,159,if somebody ruined their life,1,F,0,final,if,16,48,32,4,4,32,36,32,36,0.996725326962459
t12.2022.07.29,train,vocal,t12.2022.07.27,159,if somebody ruined their life,2,SIL,0,sil,if,20,60,40,5,7,36,48,36,48,0.9991860648883965
t12.2022.07.29,train,vocal,t12.2022.07.27,159,if somebody ruined their life,3,S,1,initial,somebody,32,64,32,8,8,48,52,48,56,0.05880420539993384
t12.2022.07.29,train,vocal,t12.2022.07.27,159,if somebody ruined their life,4,AH,1,medial,somebody,44,76,32,11,11,60,64,56,64,0.9785139434845436
t12.2022.07.29,train,vocal,t12.2022.07.27,159,if somebody ruined their life,5,M,1,medial,somebody,48,80,32,12,12,64,68,64,68,0.6534435151687025
t12.2022.07.29,train,vocal,t12.2022.07.27,159,if somebody ruined their life,6,B,1,medial,somebody,52,84,32,13,13,68,72,68,72,0.8039066484706259
t12.2022.07.29,train,vocal,t12.2022.07.27,159,if somebody ruined their life,7,AA,1,medial,somebody,56,88,32,14,14,72,76,72,76,0.8734360290487232
t12.2022.07.29,train,vocal,t12.2022.07.27,159,if somebody ruined their life,8,D,1,medial,somebody,60,92,32,15,15,76,80,76,80,0.8352163554705573
t12.2022.07.29,train,vocal,t12.2022.07.27,159,if somebody ruined their life,9,IY,1,final,somebody,64,100,36,16,17,80,88,80,88,0.9588066276766664
t12.2022.07.29,train,vocal,t12.2022.07.27,159,if somebody ruined their life,10,SIL,1,sil,somebody,72,108,36,18,19,88,96,88,96,0.9954181855745694
t12.2022.07.29,train,vocal,t12.2022.07.27,159,if somebody ruined their life,11,R,2,initial,ruined,80,112,32,20,20,96,100,96,104,0.010993534217467888
t12.2022.07.29,train,vocal,t12.2022.07.27,159,if somebody ruined their life,12,UW,2,medial,ruined,88,120,32,22,22,104,108,104,108,0.10796376526215923
t12.2022.07.29,train,vocal,t12.2022.07.27,159,if somebody ruined their life,13,AH,2,medial,ruined,92,124,32,23,23,108,112,108,112,0.27616616899283963
t12.2022.07.29,train,vocal,t12.2022.07.27,159,if somebody ruined their life,14,N,2,medial,ruined,96,128,32,24,24,112,116,112,116,0.9687569067214867
t12.2022.07.29,train,vocal,t12.2022.07.27,159,if somebody ruined their life,15,D,2,final,ruined,100,132,32,25,25,116,120,116,120,0.03967921748593877
t12.2022.07.29,train,vocal,t12.2022.07.27,159,if somebody ruined their life,16,SIL,2,sil,ruined,104,156,52,26,31,120,144,120,144,0.9984859795622386
t12.2022.07.29,train,vocal,t12.2022.07.27,159,if somebody ruined their life,17,DH,3,initial,their,128,160,32,32,32,144,148,144,152,0.9998631206616319
t12.2022.07.29,train,vocal,t12.2022.07.27,159,if somebody ruined their life,18,EH,3,medial,their,136,168,32,34,34,152,156,152,156,9.410791752736593e-07
t12.2022.07.29,train,vocal,t12.2022.07.27,159,if somebody ruined their life,19,R,3,final,their,140,172,32,35,35,156,160,156,160,0.0006236791826917915
t12.2022.07.29,train,vocal,t12.2022.07.27,159,if somebody ruined their life,20,SIL,3,sil,their,144,184,40,36,38,160,172,160,172,0.999563503431896
t12.2022.07.29,train,vocal,t12.2022.07.27,159,if somebody ruined their life,21,L,4,initial,life,156,192,36,39,40,172,180,172,180,0.9978722691532803
t12.2022.07.29,train,vocal,t12.2022.07.27,159,if somebody ruined their life,22,AY,4,medial,life,164,196,32,41,41,180,184,180,184,0.9967820033570136
t12.2022.07.29,train,vocal,t12.2022.07.27,159,if somebody ruined their life,23,F,4,final,life,168,200,32,42,42,184,188,184,188,0.9968157551556416
t12.2022.07.29,train,vocal,t12.2022.07.27,159,if somebody ruined their life,24,SIL,4,sil,life,172,216,44,43,46,188,204,188,204,0.9951081856998039
t12.2022.07.29,train,vocal,t12.2022.07.27,160,i want to work in the flower beds,0,AY,0,single,i,28,60,32,7,7,44,48,16,48,0.9999968600789323
t12.2022.07.29,train,vocal,t12.2022.07.27,160,i want to work in the flower beds,1,SIL,0,sil,i,32,76,44,8,11,48,64,48,64,0.9136788756540356
t12.2022.07.29,train,vocal,t12.2022.07.27,160,i want to work in the flower beds,2,W,1,initial,want,48,80,32,12,12,64,68,64,72,0.9935873808025469
t12.2022.07.29,train,vocal,t12.2022.07.27,160,i want to work in the flower beds,3,AA,1,medial,want,56,88,32,14,14,72,76,72,76,0.999189296343978
t12.2022.07.29,train,vocal,t12.2022.07.27,160,i want to work in the flower beds,4,N,1,medial,want,60,92,32,15,15,76,80,76,80,0.9986001339611918
t12.2022.07.29,train,vocal,t12.2022.07.27,160,i want to work in the flower beds,5,T,1,final,want,64,100,36,16,17,80,88,80,88,0.9879918874264275
t12.2022.07.29,train,vocal,t12.2022.07.27,160,i want to work in the flower beds,6,SIL,1,sil,want,72,112,40,18,20,88,100,88,100,0.9958719120540896
t12.2022.07.29,train,vocal,t12.2022.07.27,160,i want to work in the flower beds,7,T,2,initial,to,84,116,32,21,21,100,104,100,108,0.9999949078972671
t12.2022.07.29,train,vocal,t12.2022.07.27,160,i want to work in the flower beds,8,UW,2,final,to,92,124,32,23,23,108,112,108,112,0.9999992456997769
t12.2022.07.29,train,vocal,t12.2022.07.27,160,i want to work in the flower beds,9,SIL,2,sil,to,96,136,40,24,26,112,124,112,124,0.9987406543893691
t12.2022.07.29,train,vocal,t12.2022.07.27,160,i want to work in the flower beds,10,W,3,initial,work,108,140,32,27,27,124,128,124,132,0.9880957478992283
t12.2022.07.29,train,vocal,t12.2022.07.27,160,i want to work in the flower beds,11,ER,3,medial,work,116,148,32,29,29,132,136,132,136,0.37862680183776626
t12.2022.07.29,train,vocal,t12.2022.07.27,160,i want to work in the flower beds,12,K,3,final,work,120,156,36,30,31,136,144,136,144,0.793086127328009
t12.2022.07.29,train,vocal,t12.2022.07.27,160,i want to work in the flower beds,13,SIL,3,sil,work,128,172,44,32,35,144,160,144,164,0.9999510270309427
t12.2022.07.29,train,vocal,t12.2022.07.27,160,i want to work in the flower beds,14,IH,4,initial,in,152,184,32,38,38,168,172,164,172,0.9999986264300631
t12.2022.07.29,train,vocal,t12.2022.07.27,160,i want to work in the flower beds,15,N,4,final,in,156,192,36,39,40,172,180,172,180,0.991491161302867
t12.2022.07.29,train,vocal,t12.2022.07.27,160,i want to work in the flower beds,16,SIL,4,sil,in,164,204,40,41,43,180,192,180,192,0.9997796454632105
t12.2022.07.29,train,vocal,t12.2022.07.27,160,i want to work in the flower beds,17,DH,5,initial,the,176,212,36,44,45,192,200,192,200,0.9944658754938966
t12.2022.07.29,train,vocal,t12.2022.07.27,160,i want to work in the flower beds,18,AH,5,final,the,184,220,36,46,47,200,208,200,208,0.8859500259598256
t12.2022.07.29,train,vocal,t12.2022.07.27,160,i want to work in the flower beds,19,SIL,5,sil,the,192,232,40,48,50,208,220,208,220,0.9948959788308512
t12.2022.07.29,train,vocal,t12.2022.07.27,160,i want to work in the flower beds,20,F,6,initial,flower,204,236,32,51,51,220,224,220,228,0.27427892319322184
t12.2022.07.29,train,vocal,t12.2022.07.27,160,i want to work in the flower beds,21,L,6,medial,flower,212,244,32,53,53,228,232,228,232,0.0582171648020364
t12.2022.07.29,train,vocal,t12.2022.07.27,160,i want to work in the flower beds,22,AW,6,medial,flower,216,252,36,54,55,232,240,232,240,0.7774532226075606
t12.2022.07.29,train,vocal,t12.2022.07.27,160,i want to work in the flower beds,23,ER,6,final,flower,224,264,40,56,58,240,252,240,252,0.8668724989458001
t12.2022.07.29,train,vocal,t12.2022.07.27,160,i want to work in the flower beds,24,SIL,6,sil,flower,236,280,44,59,62,252,268,252,268,0.9998994952426552
t12.2022.07.29,train,vocal,t12.2022.07.27,160,i want to work in the flower beds,25,B,7,initial,beds,252,284,32,63,63,268,272,268,276,0.9986866935589516
t12.2022.07.29,train,vocal,t12.2022.07.27,160,i want to work in the flower beds,26,EH,7,medial,beds,264,296,32,66,66,280,284,276,284,0.18294172733952882
t12.2022.07.29,train,vocal,t12.2022.07.27,160,i want to work in the flower beds,27,D,7,medial,beds,268,300,32,67,67,284,288,284,288,0.999810746180905
t12.2022.07.29,train,vocal,t12.2022.07.27,160,i want to work in the flower beds,28,Z,7,final,beds,272,304,32,68,68,288,292,288,292,0.06109857406449299
t12.2022.07.29,train,vocal,t12.2022.07.27,160,i want to work in the flower beds,29,SIL,7,sil,beds,276,320,44,69,72,292,308,292,308,0.999954973224839
t12.2022.07.29,train,vocal,t12.2022.07.27,161,i'm not really knowledgeable,0,AY,0,initial,i'm,12,48,36,3,4,28,36,16,36,0.7998668336802859
t12.2022.07.29,train,vocal,t12.2022.07.27,161,i'm not really knowledgeable,1,M,0,final,i'm,20,52,32,5,5,36,40,36,40,0.9999986190245704
t12.2022.07.29,train,vocal,t12.2022.07.27,161,i'm not really knowledgeable,2,SIL,0,sil,i'm,24,64,40,6,8,40,52,40,52,0.9442525155325748
t12.2022.07.29,train,vocal,t12.2022.07.27,161,i'm not really knowledgeable,3,N,1,initial,not,36,68,32,9,9,52,56,52,56,0.9994025641910432
t12.2022.07.29,train,vocal,t12.2022.07.27,161,i'm not really knowledgeable,4,AA,1,medial,not,40,76,36,10,11,56,64,56,64,0.8001562011929839
t12.2022.07.29,train,vocal,t12.2022.07.27,161,i'm not really knowledgeable,5,T,1,final,not,48,84,36,12,13,64,72,64,72,0.7709453386159804
t12.2022.07.29,train,vocal,t12.2022.07.27,161,i'm not really knowledgeable,6,SIL,1,sil,not,56,92,36,14,15,72,80,72,80,0.9998175660380342
t12.2022.07.29,train,vocal,t12.2022.07.27,161,i'm not really knowledgeable,7,R,2,initial,really,64,96,32,16,16,80,84,80,88,0.9997766405601966
t12.2022.07.29,train,vocal,t12.2022.07.27,161,i'm not really knowledgeable,8,IH,2,medial,really,72,104,32,18,18,88,92,88,92,0.7295815538985666
t12.2022.07.29,train,vocal,t12.2022.07.27,161,i'm not really knowledgeable,9,L,2,medial,really,76,116,40,19,21,92,104,92,104,0.8476983745887495
t12.2022.07.29,train,vocal,t12.2022.07.27,161,i'm not really knowledgeable,10,IY,2,final,really,88,120,32,22,22,104,108,104,108,0.9988945066173859
t12.2022.07.29,train,vocal,t12.2022.07.27,161,i'm not really knowledgeable,11,SIL,2,sil,really,92,136,44,23,26,108,124,108,124,0.9927205509167153
t12.2022.07.29,train,vocal,t12.2022.07.27,161,i'm not really knowledgeable,12,N,3,initial,knowledgeable,108,140,32,27,27,124,128,124,132,0.00028163529369850326
t12.2022.07.29,train,vocal,t12.2022.07.27,161,i'm not really knowledgeable,13,AA,3,medial,knowledgeable,116,148,32,29,29,132,136,132,136,0.243028354094724
t12.2022.07.29,train,vocal,t12.2022.07.27,161,i'm not really knowledgeable,14,L,3,medial,knowledgeable,120,156,36,30,31,136,144,136,144,0.25410110059794
t12.2022.07.29,train,vocal,t12.2022.07.27,161,i'm not really knowledgeable,15,AH,3,medial,knowledgeable,128,164,36,32,33,144,152,144,152,0.7218334085966627
t12.2022.07.29,train,vocal,t12.2022.07.27,161,i'm not really knowledgeable,16,JH,3,medial,knowledgeable,136,168,32,34,34,152,156,152,156,0.2983665060401766
t12.2022.07.29,train,vocal,t12.2022.07.27,161,i'm not really knowledgeable,17,AH,3,medial,knowledgeable,140,184,44,35,38,156,172,156,172,0.42057800240555115
t12.2022.07.29,train,vocal,t12.2022.07.27,161,i'm not really knowledgeable,18,B,3,medial,knowledgeable,156,200,44,39,42,172,188,172,188,0.8803109356445973
t12.2022.07.29,train,vocal,t12.2022.07.27,161,i'm not really knowledgeable,19,AH,3,medial,knowledgeable,172,204,32,43,43,188,192,188,192,0.9968840259413561
t12.2022.07.29,train,vocal,t12.2022.07.27,161,i'm not really knowledgeable,20,L,3,final,knowledgeable,176,208,32,44,44,192,196,192,196,0.9989413752961717
t12.2022.07.29,train,vocal,t12.2022.07.27,161,i'm not really knowledgeable,21,SIL,3,sil,knowledgeable,180,228,48,45,49,196,216,196,216,0.9354978805849605
t12.2022.07.29,train,vocal,t12.2022.07.27,162,we get disconnected all the time,0,W,0,initial,we,60,92,32,15,15,76,80,16,80,0.9999392035879713
t12.2022.07.29,train,vocal,t12.2022.07.27,162,we get disconnected all the time,1,IY,0,final,we,64,100,36,16,17,80,88,80,92,0.8351505271836868
t12.2022.07.29,train,vocal,t12.2022.07.27,162,we get disconnected all the time,2,SIL,0,sil,we,76,116,40,19,21,92,104,92,104,0.99677918533331
t12.2022.07.29,train,vocal,t12.2022.07.27,162,we get disconnected all the time,3,G,1,initial,get,88,120,32,22,22,104,108,104,108,0.6388326142307826
t12.2022.07.29,train,vocal,t12.2022.07.27,162,we get disconnected all the time,4,EH,1,medial,get,92,124,32,23,23,108,112,108,112,0.6858878012652182
t12.2022.07.29,train,vocal,t12.2022.07.27,162,we get disconnected all the time,5,T,1,final,get,96,128,32,24,24,112,116,112,116,0.9928068356815389
t12.2022.07.29,train,vocal,t12.2022.07.27,162,we get disconnected all the time,6,SIL,1,sil,get,100,144,44,25,28,116,132,116,132,0.908251692830633
t12.2022.07.29,train,vocal,t12.2022.07.27,162,we get disconnected all the time,7,D,2,initial,disconnected,116,148,32,29,29,132,136,132,140,0.0004463100541451322
t12.2022.07.29,train,vocal,t12.2022.07.27,162,we get disconnected all the time,8,IH,2,medial,disconnected,124,156,32,31,31,140,144,140,144,0.9729268999242495
t12.2022.07.29,train,vocal,t12.2022.07.27,162,we get disconnected all the time,9,S,2,medial,disconnected,128,160,32,32,32,144,148,144,148,2.861213738588628e-06
t12.2022.07.29,train,vocal,t12.2022.07.27,162,we get disconnected all the time,10,K,2,medial,disconnected,132,164,32,33,33,148,152,148,152,0.0007431173234178157
t12.2022.07.29,train,vocal,t12.2022.07.27,162,we get disconnected all the time,11,AH,2,medial,disconnected,136,168,32,34,34,152,156,152,156,0.7872625220400573
t12.2022.07.29,train,vocal,t12.2022.07.27,162,we get disconnected all the time,12,N,2,medial,disconnected,140,176,36,35,36,156,164,156,168,0.8009514215945757
t12.2022.07.29,train,vocal,t12.2022.07.27,162,we get disconnected all the time,13,EH,2,medial,disconnected,156,188,32,39,39,172,176,168,176,0.0019878752768588744
t12.2022.07.29,train,vocal,t12.2022.07.27,162,we get disconnected all the time,14,K,2,medial,disconnected,160,192,32,40,40,176,180,176,180,0.9316724510437014
t12.2022.07.29,train,vocal,t12.2022.07.27,162,we get disconnected all the time,15,T,2,medial,disconnected,164,196,32,41,41,180,184,180,184,0.43136213117899025
t12.2022.07.29,train,vocal,t12.2022.07.27,162,we get disconnected all the time,16,IH,2,medial,disconnected,168,200,32,42,42,184,188,184,188,0.0010088707663190924
t12.2022.07.29,train,vocal,t12.2022.07.27,162,we get disconnected all the time,17,D,2,final,disconnected,172,204,32,43,43,188,192,188,192,6.830863453086981e-05
t12.2022.07.29,train,vocal,t12.2022.07.27,162,we get disconnected all the time,18,SIL,2,sil,disconnected,176,212,36,44,45,192,200,192,204,0.9996804975600893
t12.2022.07.29,train,vocal,t12.2022.07.27,162,we get disconnected all the time,19,AO,3,initial,all,192,224,32,48,48,208,212,204,212,0.8323407471659783
t12.2022.07.29,train,vocal,t12.2022.07.27,162,we get disconnected all the time,20,L,3,final,all,196,232,36,49,50,212,220,212,220,0.8320938380546684
t12.2022.07.29,train,vocal,t12.2022.07.27,162,we get disconnected all the time,21,SIL,3,sil,all,204,240,36,51,52,220,228,220,228,0.9999773170482233
t12.2022.07.29,train,vocal,t12.2022.07.27,162,we get disconnected all the time,22,DH,4,initial,the,212,248,36,53,54,228,236,228,236,0.9270401363813201
t12.2022.07.29,train,vocal,t12.2022.07.27,162,we get disconnected all the time,23,AH,4,final,the,220,252,32,55,55,236,240,236,240,0.9999968022381694
t12.2022.07.29,train,vocal,t12.2022.07.27,162,we get disconnected all the time,24,SIL,4,sil,the,224,268,44,56,59,240,256,240,256,0.8224914868986335
t12.2022.07.29,train,vocal,t12.2022.07.27,162,we get disconnected all the time,25,T,5,initial,time,240,272,32,60,60,256,260,256,260,0.9993044775196115
t12.2022.07.29,train,vocal,t12.2022.07.27,162,we get disconnected all the time,26,AY,5,medial,time,244,276,32,61,61,260,264,260,264,0.9487230108935077
t12.2022.07.29,train,vocal,t12.2022.07.27,162,we get disconnected all the time,27,M,5,final,time,248,280,32,62,62,264,268,264,268,0.9998291477130222
t12.2022.07.29,train,vocal,t12.2022.07.27,162,we get disconnected all the time,28,SIL,5,sil,time,252,300,48,63,67,268,288,268,288,0.9980552505828838
t12.2022.07.29,train,vocal,t12.2022.07.27,163,i like amateur sports,0,AY,0,single,i,52,84,32,13,13,68,72,16,76,0.99868352095728
t12.2022.07.29,train,vocal,t12.2022.07.27,163,i like amateur sports,1,SIL,0,sil,i,60,104,44,15,18,76,92,76,92,0.9392454966121911
t12.2022.07.29,train,vocal,t12.2022.07.27,163,i like amateur sports,2,L,1,initial,like,76,108,32,19,19,92,96,92,100,0.9973789524410419
t12.2022.07.29,train,vocal,t12.2022.07.27,163,i like amateur sports,3,AY,1,medial,like,84,116,32,21,21,100,104,100,104,0.9685377697822464
t12.2022.07.29,train,vocal,t12.2022.07.27,163,i like amateur sports,4,K,1,final,like,88,124,36,22,23,104,112,104,112,0.991912447432344
t12.2022.07.29,train,vocal,t12.2022.07.27,163,i like amateur sports,5,SIL,1,sil,like,96,136,40,24,26,112,124,112,128,0.9956669186033974
t12.2022.07.29,train,vocal,t12.2022.07.27,163,i like amateur sports,6,AE,2,initial,amateur,116,148,32,29,29,132,136,128,136,0.9996567864059913
t12.2022.07.29,train,vocal,t12.2022.07.27,163,i like amateur sports,7,M,2,medial,amateur,120,152,32,30,30,136,140,136,144,0.6139083714323617
t12.2022.07.29,train,vocal,t12.2022.07.27,163,i like amateur sports,8,AH,2,medial,amateur,128,160,32,32,32,144,148,144,148,0.9789584994461765
t12.2022.07.29,train,vocal,t12.2022.07.27,163,i like amateur sports,9,T,2,medial,amateur,132,164,32,33,33,148,152,148,156,0.017116254427268173
t12.2022.07.29,train,vocal,t12.2022.07.27,163,i like amateur sports,10,ER,2,final,amateur,140,176,36,35,36,156,164,156,164,0.18529111743024343
t12.2022.07.29,train,vocal,t12.2022.07.27,163,i like amateur sports,11,SIL,2,sil,amateur,148,204,56,37,43,164,192,164,192,0.9330486975690961
t12.2022.07.29,train,vocal,t12.2022.07.27,163,i like amateur sports,12,S,3,initial,sports,176,208,32,44,44,192,196,192,196,0.6598221063055144
t12.2022.07.29,train,vocal,t12.2022.07.27,163,i like amateur sports,13,P,3,medial,sports,180,212,32,45,45,196,200,196,204,0.9755768188174138
t12.2022.07.29,train,vocal,t12.2022.07.27,163,i like amateur sports,14,AO,3,medial,sports,188,220,32,47,47,204,208,204,208,0.5635798131986081
t12.2022.07.29,train,vocal,t12.2022.07.27,163,i like amateur sports,15,R,3,medial,sports,192,224,32,48,48,208,212,208,212,0.9951572861981575
t12.2022.07.29,train,vocal,t12.2022.07.27,163,i like amateur sports,16,T,3,medial,sports,196,228,32,49,49,212,216,212,216,0.9992634467140581
t12.2022.07.29,train,vocal,t12.2022.07.27,163,i like amateur sports,17,S,3,final,sports,200,236,36,50,51,216,224,216,224,0.8261691394457866
t12.2022.07.29,train,vocal,t12.2022.07.27,163,i like amateur sports,18,SIL,3,sil,sports,208,248,40,52,54,224,236,224,236,0.9999305055899294
t12.2022.07.29,train,vocal,t12.2022.07.27,164,usually it doesn't divide words,0,Y,0,initial,usually,48,84,36,12,13,64,72,16,72,0.9873828602876706
t12.2022.07.29,train,vocal,t12.2022.07.27,164,usually it doesn't divide words,1,UW,0,medial,usually,56,88,32,14,14,72,76,72,76,0.6280980467260902
t12.2022.07.29,train,vocal,t12.2022.07.27,164,usually it doesn't divide words,2,ZH,0,medial,usually,60,92,32,15,15,76,80,76,80,0.23031443642676325
t12.2022.07.29,train,vocal,t12.2022.07.27,164,usually it doesn't divide words,3,AH,0,medial,usually,64,96,32,16,16,80,84,80,84,0.15019040411782555
t12.2022.07.29,train,vocal,t12.2022.07.27,164,usually it doesn't divide words,4,W,0,medial,usually,68,100,32,17,17,84,88,84,88,0.01138995879476375
t12.2022.07.29,train,vocal,t12.2022.07.27,164,usually it doesn't divide words,5,AH,0,medial,usually,72,104,32,18,18,88,92,88,92,0.0027801644937790818
t12.2022.07.29,train,vocal,t12.2022.07.27,164,usually it doesn't divide words,6,L,0,medial,usually,76,108,32,19,19,92,96,92,96,1.9588015222070847e-06
t12.2022.07.29,train,vocal,t12.2022.07.27,164,usually it doesn't divide words,7,IY,0,final,usually,80,112,32,20,20,96,100,96,100,1.9688923223302456e-08
t12.2022.07.29,train,vocal,t12.2022.07.27,164,usually it doesn't divide words,8,SIL,0,sil,usually,84,116,32,21,21,100,104,100,104,5.4127559182578915e-06
t12.2022.07.29,train,vocal,t12.2022.07.27,164,usually it doesn't divide words,9,IH,1,initial,it,88,120,32,22,22,104,108,104,108,0.9999995288425718
t12.2022.07.29,train,vocal,t12.2022.07.27,164,usually it doesn't divide words,10,T,1,final,it,92,128,36,23,24,108,116,108,116,0.8564296646514935
t12.2022.07.29,train,vocal,t12.2022.07.27,164,usually it doesn't divide words,11,SIL,1,sil,it,100,144,44,25,28,116,132,116,132,0.9855109741924419
t12.2022.07.29,train,vocal,t12.2022.07.27,164,usually it doesn't divide words,12,D,2,initial,doesn't,116,148,32,29,29,132,136,132,140,0.999997321530461
t12.2022.07.29,train,vocal,t12.2022.07.27,164,usually it doesn't divide words,13,AH,2,medial,doesn't,124,156,32,31,31,140,144,140,144,0.9660962639605593
t12.2022.07.29,train,vocal,t12.2022.07.27,164,usually it doesn't divide words,14,Z,2,medial,doesn't,128,160,32,32,32,144,148,144,148,0.9982807194071867
t12.2022.07.29,train,vocal,t12.2022.07.27,164,usually it doesn't divide words,15,AH,2,medial,doesn't,132,164,32,33,33,148,152,148,152,0.9975943698317982
t12.2022.07.29,train,vocal,t12.2022.07.27,164,usually it doesn't divide words,16,N,2,medial,doesn't,136,168,32,34,34,152,156,152,156,0.9999547839375538
t12.2022.07.29,train,vocal,t12.2022.07.27,164,usually it doesn't divide words,17,T,2,final,doesn't,140,176,36,35,36,156,164,156,164,0.9913046186999339
t12.2022.07.29,train,vocal,t12.2022.07.27,164,usually it doesn't divide words,18,SIL,2,sil,doesn't,148,188,40,37,39,164,176,164,176,0.9982529311127982
t12.2022.07.29,train,vocal,t12.2022.07.27,164,usually it doesn't divide words,19,D,3,initial,divide,160,192,32,40,40,176,180,176,184,0.0007898326611153351
t12.2022.07.29,train,vocal,t12.2022.07.27,164,usually it doesn't divide words,20,IH,3,medial,divide,172,204,32,43,43,188,192,184,192,9.446253491395374e-05
t12.2022.07.29,train,vocal,t12.2022.07.27,164,usually it doesn't divide words,21,V,3,medial,divide,176,212,36,44,45,192,200,192,204,0.9283661072406466
t12.2022.07.29,train,vocal,t12.2022.07.27,164,usually it doesn't divide words,22,AY,3,medial,divide,188,220,32,47,47,204,208,204,208,0.9982835005420083
t12.2022.07.29,train,vocal,t12.2022.07.27,164,usually it doesn't divide words,23,D,3,final,divide,192,232,40,48,50,208,220,208,220,0.8436327496483264
t12.2022.07.29,train,vocal,t12.2022.07.27,164,usually it doesn't divide words,24,SIL,3,sil,divide,204,236,32,51,51,220,224,220,224,0.9991294962214426
t12.2022.07.29,train,vocal,t12.2022.07.27,164,usually it doesn't divide words,25,W,4,initial,words,208,240,32,52,52,224,228,224,232,0.9983164977090847
t12.2022.07.29,train,vocal,t12.2022.07.27,164,usually it doesn't divide words,26,ER,4,medial,words,216,248,32,54,54,232,236,232,236,0.2620486109069716
t12.2022.07.29,train,vocal,t12.2022.07.27,164,usually it doesn't divide words,27,D,4,medial,words,220,252,32,55,55,236,240,236,240,0.9945381270040959
t12.2022.07.29,train,vocal,t12.2022.07.27,164,usually it doesn't divide words,28,Z,4,final,words,224,256,32,56,56,240,244,240,244,0.9460854071618036
t12.2022.07.29,train,vocal,t12.2022.07.27,164,usually it doesn't divide words,29,SIL,4,sil,words,228,272,44,57,60,244,260,244,260,0.9865211071360314
t12.2022.07.29,train,vocal,t12.2022.07.27,165,a fairly good amount,0,AH,0,single,a,44,76,32,11,11,60,64,16,68,0.9994294300765917
t12.2022.07.29,train,vocal,t12.2022.07.27,165,a fairly good amount,1,SIL,0,sil,a,52,92,40,13,15,68,80,68,80,0.9997368527865312
t12.2022.07.29,train,vocal,t12.2022.07.27,165,a fairly good amount,2,F,1,initial,fairly,64,96,32,16,16,80,84,80,88,0.9991863032615687
t12.2022.07.29,train,vocal,t12.2022.07.27,165,a fairly good amount,3,EH,1,medial,fairly,72,104,32,18,18,88,92,88,92,0.5281997110021296
t12.2022.07.29,train,vocal,t12.2022.07.27,165,a fairly good amount,4,R,1,medial,fairly,76,108,32,19,19,92,96,92,96,0.7080992200844932
t12.2022.07.29,train,vocal,t12.2022.07.27,165,a fairly good amount,5,L,1,medial,fairly,80,116,36,20,21,96,104,96,104,0.6902963255804846
t12.2022.07.29,train,vocal,t12.2022.07.27,165,a fairly good amount,6,IY,1,final,fairly,88,120,32,22,22,104,108,104,108,0.8573601989363123
t12.2022.07.29,train,vocal,t12.2022.07.27,165,a fairly good amount,7,SIL,1,sil,fairly,92,132,40,23,25,108,120,108,120,0.9997775391547744
t12.2022.07.29,train,vocal,t12.2022.07.27,165,a fairly good amount,8,G,2,initial,good,104,136,32,26,26,120,124,120,128,0.003082397247490243
t12.2022.07.29,train,vocal,t12.2022.07.27,165,a fairly good amount,9,UH,2,medial,good,112,144,32,28,28,128,132,128,132,0.0003914566170327856
t12.2022.07.29,train,vocal,t12.2022.07.27,165,a fairly good amount,10,D,2,final,good,116,148,32,29,29,132,136,132,136,0.45823371175329364
t12.2022.07.29,train,vocal,t12.2022.07.27,165,a fairly good amount,11,SIL,2,sil,good,120,164,44,30,33,136,152,136,156,0.9945214587888968
t12.2022.07.29,train,vocal,t12.2022.07.27,165,a fairly good amount,12,AH,3,initial,amount,144,176,32,36,36,160,164,156,164,0.02628064030828269
t12.2022.07.29,train,vocal,t12.2022.07.27,165,a fairly good amount,13,M,3,medial,amount,148,184,36,37,38,164,172,164,176,0.8443444961047917
t12.2022.07.29,train,vocal,t12.2022.07.27,165,a fairly good amount,14,AW,3,medial,amount,160,192,32,40,40,176,180,176,180,0.9976213552698803
t12.2022.07.29,train,vocal,t12.2022.07.27,165,a fairly good amount,15,N,3,medial,amount,164,196,32,41,41,180,184,180,184,0.9971091321428665
t12.2022.07.29,train,vocal,t12.2022.07.27,165,a fairly good amount,16,T,3,final,amount,168,204,36,42,43,184,192,184,192,0.9458662122442851
t12.2022.07.29,train,vocal,t12.2022.07.27,165,a fairly good amount,17,SIL,3,sil,amount,176,224,48,44,48,192,212,192,212,0.9999370247054555
t12.2022.07.29,train,vocal,t12.2022.07.27,166,just adjusting to that,0,JH,0,initial,just,12,44,32,3,3,28,32,16,36,0.0037507748851512515
t12.2022.07.29,train,vocal,t12.2022.07.27,166,just adjusting to that,1,AH,0,medial,just,20,52,32,5,5,36,40,36,40,0.03318270921192944
t12.2022.07.29,train,vocal,t12.2022.07.27,166,just adjusting to that,2,S,0,medial,just,24,56,32,6,6,40,44,40,44,0.979902906337404
t12.2022.07.29,train,vocal,t12.2022.07.27,166,just adjusting to that,3,T,0,final,just,28,60,32,7,7,44,48,44,48,0.13972855593437744
t12.2022.07.29,train,vocal,t12.2022.07.27,166,just adjusting to that,4,SIL,0,sil,just,32,64,32,8,8,48,52,48,56,0.9998386657355707
t12.2022.07.29,train,vocal,t12.2022.07.27,166,just adjusting to that,5,AH,1,initial,adjusting,44,76,32,11,11,60,64,56,64,0.41993041888274746
t12.2022.07.29,train,vocal,t12.2022.07.27,166,just adjusting to that,6,JH,1,medial,adjusting,48,80,32,12,12,64,68,64,68,0.02333369193502983
t12.2022.07.29,train,vocal,t12.2022.07.27,166,just adjusting to that,7,AH,1,medial,adjusting,52,88,36,13,14,68,76,68,76,0.43394648762848376
t12.2022.07.29,train,vocal,t12.2022.07.27,166,just adjusting to that,8,S,1,medial,adjusting,60,96,36,15,16,76,84,76,84,0.1817603340633765
t12.2022.07.29,train,vocal,t12.2022.07.27,166,just adjusting to that,9,T,1,medial,adjusting,68,100,32,17,17,84,88,84,88,0.6952733127145578
t12.2022.07.29,train,vocal,t12.2022.07.27,166,just adjusting to that,10,IH,1,medial,adjusting,72,104,32,18,18,88,92,88,92,0.9564825803708742
t12.2022.07.29,train,vocal,t12.2022.07.27,166,just adjusting to that,11,NG,1,final,adjusting,76,108,32,19,19,92,96,92,96,0.652785689784215
t12.2022.07.29,train,vocal,t12.2022.07.27,166,just adjusting to that,12,SIL,1,sil,adjusting,80,116,36,20,21,96,104,96,104,0.9982369283585086
t12.2022.07.29,train,vocal,t12.2022.07.27,166,just adjusting to that,13,T,2,initial,to,88,120,32,22,22,104,108,104,108,0.9999991324450898
t12.2022.07.29,train,vocal,t12.2022.07.27,166,just adjusting to that,14,UW,2,final,to,92,128,36,23,24,108,116,108,116,0.8704314764262453
t12.2022.07.29,train,vocal,t12.2022.07.27,166,just adjusting to that,15,SIL,2,sil,to,100,140,40,25,27,116,128,116,128,0.9960563685364487
t12.2022.07.29,train,vocal,t12.2022.07.27,166,just adjusting to that,16,DH,3,initial,that,112,144,32,28,28,128,132,128,136,0.9999247504635637
t12.2022.07.29,train,vocal,t12.2022.07.27,166,just adjusting to that,17,AE,3,medial,that,120,152,32,30,30,136,140,136,140,0.9999900535215317
t12.2022.07.29,train,vocal,t12.2022.07.27,166,just adjusting to that,18,T,3,final,that,124,156,32,31,31,140,144,140,144,0.9999499685171391
t12.2022.07.29,train,vocal,t12.2022.07.27,166,just adjusting to that,19,SIL,3,sil,that,128,180,52,32,37,144,168,144,168,0.9999805803016936
t12.2022.07.29,train,vocal,t12.2022.07.27,167,it's kinds of neat,0,IH,0,initial,it's,28,64,36,7,8,44,52,16,52,0.809069928933347
t12.2022.07.29,train,vocal,t12.2022.07.27,167,it's kinds of neat,1,T,0,medial,it's,36,68,32,9,9,52,56,52,56,0.9932634665628727
t12.2022.07.29,train,vocal,t12.2022.07.27,167,it's kinds of neat,2,S,0,final,it's,40,72,32,10,10,56,60,56,60,0.9999972821744646
t12.2022.07.29,train,vocal,t12.2022.07.27,167,it's kinds of neat,3,SIL,0,sil,it's,44,88,44,11,14,60,76,60,76,0.9157812441825034
t12.2022.07.29,train,vocal,t12.2022.07.27,167,it's kinds of neat,4,K,1,initial,kinds,60,92,32,15,15,76,80,76,84,0.9129586510275935
t12.2022.07.29,train,vocal,t12.2022.07.27,167,it's kinds of neat,5,AY,1,medial,kinds,72,104,32,18,18,88,92,84,92,0.11857469941008288
t12.2022.07.29,train,vocal,t12.2022.07.27,167,it's kinds of neat,6,N,1,medial,kinds,76,108,32,19,19,92,96,92,96,0.9990986920383323
t12.2022.07.29,train,vocal,t12.2022.07.27,167,it's kinds of neat,7,D,1,medial,kinds,80,112,32,20,20,96,100,96,100,0.8801234173444669
t12.2022.07.29,train,vocal,t12.2022.07.27,167,it's kinds of neat,8,Z,1,final,kinds,84,116,32,21,21,100,104,100,104,0.1348606797046062
t12.2022.07.29,train,vocal,t12.2022.07.27,167,it's kinds of neat,9,SIL,1,sil,kinds,88,124,36,22,23,104,112,104,116,0.8843020551049651
t12.2022.07.29,train,vocal,t12.2022.07.27,167,it's kinds of neat,10,AH,2,initial,of,100,132,32,25,25,116,120,116,120,0.9999979000786122
t12.2022.07.29,train,vocal,t12.2022.07.27,167,it's kinds of neat,11,V,2,final,of,104,136,32,26,26,120,124,120,124,0.999983920979641
t12.2022.07.29,train,vocal,t12.2022.07.27,167,it's kinds of neat,12,SIL,2,sil,of,108,148,40,27,29,124,136,124,136,0.9816957605742785
t12.2022.07.29,train,vocal,t12.2022.07.27,167,it's kinds of neat,13,N,3,initial,neat,120,152,32,30,30,136,140,136,144,0.010136763088594474
t12.2022.07.29,train,vocal,t12.2022.07.27,167,it's kinds of neat,14,IY,3,medial,neat,128,160,32,32,32,144,148,144,148,0.7859091207058763
t12.2022.07.29,train,vocal,t12.2022.07.27,167,it's kinds of neat,15,T,3,final,neat,132,164,32,33,33,148,152,148,152,0.9981728820735106
t12.2022.07.29,train,vocal,t12.2022.07.27,167,it's kinds of neat,16,SIL,3,sil,neat,136,200,64,34,42,152,188,152,188,0.9999351534478773
t12.2022.07.29,train,vocal,t12.2022.07.27,168,i think it's real important to have friends,0,AY,0,single,i,16,48,32,4,4,32,36,16,40,0.9996157860226459
t12.2022.07.29,train,vocal,t12.2022.07.27,168,i think it's real important to have friends,1,SIL,0,sil,i,24,60,36,6,7,40,48,40,48,0.9983022809258583
t12.2022.07.29,train,vocal,t12.2022.07.27,168,i think it's real important to have friends,2,TH,1,initial,think,32,68,36,8,9,48,56,48,56,0.9996005058025847
t12.2022.07.29,train,vocal,t12.2022.07.27,168,i think it's real important to have friends,3,IH,1,medial,think,40,76,36,10,11,56,64,56,64,0.911332419729697
t12.2022.07.29,train,vocal,t12.2022.07.27,168,i think it's real important to have friends,4,NG,1,medial,think,48,80,32,12,12,64,68,64,68,0.9999986051755314
t12.2022.07.29,train,vocal,t12.2022.07.27,168,i think it's real important to have friends,5,K,1,final,think,52,88,36,13,14,68,76,68,76,0.9918165975359484
t12.2022.07.29,train,vocal,t12.2022.07.27,168,i think it's real important to have friends,6,SIL,1,sil,think,60,92,32,15,15,76,80,76,84,0.9999792127850948
t12.2022.07.29,train,vocal,t12.2022.07.27,168,i think it's real important to have friends,7,IH,2,initial,it's,72,104,32,18,18,88,92,84,92,0.9999996218943743
t12.2022.07.29,train,vocal,t12.2022.07.27,168,i think it's real important to have friends,8,T,2,medial,it's,76,108,32,19,19,92,96,92,96,0.9999863675344938
t12.2022.07.29,train,vocal,t12.2022.07.27,168,i think it's real important to have friends,9,S,2,final,it's,80,112,32,20,20,96,100,96,100,0.9999839473884501
t12.2022.07.29,train,vocal,t12.2022.07.27,168,i think it's real important to have friends,10,SIL,2,sil,it's,84,120,36,21,22,100,108,100,108,0.8906707552838087
t12.2022.07.29,train,vocal,t12.2022.07.27,168,i think it's real important to have friends,11,R,3,initial,real,92,128,36,23,24,108,116,108,116,0.9490657378699379
t12.2022.07.29,train,vocal,t12.2022.07.27,168,i think it's real important to have friends,12,IY,3,medial,real,100,132,32,25,25,116,120,116,120,0.9634069822197766
t12.2022.07.29,train,vocal,t12.2022.07.27,168,i think it's real important to have friends,13,L,3,final,real,104,140,36,26,27,120,128,120,128,0.7620956067693776
t12.2022.07.29,train,vocal,t12.2022.07.27,168,i think it's real important to have friends,14,SIL,3,sil,real,112,156,44,28,31,128,144,128,148,0.9525097022899203
t12.2022.07.29,train,vocal,t12.2022.07.27,168,i think it's real important to have friends,15,IH,4,initial,important,136,168,32,34,34,152,156,148,156,0.5583067343361443
t12.2022.07.29,train,vocal,t12.2022.07.27,168,i think it's real important to have friends,16,M,4,medial,important,140,172,32,35,35,156,160,156,160,0.4942665451891655
t12.2022.07.29,train,vocal,t12.2022.07.27,168,i think it's real important to have friends,17,P,4,medial,important,144,176,32,36,36,160,164,160,168,0.0560297372687507
t12.2022.07.29,train,vocal,t12.2022.07.27,168,i think it's real important to have friends,18,AO,4,medial,important,152,184,32,38,38,168,172,168,172,0.9224729615675608
t12.2022.07.29,train,vocal,t12.2022.07.27,168,i think it's real important to have friends,19,R,4,medial,important,156,188,32,39,39,172,176,172,176,0.94890662732818
t12.2022.07.29,train,vocal,t12.2022.07.27,168,i think it's real important to have friends,20,T,4,medial,important,160,196,36,40,41,176,184,176,184,0.9384450274186777
t12.2022.07.29,train,vocal,t12.2022.07.27,168,i think it's real important to have friends,21,AH,4,medial,important,168,200,32,42,42,184,188,184,188,0.32527443796446576
t12.2022.07.29,train,vocal,t12.2022.07.27,168,i think it's real important to have friends,22,N,4,medial,important,172,204,32,43,43,188,192,188,192,0.2669311022103798
t12.2022.07.29,train,vocal,t12.2022.07.27,168,i think it's real important to have friends,23,T,4,final,important,176,208,32,44,44,192,196,192,196,0.6926898264578328
t12.2022.07.29,train,vocal,t12.2022.07.27,168,i think it's real important to have friends,24,SIL,4,sil,important,180,216,36,45,46,196,204,196,204,0.9893864159049142
t12.2022.07.29,train,vocal,t12.2022.07.27,168,i think it's real important to have friends,25,T,5,initial,to,188,224,36,47,48,204,212,204,212,0.8504876266733246
t12.2022.07.29,train,vocal,t12.2022.07.27,168,i think it's real important to have friends,26,UW,5,final,to,196,228,32,49,49,212,216,212,216,0.9999991747293128
t12.2022.07.29,train,vocal,t12.2022.07.27,168,i think it's real important to have friends,27,SIL,5,sil,to,200,248,48,50,54,216,236,216,236,0.8273047788733947
t12.2022.07.29,train,vocal,t12.2022.07.27,168,i think it's real important to have friends,28,HH,6,initial,have,220,252,32,55,55,236,240,236,244,0.9999816950492623
t12.2022.07.29,train,vocal,t12.2022.07.27,168,i think it's real important to have friends,29,AE,6,medial,have,232,264,32,58,58,248,252,244,252,0.9998899008040557
t12.2022.07.29,train,vocal,t12.2022.07.27,168,i think it's real important to have friends,30,V,6,final,have,236,268,32,59,59,252,256,252,256,0.9999977779889337
t12.2022.07.29,train,vocal,t12.2022.07.27,168,i think it's real important to have friends,31,SIL,6,sil,have,240,288,48,60,64,256,276,256,276,0.9981567912887132
t12.2022.07.29,train,vocal,t12.2022.07.27,168,i think it's real important to have friends,32,F,7,initial,friends,260,292,32,65,65,276,280,276,280,0.4959228311039137
t12.2022.07.29,train,vocal,t12.2022.07.27,168,i think it's real important to have friends,33,R,7,medial,friends,264,296,32,66,66,280,284,280,284,0.9126971504603681
t12.2022.07.29,train,vocal,t12.2022.07.27,168,i think it's real important to have friends,34,EH,7,medial,friends,268,300,32,67,67,284,288,284,288,0.9743971080586212
t12.2022.07.29,train,vocal,t12.2022.07.27,168,i think it's real important to have friends,35,N,7,medial,friends,272,304,32,68,68,288,292,288,292,0.9984945262852164
t12.2022.07.29,train,vocal,t12.2022.07.27,168,i think it's real important to have friends,36,D,7,medial,friends,276,308,32,69,69,292,296,292,296,0.764379348309181
t12.2022.07.29,train,vocal,t12.2022.07.27,168,i think it's real important to have friends,37,Z,7,final,friends,280,312,32,70,70,296,300,296,300,0.9792592066849325
t12.2022.07.29,train,vocal,t12.2022.07.27,168,i think it's real important to have friends,38,SIL,7,sil,friends,284,328,44,71,74,300,316,300,316,0.976630499347047
t12.2022.07.29,train,vocal,t12.2022.07.27,169,you have to fly through,0,Y,0,initial,you,44,80,36,11,12,60,68,16,68,0.9574945382339115
t12.2022.07.29,train,vocal,t12.2022.07.27,169,you have to fly through,1,UW,0,final,you,52,84,32,13,13,68,72,68,76,0.9990040557171072
t12.2022.07.29,train,vocal,t12.2022.07.27,169,you have to fly through,2,SIL,0,sil,you,60,96,36,15,16,76,84,76,84,0.9999269174624421
t12.2022.07.29,train,vocal,t12.2022.07.27,169,you have to fly through,3,HH,1,initial,have,68,108,40,17,19,84,96,84,96,0.8619101840532887
t12.2022.07.29,train,vocal,t12.2022.07.27,169,you have to fly through,4,AE,1,medial,have,80,112,32,20,20,96,100,96,100,0.9999993700825232
t12.2022.07.29,train,vocal,t12.2022.07.27,169,you have to fly through,5,V,1,final,have,84,116,32,21,21,100,104,100,104,0.9999980682923928
t12.2022.07.29,train,vocal,t12.2022.07.27,169,you have to fly through,6,SIL,1,sil,have,88,128,40,22,24,104,116,104,116,0.999889228845638
t12.2022.07.29,train,vocal,t12.2022.07.27,169,you have to fly through,7,T,2,initial,to,100,132,32,25,25,116,120,116,124,0.9999862561754862
t12.2022.07.29,train,vocal,t12.2022.07.27,169,you have to fly through,8,UW,2,final,to,108,140,32,27,27,124,128,124,128,0.9999966359651951
t12.2022.07.29,train,vocal,t12.2022.07.27,169,you have to fly through,9,SIL,2,sil,to,112,160,48,28,32,128,148,128,148,0.9502535248961446
t12.2022.07.29,train,vocal,t12.2022.07.27,169,you have to fly through,10,F,3,initial,fly,132,164,32,33,33,148,152,148,152,0.8154225461317963
t12.2022.07.29,train,vocal,t12.2022.07.27,169,you have to fly through,11,L,3,medial,fly,136,172,36,34,35,152,160,152,164,0.9980226502934189
t12.2022.07.29,train,vocal,t12.2022.07.27,169,you have to fly through,12,AY,3,final,fly,148,180,32,37,37,164,168,164,172,0.9819939758679609
t12.2022.07.29,train,vocal,t12.2022.07.27,169,you have to fly through,13,SIL,3,sil,fly,156,208,52,39,44,172,196,172,196,0.9997044771789474
t12.2022.07.29,train,vocal,t12.2022.07.27,169,you have to fly through,14,TH,4,initial,through,180,212,32,45,45,196,200,196,200,0.0017182040981818182
t12.2022.07.29,train,vocal,t12.2022.07.27,169,you have to fly through,15,R,4,medial,through,184,216,32,46,46,200,204,200,204,0.03000415008271501
t12.2022.07.29,train,vocal,t12.2022.07.27,169,you have to fly through,16,UW,4,final,through,188,220,32,47,47,204,208,204,212,0.19915039139806912
t12.2022.07.29,train,vocal,t12.2022.07.27,169,you have to fly through,17,SIL,4,sil,through,196,240,44,49,52,212,228,212,228,0.9999927905383041
t12.2022.07.29,train,vocal,t12.2022.07.27,170,that's funny you said that,0,DH,0,initial,that's,12,44,32,3,3,28,32,16,36,0.9979226451685578
t12.2022.07.29,train,vocal,t12.2022.07.27,170,that's funny you said that,1,AE,0,medial,that's,20,52,32,5,5,36,40,36,40,0.9820743135798301
t12.2022.07.29,train,vocal,t12.2022.07.27,170,that's funny you said that,2,T,0,medial,that's,24,56,32,6,6,40,44,40,44,0.9999992700827555
t12.2022.07.29,train,vocal,t12.2022.07.27,170,that's funny you said that,3,S,0,final,that's,28,60,32,7,7,44,48,44,48,0.9997410790009497
t12.2022.07.29,train,vocal,t12.2022.07.27,170,that's funny you said that,4,SIL,0,sil,that's,32,68,36,8,9,48,56,48,56,0.9889908231703757
t12.2022.07.29,train,vocal,t12.2022.07.27,170,that's funny you said that,5,F,1,initial,funny,40,72,32,10,10,56,60,56,64,0.5547662226862292
t12.2022.07.29,train,vocal,t12.2022.07.27,170,that's funny you said that,6,AH,1,medial,funny,48,80,32,12,12,64,68,64,68,0.2810267729777412
t12.2022.07.29,train,vocal,t12.2022.07.27,170,that's funny you said that,7,N,1,medial,funny,52,88,36,13,14,68,76,68,76,0.8008110882665631
t12.2022.07.29,train,vocal,t12.2022.07.27,170,that's funny you said that,8,IY,1,final,funny,60,92,32,15,15,76,80,76,80,0.977766578699606
t12.2022.07.29,train,vocal,t12.2022.07.27,170,that's funny you said that,9,SIL,1,sil,funny,64,100,36,16,17,80,88,80,88,0.9839267840975683
t12.2022.07.29,train,vocal,t12.2022.07.27,170,that's funny you said that,10,Y,2,initial,you,72,104,32,18,18,88,92,88,96,0.9221486196518842
t12.2022.07.29,train,vocal,t12.2022.07.27,170,that's funny you said that,11,UW,2,final,you,80,112,32,20,20,96,100,96,104,5.0819318939610964e-05
t12.2022.07.29,train,vocal,t12.2022.07.27,170,that's funny you said that,12,SIL,2,sil,you,88,156,68,22,31,104,144,104,144,0.9562928845081572
t12.2022.07.29,train,vocal,t12.2022.07.27,170,that's funny you said that,13,S,3,initial,said,128,160,32,32,32,144,148,144,152,0.953827333023221
t12.2022.07.29,train,vocal,t12.2022.07.27,170,that's funny you said that,14,EH,3,medial,said,140,172,32,35,35,156,160,152,160,0.8347014280242568
t12.2022.07.29,train,vocal,t12.2022.07.27,170,that's funny you said that,15,D,3,final,said,144,176,32,36,36,160,164,160,164,0.9969108457576095
t12.2022.07.29,train,vocal,t12.2022.07.27,170,that's funny you said that,16,SIL,3,sil,said,148,188,40,37,39,164,176,164,176,0.9567177355945861
t12.2022.07.29,train,vocal,t12.2022.07.27,170,that's funny you said that,17,DH,4,initial,that,160,196,36,40,41,176,184,176,184,0.9221497894797489
t12.2022.07.29,train,vocal,t12.2022.07.27,170,that's funny you said that,18,AE,4,medial,that,168,200,32,42,42,184,188,184,188,0.9999999009644109
t12.2022.07.29,train,vocal,t12.2022.07.27,170,that's funny you said that,19,T,4,final,that,172,204,32,43,43,188,192,188,192,0.9999440385560537
t12.2022.07.29,train,vocal,t12.2022.07.27,170,that's funny you said that,20,SIL,4,sil,that,176,224,48,44,48,192,212,192,212,0.9998575883693842
t12.2022.07.29,train,vocal,t12.2022.07.27,171,how do i store my coins in a secure manner,0,HH,0,initial,how,92,124,32,23,23,108,112,16,112,0.999472337569455
t12.2022.07.29,train,vocal,t12.2022.07.27,171,how do i store my coins in a secure manner,1,AW,0,final,how,96,132,36,24,25,112,120,112,120,0.9688542028179215
t12.2022.07.29,train,vocal,t12.2022.07.27,171,how do i store my coins in a secure manner,2,SIL,0,sil,how,104,148,44,26,29,120,136,120,136,0.9339688225130067
t12.2022.07.29,train,vocal,t12.2022.07.27,171,how do i store my coins in a secure manner,3,D,1,initial,do,120,152,32,30,30,136,140,136,144,0.9999447502210672
t12.2022.07.29,train,vocal,t12.2022.07.27,171,how do i store my coins in a secure manner,4,UW,1,final,do,128,160,32,32,32,144,148,144,152,0.9998907067113649
t12.2022.07.29,train,vocal,t12.2022.07.27,171,how do i store my coins in a secure manner,5,SIL,1,sil,do,136,176,40,34,36,152,164,152,168,0.9978456887598163
t12.2022.07.29,train,vocal,t12.2022.07.27,171,how do i store my coins in a secure manner,6,AY,2,single,i,152,184,32,38,38,168,172,168,172,0.9999981079512246
t12.2022.07.29,train,vocal,t12.2022.07.27,171,how do i store my coins in a secure manner,7,SIL,2,sil,i,156,208,52,39,44,172,196,172,196,0.962562559129121
t12.2022.07.29,train,vocal,t12.2022.07.27,171,how do i store my coins in a secure manner,8,S,3,initial,store,180,212,32,45,45,196,200,196,200,0.1724933918934276
t12.2022.07.29,train,vocal,t12.2022.07.27,171,how do i store my coins in a secure manner,9,T,3,medial,store,184,216,32,46,46,200,204,200,208,0.09156035925007062
t12.2022.07.29,train,vocal,t12.2022.07.27,171,how do i store my coins in a secure manner,10,AO,3,medial,store,192,224,32,48,48,208,212,208,212,3.204747128071853e-05
t12.2022.07.29,train,vocal,t12.2022.07.27,171,how do i store my coins in a secure manner,11,R,3,final,store,196,228,32,49,49,212,216,212,216,3.9391231951099606e-05
t12.2022.07.29,train,vocal,t12.2022.07.27,171,how do i store my coins in a secure manner,12,SIL,3,sil,store,200,244,44,50,53,216,232,216,232,0.9998348235154884
t12.2022.07.29,train,vocal,t12.2022.07.27,171,how do i store my coins in a secure manner,13,M,4,initial,my,216,252,36,54,55,232,240,232,244,0.9214754812016345
t12.2022.07.29,train,vocal,t12.2022.07.27,171,how do i store my coins in a secure manner,14,AY,4,final,my,228,260,32,57,57,244,248,244,252,0.9996658680462117
t12.2022.07.29,train,vocal,t12.2022.07.27,171,how do i store my coins in a secure manner,15,SIL,4,sil,my,236,284,48,59,63,252,272,252,272,0.971626160075226
t12.2022.07.29,train,vocal,t12.2022.07.27,171,how do i store my coins in a secure manner,16,K,5,initial,coins,256,288,32,64,64,272,276,272,280,0.9189143254300132
t12.2022.07.29,train,vocal,t12.2022.07.27,171,how do i store my coins in a secure manner,17,OY,5,medial,coins,264,296,32,66,66,280,284,280,288,0.063725015254709
t12.2022.07.29,train,vocal,t12.2022.07.27,171,how do i store my coins in a secure manner,18,N,5,medial,coins,272,304,32,68,68,288,292,288,292,0.32752916309205704
t12.2022.07.29,train,vocal,t12.2022.07.27,171,how do i store my coins in a secure manner,19,Z,5,final,coins,276,308,32,69,69,292,296,292,296,0.5279354179608443
t12.2022.07.29,train,vocal,t12.2022.07.27,171,how do i store my coins in a secure manner,20,SIL,5,sil,coins,280,316,36,70,71,296,304,296,308,0.8916724148676778
t12.2022.07.29,train,vocal,t12.2022.07.27,171,how do i store my coins in a secure manner,21,IH,6,initial,in,296,328,32,74,74,312,316,308,316,0.9999941489220938
t12.2022.07.29,train,vocal,t12.2022.07.27,171,how do i store my coins in a secure manner,22,N,6,final,in,300,332,32,75,75,316,320,316,320,0.999972918604075
t12.2022.07.29,train,vocal,t12.2022.07.27,171,how do i store my coins in a secure manner,23,SIL,6,sil,in,304,352,48,76,80,320,340,320,344,0.9344363868845305
t12.2022.07.29,train,vocal,t12.2022.07.27,171,how do i store my coins in a secure manner,24,AH,7,single,a,332,364,32,83,83,348,352,344,352,0.9999337333582131
t12.2022.07.29,train,vocal,t12.2022.07.27,171,how do i store my coins in a secure manner,25,SIL,7,sil,a,336,396,60,84,91,352,384,352,384,0.9671856414030487
t12.2022.07.29,train,vocal,t12.2022.07.27,171,how do i store my coins in a secure manner,26,S,8,initial,secure,368,400,32,92,92,384,388,384,392,0.2674292752319688
t12.2022.07.29,train,vocal,t12.2022.07.27,171,how do i store my coins in a secure manner,27,IH,8,medial,secure,376,408,32,94,94,392,396,392,396,0.8291798451715402
t12.2022.07.29,train,vocal,t12.2022.07.27,171,how do i store my coins in a secure manner,28,K,8,medial,secure,380,416,36,95,96,396,404,396,404,0.9881454491980874
t12.2022.07.29,train,vocal,t12.2022.07.27,171,how do i store my coins in a secure manner,29,Y,8,medial,secure,388,428,40,97,99,404,416,404,416,0.8167284411315497
t12.2022.07.29,train,vocal,t12.2022.07.27,171,how do i store my coins in a secure manner,30,UH,8,medial,secure,400,432,32,100,100,416,420,416,420,0.010685083293125485
t12.2022.07.29,train,vocal,t12.2022.07.27,171,how do i store my coins in a secure manner,31,R,8,final,secure,404,436,32,101,101,420,424,420,428,0.2610684681471135
t12.2022.07.29,train,vocal,t12.2022.07.27,171,how do i store my coins in a secure manner,32,SIL,8,sil,secure,412,452,40,103,105,428,440,428,440,0.9354278379882319
t12.2022.07.29,train,vocal,t12.2022.07.27,171,how do i store my coins in a secure manner,33,M,9,initial,manner,424,456,32,106,106,440,444,440,448,0.964062841104742
t12.2022.07.29,train,vocal,t12.2022.07.27,171,how do i store my coins in a secure manner,34,AE,9,medial,manner,432,464,32,108,108,448,452,448,452,0.00359066805995409
t12.2022.07.29,train,vocal,t12.2022.07.27,171,how do i store my coins in a secure manner,35,N,9,medial,manner,436,472,36,109,110,452,460,452,460,0.6701633244457128
t12.2022.07.29,train,vocal,t12.2022.07.27,171,how do i store my coins in a secure manner,36,ER,9,final,manner,444,480,36,111,112,460,468,460,468,0.980730012608275
t12.2022.07.29,train,vocal,t12.2022.07.27,171,how do i store my coins in a secure manner,37,SIL,9,sil,manner,452,500,48,113,117,468,488,468,488,0.9999301776054276
t12.2022.07.29,train,vocal,t12.2022.07.27,172,reading it in the morning,0,R,0,initial,reading,36,68,32,9,9,52,56,16,60,0.22354628543891744
t12.2022.07.29,train,vocal,t12.2022.07.27,172,reading it in the morning,1,EH,0,medial,reading,44,76,32,11,11,60,64,60,64,0.430119383249862
t12.2022.07.29,train,vocal,t12.2022.07.27,172,reading it in the morning,2,D,0,medial,reading,48,80,32,12,12,64,68,64,72,0.024447317820994942
t12.2022.07.29,train,vocal,t12.2022.07.27,172,reading it in the morning,3,IH,0,medial,reading,56,88,32,14,14,72,76,72,76,0.00268635303631455
t12.2022.07.29,train,vocal,t12.2022.07.27,172,reading it in the morning,4,NG,0,final,reading,60,92,32,15,15,76,80,76,80,0.00011816924297829287
t12.2022.07.29,train,vocal,t12.2022.07.27,172,reading it in the morning,5,SIL,0,sil,reading,64,100,36,16,17,80,88,80,92,0.9967384721219191
t12.2022.07.29,train,vocal,t12.2022.07.27,172,reading it in the morning,6,IH,1,initial,it,80,112,32,20,20,96,100,92,100,0.9999998625070785
t12.2022.07.29,train,vocal,t12.2022.07.27,172,reading it in the morning,7,T,1,final,it,84,116,32,21,21,100,104,100,104,0.9999808991587987
t12.2022.07.29,train,vocal,t12.2022.07.27,172,reading it in the morning,8,SIL,1,sil,it,88,128,40,22,24,104,116,104,120,0.9998529105368191
t12.2022.07.29,train,vocal,t12.2022.07.27,172,reading it in the morning,9,IH,2,initial,in,108,140,32,27,27,124,128,120,128,0.9999997107344825
t12.2022.07.29,train,vocal,t12.2022.07.27,172,reading it in the morning,10,N,2,final,in,112,144,32,28,28,128,132,128,132,0.9999454008276365
t12.2022.07.29,train,vocal,t12.2022.07.27,172,reading it in the morning,11,SIL,2,sil,in,116,160,44,29,32,132,148,132,148,0.9970560513151248
t12.2022.07.29,train,vocal,t12.2022.07.27,172,reading it in the morning,12,DH,3,initial,the,132,168,36,33,34,148,156,148,156,0.8524435074614352
t12.2022.07.29,train,vocal,t12.2022.07.27,172,reading it in the morning,13,AH,3,final,the,140,176,36,35,36,156,164,156,164,0.7966164613259665
t12.2022.07.29,train,vocal,t12.2022.07.27,172,reading it in the morning,14,SIL,3,sil,the,148,192,44,37,40,164,180,164,180,0.9676851337554087
t12.2022.07.29,train,vocal,t12.2022.07.27,172,reading it in the morning,15,M,4,initial,morning,164,196,32,41,41,180,184,180,188,0.9994377417441346
t12.2022.07.29,train,vocal,t12.2022.07.27,172,reading it in the morning,16,AO,4,medial,morning,172,204,32,43,43,188,192,188,192,0.1294472665215422
t12.2022.07.29,train,vocal,t12.2022.07.27,172,reading it in the morning,17,R,4,medial,morning,176,208,32,44,44,192,196,192,196,0.2829814175519188
t12.2022.07.29,train,vocal,t12.2022.07.27,172,reading it in the morning,18,N,4,medial,morning,180,212,32,45,45,196,200,196,200,0.9912386023371288
t12.2022.07.29,train,vocal,t12.2022.07.27,172,reading it in the morning,19,IH,4,medial,morning,184,216,32,46,46,200,204,200,204,0.9451563127204539
t12.2022.07.29,train,vocal,t12.2022.07.27,172,reading it in the morning,20,NG,4,final,morning,188,220,32,47,47,204,208,204,208,0.6671093896854603
t12.2022.07.29,train,vocal,t12.2022.07.27,172,reading it in the morning,21,SIL,4,sil,morning,192,240,48,48,52,208,228,208,228,0.9736063806233648
t12.2022.07.29,train,vocal,t12.2022.07.27,173,there are three types of measures you can take,0,DH,0,initial,there,24,56,32,6,6,40,44,16,48,0.9985251914094218
t12.2022.07.29,train,vocal,t12.2022.07.27,173,there are three types of measures you can take,1,EH,0,medial,there,32,64,32,8,8,48,52,48,52,0.03550744854762918
t12.2022.07.29,train,vocal,t12.2022.07.27,173,there are three types of measures you can take,2,R,0,final,there,36,68,32,9,9,52,56,52,56,0.0197748586748432
t12.2022.07.29,train,vocal,t12.2022.07.27,173,there are three types of measures you can take,3,SIL,0,sil,there,40,76,36,10,11,56,64,56,68,0.9983664480320702
t12.2022.07.29,train,vocal,t12.2022.07.27,173,there are three types of measures you can take,4,AA,1,initial,are,56,88,32,14,14,72,76,68,76,0.9999903307717167
t12.2022.07.29,train,vocal,t12.2022.07.27,173,there are three types of measures you can take,5,R,1,final,are,60,92,32,15,15,76,80,76,80,0.9999973350179081
t12.2022.07.29,train,vocal,t12.2022.07.27,173,there are three types of measures you can take,6,SIL,1,sil,are,64,108,44,16,19,80,96,80,96,0.997112186134864
t12.2022.07.29,train,vocal,t12.2022.07.27,173,there are three types of measures you can take,7,TH,2,initial,three,80,112,32,20,20,96,100,96,100,0.8232955348753689
t12.2022.07.29,train,vocal,t12.2022.07.27,173,there are three types of measures you can take,8,R,2,medial,three,84,116,32,21,21,100,104,100,104,0.1963426760963482
t12.2022.07.29,train,vocal,t12.2022.07.27,173,there are three types of measures you can take,9,IY,2,final,three,88,120,32,22,22,104,108,104,112,0.813307178566955
t12.2022.07.29,train,vocal,t12.2022.07.27,173,there are three types of measures you can take,10,SIL,2,sil,three,96,140,44,24,27,112,128,112,128,0.9949342334559813
t12.2022.07.29,train,vocal,t12.2022.07.27,173,there are three types of measures you can take,11,T,3,initial,types,112,144,32,28,28,128,132,128,136,0.9761473253925804
t12.2022.07.29,train,vocal,t12.2022.07.27,173,there are three types of measures you can take,12,AY,3,medial,types,124,156,32,31,31,140,144,136,144,0.03610938439551095
t12.2022.07.29,train,vocal,t12.2022.07.27,173,there are three types of measures you can take,13,P,3,medial,types,128,164,36,32,33,144,152,144,152,0.9577376432298028
t12.2022.07.29,train,vocal,t12.2022.07.27,173,there are three types of measures you can take,14,S,3,final,types,136,168,32,34,34,152,156,152,156,0.09024102221904687
t12.2022.07.29,train,vocal,t12.2022.07.27,173,there are three types of measures you can take,15,SIL,3,sil,types,140,184,44,35,38,156,172,156,176,0.9996359828844749
t12.2022.07.29,train,vocal,t12.2022.07.27,173,there are three types of measures you can take,16,AH,4,initial,of,164,196,32,41,41,180,184,176,184,0.9822615521471304
t12.2022.07.29,train,vocal,t12.2022.07.27,173,there are three types of measures you can take,17,V,4,final,of,168,200,32,42,42,184,188,184,188,0.9450373724506437
t12.2022.07.29,train,vocal,t12.2022.07.27,173,there are three types of measures you can take,18,SIL,4,sil,of,172,212,40,43,45,188,200,188,200,0.9305020777800338
t12.2022.07.29,train,vocal,t12.2022.07.27,173,there are three types of measures you can take,19,M,5,initial,measures,184,216,32,46,46,200,204,200,208,0.5795461930293293
t12.2022.07.29,train,vocal,t12.2022.07.27,173,there are three types of measures you can take,20,EH,5,medial,measures,192,224,32,48,48,208,212,208,212,0.981225545134181
t12.2022.07.29,train,vocal,t12.2022.07.27,173,there are three types of measures you can take,21,ZH,5,medial,measures,196,228,32,49,49,212,216,212,220,0.7335864717097818
t12.2022.07.29,train,vocal,t12.2022.07.27,173,there are three types of measures you can take,22,ER,5,medial,measures,204,236,32,51,51,220,224,220,224,0.41073196291973574
t12.2022.07.29,train,vocal,t12.2022.07.27,173,there are three types of measures you can take,23,Z,5,final,measures,208,244,36,52,53,224,232,224,232,0.5709293196933638
t12.2022.07.29,train,vocal,t12.2022.07.27,173,there are three types of measures you can take,24,SIL,5,sil,measures,216,260,44,54,57,232,248,232,248,0.9860394650245027
t12.2022.07.29,train,vocal,t12.2022.07.27,173,there are three types of measures you can take,25,Y,6,initial,you,232,268,36,58,59,248,256,248,256,0.9654466221858686
t12.2022.07.29,train,vocal,t12.2022.07.27,173,there are three types of measures you can take,26,UW,6,final,you,240,272,32,60,60,256,260,256,264,0.9965700738419997
t12.2022.07.29,train,vocal,t12.2022.07.27,173,there are three types of measures you can take,27,SIL,6,sil,you,248,300,52,62,67,264,288,264,288,0.9940702119829083
t12.2022.07.29,train,vocal,t12.2022.07.27,173,there are three types of measures you can take,28,K,7,initial,can,272,304,32,68,68,288,292,288,296,0.9999497751121909
t12.2022.07.29,train,vocal,t12.2022.07.27,173,there are three types of measures you can take,29,AE,7,medial,can,280,312,32,70,70,296,300,296,300,0.9999621549997233
t12.2022.07.29,train,vocal,t12.2022.07.27,173,there are three types of measures you can take,30,N,7,final,can,284,316,32,71,71,300,304,300,304,0.9996824709139097
t12.2022.07.29,train,vocal,t12.2022.07.27,173,there are three types of measures you can take,31,SIL,7,sil,can,288,336,48,72,76,304,324,304,324,0.9932336377907781
t12.2022.07.29,train,vocal,t12.2022.07.27,173,there are three types of measures you can take,32,T,8,initial,take,308,340,32,77,77,324,328,324,332,0.9997088713336567
t12.2022.07.29,train,vocal,t12.2022.07.27,173,there are three types of measures you can take,33,EY,8,medial,take,316,348,32,79,79,332,336,332,336,0.7709150602332089
t12.2022.07.29,train,vocal,t12.2022.07.27,173,there are three types of measures you can take,34,K,8,final,take,320,356,36,80,81,336,344,336,344,0.8001840886725045
t12.2022.07.29,train,vocal,t12.2022.07.27,173,there are three types of measures you can take,35,SIL,8,sil,take,328,376,48,82,86,344,364,344,364,0.9994843332072921
t12.2022.07.29,train,vocal,t12.2022.07.27,174,i think i can agree with that too,0,AY,0,single,i,16,48,32,4,4,32,36,16,40,0.9999990345487371
t12.2022.07.29,train,vocal,t12.2022.07.27,174,i think i can agree with that too,1,SIL,0,sil,i,24,60,36,6,7,40,48,40,48,0.9998227352999985
t12.2022.07.29,train,vocal,t12.2022.07.27,174,i think i can agree with that too,2,TH,1,initial,think,32,68,36,8,9,48,56,48,56,0.9640191531173531
t12.2022.07.29,train,vocal,t12.2022.07.27,174,i think i can agree with that too,3,IH,1,medial,think,40,72,32,10,10,56,60,56,60,0.999890095266521
t12.2022.07.29,train,vocal,t12.2022.07.27,174,i think i can agree with that too,4,NG,1,medial,think,44,76,32,11,11,60,64,60,64,0.9999955614157545
t12.2022.07.29,train,vocal,t12.2022.07.27,174,i think i can agree with that too,5,K,1,final,think,48,84,36,12,13,64,72,64,72,0.9001312667948641
t12.2022.07.29,train,vocal,t12.2022.07.27,174,i think i can agree with that too,6,SIL,1,sil,think,56,88,32,14,14,72,76,72,80,0.9999653889691841
t12.2022.07.29,train,vocal,t12.2022.07.27,174,i think i can agree with that too,7,AY,2,single,i,64,96,32,16,16,80,84,80,88,0.9603456999430595
t12.2022.07.29,train,vocal,t12.2022.07.27,174,i think i can agree with that too,8,SIL,2,sil,i,72,116,44,18,21,88,104,88,104,0.9986109255602664
t12.2022.07.29,train,vocal,t12.2022.07.27,174,i think i can agree with that too,9,K,3,initial,can,88,120,32,22,22,104,108,104,112,0.999974005821273
t12.2022.07.29,train,vocal,t12.2022.07.27,174,i think i can agree with that too,10,AE,3,medial,can,96,128,32,24,24,112,116,112,116,0.9999789782859051
t12.2022.07.29,train,vocal,t12.2022.07.27,174,i think i can agree with that too,11,N,3,final,can,100,132,32,25,25,116,120,116,120,0.9998989501665171
t12.2022.07.29,train,vocal,t12.2022.07.27,174,i think i can agree with that too,12,SIL,3,sil,can,104,164,60,26,33,120,152,120,160,0.9754300962438911
t12.2022.07.29,train,vocal,t12.2022.07.27,174,i think i can agree with that too,13,AH,4,initial,agree,152,184,32,38,38,168,172,160,172,0.9963355982534959
t12.2022.07.29,train,vocal,t12.2022.07.27,174,i think i can agree with that too,14,G,4,medial,agree,156,188,32,39,39,172,176,172,176,0.9982623726361309
t12.2022.07.29,train,vocal,t12.2022.07.27,174,i think i can agree with that too,15,R,4,medial,agree,160,196,36,40,41,176,184,176,184,0.7709413795998692
t12.2022.07.29,train,vocal,t12.2022.07.27,174,i think i can agree with that too,16,IY,4,final,agree,168,212,44,42,45,184,200,184,200,0.36948994898338516
t12.2022.07.29,train,vocal,t12.2022.07.27,174,i think i can agree with that too,17,SIL,4,sil,agree,184,216,32,46,46,200,204,200,204,0.9758655314905595
t12.2022.07.29,train,vocal,t12.2022.07.27,174,i think i can agree with that too,18,W,5,initial,with,188,220,32,47,47,204,208,204,212,0.9999912621643909
t12.2022.07.29,train,vocal,t12.2022.07.27,174,i think i can agree with that too,19,IH,5,medial,with,196,228,32,49,49,212,216,212,216,0.996028653581213
t12.2022.07.29,train,vocal,t12.2022.07.27,174,i think i can agree with that too,20,DH,5,final,with,200,232,32,50,50,216,220,216,220,0.9984563090346847
t12.2022.07.29,train,vocal,t12.2022.07.27,174,i think i can agree with that too,21,SIL,5,sil,with,204,240,36,51,52,220,228,220,228,0.9931853067675005
t12.2022.07.29,train,vocal,t12.2022.07.27,174,i think i can agree with that too,22,DH,6,initial,that,212,248,36,53,54,228,236,228,236,0.8418779836028862
t12.2022.07.29,train,vocal,t12.2022.07.27,174,i think i can agree with that too,23,AE,6,medial,that,220,252,32,55,55,236,240,236,240,0.999447044749575
t12.2022.07.29,train,vocal,t12.2022.07.27,174,i think i can agree with that too,24,T,6,final,that,224,256,32,56,56,240,244,240,244,0.9999992238318887
t12.2022.07.29,train,vocal,t12.2022.07.27,174,i think i can agree with that too,25,SIL,6,sil,that,228,276,48,57,61,244,264,244,264,0.9886383999429391
t12.2022.07.29,train,vocal,t12.2022.07.27,174,i think i can agree with that too,26,T,7,initial,too,248,280,32,62,62,264,268,264,272,0.999087720088321
t12.2022.07.29,train,vocal,t12.2022.07.27,174,i think i can agree with that too,27,UW,7,final,too,256,288,32,64,64,272,276,272,280,0.9999096158898786
t12.2022.07.29,train,vocal,t12.2022.07.27,174,i think i can agree with that too,28,SIL,7,sil,too,264,316,52,66,71,280,304,280,304,0.9999989036837564
t12.2022.07.29,train,vocal,t12.2022.07.27,175,it's an absolute savings,0,IH,0,initial,it's,44,76,32,11,11,60,64,16,64,0.9999986506064577
t12.2022.07.29,train,vocal,t12.2022.07.27,175,it's an absolute savings,1,T,0,medial,it's,48,80,32,12,12,64,68,64,68,0.9999409405533363
t12.2022.07.29,train,vocal,t12.2022.07.27,175,it's an absolute savings,2,S,0,final,it's,52,88,36,13,14,68,76,68,76,0.9982737080324859
t12.2022.07.29,train,vocal,t12.2022.07.27,175,it's an absolute savings,3,SIL,0,sil,it's,60,96,36,15,16,76,84,76,88,0.9994105608795362
t12.2022.07.29,train,vocal,t12.2022.07.27,175,it's an absolute savings,4,AE,1,initial,an,76,108,32,19,19,92,96,88,96,0.9991963844466452
t12.2022.07.29,train,vocal,t12.2022.07.27,175,it's an absolute savings,5,N,1,final,an,80,112,32,20,20,96,100,96,100,0.9983484291314316
t12.2022.07.29,train,vocal,t12.2022.07.27,175,it's an absolute savings,6,SIL,1,sil,an,84,120,36,21,22,100,108,100,112,0.9971844812853796
t12.2022.07.29,train,vocal,t12.2022.07.27,175,it's an absolute savings,7,AE,2,initial,absolute,100,132,32,25,25,116,120,112,120,0.9948176393084587
t12.2022.07.29,train,vocal,t12.2022.07.27,175,it's an absolute savings,8,B,2,medial,absolute,104,136,32,26,26,120,124,120,124,0.15242147394913122
t12.2022.07.29,train,vocal,t12.2022.07.27,175,it's an absolute savings,9,S,2,medial,absolute,108,140,32,27,27,124,128,124,128,0.2248737556693313
t12.2022.07.29,train,vocal,t12.2022.07.27,175,it's an absolute savings,10,AH,2,medial,absolute,112,148,36,28,29,128,136,128,136,0.9094995591293265
t12.2022.07.29,train,vocal,t12.2022.07.27,175,it's an absolute savings,11,L,2,medial,absolute,120,152,32,30,30,136,140,136,140,0.7918394717753441
t12.2022.07.29,train,vocal,t12.2022.07.27,175,it's an absolute savings,12,UW,2,medial,absolute,124,164,40,31,33,140,152,140,152,0.9229433570623994
t12.2022.07.29,train,vocal,t12.2022.07.27,175,it's an absolute savings,13,T,2,final,absolute,136,172,36,34,35,152,160,152,160,0.6866531609125883
t12.2022.07.29,train,vocal,t12.2022.07.27,175,it's an absolute savings,14,SIL,2,sil,absolute,144,184,40,36,38,160,172,160,172,0.974136743963027
t12.2022.07.29,train,vocal,t12.2022.07.27,175,it's an absolute savings,15,S,3,initial,savings,156,192,36,39,40,172,180,172,184,0.7579981883858296
t12.2022.07.29,train,vocal,t12.2022.07.27,175,it's an absolute savings,16,EY,3,medial,savings,172,204,32,43,43,188,192,184,192,0.1939213044666158
t12.2022.07.29,train,vocal,t12.2022.07.27,175,it's an absolute savings,17,V,3,medial,savings,176,208,32,44,44,192,196,192,200,0.9996186897693774
t12.2022.07.29,train,vocal,t12.2022.07.27,175,it's an absolute savings,18,IH,3,medial,savings,184,220,36,46,47,200,208,200,208,0.8732434237598155
t12.2022.07.29,train,vocal,t12.2022.07.27,175,it's an absolute savings,19,NG,3,medial,savings,192,224,32,48,48,208,212,208,212,0.9973070523764462
t12.2022.07.29,train,vocal,t12.2022.07.27,175,it's an absolute savings,20,Z,3,final,savings,196,228,32,49,49,212,216,212,216,3.620750219294711e-05
t12.2022.07.29,train,vocal,t12.2022.07.27,175,it's an absolute savings,21,SIL,3,sil,savings,200,248,48,50,54,216,236,216,236,0.999999755031474
t12.2022.07.29,train,vocal,t12.2022.07.27,176,i try to save that for the weekend,0,AY,0,single,i,32,64,32,8,8,48,52,16,56,0.9999993359907081
t12.2022.07.29,train,vocal,t12.2022.07.27,176,i try to save that for the weekend,1,SIL,0,sil,i,40,80,40,10,12,56,68,56,68,0.9992938913373125
t12.2022.07.29,train,vocal,t12.2022.07.27,176,i try to save that for the weekend,2,T,1,initial,try,52,84,32,13,13,68,72,68,72,0.10278303327449273
t12.2022.07.29,train,vocal,t12.2022.07.27,176,i try to save that for the weekend,3,R,1,medial,try,56,88,32,14,14,72,76,72,80,0.8649567971707158
t12.2022.07.29,train,vocal,t12.2022.07.27,176,i try to save that for the weekend,4,AY,1,final,try,64,96,32,16,16,80,84,80,88,0.9966781571458104
t12.2022.07.29,train,vocal,t12.2022.07.27,176,i try to save that for the weekend,5,SIL,1,sil,try,72,112,40,18,20,88,100,88,100,0.9441428273139243
t12.2022.07.29,train,vocal,t12.2022.07.27,176,i try to save that for the weekend,6,T,2,initial,to,84,116,32,21,21,100,104,100,108,0.999975988867573
t12.2022.07.29,train,vocal,t12.2022.07.27,176,i try to save that for the weekend,7,UW,2,final,to,92,124,32,23,23,108,112,108,116,0.999997740541294
t12.2022.07.29,train,vocal,t12.2022.07.27,176,i try to save that for the weekend,8,SIL,2,sil,to,100,136,36,25,26,116,124,116,124,0.9999883564180181
t12.2022.07.29,train,vocal,t12.2022.07.27,176,i try to save that for the weekend,9,S,3,initial,save,108,148,40,27,29,124,136,124,140,0.8657574235039457
t12.2022.07.29,train,vocal,t12.2022.07.27,176,i try to save that for the weekend,10,EY,3,medial,save,124,156,32,31,31,140,144,140,144,0.9987178144799741
t12.2022.07.29,train,vocal,t12.2022.07.27,176,i try to save that for the weekend,11,V,3,final,save,128,160,32,32,32,144,148,144,148,0.029249510156928678
t12.2022.07.29,train,vocal,t12.2022.07.27,176,i try to save that for the weekend,12,SIL,3,sil,save,132,176,44,33,36,148,164,148,164,0.9668503359790936
t12.2022.07.29,train,vocal,t12.2022.07.27,176,i try to save that for the weekend,13,DH,4,initial,that,148,184,36,37,38,164,172,164,172,0.9690479840624362
t12.2022.07.29,train,vocal,t12.2022.07.27,176,i try to save that for the weekend,14,AE,4,medial,that,156,188,32,39,39,172,176,172,176,0.9999819219540409
t12.2022.07.29,train,vocal,t12.2022.07.27,176,i try to save that for the weekend,15,T,4,final,that,160,192,32,40,40,176,180,176,180,0.9999993983846012
t12.2022.07.29,train,vocal,t12.2022.07.27,176,i try to save that for the weekend,16,SIL,4,sil,that,164,212,48,41,45,180,200,180,200,0.7745222434183759
t12.2022.07.29,train,vocal,t12.2022.07.27,176,i try to save that for the weekend,17,F,5,initial,for,184,220,36,46,47,200,208,200,212,0.9985351714437131
t12.2022.07.29,train,vocal,t12.2022.07.27,176,i try to save that for the weekend,18,AO,5,medial,for,196,228,32,49,49,212,216,212,216,0.9987113863123103
t12.2022.07.29,train,vocal,t12.2022.07.27,176,i try to save that for the weekend,19,R,5,final,for,200,232,32,50,50,216,220,216,220,0.9999877173275163
t12.2022.07.29,train,vocal,t12.2022.07.27,176,i try to save that for the weekend,20,SIL,5,sil,for,204,244,40,51,53,220,232,220,232,0.971561061050323
t12.2022.07.29,train,vocal,t12.2022.07.27,176,i try to save that for the weekend,21,DH,6,initial,the,216,248,32,54,54,232,236,232,236,0.9999986643155462
t12.2022.07.29,train,vocal,t12.2022.07.27,176,i try to save that for the weekend,22,AH,6,final,the,220,256,36,55,56,236,244,236,244,0.9992659493790895
t12.2022.07.29,train,vocal,t12.2022.07.27,176,i try to save that for the weekend,23,SIL,6,sil,the,228,280,52,57,62,244,268,244,268,0.9976290996135315
t12.2022.07.29,train,vocal,t12.2022.07.27,176,i try to save that for the weekend,24,W,7,initial,weekend,252,284,32,63,63,268,272,268,276,0.2599639679269474
t12.2022.07.29,train,vocal,t12.2022.07.27,176,i try to save that for the weekend,25,IY,7,medial,weekend,260,292,32,65,65,276,280,276,280,0.8326605658780518
t12.2022.07.29,train,vocal,t12.2022.07.27,176,i try to save that for the weekend,26,K,7,medial,weekend,264,300,36,66,67,280,288,280,292,0.994483929249665
t12.2022.07.29,train,vocal,t12.2022.07.27,176,i try to save that for the weekend,27,EH,7,medial,weekend,280,312,32,70,70,296,300,292,300,0.032010963064544005
t12.2022.07.29,train,vocal,t12.2022.07.27,176,i try to save that for the weekend,28,N,7,medial,weekend,284,316,32,71,71,300,304,300,304,0.9932279470154365
t12.2022.07.29,train,vocal,t12.2022.07.27,176,i try to save that for the weekend,29,D,7,final,weekend,288,320,32,72,72,304,308,304,308,0.2200399708244023
t12.2022.07.29,train,vocal,t12.2022.07.27,176,i try to save that for the weekend,30,SIL,7,sil,weekend,292,336,44,73,76,308,324,308,324,0.9980396323619256
t12.2022.07.29,train,vocal,t12.2022.07.27,177,if they steal they lose a thumb or a finger,0,IH,0,initial,if,44,80,36,11,12,60,68,16,68,0.9969623266065297
t12.2022.07.29,train,vocal,t12.2022.07.27,177,if they steal they lose a thumb or a finger,1,F,0,final,if,52,84,32,13,13,68,72,68,72,0.9999997547877095
t12.2022.07.29,train,vocal,t12.2022.07.27,177,if they steal they lose a thumb or a finger,2,SIL,0,sil,if,56,92,36,14,15,72,80,72,80,0.9977380713888034
t12.2022.07.29,train,vocal,t12.2022.07.27,177,if they steal they lose a thumb or a finger,3,DH,1,initial,they,64,100,36,16,17,80,88,80,88,0.9996470891245075
t12.2022.07.29,train,vocal,t12.2022.07.27,177,if they steal they lose a thumb or a finger,4,EY,1,final,they,72,104,32,18,18,88,92,88,96,0.9999944647972103
t12.2022.07.29,train,vocal,t12.2022.07.27,177,if they steal they lose a thumb or a finger,5,SIL,1,sil,they,80,116,36,20,21,96,104,96,104,0.9997726168147263
t12.2022.07.29,train,vocal,t12.2022.07.27,177,if they steal they lose a thumb or a finger,6,S,2,initial,steal,88,120,32,22,22,104,108,104,108,0.21669943541300896
t12.2022.07.29,train,vocal,t12.2022.07.27,177,if they steal they lose a thumb or a finger,7,T,2,medial,steal,92,124,32,23,23,108,112,108,116,0.026967460659447662
t12.2022.07.29,train,vocal,t12.2022.07.27,177,if they steal they lose a thumb or a finger,8,IY,2,medial,steal,100,132,32,25,25,116,120,116,120,0.006405907795366447
t12.2022.07.29,train,vocal,t12.2022.07.27,177,if they steal they lose a thumb or a finger,9,L,2,final,steal,104,140,36,26,27,120,128,120,128,0.7489682123201635
t12.2022.07.29,train,vocal,t12.2022.07.27,177,if they steal they lose a thumb or a finger,10,SIL,2,sil,steal,112,172,60,28,35,128,160,128,160,0.9990506781449842
t12.2022.07.29,train,vocal,t12.2022.07.27,177,if they steal they lose a thumb or a finger,11,DH,3,initial,they,144,176,32,36,36,160,164,160,168,0.8329310853540358
t12.2022.07.29,train,vocal,t12.2022.07.27,177,if they steal they lose a thumb or a finger,12,EY,3,final,they,152,184,32,38,38,168,172,168,176,0.9986632255665534
t12.2022.07.29,train,vocal,t12.2022.07.27,177,if they steal they lose a thumb or a finger,13,SIL,3,sil,they,160,200,40,40,42,176,188,176,188,0.9994324056179652
t12.2022.07.29,train,vocal,t12.2022.07.27,177,if they steal they lose a thumb or a finger,14,L,4,initial,lose,172,204,32,43,43,188,192,188,196,0.007878382334225515
t12.2022.07.29,train,vocal,t12.2022.07.27,177,if they steal they lose a thumb or a finger,15,UW,4,medial,lose,180,212,32,45,45,196,200,196,200,0.9709719271428021
t12.2022.07.29,train,vocal,t12.2022.07.27,177,if they steal they lose a thumb or a finger,16,Z,4,final,lose,184,216,32,46,46,200,204,200,204,0.6325631737485368
t12.2022.07.29,train,vocal,t12.2022.07.27,177,if they steal they lose a thumb or a finger,17,SIL,4,sil,lose,188,232,44,47,50,204,220,204,224,0.914166606921281
t12.2022.07.29,train,vocal,t12.2022.07.27,177,if they steal they lose a thumb or a finger,18,AH,5,single,a,212,244,32,53,53,228,232,224,232,0.999996006220417
t12.2022.07.29,train,vocal,t12.2022.07.27,177,if they steal they lose a thumb or a finger,19,SIL,5,sil,a,216,264,48,54,58,232,252,232,252,0.9254745687761229
t12.2022.07.29,train,vocal,t12.2022.07.27,177,if they steal they lose a thumb or a finger,20,TH,6,initial,thumb,236,268,32,59,59,252,256,252,260,0.004261906479229059
t12.2022.07.29,train,vocal,t12.2022.07.27,177,if they steal they lose a thumb or a finger,21,AH,6,medial,thumb,248,280,32,62,62,264,268,260,268,0.9946743418215241
t12.2022.07.29,train,vocal,t12.2022.07.27,177,if they steal they lose a thumb or a finger,22,M,6,final,thumb,252,284,32,63,63,268,272,268,272,0.9999943855756701
t12.2022.07.29,train,vocal,t12.2022.07.27,177,if they steal they lose a thumb or a finger,23,SIL,6,sil,thumb,256,304,48,64,68,272,292,272,300,0.98562507626936
t12.2022.07.29,train,vocal,t12.2022.07.27,177,if they steal they lose a thumb or a finger,24,AO,7,initial,or,288,320,32,72,72,304,308,300,308,0.9849008419591253
t12.2022.07.29,train,vocal,t12.2022.07.27,177,if they steal they lose a thumb or a finger,25,R,7,final,or,292,324,32,73,73,308,312,308,312,0.9973036104459413
t12.2022.07.29,train,vocal,t12.2022.07.27,177,if they steal they lose a thumb or a finger,26,SIL,7,sil,or,296,336,40,74,76,312,324,312,328,0.9995553801316645
t12.2022.07.29,train,vocal,t12.2022.07.27,177,if they steal they lose a thumb or a finger,27,AH,8,single,a,316,348,32,79,79,332,336,328,336,0.9999978723572116
t12.2022.07.29,train,vocal,t12.2022.07.27,177,if they steal they lose a thumb or a finger,28,SIL,8,sil,a,320,368,48,80,84,336,356,336,356,0.9757247430933141
t12.2022.07.29,train,vocal,t12.2022.07.27,177,if they steal they lose a thumb or a finger,29,F,9,initial,finger,340,372,32,85,85,356,360,356,364,0.6833493964567893
t12.2022.07.29,train,vocal,t12.2022.07.27,177,if they steal they lose a thumb or a finger,30,IH,9,medial,finger,348,380,32,87,87,364,368,364,368,0.9949691014384986
t12.2022.07.29,train,vocal,t12.2022.07.27,177,if they steal they lose a thumb or a finger,31,NG,9,medial,finger,352,384,32,88,88,368,372,368,372,0.7782069772856725
t12.2022.07.29,train,vocal,t12.2022.07.27,177,if they steal they lose a thumb or a finger,32,G,9,medial,finger,356,388,32,89,89,372,376,372,376,0.721613559904625
t12.2022.07.29,train,vocal,t12.2022.07.27,177,if they steal they lose a thumb or a finger,33,ER,9,final,finger,360,396,36,90,91,376,384,376,384,0.8101972634988521
t12.2022.07.29,train,vocal,t12.2022.07.27,177,if they steal they lose a thumb or a finger,34,SIL,9,sil,finger,368,416,48,92,96,384,404,384,404,0.9999974931324933
t12.2022.07.29,train,vocal,t12.2022.07.27,178,we're always paying taxes for something,0,W,0,initial,we're,32,64,32,8,8,48,52,16,56,0.9999479809206712
t12.2022.07.29,train,vocal,t12.2022.07.27,178,we're always paying taxes for something,1,IY,0,medial,we're,40,72,32,10,10,56,60,56,60,0.9993618449059206
t12.2022.07.29,train,vocal,t12.2022.07.27,178,we're always paying taxes for something,2,R,0,final,we're,44,76,32,11,11,60,64,60,64,0.8532644371072234
t12.2022.07.29,train,vocal,t12.2022.07.27,178,we're always paying taxes for something,3,SIL,0,sil,we're,48,84,36,12,13,64,72,64,76,0.9936092862836208
t12.2022.07.29,train,vocal,t12.2022.07.27,178,we're always paying taxes for something,4,AO,1,initial,always,64,96,32,16,16,80,84,76,84,0.9998891798269547
t12.2022.07.29,train,vocal,t12.2022.07.27,178,we're always paying taxes for something,5,L,1,medial,always,68,100,32,17,17,84,88,84,88,0.9999400739507109
t12.2022.07.29,train,vocal,t12.2022.07.27,178,we're always paying taxes for something,6,W,1,medial,always,72,104,32,18,18,88,92,88,92,0.9986596016724935
t12.2022.07.29,train,vocal,t12.2022.07.27,178,we're always paying taxes for something,7,EY,1,medial,always,76,112,36,19,20,92,100,92,100,0.8802323839263677
t12.2022.07.29,train,vocal,t12.2022.07.27,178,we're always paying taxes for something,8,Z,1,final,always,84,120,36,21,22,100,108,100,108,0.804643290279661
t12.2022.07.29,train,vocal,t12.2022.07.27,178,we're always paying taxes for something,9,SIL,1,sil,always,92,124,32,23,23,108,112,108,112,0.9834559018811663
t12.2022.07.29,train,vocal,t12.2022.07.27,178,we're always paying taxes for something,10,P,2,initial,paying,96,128,32,24,24,112,116,112,120,0.9968029238007634
t12.2022.07.29,train,vocal,t12.2022.07.27,178,we're always paying taxes for something,11,EY,2,medial,paying,108,140,32,27,27,124,128,120,132,0.962540680948833
t12.2022.07.29,train,vocal,t12.2022.07.27,178,we're always paying taxes for something,12,IH,2,medial,paying,116,148,32,29,29,132,136,132,136,0.9982966661298112
t12.2022.07.29,train,vocal,t12.2022.07.27,178,we're always paying taxes for something,13,NG,2,final,paying,120,152,32,30,30,136,140,136,140,0.9940938542208454
t12.2022.07.29,train,vocal,t12.2022.07.27,178,we're always paying taxes for something,14,SIL,2,sil,paying,124,180,56,31,37,140,168,140,168,0.9649401167364997
t12.2022.07.29,train,vocal,t12.2022.07.27,178,we're always paying taxes for something,15,T,3,initial,taxes,152,184,32,38,38,168,172,168,176,0.9987039390083273
t12.2022.07.29,train,vocal,t12.2022.07.27,178,we're always paying taxes for something,16,AE,3,medial,taxes,164,196,32,41,41,180,184,176,184,0.8157890082396694
t12.2022.07.29,train,vocal,t12.2022.07.27,178,we're always paying taxes for something,17,K,3,medial,taxes,168,200,32,42,42,184,188,184,188,0.9930893376661929
t12.2022.07.29,train,vocal,t12.2022.07.27,178,we're always paying taxes for something,18,S,3,medial,taxes,172,204,32,43,43,188,192,188,192,0.9945574509240641
t12.2022.07.29,train,vocal,t12.2022.07.27,178,we're always paying taxes for something,19,AH,3,medial,taxes,176,208,32,44,44,192,196,192,196,0.988527926506181
t12.2022.07.29,train,vocal,t12.2022.07.27,178,we're always paying taxes for something,20,Z,3,final,taxes,180,216,36,45,46,196,204,196,204,0.8851857879540678
t12.2022.07.29,train,vocal,t12.2022.07.27,178,we're always paying taxes for something,21,SIL,3,sil,taxes,188,224,36,47,48,204,212,204,212,0.9971900835166425
t12.2022.07.29,train,vocal,t12.2022.07.27,178,we're always paying taxes for something,22,F,4,initial,for,196,228,32,49,49,212,216,212,220,0.9999674698192698
t12.2022.07.29,train,vocal,t12.2022.07.27,178,we're always paying taxes for something,23,AO,4,medial,for,204,236,32,51,51,220,224,220,224,0.9999997250029579
t12.2022.07.29,train,vocal,t12.2022.07.27,178,we're always paying taxes for something,24,R,4,final,for,208,240,32,52,52,224,228,224,228,0.999847788461965
t12.2022.07.29,train,vocal,t12.2022.07.27,178,we're always paying taxes for something,25,SIL,4,sil,for,212,256,44,53,56,228,244,228,244,0.9174163510448725
t12.2022.07.29,train,vocal,t12.2022.07.27,178,we're always paying taxes for something,26,S,5,initial,something,228,260,32,57,57,244,248,244,252,0.9999890987176973
t12.2022.07.29,train,vocal,t12.2022.07.27,178,we're always paying taxes for something,27,AH,5,medial,something,236,268,32,59,59,252,256,252,256,0.9999709495500935
t12.2022.07.29,train,vocal,t12.2022.07.27,178,we're always paying taxes for something,28,M,5,medial,something,240,272,32,60,60,256,260,256,260,0.9998247717019794
t12.2022.07.29,train,vocal,t12.2022.07.27,178,we're always paying taxes for something,29,TH,5,medial,something,244,276,32,61,61,260,264,260,264,0.9999954254913718
t12.2022.07.29,train,vocal,t12.2022.07.27,178,we're always paying taxes for something,30,IH,5,medial,something,248,280,32,62,62,264,268,264,268,0.9999788337201146
t12.2022.07.29,train,vocal,t12.2022.07.27,178,we're always paying taxes for something,31,NG,5,final,something,252,284,32,63,63,268,272,268,272,0.9994172766790916
t12.2022.07.29,train,vocal,t12.2022.07.27,178,we're always paying taxes for something,32,SIL,5,sil,something,256,304,48,64,68,272,292,272,292,0.9811187499739258
t12.2022.07.29,train,vocal,t12.2022.07.27,179,i baked them a cake,0,AY,0,single,i,16,48,32,4,4,32,36,16,36,0.999982467306294
t12.2022.07.29,train,vocal,t12.2022.07.27,179,i baked them a cake,1,SIL,0,sil,i,20,64,44,5,8,36,52,36,52,0.926089663320643
t12.2022.07.29,train,vocal,t12.2022.07.27,179,i baked them a cake,2,B,1,initial,baked,36,68,32,9,9,52,56,52,60,0.9987021682929692
t12.2022.07.29,train,vocal,t12.2022.07.27,179,i baked them a cake,3,EY,1,medial,baked,44,76,32,11,11,60,64,60,64,0.0010587707450019925
t12.2022.07.29,train,vocal,t12.2022.07.27,179,i baked them a cake,4,K,1,medial,baked,48,80,32,12,12,64,68,64,68,0.6280626563694144
t12.2022.07.29,train,vocal,t12.2022.07.27,179,i baked them a cake,5,T,1,final,baked,52,84,32,13,13,68,72,68,72,0.18199719298226408
t12.2022.07.29,train,vocal,t12.2022.07.27,179,i baked them a cake,6,SIL,1,sil,baked,56,92,36,14,15,72,80,72,80,0.9735105949699765
t12.2022.07.29,train,vocal,t12.2022.07.27,179,i baked them a cake,7,DH,2,initial,them,64,100,36,16,17,80,88,80,88,0.8865883822633307
t12.2022.07.29,train,vocal,t12.2022.07.27,179,i baked them a cake,8,EH,2,medial,them,72,104,32,18,18,88,92,88,92,0.9999956606437612
t12.2022.07.29,train,vocal,t12.2022.07.27,179,i baked them a cake,9,M,2,final,them,76,108,32,19,19,92,96,92,96,0.9999971574914089
t12.2022.07.29,train,vocal,t12.2022.07.27,179,i baked them a cake,10,SIL,2,sil,them,80,120,40,20,22,96,108,96,112,0.9919078346326659
t12.2022.07.29,train,vocal,t12.2022.07.27,179,i baked them a cake,11,AH,3,single,a,100,132,32,25,25,116,120,112,120,0.9892797210129114
t12.2022.07.29,train,vocal,t12.2022.07.27,179,i baked them a cake,12,SIL,3,sil,a,104,152,48,26,30,120,140,120,140,0.9932692658932186
t12.2022.07.29,train,vocal,t12.2022.07.27,179,i baked them a cake,13,K,4,initial,cake,124,156,32,31,31,140,144,140,148,6.137837605217073e-05
t12.2022.07.29,train,vocal,t12.2022.07.27,179,i baked them a cake,14,EY,4,medial,cake,136,168,32,34,34,152,156,148,156,0.5054256388201206
t12.2022.07.29,train,vocal,t12.2022.07.27,179,i baked them a cake,15,K,4,final,cake,140,172,32,35,35,156,160,156,160,0.9999633976273563
t12.2022.07.29,train,vocal,t12.2022.07.27,179,i baked them a cake,16,SIL,4,sil,cake,144,196,52,36,41,160,184,160,184,0.9878457057044457
t12.2022.07.29,train,vocal,t12.2022.07.27,180,enjoy what you just read,0,EH,0,initial,enjoy,28,60,32,7,7,44,48,16,48,0.12469857039655471
t12.2022.07.29,train,vocal,t12.2022.07.27,180,enjoy what you just read,1,N,0,medial,enjoy,32,64,32,8,8,48,52,48,52,0.005373319043311765
t12.2022.07.29,train,vocal,t12.2022.07.27,180,enjoy what you just read,2,JH,0,medial,enjoy,36,68,32,9,9,52,56,52,56,0.013156845202891617
t12.2022.07.29,train,vocal,t12.2022.07.27,180,enjoy what you just read,3,OY,0,final,enjoy,40,72,32,10,10,56,60,56,60,0.01447955123012721
t12.2022.07.29,train,vocal,t12.2022.07.27,180,enjoy what you just read,4,SIL,0,sil,enjoy,44,80,36,11,12,60,68,60,68,0.9978666384896155
t12.2022.07.29,train,vocal,t12.2022.07.27,180,enjoy what you just read,5,W,1,initial,what,52,84,32,13,13,68,72,68,72,0.999933227744989
t12.2022.07.29,train,vocal,t12.2022.07.27,180,enjoy what you just read,6,AH,1,medial,what,56,88,32,14,14,72,76,72,76,0.9999020774716679
t12.2022.07.29,train,vocal,t12.2022.07.27,180,enjoy what you just read,7,T,1,final,what,60,96,36,15,16,76,84,76,84,0.9896441863905907
t12.2022.07.29,train,vocal,t12.2022.07.27,180,enjoy what you just read,8,SIL,1,sil,what,68,108,40,17,19,84,96,84,96,0.9994543965143784
t12.2022.07.29,train,vocal,t12.2022.07.27,180,enjoy what you just read,9,Y,2,initial,you,80,112,32,20,20,96,100,96,104,0.9977689444745272
t12.2022.07.29,train,vocal,t12.2022.07.27,180,enjoy what you just read,10,UW,2,final,you,88,120,32,22,22,104,108,104,108,0.9995022185496335
t12.2022.07.29,train,vocal,t12.2022.07.27,180,enjoy what you just read,11,SIL,2,sil,you,92,136,44,23,26,108,124,108,124,0.9617673607835637
t12.2022.07.29,train,vocal,t12.2022.07.27,180,enjoy what you just read,12,JH,3,initial,just,108,140,32,27,27,124,128,124,132,0.9957636835480648
t12.2022.07.29,train,vocal,t12.2022.07.27,180,enjoy what you just read,13,AH,3,medial,just,116,148,32,29,29,132,136,132,136,0.9788170083973423
t12.2022.07.29,train,vocal,t12.2022.07.27,180,enjoy what you just read,14,S,3,medial,just,120,152,32,30,30,136,140,136,140,0.999954739603199
t12.2022.07.29,train,vocal,t12.2022.07.27,180,enjoy what you just read,15,T,3,final,just,124,156,32,31,31,140,144,140,144,0.8150395111185496
t12.2022.07.29,train,vocal,t12.2022.07.27,180,enjoy what you just read,16,SIL,3,sil,just,128,172,44,32,35,144,160,144,160,0.9973999863368479
t12.2022.07.29,train,vocal,t12.2022.07.27,180,enjoy what you just read,17,R,4,initial,read,144,180,36,36,37,160,168,160,172,0.9304431103636205
t12.2022.07.29,train,vocal,t12.2022.07.27,180,enjoy what you just read,18,EH,4,medial,read,156,188,32,39,39,172,176,172,176,0.9332245059879186
t12.2022.07.29,train,vocal,t12.2022.07.27,180,enjoy what you just read,19,D,4,final,read,160,196,36,40,41,176,184,176,184,0.8374563962440138
t12.2022.07.29,train,vocal,t12.2022.07.27,180,enjoy what you just read,20,SIL,4,sil,read,168,224,56,42,48,184,212,184,212,0.9999304902833422
t12.2022.07.29,train,vocal,t12.2022.07.27,181,it's such a trouble here,0,IH,0,initial,it's,36,68,32,9,9,52,56,16,56,0.9999991316193579
t12.2022.07.29,train,vocal,t12.2022.07.27,181,it's such a trouble here,1,T,0,medial,it's,40,72,32,10,10,56,60,56,60,0.9999941340575488
t12.2022.07.29,train,vocal,t12.2022.07.27,181,it's such a trouble here,2,S,0,final,it's,44,80,36,11,12,60,68,60,68,0.988022778331292
t12.2022.07.29,train,vocal,t12.2022.07.27,181,it's such a trouble here,3,SIL,0,sil,it's,52,92,40,13,15,68,80,68,80,0.9919972899429074
t12.2022.07.29,train,vocal,t12.2022.07.27,181,it's such a trouble here,4,S,1,initial,such,64,96,32,16,16,80,84,80,88,0.05066682443352436
t12.2022.07.29,train,vocal,t12.2022.07.27,181,it's such a trouble here,5,AH,1,medial,such,72,104,32,18,18,88,92,88,92,0.6405133998693251
t12.2022.07.29,train,vocal,t12.2022.07.27,181,it's such a trouble here,6,CH,1,final,such,76,112,36,19,20,92,100,92,100,0.20680999524335641
t12.2022.07.29,train,vocal,t12.2022.07.27,181,it's such a trouble here,7,SIL,1,sil,such,84,120,36,21,22,100,108,100,112,0.9994962486683867
t12.2022.07.29,train,vocal,t12.2022.07.27,181,it's such a trouble here,8,AH,2,single,a,96,132,36,24,25,112,120,112,120,0.8838883603902039
t12.2022.07.29,train,vocal,t12.2022.07.27,181,it's such a trouble here,9,SIL,2,sil,a,104,144,40,26,28,120,132,120,132,0.9989175800960691
t12.2022.07.29,train,vocal,t12.2022.07.27,181,it's such a trouble here,10,T,3,initial,trouble,116,152,36,29,30,132,140,132,140,0.9744575363415596
t12.2022.07.29,train,vocal,t12.2022.07.27,181,it's such a trouble here,11,R,3,medial,trouble,124,156,32,31,31,140,144,140,172,0.028624620572571972
t12.2022.07.29,train,vocal,t12.2022.07.27,181,it's such a trouble here,12,AH,3,medial,trouble,180,212,32,45,45,196,200,172,200,0.9318682483016477
t12.2022.07.29,train,vocal,t12.2022.07.27,181,it's such a trouble here,13,B,3,medial,trouble,184,216,32,46,46,200,204,200,204,0.9480934741580639
t12.2022.07.29,train,vocal,t12.2022.07.27,181,it's such a trouble here,14,AH,3,medial,trouble,188,228,40,47,49,204,216,204,216,0.9002023912513732
t12.2022.07.29,train,vocal,t12.2022.07.27,181,it's such a trouble here,15,L,3,final,trouble,200,232,32,50,50,216,220,216,220,0.9994930374119333
t12.2022.07.29,train,vocal,t12.2022.07.27,181,it's such a trouble here,16,SIL,3,sil,trouble,204,240,36,51,52,220,228,220,228,0.9992506738938042
t12.2022.07.29,train,vocal,t12.2022.07.27,181,it's such a trouble here,17,HH,4,initial,here,212,244,32,53,53,228,232,228,236,0.9996395195101325
t12.2022.07.29,train,vocal,t12.2022.07.27,181,it's such a trouble here,18,IY,4,medial,here,220,252,32,55,55,236,240,236,240,0.9999615282691184
t12.2022.07.29,train,vocal,t12.2022.07.27,181,it's such a trouble here,19,R,4,final,here,224,256,32,56,56,240,244,240,244,0.9998921854438527
t12.2022.07.29,train,vocal,t12.2022.07.27,181,it's such a trouble here,20,SIL,4,sil,here,228,276,48,57,61,244,264,244,264,0.9823935190326611
t12.2022.07.29,train,vocal,t12.2022.07.27,182,i'll keep that in mind,0,AY,0,initial,i'll,16,48,32,4,4,32,36,16,36,0.9871857392906209
t12.2022.07.29,train,vocal,t12.2022.07.27,182,i'll keep that in mind,1,L,0,final,i'll,20,52,32,5,5,36,40,36,40,0.9965989086269073
t12.2022.07.29,train,vocal,t12.2022.07.27,182,i'll keep that in mind,2,SIL,0,sil,i'll,24,68,44,6,9,40,56,40,56,0.9876280991126748
t12.2022.07.29,train,vocal,t12.2022.07.27,182,i'll keep that in mind,3,K,1,initial,keep,40,72,32,10,10,56,60,56,60,0.5388144201603344
t12.2022.07.29,train,vocal,t12.2022.07.27,182,i'll keep that in mind,4,IY,1,medial,keep,44,76,32,11,11,60,64,60,64,0.624758444625436
t12.2022.07.29,train,vocal,t12.2022.07.27,182,i'll keep that in mind,5,P,1,final,keep,48,84,36,12,13,64,72,64,72,0.637219477263594
t12.2022.07.29,train,vocal,t12.2022.07.27,182,i'll keep that in mind,6,SIL,1,sil,keep,56,92,36,14,15,72,80,72,80,0.9992736884660482
t12.2022.07.29,train,vocal,t12.2022.07.27,182,i'll keep that in mind,7,DH,2,initial,that,64,96,32,16,16,80,84,80,84,0.9550089408548418
t12.2022.07.29,train,vocal,t12.2022.07.27,182,i'll keep that in mind,8,AE,2,medial,that,68,100,32,17,17,84,88,84,88,0.9929810202348183
t12.2022.07.29,train,vocal,t12.2022.07.27,182,i'll keep that in mind,9,T,2,final,that,72,104,32,18,18,88,92,88,92,0.9999892591650803
t12.2022.07.29,train,vocal,t12.2022.07.27,182,i'll keep that in mind,10,SIL,2,sil,that,76,116,40,19,21,92,104,92,108,0.9796686992890388
t12.2022.07.29,train,vocal,t12.2022.07.27,182,i'll keep that in mind,11,IH,3,initial,in,92,124,32,23,23,108,112,108,112,0.9998121374166877
t12.2022.07.29,train,vocal,t12.2022.07.27,182,i'll keep that in mind,12,N,3,final,in,96,128,32,24,24,112,116,112,116,0.9999622747747433
t12.2022.07.29,train,vocal,t12.2022.07.27,182,i'll keep that in mind,13,SIL,3,sil,in,100,140,40,25,27,116,128,116,128,0.9706226261758494
t12.2022.07.29,train,vocal,t12.2022.07.27,182,i'll keep that in mind,14,M,4,initial,mind,112,148,36,28,29,128,136,128,136,0.9903843563048969
t12.2022.07.29,train,vocal,t12.2022.07.27,182,i'll keep that in mind,15,AY,4,medial,mind,120,152,32,30,30,136,140,136,140,0.9950199250297044
t12.2022.07.29,train,vocal,t12.2022.07.27,182,i'll keep that in mind,16,N,4,medial,mind,124,156,32,31,31,140,144,140,144,0.9999299736662984
t12.2022.07.29,train,vocal,t12.2022.07.27,182,i'll keep that in mind,17,D,4,final,mind,128,160,32,32,32,144,148,144,148,0.05274745487832473
t12.2022.07.29,train,vocal,t12.2022.07.27,182,i'll keep that in mind,18,SIL,4,sil,mind,132,184,52,33,38,148,172,148,172,0.999737233398526
t12.2022.07.29,train,vocal,t12.2022.07.27,183,i'm into computers all the time,0,AY,0,initial,i'm,12,44,32,3,3,28,32,16,32,0.9999870933988511
t12.2022.07.29,train,vocal,t12.2022.07.27,183,i'm into computers all the time,1,M,0,final,i'm,16,48,32,4,4,32,36,32,36,0.9998154110361843
t12.2022.07.29,train,vocal,t12.2022.07.27,183,i'm into computers all the time,2,SIL,0,sil,i'm,20,60,40,5,7,36,48,36,52,0.9834840721137331
t12.2022.07.29,train,vocal,t12.2022.07.27,183,i'm into computers all the time,3,IH,1,initial,into,40,72,32,10,10,56,60,52,60,0.4557260778404715
t12.2022.07.29,train,vocal,t12.2022.07.27,183,i'm into computers all the time,4,N,1,medial,into,44,76,32,11,11,60,64,60,64,0.9430137170455185
t12.2022.07.29,train,vocal,t12.2022.07.27,183,i'm into computers all the time,5,T,1,medial,into,48,84,36,12,13,64,72,64,72,0.9885036968248007
t12.2022.07.29,train,vocal,t12.2022.07.27,183,i'm into computers all the time,6,UW,1,final,into,56,88,32,14,14,72,76,72,76,0.9486535499905036
t12.2022.07.29,train,vocal,t12.2022.07.27,183,i'm into computers all the time,7,SIL,1,sil,into,60,108,48,15,19,76,96,76,96,0.9622434668802178
t12.2022.07.29,train,vocal,t12.2022.07.27,183,i'm into computers all the time,8,K,2,initial,computers,80,112,32,20,20,96,100,96,104,0.9999623493690135
t12.2022.07.29,train,vocal,t12.2022.07.27,183,i'm into computers all the time,9,AH,2,medial,computers,88,120,32,22,22,104,108,104,108,0.9994379770113335
t12.2022.07.29,train,vocal,t12.2022.07.27,183,i'm into computers all the time,10,M,2,medial,computers,92,124,32,23,23,108,112,108,112,0.9977617863948559
t12.2022.07.29,train,vocal,t12.2022.07.27,183,i'm into computers all the time,11,P,2,medial,computers,96,132,36,24,25,112,120,112,120,0.877753673750857
t12.2022.07.29,train,vocal,t12.2022.07.27,183,i'm into computers all the time,12,Y,2,medial,computers,104,136,32,26,26,120,124,120,124,0.7453922715746935
t12.2022.07.29,train,vocal,t12.2022.07.27,183,i'm into computers all the time,13,UW,2,medial,computers,108,140,32,27,27,124,128,124,128,0.48250581932419373
t12.2022.07.29,train,vocal,t12.2022.07.27,183,i'm into computers all the time,14,T,2,medial,computers,112,148,36,28,29,128,136,128,136,0.8927728715282837
t12.2022.07.29,train,vocal,t12.2022.07.27,183,i'm into computers all the time,15,ER,2,medial,computers,120,152,32,30,30,136,140,136,140,0.9998618644485593
t12.2022.07.29,train,vocal,t12.2022.07.27,183,i'm into computers all the time,16,Z,2,final,computers,124,156,32,31,31,140,144,140,144,0.5015365638058304
t12.2022.07.29,train,vocal,t12.2022.07.27,183,i'm into computers all the time,17,SIL,2,sil,computers,128,168,40,32,34,144,156,144,160,0.9740757599475486
t12.2022.07.29,train,vocal,t12.2022.07.27,183,i'm into computers all the time,18,AO,3,initial,all,148,180,32,37,37,164,168,160,168,0.9963495082334478
t12.2022.07.29,train,vocal,t12.2022.07.27,183,i'm into computers all the time,19,L,3,final,all,152,188,36,38,39,168,176,168,176,0.9996329464234925
t12.2022.07.29,train,vocal,t12.2022.07.27,183,i'm into computers all the time,20,SIL,3,sil,all,160,200,40,40,42,176,188,176,188,0.9988503170895138
t12.2022.07.29,train,vocal,t12.2022.07.27,183,i'm into computers all the time,21,DH,4,initial,the,172,208,36,43,44,188,196,188,196,0.8396299466422708
t12.2022.07.29,train,vocal,t12.2022.07.27,183,i'm into computers all the time,22,AH,4,final,the,180,212,32,45,45,196,200,196,200,0.9999994069527456
t12.2022.07.29,train,vocal,t12.2022.07.27,183,i'm into computers all the time,23,SIL,4,sil,the,184,232,48,46,50,200,220,200,220,0.8842811500315395
t12.2022.07.29,train,vocal,t12.2022.07.27,183,i'm into computers all the time,24,T,5,initial,time,204,236,32,51,51,220,224,220,228,0.9999819059252506
t12.2022.07.29,train,vocal,t12.2022.07.27,183,i'm into computers all the time,25,AY,5,medial,time,212,244,32,53,53,228,232,228,232,0.9988315703127069
t12.2022.07.29,train,vocal,t12.2022.07.27,183,i'm into computers all the time,26,M,5,final,time,216,248,32,54,54,232,236,232,236,0.9998534350244712
t12.2022.07.29,train,vocal,t12.2022.07.27,183,i'm into computers all the time,27,SIL,5,sil,time,220,268,48,55,59,236,256,236,256,0.999319354164164
t12.2022.07.29,train,vocal,t12.2022.07.27,184,so that leaves me with a choice to make,0,S,0,initial,so,32,64,32,8,8,48,52,16,56,0.0033292394028028678
t12.2022.07.29,train,vocal,t12.2022.07.27,184,so that leaves me with a choice to make,1,OW,0,final,so,40,72,32,10,10,56,60,56,64,0.011356568349206835
t12.2022.07.29,train,vocal,t12.2022.07.27,184,so that leaves me with a choice to make,2,SIL,0,sil,so,48,84,36,12,13,64,72,64,72,0.9829081625496479
t12.2022.07.29,train,vocal,t12.2022.07.27,184,so that leaves me with a choice to make,3,DH,1,initial,that,56,88,32,14,14,72,76,72,80,0.9997242309386198
t12.2022.07.29,train,vocal,t12.2022.07.27,184,so that leaves me with a choice to make,4,AE,1,medial,that,64,96,32,16,16,80,84,80,84,0.9999956102383134
t12.2022.07.29,train,vocal,t12.2022.07.27,184,so that leaves me with a choice to make,5,T,1,final,that,68,100,32,17,17,84,88,84,88,0.9999994467380032
t12.2022.07.29,train,vocal,t12.2022.07.27,184,so that leaves me with a choice to make,6,SIL,1,sil,that,72,112,40,18,20,88,100,88,100,0.9905547420604339
t12.2022.07.29,train,vocal,t12.2022.07.27,184,so that leaves me with a choice to make,7,L,2,initial,leaves,84,116,32,21,21,100,104,100,108,0.9163032997634523
t12.2022.07.29,train,vocal,t12.2022.07.27,184,so that leaves me with a choice to make,8,IY,2,medial,leaves,92,124,32,23,23,108,112,108,112,0.00632819780744668
t12.2022.07.29,train,vocal,t12.2022.07.27,184,so that leaves me with a choice to make,9,V,2,medial,leaves,96,128,32,24,24,112,116,112,120,0.7354466893181894
t12.2022.07.29,train,vocal,t12.2022.07.27,184,so that leaves me with a choice to make,10,Z,2,final,leaves,104,140,36,26,27,120,128,120,128,0.422410581750455
t12.2022.07.29,train,vocal,t12.2022.07.27,184,so that leaves me with a choice to make,11,SIL,2,sil,leaves,112,148,36,28,29,128,136,128,136,0.9984968674565349
t12.2022.07.29,train,vocal,t12.2022.07.27,184,so that leaves me with a choice to make,12,M,3,initial,me,120,152,32,30,30,136,140,136,144,0.9999027482430961
t12.2022.07.29,train,vocal,t12.2022.07.27,184,so that leaves me with a choice to make,13,IY,3,final,me,128,172,44,32,35,144,160,144,160,0.5256454324455411
t12.2022.07.29,train,vocal,t12.2022.07.27,184,so that leaves me with a choice to make,14,SIL,3,sil,me,144,192,48,36,40,160,180,160,180,0.9819190054616858
t12.2022.07.29,train,vocal,t12.2022.07.27,184,so that leaves me with a choice to make,15,W,4,initial,with,164,196,32,41,41,180,184,180,188,0.9918628433894158
t12.2022.07.29,train,vocal,t12.2022.07.27,184,so that leaves me with a choice to make,16,IH,4,medial,with,172,204,32,43,43,188,192,188,192,0.9852968381707152
t12.2022.07.29,train,vocal,t12.2022.07.27,184,so that leaves me with a choice to make,17,DH,4,final,with,176,208,32,44,44,192,196,192,196,0.8937906473419864
t12.2022.07.29,train,vocal,t12.2022.07.27,184,so that leaves me with a choice to make,18,SIL,4,sil,with,180,220,40,45,47,196,208,196,212,0.9996753736051754
t12.2022.07.29,train,vocal,t12.2022.07.27,184,so that leaves me with a choice to make,19,AH,5,single,a,200,232,32,50,50,216,220,212,220,0.999757798323793
t12.2022.07.29,train,vocal,t12.2022.07.27,184,so that leaves me with a choice to make,20,SIL,5,sil,a,204,252,48,51,55,220,240,220,240,0.9913198767129545
t12.2022.07.29,train,vocal,t12.2022.07.27,184,so that leaves me with a choice to make,21,CH,6,initial,choice,224,256,32,56,56,240,244,240,248,0.08086128647939778
t12.2022.07.29,train,vocal,t12.2022.07.27,184,so that leaves me with a choice to make,22,OY,6,medial,choice,236,268,32,59,59,252,256,248,256,0.07181445068659568
t12.2022.07.29,train,vocal,t12.2022.07.27,184,so that leaves me with a choice to make,23,S,6,final,choice,240,272,32,60,60,256,260,256,260,0.9873648436574998
t12.2022.07.29,train,vocal,t12.2022.07.27,184,so that leaves me with a choice to make,24,SIL,6,sil,choice,244,296,52,61,66,260,284,260,284,0.9803396901449956
t12.2022.07.29,train,vocal,t12.2022.07.27,184,so that leaves me with a choice to make,25,T,7,initial,to,268,300,32,67,67,284,288,284,292,0.999999616057724
t12.2022.07.29,train,vocal,t12.2022.07.27,184,so that leaves me with a choice to make,26,UW,7,final,to,276,308,32,69,69,292,296,292,296,0.9999918982484904
t12.2022.07.29,train,vocal,t12.2022.07.27,184,so that leaves me with a choice to make,27,SIL,7,sil,to,280,328,48,70,74,296,316,296,316,0.9919022510003105
t12.2022.07.29,train,vocal,t12.2022.07.27,184,so that leaves me with a choice to make,28,M,8,initial,make,300,332,32,75,75,316,320,316,324,0.9660792074373263
t12.2022.07.29,train,vocal,t12.2022.07.27,184,so that leaves me with a choice to make,29,EY,8,medial,make,308,340,32,77,77,324,328,324,328,0.9866139785658969
t12.2022.07.29,train,vocal,t12.2022.07.27,184,so that leaves me with a choice to make,30,K,8,final,make,312,344,32,78,78,328,332,328,332,0.9983286232871647
t12.2022.07.29,train,vocal,t12.2022.07.27,184,so that leaves me with a choice to make,31,SIL,8,sil,make,316,368,52,79,84,332,356,332,356,0.9349396019355591
t12.2022.07.29,train,vocal,t12.2022.07.27,185,amazon is expected to make a decision this year,0,AE,0,initial,amazon,24,56,32,6,6,40,44,16,44,0.0024412055689266325
t12.2022.07.29,train,vocal,t12.2022.07.27,185,amazon is expected to make a decision this year,1,M,0,medial,amazon,28,64,36,7,8,44,52,44,52,0.647029456411403
t12.2022.07.29,train,vocal,t12.2022.07.27,185,amazon is expected to make a decision this year,2,AH,0,medial,amazon,36,68,32,9,9,52,56,52,56,0.017914773627346177
t12.2022.07.29,train,vocal,t12.2022.07.27,185,amazon is expected to make a decision this year,3,Z,0,medial,amazon,40,72,32,10,10,56,60,56,60,0.007342808743905721
t12.2022.07.29,train,vocal,t12.2022.07.27,185,amazon is expected to make a decision this year,4,AA,0,medial,amazon,44,76,32,11,11,60,64,60,64,0.10441942899493191
t12.2022.07.29,train,vocal,t12.2022.07.27,185,amazon is expected to make a decision this year,5,N,0,final,amazon,48,92,44,12,15,64,80,64,80,0.6973428032783108
t12.2022.07.29,train,vocal,t12.2022.07.27,185,amazon is expected to make a decision this year,6,SIL,0,sil,amazon,64,104,40,16,18,80,92,80,100,0.9998091254563635
t12.2022.07.29,train,vocal,t12.2022.07.27,185,amazon is expected to make a decision this year,7,IH,1,initial,is,88,120,32,22,22,104,108,100,108,0.999992450832146
t12.2022.07.29,train,vocal,t12.2022.07.27,185,amazon is expected to make a decision this year,8,Z,1,final,is,92,124,32,23,23,108,112,108,112,0.9997454163730347
t12.2022.07.29,train,vocal,t12.2022.07.27,185,amazon is expected to make a decision this year,9,SIL,1,sil,is,96,152,56,24,30,112,140,112,144,0.9986151006593553
t12.2022.07.29,train,vocal,t12.2022.07.27,185,amazon is expected to make a decision this year,10,IH,2,initial,expected,128,160,32,32,32,144,148,144,148,0.9999741555285204
t12.2022.07.29,train,vocal,t12.2022.07.27,185,amazon is expected to make a decision this year,11,K,2,medial,expected,132,164,32,33,33,148,152,148,152,0.9984096795868689
t12.2022.07.29,train,vocal,t12.2022.07.27,185,amazon is expected to make a decision this year,12,S,2,medial,expected,136,168,32,34,34,152,156,152,156,0.999693641166812
t12.2022.07.29,train,vocal,t12.2022.07.27,185,amazon is expected to make a decision this year,13,P,2,medial,expected,140,176,36,35,36,156,164,156,168,0.787878366672454
t12.2022.07.29,train,vocal,t12.2022.07.27,185,amazon is expected to make a decision this year,14,EH,2,medial,expected,152,184,32,38,38,168,172,168,172,0.9969913160063606
t12.2022.07.29,train,vocal,t12.2022.07.27,185,amazon is expected to make a decision this year,15,K,2,medial,expected,156,188,32,39,39,172,176,172,176,0.9999566120612076
t12.2022.07.29,train,vocal,t12.2022.07.27,185,amazon is expected to make a decision this year,16,T,2,medial,expected,160,192,32,40,40,176,180,176,180,0.9937699777026217
t12.2022.07.29,train,vocal,t12.2022.07.27,185,amazon is expected to make a decision this year,17,AH,2,medial,expected,164,196,32,41,41,180,184,180,184,0.9074274772462507
t12.2022.07.29,train,vocal,t12.2022.07.27,185,amazon is expected to make a decision this year,18,D,2,final,expected,168,204,36,42,43,184,192,184,192,0.8679422450042193
t12.2022.07.29,train,vocal,t12.2022.07.27,185,amazon is expected to make a decision this year,19,SIL,2,sil,expected,176,208,32,44,44,192,196,192,196,0.9999938842862296
t12.2022.07.29,train,vocal,t12.2022.07.27,185,amazon is expected to make a decision this year,20,T,3,initial,to,180,212,32,45,45,196,200,196,204,0.9540212151754223
t12.2022.07.29,train,vocal,t12.2022.07.27,185,amazon is expected to make a decision this year,21,UW,3,final,to,188,220,32,47,47,204,208,204,208,0.9999888040384529
t12.2022.07.29,train,vocal,t12.2022.07.27,185,amazon is expected to make a decision this year,22,SIL,3,sil,to,192,260,68,48,57,208,248,208,248,0.9803797098493267
t12.2022.07.29,train,vocal,t12.2022.07.27,185,amazon is expected to make a decision this year,23,M,4,initial,make,232,264,32,58,58,248,252,248,256,0.9999184278402811
t12.2022.07.29,train,vocal,t12.2022.07.27,185,amazon is expected to make a decision this year,24,EY,4,medial,make,240,272,32,60,60,256,260,256,260,0.999760533277147
t12.2022.07.29,train,vocal,t12.2022.07.27,185,amazon is expected to make a decision this year,25,K,4,final,make,244,280,36,61,62,260,268,260,268,0.9673280075331449
t12.2022.07.29,train,vocal,t12.2022.07.27,185,amazon is expected to make a decision this year,26,SIL,4,sil,make,252,296,44,63,66,268,284,268,288,0.9958397001447277
t12.2022.07.29,train,vocal,t12.2022.07.27,185,amazon is expected to make a decision this year,27,AH,5,single,a,276,312,36,69,70,292,300,288,300,0.9981885781319786
t12.2022.07.29,train,vocal,t12.2022.07.27,185,amazon is expected to make a decision this year,28,SIL,5,sil,a,284,324,40,71,73,300,312,300,312,0.9993304151574272
t12.2022.07.29,train,vocal,t12.2022.07.27,185,amazon is expected to make a decision this year,29,D,6,initial,decision,296,328,32,74,74,312,316,312,320,0.999804371022362
t12.2022.07.29,train,vocal,t12.2022.07.27,185,amazon is expected to make a decision this year,30,IH,6,medial,decision,304,336,32,76,76,320,324,320,324,0.9999933237591488
t12.2022.07.29,train,vocal,t12.2022.07.27,185,amazon is expected to make a decision this year,31,S,6,medial,decision,308,340,32,77,77,324,328,324,328,0.9967935087440177
t12.2022.07.29,train,vocal,t12.2022.07.27,185,amazon is expected to make a decision this year,32,IH,6,medial,decision,312,348,36,78,79,328,336,328,336,0.7999102198136165
t12.2022.07.29,train,vocal,t12.2022.07.27,185,amazon is expected to make a decision this year,33,ZH,6,medial,decision,320,352,32,80,80,336,340,336,340,0.955151245767282
t12.2022.07.29,train,vocal,t12.2022.07.27,185,amazon is expected to make a decision this year,34,AH,6,medial,decision,324,356,32,81,81,340,344,340,344,0.9222895576930751
t12.2022.07.29,train,vocal,t12.2022.07.27,185,amazon is expected to make a decision this year,35,N,6,final,decision,328,360,32,82,82,344,348,344,348,0.9964787834547912
t12.2022.07.29,train,vocal,t12.2022.07.27,185,amazon is expected to make a decision this year,36,SIL,6,sil,decision,332,404,72,83,93,348,392,348,424,0.9852343156124921
t12.2022.07.29,train,vocal,t12.2022.07.27,185,amazon is expected to make a decision this year,37,DH,7,initial,this,436,468,32,109,109,452,456,424,460,0.9990470074468647
t12.2022.07.29,train,vocal,t12.2022.07.27,185,amazon is expected to make a decision this year,38,IH,7,medial,this,444,476,32,111,111,460,464,460,464,0.9999984473654971
t12.2022.07.29,train,vocal,t12.2022.07.27,185,amazon is expected to make a decision this year,39,S,7,final,this,448,480,32,112,112,464,468,464,468,0.9999928713064528
t12.2022.07.29,train,vocal,t12.2022.07.27,185,amazon is expected to make a decision this year,40,SIL,7,sil,this,452,488,36,113,114,468,476,468,476,0.9987544753775301
t12.2022.07.29,train,vocal,t12.2022.07.27,185,amazon is expected to make a decision this year,41,Y,8,initial,year,460,496,36,115,116,476,484,476,484,0.8876985486109634
t12.2022.07.29,train,vocal,t12.2022.07.27,185,amazon is expected to make a decision this year,42,IH,8,medial,year,468,500,32,117,117,484,488,484,488,0.9838262765517151
t12.2022.07.29,train,vocal,t12.2022.07.27,185,amazon is expected to make a decision this year,43,R,8,final,year,472,504,32,118,118,488,492,488,492,0.8957883268234276
t12.2022.07.29,train,vocal,t12.2022.07.27,185,amazon is expected to make a decision this year,44,SIL,8,sil,year,476,552,76,119,130,492,540,492,540,0.9999730701703783
t12.2022.07.29,train,vocal,t12.2022.07.27,186,see a full list of closures here,0,S,0,initial,see,60,92,32,15,15,76,80,16,132,6.328929684398129e-05
t12.2022.07.29,train,vocal,t12.2022.07.27,186,see a full list of closures here,1,IY,0,final,see,164,196,32,41,41,180,184,132,188,0.0360822497190577
t12.2022.07.29,train,vocal,t12.2022.07.27,186,see a full list of closures here,2,SIL,0,sil,see,172,212,40,43,45,188,200,188,204,0.9718272390117108
t12.2022.07.29,train,vocal,t12.2022.07.27,186,see a full list of closures here,3,AH,1,single,a,188,220,32,47,47,204,208,204,208,0.9999987817780412
t12.2022.07.29,train,vocal,t12.2022.07.27,186,see a full list of closures here,4,SIL,1,sil,a,192,236,44,48,51,208,224,208,224,0.8781252547873819
t12.2022.07.29,train,vocal,t12.2022.07.27,186,see a full list of closures here,5,F,2,initial,full,208,240,32,52,52,224,228,224,232,0.9375183431613804
t12.2022.07.29,train,vocal,t12.2022.07.27,186,see a full list of closures here,6,UH,2,medial,full,216,248,32,54,54,232,236,232,236,0.002521386425001779
t12.2022.07.29,train,vocal,t12.2022.07.27,186,see a full list of closures here,7,L,2,final,full,220,260,40,55,57,236,248,236,248,0.8607399492225337
t12.2022.07.29,train,vocal,t12.2022.07.27,186,see a full list of closures here,8,SIL,2,sil,full,232,272,40,58,60,248,260,248,260,0.9885826785275825
t12.2022.07.29,train,vocal,t12.2022.07.27,186,see a full list of closures here,9,L,3,initial,list,244,276,32,61,61,260,264,260,268,0.7401367822135396
t12.2022.07.29,train,vocal,t12.2022.07.27,186,see a full list of closures here,10,IH,3,medial,list,256,288,32,64,64,272,276,268,276,0.001374894138720869
t12.2022.07.29,train,vocal,t12.2022.07.27,186,see a full list of closures here,11,S,3,medial,list,260,292,32,65,65,276,280,276,280,0.9982607315141299
t12.2022.07.29,train,vocal,t12.2022.07.27,186,see a full list of closures here,12,T,3,final,list,264,296,32,66,66,280,284,280,284,0.6810094534501236
t12.2022.07.29,train,vocal,t12.2022.07.27,186,see a full list of closures here,13,SIL,3,sil,list,268,320,52,67,72,284,308,284,312,0.98669436181667
t12.2022.07.29,train,vocal,t12.2022.07.27,186,see a full list of closures here,14,AH,4,initial,of,300,332,32,75,75,316,320,312,320,0.9999937093905661
t12.2022.07.29,train,vocal,t12.2022.07.27,186,see a full list of closures here,15,V,4,final,of,304,340,36,76,77,320,328,320,328,0.9844349455170476
t12.2022.07.29,train,vocal,t12.2022.07.27,186,see a full list of closures here,16,SIL,4,sil,of,312,352,40,78,80,328,340,328,340,0.9333063082035742
t12.2022.07.29,train,vocal,t12.2022.07.27,186,see a full list of closures here,17,K,5,initial,closures,324,356,32,81,81,340,344,340,344,0.0013724474628733052
t12.2022.07.29,train,vocal,t12.2022.07.27,186,see a full list of closures here,18,L,5,medial,closures,328,360,32,82,82,344,348,344,352,0.004618413473357194
t12.2022.07.29,train,vocal,t12.2022.07.27,186,see a full list of closures here,19,OW,5,medial,closures,336,368,32,84,84,352,356,352,356,0.02305289006702621
t12.2022.07.29,train,vocal,t12.2022.07.27,186,see a full list of closures here,20,ZH,5,medial,closures,340,372,32,85,85,356,360,356,364,0.0009781882306564569
t12.2022.07.29,train,vocal,t12.2022.07.27,186,see a full list of closures here,21,ER,5,medial,closures,348,380,32,87,87,364,368,364,368,0.8233063394081355
t12.2022.07.29,train,vocal,t12.2022.07.27,186,see a full list of closures here,22,Z,5,final,closures,352,388,36,88,89,368,376,368,376,0.9286128423735485
t12.2022.07.29,train,vocal,t12.2022.07.27,186,see a full list of closures here,23,SIL,5,sil,closures,360,400,40,90,92,376,388,376,388,0.9989585399870687
t12.2022.07.29,train,vocal,t12.2022.07.27,186,see a full list of closures here,24,HH,6,initial,here,372,408,36,93,94,388,396,388,396,0.9609327808660908
t12.2022.07.29,train,vocal,t12.2022.07.27,186,see a full list of closures here,25,IY,6,medial,here,380,412,32,95,95,396,400,396,400,0.999998129187026
t12.2022.07.29,train,vocal,t12.2022.07.27,186,see a full list of closures here,26,R,6,final,here,384,420,36,96,97,400,408,400,408,0.9118713008682353
t12.2022.07.29,train,vocal,t12.2022.07.27,186,see a full list of closures here,27,SIL,6,sil,here,392,440,48,98,102,408,428,408,428,0.9972056923123288
t12.2022.07.29,train,vocal,t12.2022.07.27,187,we were sitting there wondering,0,W,0,initial,we,56,92,36,14,15,72,80,16,80,0.9992027233583529
t12.2022.07.29,train,vocal,t12.2022.07.27,187,we were sitting there wondering,1,IY,0,final,we,64,96,32,16,16,80,84,80,88,0.9999794605854394
t12.2022.07.29,train,vocal,t12.2022.07.27,187,we were sitting there wondering,2,SIL,0,sil,we,72,112,40,18,20,88,100,88,100,0.9732911593174656
t12.2022.07.29,train,vocal,t12.2022.07.27,187,we were sitting there wondering,3,W,1,initial,were,84,116,32,21,21,100,104,100,104,0.999157000659787
t12.2022.07.29,train,vocal,t12.2022.07.27,187,we were sitting there wondering,4,ER,1,final,were,88,124,36,22,23,104,112,104,112,0.9962370617299166
t12.2022.07.29,train,vocal,t12.2022.07.27,187,we were sitting there wondering,5,SIL,1,sil,were,96,140,44,24,27,112,128,112,128,0.9977951699065435
t12.2022.07.29,train,vocal,t12.2022.07.27,187,we were sitting there wondering,6,S,2,initial,sitting,112,144,32,28,28,128,132,128,136,0.7133110811360115
t12.2022.07.29,train,vocal,t12.2022.07.27,187,we were sitting there wondering,7,IH,2,medial,sitting,120,152,32,30,30,136,140,136,140,0.004322920018587648
t12.2022.07.29,train,vocal,t12.2022.07.27,187,we were sitting there wondering,8,T,2,medial,sitting,124,156,32,31,31,140,144,140,148,0.08433554206723741
t12.2022.07.29,train,vocal,t12.2022.07.27,187,we were sitting there wondering,9,IH,2,medial,sitting,132,164,32,33,33,148,152,148,152,0.9999940262666827
t12.2022.07.29,train,vocal,t12.2022.07.27,187,we were sitting there wondering,10,NG,2,final,sitting,136,172,36,34,35,152,160,152,160,0.9521326942196453
t12.2022.07.29,train,vocal,t12.2022.07.27,187,we were sitting there wondering,11,SIL,2,sil,sitting,144,176,32,36,36,160,164,160,164,0.9999812643794335
t12.2022.07.29,train,vocal,t12.2022.07.27,187,we were sitting there wondering,12,DH,3,initial,there,148,180,32,37,37,164,168,164,172,0.9999648529274051
t12.2022.07.29,train,vocal,t12.2022.07.27,187,we were sitting there wondering,13,EH,3,medial,there,156,188,32,39,39,172,176,172,176,0.9985677683834837
t12.2022.07.29,train,vocal,t12.2022.07.27,187,we were sitting there wondering,14,R,3,final,there,160,192,32,40,40,176,180,176,180,0.995333710135422
t12.2022.07.29,train,vocal,t12.2022.07.27,187,we were sitting there wondering,15,SIL,3,sil,there,164,232,68,41,50,180,220,180,220,0.9731600007318002
t12.2022.07.29,train,vocal,t12.2022.07.27,187,we were sitting there wondering,16,W,4,initial,wondering,204,236,32,51,51,220,224,220,228,0.9998359862911118
t12.2022.07.29,train,vocal,t12.2022.07.27,187,we were sitting there wondering,17,AH,4,medial,wondering,212,244,32,53,53,228,232,228,232,0.9721876520986547
t12.2022.07.29,train,vocal,t12.2022.07.27,187,we were sitting there wondering,18,N,4,medial,wondering,216,248,32,54,54,232,236,232,236,0.9907117503327704
t12.2022.07.29,train,vocal,t12.2022.07.27,187,we were sitting there wondering,19,D,4,medial,wondering,220,252,32,55,55,236,240,236,244,0.2638373790141252
t12.2022.07.29,train,vocal,t12.2022.07.27,187,we were sitting there wondering,20,ER,4,medial,wondering,228,260,32,57,57,244,248,244,248,0.9595559857343016
t12.2022.07.29,train,vocal,t12.2022.07.27,187,we were sitting there wondering,21,IH,4,medial,wondering,232,264,32,58,58,248,252,248,252,0.1142483501273492
t12.2022.07.29,train,vocal,t12.2022.07.27,187,we were sitting there wondering,22,NG,4,final,wondering,236,268,32,59,59,252,256,252,256,0.17263673144657887
t12.2022.07.29,train,vocal,t12.2022.07.27,187,we were sitting there wondering,23,SIL,4,sil,wondering,240,284,44,60,63,256,272,256,272,0.9979066341294192
t12.2022.07.29,train,vocal,t12.2022.07.27,188,a little italian village,0,AH,0,single,a,44,80,36,11,12,60,68,16,68,0.7455871897154713
t12.2022.07.29,train,vocal,t12.2022.07.27,188,a little italian village,1,SIL,0,sil,a,52,88,36,13,14,68,76,68,76,0.9994033680314627
t12.2022.07.29,train,vocal,t12.2022.07.27,188,a little italian village,2,L,1,initial,little,60,96,36,15,16,76,84,76,84,0.999232661781117
t12.2022.07.29,train,vocal,t12.2022.07.27,188,a little italian village,3,IH,1,medial,little,68,100,32,17,17,84,88,84,88,0.9994033893855031
t12.2022.07.29,train,vocal,t12.2022.07.27,188,a little italian village,4,T,1,medial,little,72,104,32,18,18,88,92,88,92,0.999978284341472
t12.2022.07.29,train,vocal,t12.2022.07.27,188,a little italian village,5,AH,1,medial,little,76,112,36,19,20,92,100,92,100,0.9783297178526933
t12.2022.07.29,train,vocal,t12.2022.07.27,188,a little italian village,6,L,1,final,little,84,116,32,21,21,100,104,100,104,0.999998874293087
t12.2022.07.29,train,vocal,t12.2022.07.27,188,a little italian village,7,SIL,1,sil,little,88,124,36,22,23,104,112,104,116,0.9614681590494973
t12.2022.07.29,train,vocal,t12.2022.07.27,188,a little italian village,8,IH,2,initial,italian,104,136,32,26,26,120,124,116,124,0.05343375896552123
t12.2022.07.29,train,vocal,t12.2022.07.27,188,a little italian village,9,T,2,medial,italian,108,140,32,27,27,124,128,124,132,0.03855720523187845
t12.2022.07.29,train,vocal,t12.2022.07.27,188,a little italian village,10,AE,2,medial,italian,116,148,32,29,29,132,136,132,136,0.0052628767401392725
t12.2022.07.29,train,vocal,t12.2022.07.27,188,a little italian village,11,L,2,medial,italian,120,152,32,30,30,136,140,136,140,0.7947360441494714
t12.2022.07.29,train,vocal,t12.2022.07.27,188,a little italian village,12,Y,2,medial,italian,124,156,32,31,31,140,144,140,144,0.6222486649743334
t12.2022.07.29,train,vocal,t12.2022.07.27,188,a little italian village,13,AH,2,medial,italian,128,160,32,32,32,144,148,144,148,0.9980639469311826
t12.2022.07.29,train,vocal,t12.2022.07.27,188,a little italian village,14,N,2,final,italian,132,168,36,33,34,148,156,148,156,0.9765230573497568
t12.2022.07.29,train,vocal,t12.2022.07.27,188,a little italian village,15,SIL,2,sil,italian,140,184,44,35,38,156,172,156,172,0.9593439666646142
t12.2022.07.29,train,vocal,t12.2022.07.27,188,a little italian village,16,V,3,initial,village,156,188,32,39,39,172,176,172,180,0.05591673743022925
t12.2022.07.29,train,vocal,t12.2022.07.27,188,a little italian village,17,IH,3,medial,village,164,196,32,41,41,180,184,180,184,0.32582304058189876
t12.2022.07.29,train,vocal,t12.2022.07.27,188,a little italian village,18,L,3,medial,village,168,200,32,42,42,184,188,184,188,0.9977229856270842
t12.2022.07.29,train,vocal,t12.2022.07.27,188,a little italian village,19,AH,3,medial,village,172,204,32,43,43,188,192,188,192,0.0308051796628624
t12.2022.07.29,train,vocal,t12.2022.07.27,188,a little italian village,20,JH,3,final,village,176,212,36,44,45,192,200,192,200,0.4596408909958358
t12.2022.07.29,train,vocal,t12.2022.07.27,188,a little italian village,21,SIL,3,sil,village,184,228,44,46,49,200,216,200,216,0.9958750242120905
t12.2022.07.29,train,vocal,t12.2022.07.27,189,their mother's maiden name,0,DH,0,initial,their,40,72,32,10,10,56,60,16,64,0.9995259295606697
t12.2022.07.29,train,vocal,t12.2022.07.27,189,their mother's maiden name,1,EH,0,medial,their,48,80,32,12,12,64,68,64,68,0.9994153592432097
t12.2022.07.29,train,vocal,t12.2022.07.27,189,their mother's maiden name,2,R,0,final,their,52,84,32,13,13,68,72,68,72,0.9999231133740052
t12.2022.07.29,train,vocal,t12.2022.07.27,189,their mother's maiden name,3,SIL,0,sil,their,56,96,40,14,16,72,84,72,84,0.8472333257419215
t12.2022.07.29,train,vocal,t12.2022.07.27,189,their mother's maiden name,4,M,1,initial,mother's,68,100,32,17,17,84,88,84,92,0.27429610173210184
t12.2022.07.29,train,vocal,t12.2022.07.27,189,their mother's maiden name,5,AH,1,medial,mother's,80,112,32,20,20,96,100,92,100,0.5889342674356148
t12.2022.07.29,train,vocal,t12.2022.07.27,189,their mother's maiden name,6,DH,1,medial,mother's,84,116,32,21,21,100,104,100,104,0.9998416952428999
t12.2022.07.29,train,vocal,t12.2022.07.27,189,their mother's maiden name,7,ER,1,medial,mother's,88,124,36,22,23,104,112,104,112,0.8122583386321998
t12.2022.07.29,train,vocal,t12.2022.07.27,189,their mother's maiden name,8,Z,1,final,mother's,96,128,32,24,24,112,116,112,116,0.15666753462093258
t12.2022.07.29,train,vocal,t12.2022.07.27,189,their mother's maiden name,9,SIL,1,sil,mother's,100,140,40,25,27,116,128,116,128,0.9927282711361959
t12.2022.07.29,train,vocal,t12.2022.07.27,189,their mother's maiden name,10,M,2,initial,maiden,112,144,32,28,28,128,132,128,136,0.6929622259129767
t12.2022.07.29,train,vocal,t12.2022.07.27,189,their mother's maiden name,11,EY,2,medial,maiden,124,156,32,31,31,140,144,136,144,0.9646591343805767
t12.2022.07.29,train,vocal,t12.2022.07.27,189,their mother's maiden name,12,D,2,medial,maiden,128,160,32,32,32,144,148,144,152,0.7026513421512403
t12.2022.07.29,train,vocal,t12.2022.07.27,189,their mother's maiden name,13,AH,2,medial,maiden,136,168,32,34,34,152,156,152,156,0.00971503586592506
t12.2022.07.29,train,vocal,t12.2022.07.27,189,their mother's maiden name,14,N,2,final,maiden,140,172,32,35,35,156,160,156,160,0.1649073017921215
t12.2022.07.29,train,vocal,t12.2022.07.27,189,their mother's maiden name,15,SIL,2,sil,maiden,144,184,40,36,38,160,172,160,172,0.903196703914135
t12.2022.07.29,train,vocal,t12.2022.07.27,189,their mother's maiden name,16,N,3,initial,name,156,188,32,39,39,172,176,172,180,0.9797450634575697
t12.2022.07.29,train,vocal,t12.2022.07.27,189,their mother's maiden name,17,EY,3,medial,name,164,196,32,41,41,180,184,180,184,0.37190146509894834
t12.2022.07.29,train,vocal,t12.2022.07.27,189,their mother's maiden name,18,M,3,final,name,168,200,32,42,42,184,188,184,188,0.9999375204008301
t12.2022.07.29,train,vocal,t12.2022.07.27,189,their mother's maiden name,19,SIL,3,sil,name,172,228,56,43,49,188,216,188,216,0.9838202738766139
t12.2022.07.29,train,vocal,t12.2022.07.27,190,day care for the shift workers,0,D,0,initial,day,36,68,32,9,9,52,56,16,60,0.005649488517607776
t12.2022.07.29,train,vocal,t12.2022.07.27,190,day care for the shift workers,1,EY,0,final,day,44,76,32,11,11,60,64,60,68,0.8823180484870583
t12.2022.07.29,train,vocal,t12.2022.07.27,190,day care for the shift workers,2,SIL,0,sil,day,52,88,36,13,14,68,76,68,76,0.9390283067525376
t12.2022.07.29,train,vocal,t12.2022.07.27,190,day care for the shift workers,3,K,1,initial,care,60,92,32,15,15,76,80,76,84,0.993749965409477
t12.2022.07.29,train,vocal,t12.2022.07.27,190,day care for the shift workers,4,EH,1,medial,care,68,100,32,17,17,84,88,84,88,0.9839332101966831
t12.2022.07.29,train,vocal,t12.2022.07.27,190,day care for the shift workers,5,R,1,final,care,72,104,32,18,18,88,92,88,92,0.9988787194828294
t12.2022.07.29,train,vocal,t12.2022.07.27,190,day care for the shift workers,6,SIL,1,sil,care,76,128,52,19,24,92,116,92,116,0.9804501859776288
t12.2022.07.29,train,vocal,t12.2022.07.27,190,day care for the shift workers,7,F,2,initial,for,100,136,36,25,26,116,124,116,128,0.9696795886030216
t12.2022.07.29,train,vocal,t12.2022.07.27,190,day care for the shift workers,8,AO,2,medial,for,112,144,32,28,28,128,132,128,132,0.9999996626880184
t12.2022.07.29,train,vocal,t12.2022.07.27,190,day care for the shift workers,9,R,2,final,for,116,152,36,29,30,132,140,132,140,0.9911050553280782
t12.2022.07.29,train,vocal,t12.2022.07.27,190,day care for the shift workers,10,SIL,2,sil,for,124,168,44,31,34,140,156,140,156,0.9994572856284913
t12.2022.07.29,train,vocal,t12.2022.07.27,190,day care for the shift workers,11,DH,3,initial,the,140,172,32,35,35,156,160,156,164,0.9999930691744183
t12.2022.07.29,train,vocal,t12.2022.07.27,190,day care for the shift workers,12,AH,3,final,the,148,184,36,37,38,164,172,164,172,0.9537184555719209
t12.2022.07.29,train,vocal,t12.2022.07.27,190,day care for the shift workers,13,SIL,3,sil,the,156,228,72,39,49,172,216,172,216,0.9070584230320222
t12.2022.07.29,train,vocal,t12.2022.07.27,190,day care for the shift workers,14,SH,4,initial,shift,200,232,32,50,50,216,220,216,228,0.00035634037224659707
t12.2022.07.29,train,vocal,t12.2022.07.27,190,day care for the shift workers,15,IH,4,medial,shift,216,248,32,54,54,232,236,228,236,0.14804808924959278
t12.2022.07.29,train,vocal,t12.2022.07.27,190,day care for the shift workers,16,F,4,medial,shift,220,252,32,55,55,236,240,236,240,0.9979191429236361
t12.2022.07.29,train,vocal,t12.2022.07.27,190,day care for the shift workers,17,T,4,final,shift,224,256,32,56,56,240,244,240,244,0.04135246013501478
t12.2022.07.29,train,vocal,t12.2022.07.27,190,day care for the shift workers,18,SIL,4,sil,shift,228,272,44,57,60,244,260,244,260,0.9638737871057717
t12.2022.07.29,train,vocal,t12.2022.07.27,190,day care for the shift workers,19,W,5,initial,workers,244,276,32,61,61,260,264,260,268,0.9939534213687029
t12.2022.07.29,train,vocal,t12.2022.07.27,190,day care for the shift workers,20,ER,5,medial,workers,252,284,32,63,63,268,272,268,272,0.9986103752725869
t12.2022.07.29,train,vocal,t12.2022.07.27,190,day care for the shift workers,21,K,5,medial,workers,256,292,36,64,65,272,280,272,280,0.9888649577439375
t12.2022.07.29,train,vocal,t12.2022.07.27,190,day care for the shift workers,22,ER,5,medial,workers,264,296,32,66,66,280,284,280,284,0.00014746307668411727
t12.2022.07.29,train,vocal,t12.2022.07.27,190,day care for the shift workers,23,Z,5,final,workers,268,300,32,67,67,284,288,284,288,2.983779033968787e-06
t12.2022.07.29,train,vocal,t12.2022.07.27,190,day care for the shift workers,24,SIL,5,sil,workers,272,312,40,68,70,288,300,288,300,0.9999896019920095
t12.2022.07.29,train,vocal,t12.2022.07.27,191,they created a breed standard,0,DH,0,initial,they,36,68,32,9,9,52,56,16,60,0.9988555459453117
t12.2022.07.29,train,vocal,t12.2022.07.27,191,they created a breed standard,1,EY,0,final,they,44,76,32,11,11,60,64,60,68,0.9992835492474323
t12.2022.07.29,train,vocal,t12.2022.07.27,191,they created a breed standard,2,SIL,0,sil,they,52,92,40,13,15,68,80,68,80,0.9997244590552619
t12.2022.07.29,train,vocal,t12.2022.07.27,191,they created a breed standard,3,K,1,initial,created,64,96,32,16,16,80,84,80,84,0.00045709120986376153
t12.2022.07.29,train,vocal,t12.2022.07.27,191,they created a breed standard,4,R,1,medial,created,68,100,32,17,17,84,88,84,88,0.28296413765825523
t12.2022.07.29,train,vocal,t12.2022.07.27,191,they created a breed standard,5,IY,1,medial,created,72,104,32,18,18,88,92,88,92,9.293224589653925e-05
t12.2022.07.29,train,vocal,t12.2022.07.27,191,they created a breed standard,6,EY,1,medial,created,76,108,32,19,19,92,96,92,96,0.7012052834466059
t12.2022.07.29,train,vocal,t12.2022.07.27,191,they created a breed standard,7,T,1,medial,created,80,116,36,20,21,96,104,96,108,0.7371036878105985
t12.2022.07.29,train,vocal,t12.2022.07.27,191,they created a breed standard,8,AH,1,medial,created,92,124,32,23,23,108,112,108,112,0.7249983539729712
t12.2022.07.29,train,vocal,t12.2022.07.27,191,they created a breed standard,9,D,1,final,created,96,132,36,24,25,112,120,112,120,0.8903958583363352
t12.2022.07.29,train,vocal,t12.2022.07.27,191,they created a breed standard,10,SIL,1,sil,created,104,144,40,26,28,120,132,120,136,0.9972436371554348
t12.2022.07.29,train,vocal,t12.2022.07.27,191,they created a breed standard,11,AH,2,single,a,124,156,32,31,31,140,144,136,144,0.9999883735421082
t12.2022.07.29,train,vocal,t12.2022.07.27,191,they created a breed standard,12,SIL,2,sil,a,128,180,52,32,37,144,168,144,168,0.9840701265158248
t12.2022.07.29,train,vocal,t12.2022.07.27,191,they created a breed standard,13,B,3,initial,breed,152,184,32,38,38,168,172,168,172,0.9999885670431384
t12.2022.07.29,train,vocal,t12.2022.07.27,191,they created a breed standard,14,R,3,medial,breed,156,188,32,39,39,172,176,172,180,0.030371628755379482
t12.2022.07.29,train,vocal,t12.2022.07.27,191,they created a breed standard,15,IY,3,medial,breed,164,196,32,41,41,180,184,180,188,0.40976741804430067
t12.2022.07.29,train,vocal,t12.2022.07.27,191,they created a breed standard,16,D,3,final,breed,172,204,32,43,43,188,192,188,192,0.43228084570229136
t12.2022.07.29,train,vocal,t12.2022.07.27,191,they created a breed standard,17,SIL,3,sil,breed,176,216,40,44,46,192,204,192,204,0.999770479031179
t12.2022.07.29,train,vocal,t12.2022.07.27,191,they created a breed standard,18,S,4,initial,standard,188,220,32,47,47,204,208,204,208,0.0329644601667182
t12.2022.07.29,train,vocal,t12.2022.07.27,191,they created a breed standard,19,T,4,medial,standard,192,224,32,48,48,208,212,208,216,0.37323278595122095
t12.2022.07.29,train,vocal,t12.2022.07.27,191,they created a breed standard,20,AE,4,medial,standard,200,232,32,50,50,216,220,216,220,0.1459300123694458
t12.2022.07.29,train,vocal,t12.2022.07.27,191,they created a breed standard,21,N,4,medial,standard,204,236,32,51,51,220,224,220,224,0.9895734128827263
t12.2022.07.29,train,vocal,t12.2022.07.27,191,they created a breed standard,22,D,4,medial,standard,208,240,32,52,52,224,228,224,232,0.8986385422853738
t12.2022.07.29,train,vocal,t12.2022.07.27,191,they created a breed standard,23,ER,4,medial,standard,216,248,32,54,54,232,236,232,236,0.39992621490716773
t12.2022.07.29,train,vocal,t12.2022.07.27,191,they created a breed standard,24,D,4,final,standard,220,252,32,55,55,236,240,236,240,0.9937882459366373
t12.2022.07.29,train,vocal,t12.2022.07.27,191,they created a breed standard,25,SIL,4,sil,standard,224,264,40,56,58,240,252,240,252,0.983625267318208
t12.2022.07.29,train,vocal,t12.2022.07.27,192,front of our house,0,F,0,initial,front,12,44,32,3,3,28,32,16,32,0.00031328839515488115
t12.2022.07.29,train,vocal,t12.2022.07.27,192,front of our house,1,R,0,medial,front,16,48,32,4,4,32,36,32,36,0.010938888263742346
t12.2022.07.29,train,vocal,t12.2022.07.27,192,front of our house,2,AH,0,medial,front,20,52,32,5,5,36,40,36,40,0.007670935428264819
t12.2022.07.29,train,vocal,t12.2022.07.27,192,front of our house,3,N,0,medial,front,24,56,32,6,6,40,44,40,44,0.6609084604845223
t12.2022.07.29,train,vocal,t12.2022.07.27,192,front of our house,4,T,0,final,front,28,60,32,7,7,44,48,44,48,0.9903615660460982
t12.2022.07.29,train,vocal,t12.2022.07.27,192,front of our house,5,SIL,0,sil,front,32,68,36,8,9,48,56,48,60,0.9522306374453817
t12.2022.07.29,train,vocal,t12.2022.07.27,192,front of our house,6,AH,1,initial,of,48,80,32,12,12,64,68,60,68,0.9995759239036349
t12.2022.07.29,train,vocal,t12.2022.07.27,192,front of our house,7,V,1,final,of,52,84,32,13,13,68,72,68,72,0.9999737777471891
t12.2022.07.29,train,vocal,t12.2022.07.27,192,front of our house,8,SIL,1,sil,of,56,96,40,14,16,72,84,72,88,0.997598334018574
t12.2022.07.29,train,vocal,t12.2022.07.27,192,front of our house,9,AW,2,initial,our,76,108,32,19,19,92,96,88,96,0.6001139684688329
t12.2022.07.29,train,vocal,t12.2022.07.27,192,front of our house,10,ER,2,final,our,80,112,32,20,20,96,100,96,100,0.2371383758113857
t12.2022.07.29,train,vocal,t12.2022.07.27,192,front of our house,11,SIL,2,sil,our,84,144,60,21,28,100,132,100,132,0.9977964481342234
t12.2022.07.29,train,vocal,t12.2022.07.27,192,front of our house,12,HH,3,initial,house,116,148,32,29,29,132,136,132,140,0.0025169632192361736
t12.2022.07.29,train,vocal,t12.2022.07.27,192,front of our house,13,AW,3,medial,house,124,156,32,31,31,140,144,140,152,0.7770147476972906
t12.2022.07.29,train,vocal,t12.2022.07.27,192,front of our house,14,S,3,final,house,140,176,36,35,36,156,164,152,164,0.6659299346212392
t12.2022.07.29,train,vocal,t12.2022.07.27,192,front of our house,15,SIL,3,sil,house,148,200,52,37,42,164,188,164,188,0.99951553243225
t12.2022.07.29,train,vocal,t12.2022.07.27,193,try to think from their point of view,0,T,0,initial,try,48,80,32,12,12,64,68,16,68,0.042020076821164785
t12.2022.07.29,train,vocal,t12.2022.07.27,193,try to think from their point of view,1,R,0,medial,try,52,84,32,13,13,68,72,68,72,0.9534279154480928
t12.2022.07.29,train,vocal,t12.2022.07.27,193,try to think from their point of view,2,AY,0,final,try,56,88,32,14,14,72,76,72,80,0.9971100846934778
t12.2022.07.29,train,vocal,t12.2022.07.27,193,try to think from their point of view,3,SIL,0,sil,try,64,104,40,16,18,80,92,80,92,0.9158958413097
t12.2022.07.29,train,vocal,t12.2022.07.27,193,try to think from their point of view,4,T,1,initial,to,76,108,32,19,19,92,96,92,100,0.355683148025374
t12.2022.07.29,train,vocal,t12.2022.07.27,193,try to think from their point of view,5,UW,1,final,to,84,116,32,21,21,100,104,100,108,0.9999784670874953
t12.2022.07.29,train,vocal,t12.2022.07.27,193,try to think from their point of view,6,SIL,1,sil,to,92,128,36,23,24,108,116,108,116,0.9994804193384831
t12.2022.07.29,train,vocal,t12.2022.07.27,193,try to think from their point of view,7,TH,2,initial,think,100,132,32,25,25,116,120,116,124,0.9999948453897546
t12.2022.07.29,train,vocal,t12.2022.07.27,193,try to think from their point of view,8,IH,2,medial,think,108,140,32,27,27,124,128,124,128,0.9999943678597002
t12.2022.07.29,train,vocal,t12.2022.07.27,193,try to think from their point of view,9,NG,2,medial,think,112,144,32,28,28,128,132,128,132,0.9999304386039003
t12.2022.07.29,train,vocal,t12.2022.07.27,193,try to think from their point of view,10,K,2,final,think,116,152,36,29,30,132,140,132,140,0.9952400882549972
t12.2022.07.29,train,vocal,t12.2022.07.27,193,try to think from their point of view,11,SIL,2,sil,think,124,172,48,31,35,140,160,140,160,0.9980569638766212
t12.2022.07.29,train,vocal,t12.2022.07.27,193,try to think from their point of view,12,F,3,initial,from,144,176,32,36,36,160,164,160,164,0.998358398430468
t12.2022.07.29,train,vocal,t12.2022.07.27,193,try to think from their point of view,13,R,3,medial,from,148,180,32,37,37,164,168,164,168,0.9994332381103965
t12.2022.07.29,train,vocal,t12.2022.07.27,193,try to think from their point of view,14,AH,3,medial,from,152,184,32,38,38,168,172,168,172,0.9999797726638233
t12.2022.07.29,train,vocal,t12.2022.07.27,193,try to think from their point of view,15,M,3,final,from,156,192,36,39,40,172,180,172,180,0.9689291356120142
t12.2022.07.29,train,vocal,t12.2022.07.27,193,try to think from their point of view,16,SIL,3,sil,from,164,204,40,41,43,180,192,180,192,0.9999176046039574
t12.2022.07.29,train,vocal,t12.2022.07.27,193,try to think from their point of view,17,DH,4,initial,their,176,212,36,44,45,192,200,192,200,0.7823644915182937
t12.2022.07.29,train,vocal,t12.2022.07.27,193,try to think from their point of view,18,EH,4,medial,their,184,216,32,46,46,200,204,200,204,0.23773508055149037
t12.2022.07.29,train,vocal,t12.2022.07.27,193,try to think from their point of view,19,R,4,final,their,188,220,32,47,47,204,208,204,208,0.9467046092744114
t12.2022.07.29,train,vocal,t12.2022.07.27,193,try to think from their point of view,20,SIL,4,sil,their,192,236,44,48,51,208,224,208,224,0.9961352034434301
t12.2022.07.29,train,vocal,t12.2022.07.27,193,try to think from their point of view,21,P,5,initial,point,208,240,32,52,52,224,228,224,232,0.755993576164171
t12.2022.07.29,train,vocal,t12.2022.07.27,193,try to think from their point of view,22,OY,5,medial,point,216,248,32,54,54,232,236,232,236,0.9919244567977706
t12.2022.07.29,train,vocal,t12.2022.07.27,193,try to think from their point of view,23,N,5,medial,point,220,252,32,55,55,236,240,236,240,0.999838986102889
t12.2022.07.29,train,vocal,t12.2022.07.27,193,try to think from their point of view,24,T,5,final,point,224,260,36,56,57,240,248,240,248,0.9951223586652558
t12.2022.07.29,train,vocal,t12.2022.07.27,193,try to think from their point of view,25,SIL,5,sil,point,232,272,40,58,60,248,260,248,264,0.9833745740689367
t12.2022.07.29,train,vocal,t12.2022.07.27,193,try to think from their point of view,26,AH,6,initial,of,252,284,32,63,63,268,272,264,272,0.9999987835372185
t12.2022.07.29,train,vocal,t12.2022.07.27,193,try to think from their point of view,27,V,6,final,of,256,288,32,64,64,272,276,272,276,0.9999732837255839
t12.2022.07.29,train,vocal,t12.2022.07.27,193,try to think from their point of view,28,SIL,6,sil,of,260,300,40,65,67,276,288,276,288,0.9919766620147418
t12.2022.07.29,train,vocal,t12.2022.07.27,193,try to think from their point of view,29,V,7,initial,view,272,304,32,68,68,288,292,288,292,0.9987055892085979
t12.2022.07.29,train,vocal,t12.2022.07.27,193,try to think from their point of view,30,Y,7,medial,view,276,312,36,69,70,292,300,292,300,0.8433342292475043
t12.2022.07.29,train,vocal,t12.2022.07.27,193,try to think from their point of view,31,UW,7,final,view,284,316,32,71,71,300,304,300,304,0.9998053234151895
t12.2022.07.29,train,vocal,t12.2022.07.27,193,try to think from their point of view,32,SIL,7,sil,view,288,344,56,72,78,304,332,304,332,0.9995686244159634
t12.2022.07.29,train,vocal,t12.2022.07.27,194,you're not going to go,0,Y,0,initial,you're,28,60,32,7,7,44,48,16,52,0.9998615819441786
t12.2022.07.29,train,vocal,t12.2022.07.27,194,you're not going to go,1,UH,0,medial,you're,36,68,32,9,9,52,56,52,56,0.9920403644100135
t12.2022.07.29,train,vocal,t12.2022.07.27,194,you're not going to go,2,R,0,final,you're,40,72,32,10,10,56,60,56,60,0.9944843179677005
t12.2022.07.29,train,vocal,t12.2022.07.27,194,you're not going to go,3,SIL,0,sil,you're,44,84,40,11,13,60,72,60,72,0.9992575543747572
t12.2022.07.29,train,vocal,t12.2022.07.27,194,you're not going to go,4,N,1,initial,not,56,88,32,14,14,72,76,72,80,0.29100166061165833
t12.2022.07.29,train,vocal,t12.2022.07.27,194,you're not going to go,5,AA,1,medial,not,64,96,32,16,16,80,84,80,84,0.37574714783221214
t12.2022.07.29,train,vocal,t12.2022.07.27,194,you're not going to go,6,T,1,final,not,68,108,40,17,19,84,96,84,96,0.8805411661831223
t12.2022.07.29,train,vocal,t12.2022.07.27,194,you're not going to go,7,SIL,1,sil,not,80,120,40,20,22,96,108,96,108,0.9719637744381465
t12.2022.07.29,train,vocal,t12.2022.07.27,194,you're not going to go,8,G,2,initial,going,92,124,32,23,23,108,112,108,116,0.9994682546111161
t12.2022.07.29,train,vocal,t12.2022.07.27,194,you're not going to go,9,OW,2,medial,going,104,136,32,26,26,120,124,116,124,0.93716990833952
t12.2022.07.29,train,vocal,t12.2022.07.27,194,you're not going to go,10,IH,2,medial,going,108,140,32,27,27,124,128,124,128,0.9999549622013266
t12.2022.07.29,train,vocal,t12.2022.07.27,194,you're not going to go,11,NG,2,final,going,112,148,36,28,29,128,136,128,136,0.8560900582639185
t12.2022.07.29,train,vocal,t12.2022.07.27,194,you're not going to go,12,SIL,2,sil,going,120,184,64,30,38,136,172,136,172,0.971398432870243
t12.2022.07.29,train,vocal,t12.2022.07.27,194,you're not going to go,13,T,3,initial,to,156,188,32,39,39,172,176,172,180,0.9999978899005756
t12.2022.07.29,train,vocal,t12.2022.07.27,194,you're not going to go,14,UW,3,final,to,164,196,32,41,41,180,184,180,184,0.9999975035007664
t12.2022.07.29,train,vocal,t12.2022.07.27,194,you're not going to go,15,SIL,3,sil,to,168,208,40,42,44,184,196,184,196,0.9868138451022977
t12.2022.07.29,train,vocal,t12.2022.07.27,194,you're not going to go,16,G,4,initial,go,180,212,32,45,45,196,200,196,204,0.9425830258547787
t12.2022.07.29,train,vocal,t12.2022.07.27,194,you're not going to go,17,OW,4,final,go,188,224,36,47,48,204,212,204,212,0.7763803311539896
t12.2022.07.29,train,vocal,t12.2022.07.27,194,you're not going to go,18,SIL,4,sil,go,196,244,48,49,53,212,232,212,232,0.9991640980211581
t12.2022.07.29,train,vocal,t12.2022.07.27,195,either one of them would be a decent choice,0,IY,0,initial,either,60,92,32,15,15,76,80,16,80,0.006181506734313151
t12.2022.07.29,train,vocal,t12.2022.07.27,195,either one of them would be a decent choice,1,DH,0,medial,either,64,96,32,16,16,80,84,80,84,0.025012395347438997
t12.2022.07.29,train,vocal,t12.2022.07.27,195,either one of them would be a decent choice,2,ER,0,final,either,68,100,32,17,17,84,88,84,88,0.11783053848148368
t12.2022.07.29,train,vocal,t12.2022.07.27,195,either one of them would be a decent choice,3,SIL,0,sil,either,72,112,40,18,20,88,100,88,100,0.9939171865951127
t12.2022.07.29,train,vocal,t12.2022.07.27,195,either one of them would be a decent choice,4,W,1,initial,one,84,116,32,21,21,100,104,100,108,0.8221893565085984
t12.2022.07.29,train,vocal,t12.2022.07.27,195,either one of them would be a decent choice,5,AH,1,medial,one,92,124,32,23,23,108,112,108,112,0.2036845605292745
t12.2022.07.29,train,vocal,t12.2022.07.27,195,either one of them would be a decent choice,6,N,1,final,one,96,132,36,24,25,112,120,112,120,0.9842091865885003
t12.2022.07.29,train,vocal,t12.2022.07.27,195,either one of them would be a decent choice,7,SIL,1,sil,one,104,148,44,26,29,120,136,120,140,0.9770241604407897
t12.2022.07.29,train,vocal,t12.2022.07.27,195,either one of them would be a decent choice,8,AH,2,initial,of,124,156,32,31,31,140,144,140,144,0.9999487341207967
t12.2022.07.29,train,vocal,t12.2022.07.27,195,either one of them would be a decent choice,9,V,2,final,of,128,160,32,32,32,144,148,144,148,0.9999298646023408
t12.2022.07.29,train,vocal,t12.2022.07.27,195,either one of them would be a decent choice,10,SIL,2,sil,of,132,172,40,33,35,148,160,148,160,0.9374287686034096
t12.2022.07.29,train,vocal,t12.2022.07.27,195,either one of them would be a decent choice,11,DH,3,initial,them,144,176,32,36,36,160,164,160,168,0.9989637876952054
t12.2022.07.29,train,vocal,t12.2022.07.27,195,either one of them would be a decent choice,12,EH,3,medial,them,152,184,32,38,38,168,172,168,172,0.9999190696745022
t12.2022.07.29,train,vocal,t12.2022.07.27,195,either one of them would be a decent choice,13,M,3,final,them,156,188,32,39,39,172,176,172,176,0.9999982070065551
t12.2022.07.29,train,vocal,t12.2022.07.27,195,either one of them would be a decent choice,14,SIL,3,sil,them,160,212,52,40,45,176,200,176,200,0.972423941758762
t12.2022.07.29,train,vocal,t12.2022.07.27,195,either one of them would be a decent choice,15,W,4,initial,would,184,216,32,46,46,200,204,200,208,0.999973479186413
t12.2022.07.29,train,vocal,t12.2022.07.27,195,either one of them would be a decent choice,16,UH,4,medial,would,192,224,32,48,48,208,212,208,212,0.999740889608629
t12.2022.07.29,train,vocal,t12.2022.07.27,195,either one of them would be a decent choice,17,D,4,final,would,196,232,36,49,50,212,220,212,220,0.9623069782479017
t12.2022.07.29,train,vocal,t12.2022.07.27,195,either one of them would be a decent choice,18,SIL,4,sil,would,204,240,36,51,52,220,228,220,228,0.9991231599070955
t12.2022.07.29,train,vocal,t12.2022.07.27,195,either one of them would be a decent choice,19,B,5,initial,be,212,244,32,53,53,228,232,228,236,0.9998007565249067
t12.2022.07.29,train,vocal,t12.2022.07.27,195,either one of them would be a decent choice,20,IY,5,final,be,220,252,32,55,55,236,240,236,244,0.999987782331097
t12.2022.07.29,train,vocal,t12.2022.07.27,195,either one of them would be a decent choice,21,SIL,5,sil,be,228,264,36,57,58,244,252,244,256,0.9999306788648211
t12.2022.07.29,train,vocal,t12.2022.07.27,195,either one of them would be a decent choice,22,AH,6,single,a,244,276,32,61,61,260,264,256,264,0.9999989604774152
t12.2022.07.29,train,vocal,t12.2022.07.27,195,either one of them would be a decent choice,23,SIL,6,sil,a,248,292,44,62,65,264,280,264,280,0.9644901482393622
t12.2022.07.29,train,vocal,t12.2022.07.27,195,either one of them would be a decent choice,24,D,7,initial,decent,264,300,36,66,67,280,288,280,288,0.7783547430657582
t12.2022.07.29,train,vocal,t12.2022.07.27,195,either one of them would be a decent choice,25,IY,7,medial,decent,272,304,32,68,68,288,292,288,292,0.21157734575189088
t12.2022.07.29,train,vocal,t12.2022.07.27,195,either one of them would be a decent choice,26,S,7,medial,decent,276,312,36,69,70,292,300,292,304,0.5068959541250233
t12.2022.07.29,train,vocal,t12.2022.07.27,195,either one of them would be a decent choice,27,AH,7,medial,decent,292,328,36,73,74,308,316,304,316,0.9701725790812439
t12.2022.07.29,train,vocal,t12.2022.07.27,195,either one of them would be a decent choice,28,N,7,medial,decent,300,332,32,75,75,316,320,316,320,0.9973353694194584
t12.2022.07.29,train,vocal,t12.2022.07.27,195,either one of them would be a decent choice,29,T,7,final,decent,304,336,32,76,76,320,324,320,324,2.32115869715408e-05
t12.2022.07.29,train,vocal,t12.2022.07.27,195,either one of them would be a decent choice,30,SIL,7,sil,decent,308,352,44,77,80,324,340,324,340,0.9999485067714023
t12.2022.07.29,train,vocal,t12.2022.07.27,195,either one of them would be a decent choice,31,CH,8,initial,choice,324,356,32,81,81,340,344,340,348,0.8788405750335315
t12.2022.07.29,train,vocal,t12.2022.07.27,195,either one of them would be a decent choice,32,OY,8,medial,choice,332,364,32,83,83,348,352,348,352,0.9878760509775992
t12.2022.07.29,train,vocal,t12.2022.07.27,195,either one of them would be a decent choice,33,S,8,final,choice,336,368,32,84,84,352,356,352,356,0.9711935901066777
t12.2022.07.29,train,vocal,t12.2022.07.27,195,either one of them would be a decent choice,34,SIL,8,sil,choice,340,396,56,85,91,356,384,356,384,0.993680653746068
t12.2022.07.29,train,vocal,t12.2022.07.27,196,that is kind of wild,0,DH,0,initial,that,32,64,32,8,8,48,52,16,56,0.999986914270756
t12.2022.07.29,train,vocal,t12.2022.07.27,196,that is kind of wild,1,AE,0,medial,that,40,72,32,10,10,56,60,56,60,0.9999819927718888
t12.2022.07.29,train,vocal,t12.2022.07.27,196,that is kind of wild,2,T,0,final,that,44,76,32,11,11,60,64,60,64,0.9999964391859537
t12.2022.07.29,train,vocal,t12.2022.07.27,196,that is kind of wild,3,SIL,0,sil,that,48,84,36,12,13,64,72,64,76,0.9996258740692139
t12.2022.07.29,train,vocal,t12.2022.07.27,196,that is kind of wild,4,IH,1,initial,is,60,92,32,15,15,76,80,76,80,0.9999954609569927
t12.2022.07.29,train,vocal,t12.2022.07.27,196,that is kind of wild,5,Z,1,final,is,64,96,32,16,16,80,84,80,84,0.9999928699652321
t12.2022.07.29,train,vocal,t12.2022.07.27,196,that is kind of wild,6,SIL,1,sil,is,68,108,40,17,19,84,96,84,96,0.9969960075101286
t12.2022.07.29,train,vocal,t12.2022.07.27,196,that is kind of wild,7,K,2,initial,kind,80,112,32,20,20,96,100,96,104,0.9992328717193806
t12.2022.07.29,train,vocal,t12.2022.07.27,196,that is kind of wild,8,AY,2,medial,kind,92,124,32,23,23,108,112,104,112,0.9999859913644535
t12.2022.07.29,train,vocal,t12.2022.07.27,196,that is kind of wild,9,N,2,medial,kind,96,128,32,24,24,112,116,112,116,0.9998784734594055
t12.2022.07.29,train,vocal,t12.2022.07.27,196,that is kind of wild,10,D,2,final,kind,100,136,36,25,26,116,124,116,124,0.9952004907173922
t12.2022.07.29,train,vocal,t12.2022.07.27,196,that is kind of wild,11,SIL,2,sil,kind,108,144,36,27,28,124,132,124,136,0.9621860022469619
t12.2022.07.29,train,vocal,t12.2022.07.27,196,that is kind of wild,12,AH,3,initial,of,120,152,32,30,30,136,140,136,140,0.9999999428944141
t12.2022.07.29,train,vocal,t12.2022.07.27,196,that is kind of wild,13,V,3,final,of,124,156,32,31,31,140,144,140,144,0.9998882524260395
t12.2022.07.29,train,vocal,t12.2022.07.27,196,that is kind of wild,14,SIL,3,sil,of,128,164,36,32,33,144,152,144,152,0.9935241830495363
t12.2022.07.29,train,vocal,t12.2022.07.27,196,that is kind of wild,15,W,4,initial,wild,136,168,32,34,34,152,156,152,160,0.0002606420418767132
t12.2022.07.29,train,vocal,t12.2022.07.27,196,that is kind of wild,16,AY,4,medial,wild,144,176,32,36,36,160,164,160,164,0.030670769010336683
t12.2022.07.29,train,vocal,t12.2022.07.27,196,that is kind of wild,17,L,4,medial,wild,148,184,36,37,38,164,172,164,172,0.9210252187113708
t12.2022.07.29,train,vocal,t12.2022.07.27,196,that is kind of wild,18,D,4,final,wild,156,192,36,39,40,172,180,172,180,0.9907258691750453
t12.2022.07.29,train,vocal,t12.2022.07.27,196,that is kind of wild,19,SIL,4,sil,wild,164,216,52,41,46,180,204,180,204,0.9947938752930893
t12.2022.07.29,train,vocal,t12.2022.07.27,197,i don't want to mess those up,0,AY,0,single,i,68,100,32,17,17,84,88,16,88,0.9999982525391568
t12.2022.07.29,train,vocal,t12.2022.07.27,197,i don't want to mess those up,1,SIL,0,sil,i,72,116,44,18,21,88,104,88,104,0.9888837718217327
t12.2022.07.29,train,vocal,t12.2022.07.27,197,i don't want to mess those up,2,D,1,initial,don't,88,124,36,22,23,104,112,104,112,0.9844217823305997
t12.2022.07.29,train,vocal,t12.2022.07.27,197,i don't want to mess those up,3,OW,1,medial,don't,96,128,32,24,24,112,116,112,116,0.9999982808343818
t12.2022.07.29,train,vocal,t12.2022.07.27,197,i don't want to mess those up,4,N,1,medial,don't,100,132,32,25,25,116,120,116,120,0.9999752079822062
t12.2022.07.29,train,vocal,t12.2022.07.27,197,i don't want to mess those up,5,T,1,final,don't,104,140,36,26,27,120,128,120,128,0.9968863372356255
t12.2022.07.29,train,vocal,t12.2022.07.27,197,i don't want to mess those up,6,SIL,1,sil,don't,112,144,32,28,28,128,132,128,132,0.9998356834993489
t12.2022.07.29,train,vocal,t12.2022.07.27,197,i don't want to mess those up,7,W,2,initial,want,116,148,32,29,29,132,136,132,140,0.9865258009385359
t12.2022.07.29,train,vocal,t12.2022.07.27,197,i don't want to mess those up,8,AA,2,medial,want,124,156,32,31,31,140,144,140,144,0.9665913471684545
t12.2022.07.29,train,vocal,t12.2022.07.27,197,i don't want to mess those up,9,N,2,medial,want,128,160,32,32,32,144,148,144,148,0.9999675449943297
t12.2022.07.29,train,vocal,t12.2022.07.27,197,i don't want to mess those up,10,T,2,final,want,132,168,36,33,34,148,156,148,156,0.9999158910555836
t12.2022.07.29,train,vocal,t12.2022.07.27,197,i don't want to mess those up,11,SIL,2,sil,want,140,196,56,35,41,156,184,156,184,0.967386000808518
t12.2022.07.29,train,vocal,t12.2022.07.27,197,i don't want to mess those up,12,T,3,initial,to,168,200,32,42,42,184,188,184,192,0.9999989060727384
t12.2022.07.29,train,vocal,t12.2022.07.27,197,i don't want to mess those up,13,UW,3,final,to,176,208,32,44,44,192,196,192,196,0.999995361142055
t12.2022.07.29,train,vocal,t12.2022.07.27,197,i don't want to mess those up,14,SIL,3,sil,to,180,224,44,45,48,196,212,196,212,0.9923892393601923
t12.2022.07.29,train,vocal,t12.2022.07.27,197,i don't want to mess those up,15,M,4,initial,mess,196,228,32,49,49,212,216,212,220,0.009789954659855559
t12.2022.07.29,train,vocal,t12.2022.07.27,197,i don't want to mess those up,16,EH,4,medial,mess,208,240,32,52,52,224,228,220,228,0.6161957660225347
t12.2022.07.29,train,vocal,t12.2022.07.27,197,i don't want to mess those up,17,S,4,final,mess,212,244,32,53,53,228,232,228,232,0.027748512591882272
t12.2022.07.29,train,vocal,t12.2022.07.27,197,i don't want to mess those up,18,SIL,4,sil,mess,216,260,44,54,57,232,248,232,248,0.9983075350165033
t12.2022.07.29,train,vocal,t12.2022.07.27,197,i don't want to mess those up,19,DH,5,initial,those,232,264,32,58,58,248,252,248,256,0.01838308271899971
t12.2022.07.29,train,vocal,t12.2022.07.27,197,i don't want to mess those up,20,OW,5,medial,those,240,272,32,60,60,256,260,256,260,0.31011806319308105
t12.2022.07.29,train,vocal,t12.2022.07.27,197,i don't want to mess those up,21,Z,5,final,those,244,284,40,61,63,260,272,260,272,0.6161544856972366
t12.2022.07.29,train,vocal,t12.2022.07.27,197,i don't want to mess those up,22,SIL,5,sil,those,256,292,36,64,65,272,280,272,284,0.9237149911523301
t12.2022.07.29,train,vocal,t12.2022.07.27,197,i don't want to mess those up,23,AH,6,initial,up,272,304,32,68,68,288,292,284,292,0.7473974575945925
t12.2022.07.29,train,vocal,t12.2022.07.27,197,i don't want to mess those up,24,P,6,final,up,276,312,36,69,70,292,300,292,300,0.9914777722634642
t12.2022.07.29,train,vocal,t12.2022.07.27,197,i don't want to mess those up,25,SIL,6,sil,up,284,328,44,71,74,300,316,300,316,0.9998251281454631
t12.2022.07.29,train,vocal,t12.2022.07.27,198,we found that in jamaica,0,W,0,initial,we,68,100,32,17,17,84,88,16,92,0.9999721622245851
t12.2022.07.29,train,vocal,t12.2022.07.27,198,we found that in jamaica,1,IY,0,final,we,76,108,32,19,19,92,96,92,100,0.999999564961677
t12.2022.07.29,train,vocal,t12.2022.07.27,198,we found that in jamaica,2,SIL,0,sil,we,84,128,44,21,24,100,116,100,116,0.9969840683048815
t12.2022.07.29,train,vocal,t12.2022.07.27,198,we found that in jamaica,3,F,1,initial,found,100,132,32,25,25,116,120,116,124,0.000448729781059813
t12.2022.07.29,train,vocal,t12.2022.07.27,198,we found that in jamaica,4,AW,1,medial,found,112,144,32,28,28,128,132,124,132,0.5951553910557534
t12.2022.07.29,train,vocal,t12.2022.07.27,198,we found that in jamaica,5,N,1,medial,found,116,148,32,29,29,132,136,132,136,0.001430941457180766
t12.2022.07.29,train,vocal,t12.2022.07.27,198,we found that in jamaica,6,D,1,final,found,120,152,32,30,30,136,140,136,140,0.6803559651076826
t12.2022.07.29,train,vocal,t12.2022.07.27,198,we found that in jamaica,7,SIL,1,sil,found,124,160,36,31,32,140,148,140,148,0.9815243597440777
t12.2022.07.29,train,vocal,t12.2022.07.27,198,we found that in jamaica,8,DH,2,initial,that,132,164,32,33,33,148,152,148,152,0.929953118772823
t12.2022.07.29,train,vocal,t12.2022.07.27,198,we found that in jamaica,9,AE,2,medial,that,136,168,32,34,34,152,156,152,156,0.4677970802476195
t12.2022.07.29,train,vocal,t12.2022.07.27,198,we found that in jamaica,10,T,2,final,that,140,172,32,35,35,156,160,156,160,0.9999192632400722
t12.2022.07.29,train,vocal,t12.2022.07.27,198,we found that in jamaica,11,SIL,2,sil,that,144,184,40,36,38,160,172,160,176,0.993845047261996
t12.2022.07.29,train,vocal,t12.2022.07.27,198,we found that in jamaica,12,IH,3,initial,in,164,196,32,41,41,180,184,176,184,0.9999988018783703
t12.2022.07.29,train,vocal,t12.2022.07.27,198,we found that in jamaica,13,N,3,final,in,168,200,32,42,42,184,188,184,188,0.9999746818882325
t12.2022.07.29,train,vocal,t12.2022.07.27,198,we found that in jamaica,14,SIL,3,sil,in,172,232,60,43,50,188,220,188,220,0.9971974105925465
t12.2022.07.29,train,vocal,t12.2022.07.27,198,we found that in jamaica,15,JH,4,initial,jamaica,204,236,32,51,51,220,224,220,228,0.0006362845965869811
t12.2022.07.29,train,vocal,t12.2022.07.27,198,we found that in jamaica,16,AH,4,medial,jamaica,212,244,32,53,53,228,232,228,232,0.9507617459525762
t12.2022.07.29,train,vocal,t12.2022.07.27,198,we found that in jamaica,17,M,4,medial,jamaica,216,248,32,54,54,232,236,232,240,0.9708373032260164
t12.2022.07.29,train,vocal,t12.2022.07.27,198,we found that in jamaica,18,EY,4,medial,jamaica,228,260,32,57,57,244,248,240,248,0.017596317980470077
t12.2022.07.29,train,vocal,t12.2022.07.27,198,we found that in jamaica,19,K,4,medial,jamaica,232,272,40,58,60,248,260,248,264,0.8202225833370292
t12.2022.07.29,train,vocal,t12.2022.07.27,198,we found that in jamaica,20,AH,4,final,jamaica,248,280,32,62,62,264,268,264,268,0.0027137425716855373
t12.2022.07.29,train,vocal,t12.2022.07.27,198,we found that in jamaica,21,SIL,4,sil,jamaica,252,312,60,63,70,268,300,268,300,0.8778744354905712
t12.2022.07.29,train,vocal,t12.2022.07.27,199,one of the calls i'd gotten before,0,W,0,initial,one,32,64,32,8,8,48,52,16,52,0.9999339670841175
t12.2022.07.29,train,vocal,t12.2022.07.27,199,one of the calls i'd gotten before,1,AH,0,medial,one,36,68,32,9,9,52,56,52,56,0.02530685310540372
t12.2022.07.29,train,vocal,t12.2022.07.27,199,one of the calls i'd gotten before,2,N,0,final,one,40,76,36,10,11,56,64,56,64,0.9968163845571173
t12.2022.07.29,train,vocal,t12.2022.07.27,199,one of the calls i'd gotten before,3,SIL,0,sil,one,48,84,36,12,13,64,72,64,76,0.9971120885720138
t12.2022.07.29,train,vocal,t12.2022.07.27,199,one of the calls i'd gotten before,4,AH,1,initial,of,64,96,32,16,16,80,84,76,84,0.9997866851028364
t12.2022.07.29,train,vocal,t12.2022.07.27,199,one of the calls i'd gotten before,5,V,1,final,of,68,100,32,17,17,84,88,84,88,0.9999442627960251
t12.2022.07.29,train,vocal,t12.2022.07.27,199,one of the calls i'd gotten before,6,SIL,1,sil,of,72,112,40,18,20,88,100,88,100,0.9289594575060992
t12.2022.07.29,train,vocal,t12.2022.07.27,199,one of the calls i'd gotten before,7,DH,2,initial,the,84,116,32,21,21,100,104,100,108,0.9998517887760121
t12.2022.07.29,train,vocal,t12.2022.07.27,199,one of the calls i'd gotten before,8,AH,2,final,the,92,124,32,23,23,108,112,108,112,0.999999845657123
t12.2022.07.29,train,vocal,t12.2022.07.27,199,one of the calls i'd gotten before,9,SIL,2,sil,the,96,144,48,24,28,112,132,112,132,0.9315072273323487
t12.2022.07.29,train,vocal,t12.2022.07.27,199,one of the calls i'd gotten before,10,K,3,initial,calls,116,148,32,29,29,132,136,132,140,0.9727031102061907
t12.2022.07.29,train,vocal,t12.2022.07.27,199,one of the calls i'd gotten before,11,AO,3,medial,calls,128,160,32,32,32,144,148,140,148,0.0010729545098738366
t12.2022.07.29,train,vocal,t12.2022.07.27,199,one of the calls i'd gotten before,12,L,3,medial,calls,132,172,40,33,35,148,160,148,160,0.8351848055780021
t12.2022.07.29,train,vocal,t12.2022.07.27,199,one of the calls i'd gotten before,13,Z,3,final,calls,144,176,32,36,36,160,164,160,164,0.9843063239927031
t12.2022.07.29,train,vocal,t12.2022.07.27,199,one of the calls i'd gotten before,14,SIL,3,sil,calls,148,184,36,37,38,164,172,164,176,0.9535954282258925
t12.2022.07.29,train,vocal,t12.2022.07.27,199,one of the calls i'd gotten before,15,AY,4,initial,i'd,164,196,32,41,41,180,184,176,184,0.7611670409632755
t12.2022.07.29,train,vocal,t12.2022.07.27,199,one of the calls i'd gotten before,16,D,4,final,i'd,168,200,32,42,42,184,188,184,188,0.9998188866508533
t12.2022.07.29,train,vocal,t12.2022.07.27,199,one of the calls i'd gotten before,17,SIL,4,sil,i'd,172,220,48,43,47,188,208,188,208,0.8893373183880579
t12.2022.07.29,train,vocal,t12.2022.07.27,199,one of the calls i'd gotten before,18,G,5,initial,gotten,192,224,32,48,48,208,212,208,216,0.9999300814947623
t12.2022.07.29,train,vocal,t12.2022.07.27,199,one of the calls i'd gotten before,19,AA,5,medial,gotten,200,232,32,50,50,216,220,216,220,0.029934731733363144
t12.2022.07.29,train,vocal,t12.2022.07.27,199,one of the calls i'd gotten before,20,T,5,medial,gotten,204,236,32,51,51,220,224,220,224,0.0546451062043201
t12.2022.07.29,train,vocal,t12.2022.07.27,199,one of the calls i'd gotten before,21,AH,5,medial,gotten,208,240,32,52,52,224,228,224,228,0.020663504313311667
t12.2022.07.29,train,vocal,t12.2022.07.27,199,one of the calls i'd gotten before,22,N,5,final,gotten,212,244,32,53,53,228,232,228,232,0.012293993570093097
t12.2022.07.29,train,vocal,t12.2022.07.27,199,one of the calls i'd gotten before,23,SIL,5,sil,gotten,216,260,44,54,57,232,248,232,248,0.9998822710718683
t12.2022.07.29,train,vocal,t12.2022.07.27,199,one of the calls i'd gotten before,24,B,6,initial,before,232,264,32,58,58,248,252,248,256,0.9994471445652797
t12.2022.07.29,train,vocal,t12.2022.07.27,199,one of the calls i'd gotten before,25,IH,6,medial,before,244,276,32,61,61,260,264,256,264,0.9122172685502339
t12.2022.07.29,train,vocal,t12.2022.07.27,199,one of the calls i'd gotten before,26,F,6,medial,before,248,280,32,62,62,264,268,264,268,0.9998977358259457
t12.2022.07.29,train,vocal,t12.2022.07.27,199,one of the calls i'd gotten before,27,AO,6,medial,before,252,288,36,63,64,268,276,268,276,0.8635527318476469
t12.2022.07.29,train,vocal,t12.2022.07.27,199,one of the calls i'd gotten before,28,R,6,final,before,260,292,32,65,65,276,280,276,280,0.9996770156346662
t12.2022.07.29,train,vocal,t12.2022.07.27,199,one of the calls i'd gotten before,29,SIL,6,sil,before,264,300,36,66,67,280,288,280,288,0.8214786181168923
