session,partition,modality,input_layer_from,trial_idx,sentence,phone_idx,phoneme,word_idx,position_in_word,word,start_bin,end_bin,n_bins,rnn_start_step,rnn_end_step,rnn_center_start,rnn_center_end,seg_start_bin,seg_end_bin,score
t12.2022.05.19,train,vocal,t12.2022.05.19,0,you need answers to four important questions,0,Y,0,initial,you,12,52,40,3,5,28,40,16,40,0.856778847346663
t12.2022.05.19,train,vocal,t12.2022.05.19,0,you need answers to four important questions,1,UW,0,final,you,24,56,32,6,6,40,44,40,44,0.9999917039852625
t12.2022.05.19,train,vocal,t12.2022.05.19,0,you need answers to four important questions,2,SIL,0,sil,you,28,72,44,7,10,44,60,44,60,0.8994738871192668
t12.2022.05.19,train,vocal,t12.2022.05.19,0,you need answers to four important questions,3,N,1,initial,need,44,76,32,11,11,60,64,60,68,0.9996884472494033
t12.2022.05.19,train,vocal,t12.2022.05.19,0,you need answers to four important questions,4,IY,1,medial,need,52,84,32,13,13,68,72,68,72,0.9998274541202367
t12.2022.05.19,train,vocal,t12.2022.05.19,0,you need answers to four important questions,5,D,1,final,need,56,88,32,14,14,72,76,72,76,0.9995006360224368
t12.2022.05.19,train,vocal,t12.2022.05.19,0,you need answers to four important questions,6,SIL,1,sil,need,60,100,40,15,17,76,88,76,92,0.9270527210094194
t12.2022.05.19,train,vocal,t12.2022.05.19,0,you need answers to four important questions,7,AE,2,initial,answers,80,112,32,20,20,96,100,92,100,0.9970760281345727
t12.2022.05.19,train,vocal,t12.2022.05.19,0,you need answers to four important questions,8,N,2,medial,answers,84,116,32,21,21,100,104,100,104,0.999829990660776
t12.2022.05.19,train,vocal,t12.2022.05.19,0,you need answers to four important questions,9,S,2,medial,answers,88,124,36,22,23,104,112,104,116,0.9553908054284974
t12.2022.05.19,train,vocal,t12.2022.05.19,0,you need answers to four important questions,10,ER,2,medial,answers,100,136,36,25,26,116,124,116,124,0.9314172852503001
t12.2022.05.19,train,vocal,t12.2022.05.19,0,you need answers to four important questions,11,Z,2,final,answers,108,140,32,27,27,124,128,124,128,0.995598117985923
t12.2022.05.19,train,vocal,t12.2022.05.19,0,you need answers to four important questions,12,SIL,2,sil,answers,112,156,44,28,31,128,144,128,144,0.8834198891571061
t12.2022.05.19,train,vocal,t12.2022.05.19,0,you need answers to four important questions,13,T,3,initial,to,128,164,36,32,33,144,152,144,152,0.9995124091435993
t12.2022.05.19,train,vocal,t12.2022.05.19,0,you need answers to four important questions,14,UW,3,final,to,136,168,32,34,34,152,156,152,156,0.9999983673271964
t12.2022.05.19,train,vocal,t12.2022.05.19,0,you need answers to four important questions,15,SIL,3,sil,to,140,188,48,35,39,156,176,156,176,0.9825097309450312
t12.2022.05.19,train,vocal,t12.2022.05.19,0,you need answers to four important questions,16,F,4,initial,four,160,192,32,40,40,176,180,176,184,0.9999793650812273
t12.2022.05.19,train,vocal,t12.2022.05.19,0,you need answers to four important questions,17,AO,4,medial,four,168,200,32,42,42,184,188,184,188,0.9998584836140588
t12.2022.05.19,train,vocal,t12.2022.05.19,0,you need answers to four important questions,18,R,4,final,four,172,208,36,43,44,188,196,188,196,0.9779311643189873
t12.2022.05.19,train,vocal,t12.2022.05.19,0,you need answers to four important questions,19,SIL,4,sil,four,180,220,40,45,47,196,208,196,212,0.9106275482290017
t12.2022.05.19,train,vocal,t12.2022.05.19,0,you need answers to four important questions,20,IH,5,initial,important,200,232,32,50,50,216,220,212,220,0.9994844547551736
t12.2022.05.19,train,vocal,t12.2022.05.19,0,you need answers to four important questions,21,M,5,medial,important,204,236,32,51,51,220,224,220,224,0.9996852673756972
t12.2022.05.19,train,vocal,t12.2022.05.19,0,you need answers to four important questions,22,P,5,medial,important,208,244,36,52,53,224,232,224,236,0.9296534124856954
t12.2022.05.19,train,vocal,t12.2022.05.19,0,you need answers to four important questions,23,AO,5,medial,important,220,252,32,55,55,236,240,236,240,0.9998840483462899
t12.2022.05.19,train,vocal,t12.2022.05.19,0,you need answers to four important questions,24,R,5,medial,important,224,256,32,56,56,240,244,240,244,0.9996968641957684
t12.2022.05.19,train,vocal,t12.2022.05.19,0,you need answers to four important questions,25,T,5,medial,important,228,260,32,57,57,244,248,244,248,0.9999342265968826
t12.2022.05.19,train,vocal,t12.2022.05.19,0,you need answers to four important questions,26,AH,5,medial,important,232,268,36,58,59,248,256,248,256,0.9871620977160813
t12.2022.05.19,train,vocal,t12.2022.05.19,0,you need answers to four important questions,27,N,5,medial,important,240,272,32,60,60,256,260,256,260,0.9996790064022769
t12.2022.05.19,train,vocal,t12.2022.05.19,0,you need answers to four important questions,28,T,5,final,important,244,280,36,61,62,260,268,260,268,0.8936753718281728
t12.2022.05.19,train,vocal,t12.2022.05.19,0,you need answers to four important questions,29,SIL,5,sil,important,252,284,32,63,63,268,272,268,272,0.9982484404890348
t12.2022.05.19,train,vocal,t12.2022.05.19,0,you need answers to four important questions,30,K,6,initial,questions,256,288,32,64,64,272,276,272,276,0.9919884341582432
t12.2022.05.19,train,vocal,t12.2022.05.19,0,you need answers to four important questions,31,W,6,medial,questions,260,296,36,65,66,276,284,276,284,0.9557174911522268
t12.2022.05.19,train,vocal,t12.2022.05.19,0,you need answers to four important questions,32,EH,6,medial,questions,268,300,32,67,67,284,288,284,288,0.9970448469577865
t12.2022.05.19,train,vocal,t12.2022.05.19,0,you need answers to four important questions,33,S,6,medial,questions,272,304,32,68,68,288,292,288,292,0.9832185135385245
t12.2022.05.19,train,vocal,t12.2022.05.19,0,you need answers to four important questions,34,CH,6,medial,questions,276,312,36,69,70,292,300,292,300,0.9968911053882727
t12.2022.05.19,train,vocal,t12.2022.05.19,0,you need answers to four important questions,35,AH,6,medial,questions,284,316,32,71,71,300,304,300,304,0.9999741993290593
t12.2022.05.19,train,vocal,t12.2022.05.19,0,you need answers to four important questions,36,N,6,medial,questions,288,320,32,72,72,304,308,304,308,0.9973232690684526
t12.2022.05.19,train,vocal,t12.2022.05.19,0,you need answers to four important questions,37,Z,6,final,questions,292,328,36,73,74,308,316,308,316,0.984905709821427
t12.2022.05.19,train,vocal,t12.2022.05.19,0,you need answers to four important questions,38,SIL,6,sil,questions,300,332,32,75,75,316,320,316,320,0.9965856835672694
t12.2022.05.19,train,vocal,t12.2022.05.19,1,milk appears twice a day,0,M,0,initial,milk,40,72,32,10,10,56,60,16,64,0.99988682218859
t12.2022.05.19,train,vocal,t12.2022.05.19,1,milk appears twice a day,1,IH,0,medial,milk,48,80,32,12,12,64,68,64,68,0.9992172874977067
t12.2022.05.19,train,vocal,t12.2022.05.19,1,milk appears twice a day,2,L,0,medial,milk,52,84,32,13,13,68,72,68,72,0.9980495517920968
t12.2022.05.19,train,vocal,t12.2022.05.19,1,milk appears twice a day,3,K,0,final,milk,56,92,36,14,15,72,80,72,80,0.812429095428028
t12.2022.05.19,train,vocal,t12.2022.05.19,1,milk appears twice a day,4,SIL,0,sil,milk,64,96,32,16,16,80,84,80,88,0.9993705071496636
t12.2022.05.19,train,vocal,t12.2022.05.19,1,milk appears twice a day,5,AH,1,initial,appears,76,108,32,19,19,92,96,88,100,0.9995553611745386
t12.2022.05.19,train,vocal,t12.2022.05.19,1,milk appears twice a day,6,P,1,medial,appears,84,120,36,21,22,100,108,100,112,0.9821432999442954
t12.2022.05.19,train,vocal,t12.2022.05.19,1,milk appears twice a day,7,IH,1,medial,appears,96,132,36,24,25,112,120,112,120,0.9529381550683721
t12.2022.05.19,train,vocal,t12.2022.05.19,1,milk appears twice a day,8,R,1,medial,appears,104,136,32,26,26,120,124,120,124,0.9998123966765264
t12.2022.05.19,train,vocal,t12.2022.05.19,1,milk appears twice a day,9,Z,1,final,appears,108,144,36,27,28,124,132,124,132,0.8254605248593885
t12.2022.05.19,train,vocal,t12.2022.05.19,1,milk appears twice a day,10,SIL,1,sil,appears,116,156,40,29,31,132,144,132,144,0.9884948822685163
t12.2022.05.19,train,vocal,t12.2022.05.19,1,milk appears twice a day,11,T,2,initial,twice,128,160,32,32,32,144,148,144,148,0.999505275305623
t12.2022.05.19,train,vocal,t12.2022.05.19,1,milk appears twice a day,12,W,2,medial,twice,132,168,36,33,34,148,156,148,160,0.9395441937058318
t12.2022.05.19,train,vocal,t12.2022.05.19,1,milk appears twice a day,13,AY,2,medial,twice,144,176,32,36,36,160,164,160,164,0.999845817978529
t12.2022.05.19,train,vocal,t12.2022.05.19,1,milk appears twice a day,14,S,2,final,twice,148,184,36,37,38,164,172,164,172,0.9897701576157178
t12.2022.05.19,train,vocal,t12.2022.05.19,1,milk appears twice a day,15,SIL,2,sil,twice,156,196,40,39,41,172,184,172,188,0.9920414544633217
t12.2022.05.19,train,vocal,t12.2022.05.19,1,milk appears twice a day,16,AH,3,single,a,176,208,32,44,44,192,196,188,196,0.9999896005532786
t12.2022.05.19,train,vocal,t12.2022.05.19,1,milk appears twice a day,17,SIL,3,sil,a,180,224,44,45,48,196,212,196,212,0.907115142712003
t12.2022.05.19,train,vocal,t12.2022.05.19,1,milk appears twice a day,18,D,4,initial,day,196,228,32,49,49,212,216,212,216,0.9973450987863649
t12.2022.05.19,train,vocal,t12.2022.05.19,1,milk appears twice a day,19,EY,4,final,day,200,232,32,50,50,216,220,216,220,0.9998232394639107
t12.2022.05.19,train,vocal,t12.2022.05.19,1,milk appears twice a day,20,SIL,4,sil,day,204,244,40,51,53,220,232,220,232,0.8039994221772245
t12.2022.05.19,train,vocal,t12.2022.05.19,2,why he's going to kill me he thought wildly,0,W,0,initial,why,32,64,32,8,8,48,52,16,56,0.9993953237542623
t12.2022.05.19,train,vocal,t12.2022.05.19,2,why he's going to kill me he thought wildly,1,AY,0,final,why,40,72,32,10,10,56,60,56,64,0.9999888520854484
t12.2022.05.19,train,vocal,t12.2022.05.19,2,why he's going to kill me he thought wildly,2,SIL,0,sil,why,48,84,36,12,13,64,72,64,72,0.9987701359440878
t12.2022.05.19,train,vocal,t12.2022.05.19,2,why he's going to kill me he thought wildly,3,HH,1,initial,he's,56,88,32,14,14,72,76,72,76,0.9999727374769414
t12.2022.05.19,train,vocal,t12.2022.05.19,2,why he's going to kill me he thought wildly,4,IY,1,medial,he's,60,92,32,15,15,76,80,76,80,0.9989128209545834
t12.2022.05.19,train,vocal,t12.2022.05.19,2,why he's going to kill me he thought wildly,5,Z,1,final,he's,64,100,36,16,17,80,88,80,88,0.9761662739023707
t12.2022.05.19,train,vocal,t12.2022.05.19,2,why he's going to kill me he thought wildly,6,SIL,1,sil,he's,72,104,32,18,18,88,92,88,92,0.9995141530176963
t12.2022.05.19,train,vocal,t12.2022.05.19,2,why he's going to kill me he thought wildly,7,G,2,initial,going,76,112,36,19,20,92,100,92,100,0.7696520647971867
t12.2022.05.19,train,vocal,t12.2022.05.19,2,why he's going to kill me he thought wildly,8,OW,2,medial,going,84,116,32,21,21,100,104,100,104,0.866534776752914
t12.2022.05.19,train,vocal,t12.2022.05.19,2,why he's going to kill me he thought wildly,9,IH,2,medial,going,88,120,32,22,22,104,108,104,108,0.9846825867263173
t12.2022.05.19,train,vocal,t12.2022.05.19,2,why he's going to kill me he thought wildly,10,NG,2,final,going,92,124,32,23,23,108,112,108,112,0.970340368154059
t12.2022.05.19,train,vocal,t12.2022.05.19,2,why he's going to kill me he thought wildly,11,SIL,2,sil,going,96,128,32,24,24,112,116,112,116,0.583926736601259
t12.2022.05.19,train,vocal,t12.2022.05.19,2,why he's going to kill me he thought wildly,12,T,3,initial,to,100,132,32,25,25,116,120,116,120,0.8289518283375921
t12.2022.05.19,train,vocal,t12.2022.05.19,2,why he's going to kill me he thought wildly,13,UW,3,final,to,104,140,36,26,27,120,128,120,128,0.844184849736498
t12.2022.05.19,train,vocal,t12.2022.05.19,2,why he's going to kill me he thought wildly,14,SIL,3,sil,to,112,144,32,28,28,128,132,128,132,0.6975001650494507
t12.2022.05.19,train,vocal,t12.2022.05.19,2,why he's going to kill me he thought wildly,15,K,4,initial,kill,116,148,32,29,29,132,136,132,140,0.9950149239600964
t12.2022.05.19,train,vocal,t12.2022.05.19,2,why he's going to kill me he thought wildly,16,IH,4,medial,kill,124,156,32,31,31,140,144,140,144,0.9992879592733263
t12.2022.05.19,train,vocal,t12.2022.05.19,2,why he's going to kill me he thought wildly,17,L,4,final,kill,128,160,32,32,32,144,148,144,148,0.9874577951287717
t12.2022.05.19,train,vocal,t12.2022.05.19,2,why he's going to kill me he thought wildly,18,SIL,4,sil,kill,132,164,32,33,33,148,152,148,152,0.9981876029499355
t12.2022.05.19,train,vocal,t12.2022.05.19,2,why he's going to kill me he thought wildly,19,M,5,initial,me,136,172,36,34,35,152,160,152,160,0.7988353076305295
t12.2022.05.19,train,vocal,t12.2022.05.19,2,why he's going to kill me he thought wildly,20,IY,5,final,me,144,180,36,36,37,160,168,160,168,0.9260181887107118
t12.2022.05.19,train,vocal,t12.2022.05.19,2,why he's going to kill me he thought wildly,21,SIL,5,sil,me,152,192,40,38,40,168,180,168,180,0.9988904911565367
t12.2022.05.19,train,vocal,t12.2022.05.19,2,why he's going to kill me he thought wildly,22,HH,6,initial,he,164,200,36,41,42,180,188,180,188,0.9994591428681574
t12.2022.05.19,train,vocal,t12.2022.05.19,2,why he's going to kill me he thought wildly,23,IY,6,final,he,172,204,32,43,43,188,192,188,192,0.9999997336697123
t12.2022.05.19,train,vocal,t12.2022.05.19,2,why he's going to kill me he thought wildly,24,SIL,6,sil,he,176,220,44,44,47,192,208,192,208,0.9239151497136642
t12.2022.05.19,train,vocal,t12.2022.05.19,2,why he's going to kill me he thought wildly,25,TH,7,initial,thought,192,228,36,48,49,208,216,208,220,0.9958928508596587
t12.2022.05.19,train,vocal,t12.2022.05.19,2,why he's going to kill me he thought wildly,26,AO,7,medial,thought,204,236,32,51,51,220,224,220,224,0.9999809898025809
t12.2022.05.19,train,vocal,t12.2022.05.19,2,why he's going to kill me he thought wildly,27,T,7,final,thought,208,244,36,52,53,224,232,224,232,0.9993975533382191
t12.2022.05.19,train,vocal,t12.2022.05.19,2,why he's going to kill me he thought wildly,28,SIL,7,sil,thought,216,260,44,54,57,232,248,232,248,0.9917002405976523
t12.2022.05.19,train,vocal,t12.2022.05.19,2,why he's going to kill me he thought wildly,29,W,8,initial,wildly,232,264,32,58,58,248,252,248,256,0.9996826066992262
t12.2022.05.19,train,vocal,t12.2022.05.19,2,why he's going to kill me he thought wildly,30,AY,8,medial,wildly,244,276,32,61,61,260,264,256,264,0.9993916761182204
t12.2022.05.19,train,vocal,t12.2022.05.19,2,why he's going to kill me he thought wildly,31,L,8,medial,wildly,248,284,36,62,63,264,272,264,272,0.869886919048416
t12.2022.05.19,train,vocal,t12.2022.05.19,2,why he's going to kill me he thought wildly,32,D,8,medial,wildly,256,292,36,64,65,272,280,272,280,0.9755387047326572
t12.2022.05.19,train,vocal,t12.2022.05.19,2,why he's going to kill me he thought wildly,33,L,8,medial,wildly,264,300,36,66,67,280,288,280,288,0.8398499160451272
t12.2022.05.19,train,vocal,t12.2022.05.19,2,why he's going to kill me he thought wildly,34,IY,8,final,wildly,272,304,32,68,68,288,292,288,292,0.999650420361221
t12.2022.05.19,train,vocal,t12.2022.05.19,2,why he's going to kill me he thought wildly,35,SIL,8,sil,wildly,276,340,64,69,77,292,328,292,328,0.99929046011952
t12.2022.05.19,train,vocal,t12.2022.05.19,3,george is paranoid about a future gas shortage,0,JH,0,initial,george,32,68,36,8,9,48,56,16,60,0.9053436020190568
t12.2022.05.19,train,vocal,t12.2022.05.19,3,george is paranoid about a future gas shortage,1,AO,0,medial,george,44,76,32,11,11,60,64,60,64,0.9966631357778744
t12.2022.05.19,train,vocal,t12.2022.05.19,3,george is paranoid about a future gas shortage,2,R,0,medial,george,48,80,32,12,12,64,68,64,68,0.9951809027898377
t12.2022.05.19,train,vocal,t12.2022.05.19,3,george is paranoid about a future gas shortage,3,JH,0,final,george,52,88,36,13,14,68,76,68,76,0.9782493630618949
t12.2022.05.19,train,vocal,t12.2022.05.19,3,george is paranoid about a future gas shortage,4,SIL,0,sil,george,60,92,32,15,15,76,80,76,84,0.9996382429809054
t12.2022.05.19,train,vocal,t12.2022.05.19,3,george is paranoid about a future gas shortage,5,IH,1,initial,is,72,104,32,18,18,88,92,84,92,0.9999990390270992
t12.2022.05.19,train,vocal,t12.2022.05.19,3,george is paranoid about a future gas shortage,6,Z,1,final,is,76,108,32,19,19,92,96,92,96,0.9994120388078708
t12.2022.05.19,train,vocal,t12.2022.05.19,3,george is paranoid about a future gas shortage,7,SIL,1,sil,is,80,120,40,20,22,96,108,96,108,0.9995000254900696
t12.2022.05.19,train,vocal,t12.2022.05.19,3,george is paranoid about a future gas shortage,8,P,2,initial,paranoid,92,124,32,23,23,108,112,108,116,0.998030948308615
t12.2022.05.19,train,vocal,t12.2022.05.19,3,george is paranoid about a future gas shortage,9,EH,2,medial,paranoid,104,136,32,26,26,120,124,116,124,0.9906920204433509
t12.2022.05.19,train,vocal,t12.2022.05.19,3,george is paranoid about a future gas shortage,10,R,2,medial,paranoid,108,140,32,27,27,124,128,124,128,0.9998593628730315
t12.2022.05.19,train,vocal,t12.2022.05.19,3,george is paranoid about a future gas shortage,11,AH,2,medial,paranoid,112,144,32,28,28,128,132,128,132,0.9985967421254852
t12.2022.05.19,train,vocal,t12.2022.05.19,3,george is paranoid about a future gas shortage,12,N,2,medial,paranoid,116,152,36,29,30,132,140,132,140,0.9339842869415715
t12.2022.05.19,train,vocal,t12.2022.05.19,3,george is paranoid about a future gas shortage,13,OY,2,medial,paranoid,124,156,32,31,31,140,144,140,144,0.9998955612802122
t12.2022.05.19,train,vocal,t12.2022.05.19,3,george is paranoid about a future gas shortage,14,D,2,final,paranoid,128,164,36,32,33,144,152,144,152,0.9028395479700695
t12.2022.05.19,train,vocal,t12.2022.05.19,3,george is paranoid about a future gas shortage,15,SIL,2,sil,paranoid,136,180,44,34,37,152,168,152,172,0.8811845914175663
t12.2022.05.19,train,vocal,t12.2022.05.19,3,george is paranoid about a future gas shortage,16,AH,3,initial,about,156,192,36,39,40,172,180,172,180,0.9845206196117668
t12.2022.05.19,train,vocal,t12.2022.05.19,3,george is paranoid about a future gas shortage,17,B,3,medial,about,164,204,40,41,43,180,192,180,192,0.9990153003991936
t12.2022.05.19,train,vocal,t12.2022.05.19,3,george is paranoid about a future gas shortage,18,AW,3,medial,about,176,212,36,44,45,192,200,192,200,0.8686285877530939
t12.2022.05.19,train,vocal,t12.2022.05.19,3,george is paranoid about a future gas shortage,19,T,3,final,about,184,220,36,46,47,200,208,200,208,0.9996549994936301
t12.2022.05.19,train,vocal,t12.2022.05.19,3,george is paranoid about a future gas shortage,20,SIL,3,sil,about,192,232,40,48,50,208,220,208,224,0.998845589986454
t12.2022.05.19,train,vocal,t12.2022.05.19,3,george is paranoid about a future gas shortage,21,AH,4,single,a,212,248,36,53,54,228,236,224,236,0.9966839179720126
t12.2022.05.19,train,vocal,t12.2022.05.19,3,george is paranoid about a future gas shortage,22,SIL,4,sil,a,220,264,44,55,58,236,252,236,252,0.9980602031682542
t12.2022.05.19,train,vocal,t12.2022.05.19,3,george is paranoid about a future gas shortage,23,F,5,initial,future,236,268,32,59,59,252,256,252,256,0.9999799036616626
t12.2022.05.19,train,vocal,t12.2022.05.19,3,george is paranoid about a future gas shortage,24,Y,5,medial,future,240,276,36,60,61,256,264,256,264,0.9601381464714951
t12.2022.05.19,train,vocal,t12.2022.05.19,3,george is paranoid about a future gas shortage,25,UW,5,medial,future,248,280,32,62,62,264,268,264,268,0.9926476315087561
t12.2022.05.19,train,vocal,t12.2022.05.19,3,george is paranoid about a future gas shortage,26,CH,5,medial,future,252,288,36,63,64,268,276,268,276,0.9980633736117046
t12.2022.05.19,train,vocal,t12.2022.05.19,3,george is paranoid about a future gas shortage,27,ER,5,final,future,260,296,36,65,66,276,284,276,284,0.9742631385470079
t12.2022.05.19,train,vocal,t12.2022.05.19,3,george is paranoid about a future gas shortage,28,SIL,5,sil,future,268,304,36,67,68,284,292,284,292,0.8646878635946287
t12.2022.05.19,train,vocal,t12.2022.05.19,3,george is paranoid about a future gas shortage,29,G,6,initial,gas,276,308,32,69,69,292,296,292,300,0.9962347970603669
t12.2022.05.19,train,vocal,t12.2022.05.19,3,george is paranoid about a future gas shortage,30,AE,6,medial,gas,284,316,32,71,71,300,304,300,304,0.9994010398232794
t12.2022.05.19,train,vocal,t12.2022.05.19,3,george is paranoid about a future gas shortage,31,S,6,final,gas,288,320,32,72,72,304,308,304,312,0.9948672016229194
t12.2022.05.19,train,vocal,t12.2022.05.19,3,george is paranoid about a future gas shortage,32,SIL,6,sil,gas,296,340,44,74,77,312,328,312,328,0.910523257275242
t12.2022.05.19,train,vocal,t12.2022.05.19,3,george is paranoid about a future gas shortage,33,SH,7,initial,shortage,312,344,32,78,78,328,332,328,336,0.9995947121008173
t12.2022.05.19,train,vocal,t12.2022.05.19,3,george is paranoid about a future gas shortage,34,AO,7,medial,shortage,320,352,32,80,80,336,340,336,340,0.9993412696428757
t12.2022.05.19,train,vocal,t12.2022.05.19,3,george is paranoid about a future gas shortage,35,R,7,medial,shortage,324,356,32,81,81,340,344,340,344,0.9994658514362111
t12.2022.05.19,train,vocal,t12.2022.05.19,3,george is paranoid about a future gas shortage,36,T,7,medial,shortage,328,360,32,82,82,344,348,344,352,0.9992189887855008
t12.2022.05.19,train,vocal,t12.2022.05.19,3,george is paranoid about a future gas shortage,37,AH,7,medial,shortage,336,368,32,84,84,352,356,352,356,0.9985827213084683
t12.2022.05.19,train,vocal,t12.2022.05.19,3,george is paranoid about a future gas shortage,38,JH,7,final,shortage,340,376,36,85,86,356,364,356,364,0.7549104451930706
t12.2022.05.19,train,vocal,t12.2022.05.19,3,george is paranoid about a future gas shortage,39,SIL,7,sil,shortage,348,392,44,87,90,364,380,364,380,0.9999951053740171
t12.2022.05.19,train,vocal,t12.2022.05.19,4,have you got our keys handy,0,HH,0,initial,have,24,60,36,6,7,40,48,16,52,0.998966630564502
t12.2022.05.19,train,vocal,t12.2022.05.19,4,have you got our keys handy,1,AE,0,medial,have,36,68,32,9,9,52,56,52,56,0.9999500058774906
t12.2022.05.19,train,vocal,t12.2022.05.19,4,have you got our keys handy,2,V,0,final,have,40,72,32,10,10,56,60,56,60,0.999904441533184
t12.2022.05.19,train,vocal,t12.2022.05.19,4,have you got our keys handy,3,SIL,0,sil,have,44,84,40,11,13,60,72,60,72,0.9991834691069125
t12.2022.05.19,train,vocal,t12.2022.05.19,4,have you got our keys handy,4,Y,1,initial,you,56,92,36,14,15,72,80,72,80,0.9946488293080658
t12.2022.05.19,train,vocal,t12.2022.05.19,4,have you got our keys handy,5,UW,1,final,you,64,96,32,16,16,80,84,80,84,0.999982641014546
t12.2022.05.19,train,vocal,t12.2022.05.19,4,have you got our keys handy,6,SIL,1,sil,you,68,112,44,17,20,84,100,84,100,0.8716111328987008
t12.2022.05.19,train,vocal,t12.2022.05.19,4,have you got our keys handy,7,G,2,initial,got,84,116,32,21,21,100,104,100,108,0.9999981844547683
t12.2022.05.19,train,vocal,t12.2022.05.19,4,have you got our keys handy,8,AA,2,medial,got,92,124,32,23,23,108,112,108,112,0.9999702188130585
t12.2022.05.19,train,vocal,t12.2022.05.19,4,have you got our keys handy,9,T,2,final,got,96,128,32,24,24,112,116,112,116,0.9999987334184777
t12.2022.05.19,train,vocal,t12.2022.05.19,4,have you got our keys handy,10,SIL,2,sil,got,100,144,44,25,28,116,132,116,140,0.8970311660016939
t12.2022.05.19,train,vocal,t12.2022.05.19,4,have you got our keys handy,11,AW,3,initial,our,128,160,32,32,32,144,148,140,148,0.9999237957080958
t12.2022.05.19,train,vocal,t12.2022.05.19,4,have you got our keys handy,12,ER,3,final,our,132,164,32,33,33,148,152,148,152,0.9999185561595727
t12.2022.05.19,train,vocal,t12.2022.05.19,4,have you got our keys handy,13,SIL,3,sil,our,136,192,56,34,40,152,180,152,180,0.9973510717094509
t12.2022.05.19,train,vocal,t12.2022.05.19,4,have you got our keys handy,14,K,4,initial,keys,164,196,32,41,41,180,184,180,188,0.999903615577349
t12.2022.05.19,train,vocal,t12.2022.05.19,4,have you got our keys handy,15,IY,4,medial,keys,172,208,36,43,44,188,196,188,196,0.9818449097046653
t12.2022.05.19,train,vocal,t12.2022.05.19,4,have you got our keys handy,16,Z,4,final,keys,180,216,36,45,46,196,204,196,204,0.9109014371967766
t12.2022.05.19,train,vocal,t12.2022.05.19,4,have you got our keys handy,17,SIL,4,sil,keys,188,228,40,47,49,204,216,204,216,0.9883301572024994
t12.2022.05.19,train,vocal,t12.2022.05.19,4,have you got our keys handy,18,HH,5,initial,handy,200,232,32,50,50,216,220,216,224,0.9996049158060402
t12.2022.05.19,train,vocal,t12.2022.05.19,4,have you got our keys handy,19,AE,5,medial,handy,212,244,32,53,53,228,232,224,232,0.9993262862496194
t12.2022.05.19,train,vocal,t12.2022.05.19,4,have you got our keys handy,20,N,5,medial,handy,216,248,32,54,54,232,236,232,236,0.9880689969640076
t12.2022.05.19,train,vocal,t12.2022.05.19,4,have you got our keys handy,21,D,5,medial,handy,220,252,32,55,55,236,240,236,240,0.9988889651942926
t12.2022.05.19,train,vocal,t12.2022.05.19,4,have you got our keys handy,22,IY,5,final,handy,224,260,36,56,57,240,248,240,248,0.9284063032404848
t12.2022.05.19,train,vocal,t12.2022.05.19,4,have you got our keys handy,23,SIL,5,sil,handy,232,280,48,58,62,248,268,248,268,0.9999637205962788
t12.2022.05.19,train,vocal,t12.2022.05.19,5,you don't hate me any more,0,Y,0,initial,you,24,56,32,6,6,40,44,16,44,0.9999923266196639
t12.2022.05.19,train,vocal,t12.2022.05.19,5,you don't hate me any more,1,UW,0,final,you,28,60,32,7,7,44,48,44,48,0.9999977345334614
t12.2022.05.19,train,vocal,t12.2022.05.19,5,you don't hate me any more,2,SIL,0,sil,you,32,72,40,8,10,48,60,48,60,0.8768551969654724
t12.2022.05.19,train,vocal,t12.2022.05.19,5,you don't hate me any more,3,D,1,initial,don't,44,76,32,11,11,60,64,60,64,0.9999996281484397
t12.2022.05.19,train,vocal,t12.2022.05.19,5,you don't hate me any more,4,OW,1,medial,don't,48,84,36,12,13,64,72,64,72,0.8791066050057406
t12.2022.05.19,train,vocal,t12.2022.05.19,5,you don't hate me any more,5,N,1,medial,don't,56,88,32,14,14,72,76,72,76,0.999971883697522
t12.2022.05.19,train,vocal,t12.2022.05.19,5,you don't hate me any more,6,T,1,final,don't,60,96,36,15,16,76,84,76,84,0.9941764435121914
t12.2022.05.19,train,vocal,t12.2022.05.19,5,you don't hate me any more,7,SIL,1,sil,don't,68,100,32,17,17,84,88,84,88,0.9999019684789817
t12.2022.05.19,train,vocal,t12.2022.05.19,5,you don't hate me any more,8,HH,2,initial,hate,72,104,32,18,18,88,92,88,96,0.9989848135736537
t12.2022.05.19,train,vocal,t12.2022.05.19,5,you don't hate me any more,9,EY,2,medial,hate,80,112,32,20,20,96,100,96,100,0.9994527541171876
t12.2022.05.19,train,vocal,t12.2022.05.19,5,you don't hate me any more,10,T,2,final,hate,84,116,32,21,21,100,104,100,104,0.9999520392542776
t12.2022.05.19,train,vocal,t12.2022.05.19,5,you don't hate me any more,11,SIL,2,sil,hate,88,124,36,22,23,104,112,104,112,0.9490217177278035
t12.2022.05.19,train,vocal,t12.2022.05.19,5,you don't hate me any more,12,M,3,initial,me,96,128,32,24,24,112,116,112,120,0.9998150494792883
t12.2022.05.19,train,vocal,t12.2022.05.19,5,you don't hate me any more,13,IY,3,final,me,104,136,32,26,26,120,124,120,124,0.9999208886988388
t12.2022.05.19,train,vocal,t12.2022.05.19,5,you don't hate me any more,14,SIL,3,sil,me,108,148,40,27,29,124,136,124,140,0.9335906888119894
t12.2022.05.19,train,vocal,t12.2022.05.19,5,you don't hate me any more,15,EH,4,initial,any,124,156,32,31,31,140,144,140,144,0.9999795877806853
t12.2022.05.19,train,vocal,t12.2022.05.19,5,you don't hate me any more,16,N,4,medial,any,128,160,32,32,32,144,148,144,148,0.9973511528722699
t12.2022.05.19,train,vocal,t12.2022.05.19,5,you don't hate me any more,17,IY,4,final,any,132,172,40,33,35,148,160,148,160,0.9530848194178968
t12.2022.05.19,train,vocal,t12.2022.05.19,5,you don't hate me any more,18,SIL,4,sil,any,144,184,40,36,38,160,172,160,172,0.9964200281636227
t12.2022.05.19,train,vocal,t12.2022.05.19,5,you don't hate me any more,19,M,5,initial,more,156,192,36,39,40,172,180,172,184,0.9737537495439718
t12.2022.05.19,train,vocal,t12.2022.05.19,5,you don't hate me any more,20,AO,5,medial,more,168,200,32,42,42,184,188,184,188,0.9999918474140989
t12.2022.05.19,train,vocal,t12.2022.05.19,5,you don't hate me any more,21,R,5,final,more,172,204,32,43,43,188,192,188,192,0.9999927724439253
t12.2022.05.19,train,vocal,t12.2022.05.19,5,you don't hate me any more,22,SIL,5,sil,more,176,224,48,44,48,192,212,192,212,0.944782910711935
t12.2022.05.19,train,vocal,t12.2022.05.19,6,they serve cracked wheat oats or cornmeal,0,DH,0,initial,they,24,56,32,6,6,40,44,16,48,0.9999785311880622
t12.2022.05.19,train,vocal,t12.2022.05.19,6,they serve cracked wheat oats or cornmeal,1,EY,0,final,they,32,64,32,8,8,48,52,48,56,0.9999985210109199
t12.2022.05.19,train,vocal,t12.2022.05.19,6,they serve cracked wheat oats or cornmeal,2,SIL,0,sil,they,40,84,44,10,13,56,72,56,72,0.8996140293786624
t12.2022.05.19,train,vocal,t12.2022.05.19,6,they serve cracked wheat oats or cornmeal,3,S,1,initial,serve,56,88,32,14,14,72,76,72,80,0.999109619976404
t12.2022.05.19,train,vocal,t12.2022.05.19,6,they serve cracked wheat oats or cornmeal,4,ER,1,medial,serve,68,100,32,17,17,84,88,80,88,0.9995293721698425
t12.2022.05.19,train,vocal,t12.2022.05.19,6,they serve cracked wheat oats or cornmeal,5,V,1,final,serve,72,104,32,18,18,88,92,88,96,0.9992158409521705
t12.2022.05.19,train,vocal,t12.2022.05.19,6,they serve cracked wheat oats or cornmeal,6,SIL,1,sil,serve,80,120,40,20,22,96,108,96,108,0.8945311389673676
t12.2022.05.19,train,vocal,t12.2022.05.19,6,they serve cracked wheat oats or cornmeal,7,K,2,initial,cracked,92,124,32,23,23,108,112,108,112,0.9963795598631439
t12.2022.05.19,train,vocal,t12.2022.05.19,6,they serve cracked wheat oats or cornmeal,8,R,2,medial,cracked,96,128,32,24,24,112,116,112,116,0.9990492335711341
t12.2022.05.19,train,vocal,t12.2022.05.19,6,they serve cracked wheat oats or cornmeal,9,AE,2,medial,cracked,100,132,32,25,25,116,120,116,120,0.9998558241982295
t12.2022.05.19,train,vocal,t12.2022.05.19,6,they serve cracked wheat oats or cornmeal,10,K,2,medial,cracked,104,136,32,26,26,120,124,120,124,0.9999263590593543
t12.2022.05.19,train,vocal,t12.2022.05.19,6,they serve cracked wheat oats or cornmeal,11,T,2,final,cracked,108,140,32,27,27,124,128,124,128,0.9853517301413902
t12.2022.05.19,train,vocal,t12.2022.05.19,6,they serve cracked wheat oats or cornmeal,12,SIL,2,sil,cracked,112,148,36,28,29,128,136,128,136,0.8400871730289474
t12.2022.05.19,train,vocal,t12.2022.05.19,6,they serve cracked wheat oats or cornmeal,13,W,3,initial,wheat,120,152,32,30,30,136,140,136,144,0.9994768408754926
t12.2022.05.19,train,vocal,t12.2022.05.19,6,they serve cracked wheat oats or cornmeal,14,IY,3,medial,wheat,132,164,32,33,33,148,152,144,152,0.9926248539981665
t12.2022.05.19,train,vocal,t12.2022.05.19,6,they serve cracked wheat oats or cornmeal,15,T,3,final,wheat,136,172,36,34,35,152,160,152,160,0.9814074979426894
t12.2022.05.19,train,vocal,t12.2022.05.19,6,they serve cracked wheat oats or cornmeal,16,SIL,3,sil,wheat,144,184,40,36,38,160,172,160,180,0.9827811620634445
t12.2022.05.19,train,vocal,t12.2022.05.19,6,they serve cracked wheat oats or cornmeal,17,OW,4,initial,oats,168,204,36,42,43,184,192,180,192,0.8258817268060334
t12.2022.05.19,train,vocal,t12.2022.05.19,6,they serve cracked wheat oats or cornmeal,18,T,4,medial,oats,176,212,36,44,45,192,200,192,200,0.9409593576778167
t12.2022.05.19,train,vocal,t12.2022.05.19,6,they serve cracked wheat oats or cornmeal,19,S,4,final,oats,184,220,36,46,47,200,208,200,208,0.9256082996468311
t12.2022.05.19,train,vocal,t12.2022.05.19,6,they serve cracked wheat oats or cornmeal,20,SIL,4,sil,oats,192,228,36,48,49,208,216,208,224,0.9997990565154883
t12.2022.05.19,train,vocal,t12.2022.05.19,6,they serve cracked wheat oats or cornmeal,21,AO,5,initial,or,212,244,32,53,53,228,232,224,232,0.9998872082990679
t12.2022.05.19,train,vocal,t12.2022.05.19,6,they serve cracked wheat oats or cornmeal,22,R,5,final,or,216,248,32,54,54,232,236,232,236,0.9999864660262267
t12.2022.05.19,train,vocal,t12.2022.05.19,6,they serve cracked wheat oats or cornmeal,23,SIL,5,sil,or,220,264,44,55,58,236,252,236,252,0.9988993613703301
t12.2022.05.19,train,vocal,t12.2022.05.19,6,they serve cracked wheat oats or cornmeal,24,K,6,initial,cornmeal,236,268,32,59,59,252,256,252,260,0.9994834007850998
t12.2022.05.19,train,vocal,t12.2022.05.19,6,they serve cracked wheat oats or cornmeal,25,AO,6,medial,cornmeal,244,276,32,61,61,260,264,260,264,0.9993018628474252
t12.2022.05.19,train,vocal,t12.2022.05.19,6,they serve cracked wheat oats or cornmeal,26,R,6,medial,cornmeal,248,280,32,62,62,264,268,264,268,0.9992254758211617
t12.2022.05.19,train,vocal,t12.2022.05.19,6,they serve cracked wheat oats or cornmeal,27,N,6,medial,cornmeal,252,284,32,63,63,268,272,268,272,0.9969390555049886
t12.2022.05.19,train,vocal,t12.2022.05.19,6,they serve cracked wheat oats or cornmeal,28,M,6,medial,cornmeal,256,292,36,64,65,272,280,272,284,0.7591709954473184
t12.2022.05.19,train,vocal,t12.2022.05.19,6,they serve cracked wheat oats or cornmeal,29,IY,6,medial,cornmeal,268,300,32,67,67,284,288,284,288,0.9999004221832298
t12.2022.05.19,train,vocal,t12.2022.05.19,6,they serve cracked wheat oats or cornmeal,30,L,6,final,cornmeal,272,308,36,68,69,288,296,288,296,0.8100593242251481
t12.2022.05.19,train,vocal,t12.2022.05.19,6,they serve cracked wheat oats or cornmeal,31,SIL,6,sil,cornmeal,280,332,52,70,75,296,320,296,320,0.9999883037962641
t12.2022.05.19,train,vocal,t12.2022.05.19,7,a fabulous vision,0,AH,0,single,a,44,80,36,11,12,60,68,16,68,0.8440302349633184
t12.2022.05.19,train,vocal,t12.2022.05.19,7,a fabulous vision,1,SIL,0,sil,a,52,96,44,13,16,68,84,68,84,0.9970014265810432
t12.2022.05.19,train,vocal,t12.2022.05.19,7,a fabulous vision,2,F,1,initial,fabulous,68,100,32,17,17,84,88,84,96,0.9996468958378877
t12.2022.05.19,train,vocal,t12.2022.05.19,7,a fabulous vision,3,AE,1,medial,fabulous,84,116,32,21,21,100,104,96,104,0.9970829175303896
t12.2022.05.19,train,vocal,t12.2022.05.19,7,a fabulous vision,4,B,1,medial,fabulous,88,120,32,22,22,104,108,104,108,0.9702477486595145
t12.2022.05.19,train,vocal,t12.2022.05.19,7,a fabulous vision,5,Y,1,medial,fabulous,92,124,32,23,23,108,112,108,112,0.9969792053494719
t12.2022.05.19,train,vocal,t12.2022.05.19,7,a fabulous vision,6,AH,1,medial,fabulous,96,128,32,24,24,112,116,112,116,0.9803911642117678
t12.2022.05.19,train,vocal,t12.2022.05.19,7,a fabulous vision,7,L,1,medial,fabulous,100,132,32,25,25,116,120,116,120,0.9642751206677506
t12.2022.05.19,train,vocal,t12.2022.05.19,7,a fabulous vision,8,AH,1,medial,fabulous,104,140,36,26,27,120,128,120,128,0.9423274276156871
t12.2022.05.19,train,vocal,t12.2022.05.19,7,a fabulous vision,9,S,1,final,fabulous,112,148,36,28,29,128,136,128,136,0.9720745428339224
t12.2022.05.19,train,vocal,t12.2022.05.19,7,a fabulous vision,10,SIL,1,sil,fabulous,120,156,36,30,31,136,144,136,144,0.9967301060900408
t12.2022.05.19,train,vocal,t12.2022.05.19,7,a fabulous vision,11,V,2,initial,vision,128,160,32,32,32,144,148,144,152,0.999542812011852
t12.2022.05.19,train,vocal,t12.2022.05.19,7,a fabulous vision,12,IH,2,medial,vision,136,172,36,34,35,152,160,152,160,0.9474939618627598
t12.2022.05.19,train,vocal,t12.2022.05.19,7,a fabulous vision,13,ZH,2,medial,vision,144,176,32,36,36,160,164,160,164,0.9998578027371469
t12.2022.05.19,train,vocal,t12.2022.05.19,7,a fabulous vision,14,AH,2,medial,vision,148,184,36,37,38,164,172,164,172,0.9341063126596871
t12.2022.05.19,train,vocal,t12.2022.05.19,7,a fabulous vision,15,N,2,final,vision,156,192,36,39,40,172,180,172,180,0.983349988938061
t12.2022.05.19,train,vocal,t12.2022.05.19,7,a fabulous vision,16,SIL,2,sil,vision,164,220,56,41,47,180,208,180,208,0.9981914896677233
t12.2022.05.19,train,vocal,t12.2022.05.19,8,our aim must be to learn as much as we teach,0,AW,0,initial,our,40,72,32,10,10,56,60,16,60,0.9982202255328029
t12.2022.05.19,train,vocal,t12.2022.05.19,8,our aim must be to learn as much as we teach,1,ER,0,final,our,44,76,32,11,11,60,64,60,64,0.9999531537664954
t12.2022.05.19,train,vocal,t12.2022.05.19,8,our aim must be to learn as much as we teach,2,SIL,0,sil,our,48,84,36,12,13,64,72,64,80,0.9320388348646516
t12.2022.05.19,train,vocal,t12.2022.05.19,8,our aim must be to learn as much as we teach,3,EY,1,initial,aim,68,100,32,17,17,84,88,80,88,0.9997916158279262
t12.2022.05.19,train,vocal,t12.2022.05.19,8,our aim must be to learn as much as we teach,4,M,1,final,aim,72,108,36,18,19,88,96,88,96,0.9908474729699727
t12.2022.05.19,train,vocal,t12.2022.05.19,8,our aim must be to learn as much as we teach,5,SIL,1,sil,aim,80,128,48,20,24,96,116,96,116,0.9954424192213578
t12.2022.05.19,train,vocal,t12.2022.05.19,8,our aim must be to learn as much as we teach,6,M,2,initial,must,100,132,32,25,25,116,120,116,124,0.9999914850073893
t12.2022.05.19,train,vocal,t12.2022.05.19,8,our aim must be to learn as much as we teach,7,AH,2,medial,must,108,140,32,27,27,124,128,124,128,0.9998066993730689
t12.2022.05.19,train,vocal,t12.2022.05.19,8,our aim must be to learn as much as we teach,8,S,2,medial,must,112,144,32,28,28,128,132,128,132,0.9999548390920839
t12.2022.05.19,train,vocal,t12.2022.05.19,8,our aim must be to learn as much as we teach,9,T,2,final,must,116,152,36,29,30,132,140,132,140,0.9748449399769235
t12.2022.05.19,train,vocal,t12.2022.05.19,8,our aim must be to learn as much as we teach,10,SIL,2,sil,must,124,160,36,31,32,140,148,140,148,0.9990114319558556
t12.2022.05.19,train,vocal,t12.2022.05.19,8,our aim must be to learn as much as we teach,11,B,3,initial,be,132,164,32,33,33,148,152,148,156,0.9994558444229622
t12.2022.05.19,train,vocal,t12.2022.05.19,8,our aim must be to learn as much as we teach,12,IY,3,final,be,140,172,32,35,35,156,160,156,164,0.9999998063647768
t12.2022.05.19,train,vocal,t12.2022.05.19,8,our aim must be to learn as much as we teach,13,SIL,3,sil,be,148,196,48,37,41,164,184,164,184,0.9993264171709848
t12.2022.05.19,train,vocal,t12.2022.05.19,8,our aim must be to learn as much as we teach,14,T,4,initial,to,168,204,36,42,43,184,192,184,196,0.9993880280265874
t12.2022.05.19,train,vocal,t12.2022.05.19,8,our aim must be to learn as much as we teach,15,UW,4,final,to,180,212,32,45,45,196,200,196,200,0.9999870703211808
t12.2022.05.19,train,vocal,t12.2022.05.19,8,our aim must be to learn as much as we teach,16,SIL,4,sil,to,184,228,44,46,49,200,216,200,216,0.9817416124041305
t12.2022.05.19,train,vocal,t12.2022.05.19,8,our aim must be to learn as much as we teach,17,L,5,initial,learn,200,232,32,50,50,216,220,216,224,0.9999952426837941
t12.2022.05.19,train,vocal,t12.2022.05.19,8,our aim must be to learn as much as we teach,18,ER,5,medial,learn,208,240,32,52,52,224,228,224,228,0.9998500731869306
t12.2022.05.19,train,vocal,t12.2022.05.19,8,our aim must be to learn as much as we teach,19,N,5,final,learn,212,248,36,53,54,228,236,228,236,0.8008411233519799
t12.2022.05.19,train,vocal,t12.2022.05.19,8,our aim must be to learn as much as we teach,20,SIL,5,sil,learn,220,264,44,55,58,236,252,236,256,0.8921222397115554
t12.2022.05.19,train,vocal,t12.2022.05.19,8,our aim must be to learn as much as we teach,21,AE,6,initial,as,244,276,32,61,61,260,264,256,264,0.9999842862554055
t12.2022.05.19,train,vocal,t12.2022.05.19,8,our aim must be to learn as much as we teach,22,Z,6,final,as,248,280,32,62,62,264,268,264,268,0.9999730573720137
t12.2022.05.19,train,vocal,t12.2022.05.19,8,our aim must be to learn as much as we teach,23,SIL,6,sil,as,252,304,52,63,68,268,292,268,292,0.9434030972849893
t12.2022.05.19,train,vocal,t12.2022.05.19,8,our aim must be to learn as much as we teach,24,M,7,initial,much,276,308,32,69,69,292,296,292,300,0.9999961293824646
t12.2022.05.19,train,vocal,t12.2022.05.19,8,our aim must be to learn as much as we teach,25,AH,7,medial,much,284,316,32,71,71,300,304,300,304,0.9999983706456497
t12.2022.05.19,train,vocal,t12.2022.05.19,8,our aim must be to learn as much as we teach,26,CH,7,final,much,288,324,36,72,73,304,312,304,312,0.9998865294098843
t12.2022.05.19,train,vocal,t12.2022.05.19,8,our aim must be to learn as much as we teach,27,SIL,7,sil,much,296,344,48,74,78,312,332,312,340,0.9863641429537893
t12.2022.05.19,train,vocal,t12.2022.05.19,8,our aim must be to learn as much as we teach,28,AE,8,initial,as,328,360,32,82,82,344,348,340,348,0.9999956346279926
t12.2022.05.19,train,vocal,t12.2022.05.19,8,our aim must be to learn as much as we teach,29,Z,8,final,as,332,364,32,83,83,348,352,348,352,0.9999961819787487
t12.2022.05.19,train,vocal,t12.2022.05.19,8,our aim must be to learn as much as we teach,30,SIL,8,sil,as,336,380,44,84,87,352,368,352,368,0.9972416093407586
t12.2022.05.19,train,vocal,t12.2022.05.19,8,our aim must be to learn as much as we teach,31,W,9,initial,we,352,384,32,88,88,368,372,368,376,0.9999878389356376
t12.2022.05.19,train,vocal,t12.2022.05.19,8,our aim must be to learn as much as we teach,32,IY,9,final,we,360,392,32,90,90,376,380,376,384,0.9999894714129528
t12.2022.05.19,train,vocal,t12.2022.05.19,8,our aim must be to learn as much as we teach,33,SIL,9,sil,we,368,408,40,92,94,384,396,384,396,0.999049247711067
t12.2022.05.19,train,vocal,t12.2022.05.19,8,our aim must be to learn as much as we teach,34,T,10,initial,teach,380,412,32,95,95,396,400,396,404,0.9975021308742469
t12.2022.05.19,train,vocal,t12.2022.05.19,8,our aim must be to learn as much as we teach,35,IY,10,medial,teach,388,420,32,97,97,404,408,404,408,0.9999117873424076
t12.2022.05.19,train,vocal,t12.2022.05.19,8,our aim must be to learn as much as we teach,36,CH,10,final,teach,392,428,36,98,99,408,416,408,416,0.9931878461743056
t12.2022.05.19,train,vocal,t12.2022.05.19,8,our aim must be to learn as much as we teach,37,SIL,10,sil,teach,400,448,48,100,104,416,436,416,436,0.999786344684803
t12.2022.05.19,train,vocal,t12.2022.05.19,9,he was kneeling to tie his shoelaces,0,HH,0,initial,he,36,72,36,9,10,52,60,16,60,0.9990505116107417
t12.2022.05.19,train,vocal,t12.2022.05.19,9,he was kneeling to tie his shoelaces,1,IY,0,final,he,44,76,32,11,11,60,64,60,68,0.9999943793520034
t12.2022.05.19,train,vocal,t12.2022.05.19,9,he was kneeling to tie his shoelaces,2,SIL,0,sil,he,52,88,36,13,14,68,76,68,76,0.999794853810148
t12.2022.05.19,train,vocal,t12.2022.05.19,9,he was kneeling to tie his shoelaces,3,W,1,initial,was,60,96,36,15,16,76,84,76,88,0.9537337428708492
t12.2022.05.19,train,vocal,t12.2022.05.19,9,he was kneeling to tie his shoelaces,4,AA,1,medial,was,72,104,32,18,18,88,92,88,92,0.9999964281638309
t12.2022.05.19,train,vocal,t12.2022.05.19,9,he was kneeling to tie his shoelaces,5,Z,1,final,was,76,108,32,19,19,92,96,92,96,0.9999990751621293
t12.2022.05.19,train,vocal,t12.2022.05.19,9,he was kneeling to tie his shoelaces,6,SIL,1,sil,was,80,116,36,20,21,96,104,96,104,0.9914200529207609
t12.2022.05.19,train,vocal,t12.2022.05.19,9,he was kneeling to tie his shoelaces,7,N,2,initial,kneeling,88,124,36,22,23,104,112,104,112,0.9172864471674305
t12.2022.05.19,train,vocal,t12.2022.05.19,9,he was kneeling to tie his shoelaces,8,IY,2,medial,kneeling,96,128,32,24,24,112,116,112,116,0.9831807376222144
t12.2022.05.19,train,vocal,t12.2022.05.19,9,he was kneeling to tie his shoelaces,9,L,2,medial,kneeling,100,140,40,25,27,116,128,116,128,0.9989543526727793
t12.2022.05.19,train,vocal,t12.2022.05.19,9,he was kneeling to tie his shoelaces,10,IH,2,medial,kneeling,112,148,36,28,29,128,136,128,136,0.8693701821341895
t12.2022.05.19,train,vocal,t12.2022.05.19,9,he was kneeling to tie his shoelaces,11,NG,2,final,kneeling,120,152,32,30,30,136,140,136,140,0.9953313146947662
t12.2022.05.19,train,vocal,t12.2022.05.19,9,he was kneeling to tie his shoelaces,12,SIL,2,sil,kneeling,124,164,40,31,33,140,152,140,152,0.9980696472834648
t12.2022.05.19,train,vocal,t12.2022.05.19,9,he was kneeling to tie his shoelaces,13,T,3,initial,to,136,168,32,34,34,152,156,152,160,0.9999976361501786
t12.2022.05.19,train,vocal,t12.2022.05.19,9,he was kneeling to tie his shoelaces,14,UW,3,final,to,144,176,32,36,36,160,164,160,164,0.9999983758105554
t12.2022.05.19,train,vocal,t12.2022.05.19,9,he was kneeling to tie his shoelaces,15,SIL,3,sil,to,148,212,64,37,45,164,200,164,200,0.997879276982821
t12.2022.05.19,train,vocal,t12.2022.05.19,9,he was kneeling to tie his shoelaces,16,T,4,initial,tie,184,220,36,46,47,200,208,200,212,0.9449285950907365
t12.2022.05.19,train,vocal,t12.2022.05.19,9,he was kneeling to tie his shoelaces,17,AY,4,final,tie,196,228,32,49,49,212,216,212,216,0.9999858186436411
t12.2022.05.19,train,vocal,t12.2022.05.19,9,he was kneeling to tie his shoelaces,18,SIL,4,sil,tie,200,240,40,50,52,216,228,216,228,0.9288949689152651
t12.2022.05.19,train,vocal,t12.2022.05.19,9,he was kneeling to tie his shoelaces,19,HH,5,initial,his,212,248,36,53,54,228,236,228,236,0.9889313502196365
t12.2022.05.19,train,vocal,t12.2022.05.19,9,he was kneeling to tie his shoelaces,20,IH,5,medial,his,220,256,36,55,56,236,244,236,244,0.9295788272100627
t12.2022.05.19,train,vocal,t12.2022.05.19,9,he was kneeling to tie his shoelaces,21,Z,5,final,his,228,260,32,57,57,244,248,244,248,0.9999867246068379
t12.2022.05.19,train,vocal,t12.2022.05.19,9,he was kneeling to tie his shoelaces,22,SIL,5,sil,his,232,272,40,58,60,248,260,248,260,0.9990827096023676
t12.2022.05.19,train,vocal,t12.2022.05.19,9,he was kneeling to tie his shoelaces,23,SH,6,initial,shoelaces,244,280,36,61,62,260,268,260,268,0.9363946550088085
t12.2022.05.19,train,vocal,t12.2022.05.19,9,he was kneeling to tie his shoelaces,24,UW,6,medial,shoelaces,252,284,32,63,63,268,272,268,272,0.9984944537280838
t12.2022.05.19,train,vocal,t12.2022.05.19,9,he was kneeling to tie his shoelaces,25,L,6,medial,shoelaces,256,300,44,64,67,272,288,272,292,0.8781014342757658
t12.2022.05.19,train,vocal,t12.2022.05.19,9,he was kneeling to tie his shoelaces,26,EY,6,medial,shoelaces,276,308,32,69,69,292,296,292,296,0.997713184557572
t12.2022.05.19,train,vocal,t12.2022.05.19,9,he was kneeling to tie his shoelaces,27,S,6,medial,shoelaces,280,316,36,70,71,296,304,296,304,0.7418089499919349
t12.2022.05.19,train,vocal,t12.2022.05.19,9,he was kneeling to tie his shoelaces,28,AH,6,medial,shoelaces,288,320,32,72,72,304,308,304,308,0.9979949681212349
t12.2022.05.19,train,vocal,t12.2022.05.19,9,he was kneeling to tie his shoelaces,29,Z,6,final,shoelaces,292,328,36,73,74,308,316,308,316,0.8559664266135651
t12.2022.05.19,train,vocal,t12.2022.05.19,9,he was kneeling to tie his shoelaces,30,SIL,6,sil,shoelaces,300,344,44,75,78,316,332,316,332,0.9999528118499258
t12.2022.05.19,train,vocal,t12.2022.05.19,10,avoid using public networks,0,AH,0,initial,avoid,32,68,36,8,9,48,56,16,56,0.7669808129308722
t12.2022.05.19,train,vocal,t12.2022.05.19,10,avoid using public networks,1,V,0,medial,avoid,40,76,36,10,11,56,64,56,64,0.9929569027172664
t12.2022.05.19,train,vocal,t12.2022.05.19,10,avoid using public networks,2,OY,0,medial,avoid,48,84,36,12,13,64,72,64,72,0.955741611642331
t12.2022.05.19,train,vocal,t12.2022.05.19,10,avoid using public networks,3,D,0,final,avoid,56,92,36,14,15,72,80,72,80,0.9999325720423575
t12.2022.05.19,train,vocal,t12.2022.05.19,10,avoid using public networks,4,SIL,0,sil,avoid,64,100,36,16,17,80,88,80,88,0.9981601330610816
t12.2022.05.19,train,vocal,t12.2022.05.19,10,avoid using public networks,5,Y,1,initial,using,72,108,36,18,19,88,96,88,96,0.9570038598334447
t12.2022.05.19,train,vocal,t12.2022.05.19,10,avoid using public networks,6,UW,1,medial,using,80,112,32,20,20,96,100,96,100,0.9998229306094005
t12.2022.05.19,train,vocal,t12.2022.05.19,10,avoid using public networks,7,Z,1,medial,using,84,116,32,21,21,100,104,100,104,0.9996397015691683
t12.2022.05.19,train,vocal,t12.2022.05.19,10,avoid using public networks,8,IH,1,medial,using,88,128,40,22,24,104,116,104,116,0.8748727585327805
t12.2022.05.19,train,vocal,t12.2022.05.19,10,avoid using public networks,9,NG,1,final,using,100,132,32,25,25,116,120,116,120,0.9999268745339124
t12.2022.05.19,train,vocal,t12.2022.05.19,10,avoid using public networks,10,SIL,1,sil,using,104,148,44,26,29,120,136,120,136,0.9240128477871902
t12.2022.05.19,train,vocal,t12.2022.05.19,10,avoid using public networks,11,P,2,initial,public,120,152,32,30,30,136,140,136,144,0.9986274501417084
t12.2022.05.19,train,vocal,t12.2022.05.19,10,avoid using public networks,12,AH,2,medial,public,132,164,32,33,33,148,152,144,152,0.9998997395971632
t12.2022.05.19,train,vocal,t12.2022.05.19,10,avoid using public networks,13,B,2,medial,public,136,168,32,34,34,152,156,152,156,0.9997792803957074
t12.2022.05.19,train,vocal,t12.2022.05.19,10,avoid using public networks,14,L,2,medial,public,140,172,32,35,35,156,160,156,160,0.9997792994643406
t12.2022.05.19,train,vocal,t12.2022.05.19,10,avoid using public networks,15,IH,2,medial,public,144,180,36,36,37,160,168,160,168,0.997599525311915
t12.2022.05.19,train,vocal,t12.2022.05.19,10,avoid using public networks,16,K,2,final,public,152,184,32,38,38,168,172,168,172,0.9998828969798503
t12.2022.05.19,train,vocal,t12.2022.05.19,10,avoid using public networks,17,SIL,2,sil,public,156,200,44,39,42,172,188,172,188,0.9135265202529662
t12.2022.05.19,train,vocal,t12.2022.05.19,10,avoid using public networks,18,N,3,initial,networks,172,208,36,43,44,188,196,188,200,0.8053844399495207
t12.2022.05.19,train,vocal,t12.2022.05.19,10,avoid using public networks,19,EH,3,medial,networks,188,220,32,47,47,204,208,200,208,0.9997998158393029
t12.2022.05.19,train,vocal,t12.2022.05.19,10,avoid using public networks,20,T,3,medial,networks,192,224,32,48,48,208,212,208,216,0.9984495433847222
t12.2022.05.19,train,vocal,t12.2022.05.19,10,avoid using public networks,21,W,3,medial,networks,200,232,32,50,50,216,220,216,224,0.9999719340919432
t12.2022.05.19,train,vocal,t12.2022.05.19,10,avoid using public networks,22,ER,3,medial,networks,208,240,32,52,52,224,228,224,228,0.9990385242180028
t12.2022.05.19,train,vocal,t12.2022.05.19,10,avoid using public networks,23,K,3,medial,networks,212,244,32,53,53,228,232,228,232,0.9998238276450143
t12.2022.05.19,train,vocal,t12.2022.05.19,10,avoid using public networks,24,S,3,final,networks,216,252,36,54,55,232,240,232,240,0.945272055725711
t12.2022.05.19,train,vocal,t12.2022.05.19,10,avoid using public networks,25,SIL,3,sil,networks,224,264,40,56,58,240,252,240,252,0.9999303864235282
t12.2022.05.19,train,vocal,t12.2022.05.19,11,another put sex on a dollars-and-cents basis,0,AH,0,initial,another,36,68,32,9,9,52,56,16,56,0.9988600682523557
t12.2022.05.19,train,vocal,t12.2022.05.19,11,another put sex on a dollars-and-cents basis,1,N,0,medial,another,40,72,32,10,10,56,60,56,60,0.9920936628865098
t12.2022.05.19,train,vocal,t12.2022.05.19,11,another put sex on a dollars-and-cents basis,2,AH,0,medial,another,44,80,36,11,12,60,68,60,68,0.9985099706980143
t12.2022.05.19,train,vocal,t12.2022.05.19,11,another put sex on a dollars-and-cents basis,3,DH,0,medial,another,52,88,36,13,14,68,76,68,76,0.9869941342393909
t12.2022.05.19,train,vocal,t12.2022.05.19,11,another put sex on a dollars-and-cents basis,4,ER,0,final,another,60,96,36,15,16,76,84,76,84,0.9967912313655243
t12.2022.05.19,train,vocal,t12.2022.05.19,11,another put sex on a dollars-and-cents basis,5,SIL,0,sil,another,68,104,36,17,18,84,92,84,92,0.9438305093092842
t12.2022.05.19,train,vocal,t12.2022.05.19,11,another put sex on a dollars-and-cents basis,6,P,1,initial,put,76,108,32,19,19,92,96,92,100,0.9997199116290169
t12.2022.05.19,train,vocal,t12.2022.05.19,11,another put sex on a dollars-and-cents basis,7,UH,1,medial,put,84,116,32,21,21,100,104,100,104,0.9996989073772715
t12.2022.05.19,train,vocal,t12.2022.05.19,11,another put sex on a dollars-and-cents basis,8,T,1,final,put,88,124,36,22,23,104,112,104,112,0.9978081989654615
t12.2022.05.19,train,vocal,t12.2022.05.19,11,another put sex on a dollars-and-cents basis,9,SIL,1,sil,put,96,132,36,24,25,112,120,112,120,0.9898611302060005
t12.2022.05.19,train,vocal,t12.2022.05.19,11,another put sex on a dollars-and-cents basis,10,S,2,initial,sex,104,140,36,26,27,120,128,120,132,0.9884829962037325
t12.2022.05.19,train,vocal,t12.2022.05.19,11,another put sex on a dollars-and-cents basis,11,EH,2,medial,sex,116,148,32,29,29,132,136,132,136,0.9995523516061472
t12.2022.05.19,train,vocal,t12.2022.05.19,11,another put sex on a dollars-and-cents basis,12,K,2,medial,sex,120,152,32,30,30,136,140,136,140,0.9993957038310751
t12.2022.05.19,train,vocal,t12.2022.05.19,11,another put sex on a dollars-and-cents basis,13,S,2,final,sex,124,160,36,31,32,140,148,140,148,0.9947578290862267
t12.2022.05.19,train,vocal,t12.2022.05.19,11,another put sex on a dollars-and-cents basis,14,SIL,2,sil,sex,132,168,36,33,34,148,156,148,160,0.9900889516025713
t12.2022.05.19,train,vocal,t12.2022.05.19,11,another put sex on a dollars-and-cents basis,15,AA,3,initial,on,148,180,32,37,37,164,168,160,168,0.9999896874597611
t12.2022.05.19,train,vocal,t12.2022.05.19,11,another put sex on a dollars-and-cents basis,16,N,3,final,on,152,188,36,38,39,168,176,168,176,0.8817875204883919
t12.2022.05.19,train,vocal,t12.2022.05.19,11,another put sex on a dollars-and-cents basis,17,SIL,3,sil,on,160,220,60,40,47,176,208,176,216,0.9855078308526707
t12.2022.05.19,train,vocal,t12.2022.05.19,11,another put sex on a dollars-and-cents basis,18,AH,4,single,a,204,240,36,51,52,220,228,216,228,0.7620991185293831
t12.2022.05.19,train,vocal,t12.2022.05.19,11,another put sex on a dollars-and-cents basis,19,SIL,4,sil,a,212,252,40,53,55,228,240,228,240,0.9998918525939761
t12.2022.05.19,train,vocal,t12.2022.05.19,11,another put sex on a dollars-and-cents basis,20,D,5,initial,dollars-and-cents,224,256,32,56,56,240,244,240,248,0.9997720117065585
t12.2022.05.19,train,vocal,t12.2022.05.19,11,another put sex on a dollars-and-cents basis,21,AA,5,medial,dollars-and-cents,236,268,32,59,59,252,256,248,256,0.9991593729232381
t12.2022.05.19,train,vocal,t12.2022.05.19,11,another put sex on a dollars-and-cents basis,22,L,5,medial,dollars-and-cents,240,276,36,60,61,256,264,256,264,0.9700194696361601
t12.2022.05.19,train,vocal,t12.2022.05.19,11,another put sex on a dollars-and-cents basis,23,ER,5,medial,dollars-and-cents,248,288,40,62,64,264,276,264,284,0.9570424932011813
t12.2022.05.19,train,vocal,t12.2022.05.19,11,another put sex on a dollars-and-cents basis,24,AH,5,medial,dollars-and-cents,276,316,40,69,71,292,304,284,308,0.7638844047671788
t12.2022.05.19,train,vocal,t12.2022.05.19,11,another put sex on a dollars-and-cents basis,25,S,5,medial,dollars-and-cents,292,328,36,73,74,308,316,308,316,0.8306975362553619
t12.2022.05.19,train,vocal,t12.2022.05.19,11,another put sex on a dollars-and-cents basis,26,T,5,medial,dollars-and-cents,300,332,32,75,75,316,320,316,324,0.9980830239206485
t12.2022.05.19,train,vocal,t12.2022.05.19,11,another put sex on a dollars-and-cents basis,27,AE,5,medial,dollars-and-cents,308,340,32,77,77,324,328,324,328,0.9972209919622148
t12.2022.05.19,train,vocal,t12.2022.05.19,11,another put sex on a dollars-and-cents basis,28,N,5,medial,dollars-and-cents,312,344,32,78,78,328,332,328,332,0.9997691179081365
t12.2022.05.19,train,vocal,t12.2022.05.19,11,another put sex on a dollars-and-cents basis,29,D,5,medial,dollars-and-cents,316,348,32,79,79,332,336,332,336,0.9977361867068367
t12.2022.05.19,train,vocal,t12.2022.05.19,11,another put sex on a dollars-and-cents basis,30,AH,5,medial,dollars-and-cents,320,356,36,80,81,336,344,336,344,0.9889991253273851
t12.2022.05.19,train,vocal,t12.2022.05.19,11,another put sex on a dollars-and-cents basis,31,N,5,medial,dollars-and-cents,328,360,32,82,82,344,348,344,348,0.999226634139742
t12.2022.05.19,train,vocal,t12.2022.05.19,11,another put sex on a dollars-and-cents basis,32,S,5,final,dollars-and-cents,332,368,36,83,84,348,356,348,356,0.9620000227526182
t12.2022.05.19,train,vocal,t12.2022.05.19,11,another put sex on a dollars-and-cents basis,33,SIL,5,sil,dollars-and-cents,340,372,32,85,85,356,360,356,360,0.9971161507316935
t12.2022.05.19,train,vocal,t12.2022.05.19,11,another put sex on a dollars-and-cents basis,34,B,6,initial,basis,344,376,32,86,86,360,364,360,368,0.9993809568328996
t12.2022.05.19,train,vocal,t12.2022.05.19,11,another put sex on a dollars-and-cents basis,35,EY,6,medial,basis,356,388,32,89,89,372,376,368,376,0.9972198885103551
t12.2022.05.19,train,vocal,t12.2022.05.19,11,another put sex on a dollars-and-cents basis,36,S,6,medial,basis,360,392,32,90,90,376,380,376,380,0.9998139776835037
t12.2022.05.19,train,vocal,t12.2022.05.19,11,another put sex on a dollars-and-cents basis,37,AH,6,medial,basis,364,400,36,91,92,380,388,380,388,0.8665890831148066
t12.2022.05.19,train,vocal,t12.2022.05.19,11,another put sex on a dollars-and-cents basis,38,S,6,final,basis,372,408,36,93,94,388,396,388,396,0.9520341374101484
t12.2022.05.19,train,vocal,t12.2022.05.19,11,another put sex on a dollars-and-cents basis,39,SIL,6,sil,basis,380,428,48,95,99,396,416,396,416,0.973294639935886
t12.2022.05.19,train,vocal,t12.2022.05.19,12,they had slapped their thighs,0,DH,0,initial,they,20,56,36,5,6,36,44,16,44,0.9706959289683041
t12.2022.05.19,train,vocal,t12.2022.05.19,12,they had slapped their thighs,1,EY,0,final,they,28,60,32,7,7,44,48,44,52,0.9998339496632958
t12.2022.05.19,train,vocal,t12.2022.05.19,12,they had slapped their thighs,2,SIL,0,sil,they,36,76,40,9,11,52,64,52,64,0.9771792666725113
t12.2022.05.19,train,vocal,t12.2022.05.19,12,they had slapped their thighs,3,HH,1,initial,had,48,84,36,12,13,64,72,64,72,0.8453803423882217
t12.2022.05.19,train,vocal,t12.2022.05.19,12,they had slapped their thighs,4,AE,1,medial,had,56,88,32,14,14,72,76,72,76,0.9998736629453356
t12.2022.05.19,train,vocal,t12.2022.05.19,12,they had slapped their thighs,5,D,1,final,had,60,96,36,15,16,76,84,76,84,0.9828236250102196
t12.2022.05.19,train,vocal,t12.2022.05.19,12,they had slapped their thighs,6,SIL,1,sil,had,68,108,40,17,19,84,96,84,96,0.9782302020527892
t12.2022.05.19,train,vocal,t12.2022.05.19,12,they had slapped their thighs,7,S,2,initial,slapped,80,116,36,20,21,96,104,96,104,0.8174227221249151
t12.2022.05.19,train,vocal,t12.2022.05.19,12,they had slapped their thighs,8,L,2,medial,slapped,88,124,36,22,23,104,112,104,112,0.7917842516398809
t12.2022.05.19,train,vocal,t12.2022.05.19,12,they had slapped their thighs,9,AE,2,medial,slapped,96,128,32,24,24,112,116,112,116,0.9993468373410738
t12.2022.05.19,train,vocal,t12.2022.05.19,12,they had slapped their thighs,10,P,2,medial,slapped,100,136,36,25,26,116,124,116,124,0.7967093897427758
t12.2022.05.19,train,vocal,t12.2022.05.19,12,they had slapped their thighs,11,T,2,final,slapped,108,140,32,27,27,124,128,124,128,0.9987683373980889
t12.2022.05.19,train,vocal,t12.2022.05.19,12,they had slapped their thighs,12,SIL,2,sil,slapped,112,152,40,28,30,128,140,128,140,0.934438910646874
t12.2022.05.19,train,vocal,t12.2022.05.19,12,they had slapped their thighs,13,DH,3,initial,their,124,156,32,31,31,140,144,140,148,0.9999918280344221
t12.2022.05.19,train,vocal,t12.2022.05.19,12,they had slapped their thighs,14,EH,3,medial,their,132,164,32,33,33,148,152,148,152,0.9999962613389256
t12.2022.05.19,train,vocal,t12.2022.05.19,12,they had slapped their thighs,15,R,3,final,their,136,168,32,34,34,152,156,152,156,0.9999873460517629
t12.2022.05.19,train,vocal,t12.2022.05.19,12,they had slapped their thighs,16,SIL,3,sil,their,140,204,64,35,43,156,192,156,192,0.9557442632557959
t12.2022.05.19,train,vocal,t12.2022.05.19,12,they had slapped their thighs,17,TH,4,initial,thighs,176,208,32,44,44,192,196,192,200,0.999948191836495
t12.2022.05.19,train,vocal,t12.2022.05.19,12,they had slapped their thighs,18,AY,4,medial,thighs,188,220,32,47,47,204,208,200,208,0.9998566762954065
t12.2022.05.19,train,vocal,t12.2022.05.19,12,they had slapped their thighs,19,Z,4,final,thighs,192,232,40,48,50,208,220,208,220,0.9806977733601822
t12.2022.05.19,train,vocal,t12.2022.05.19,12,they had slapped their thighs,20,SIL,4,sil,thighs,204,256,52,51,56,220,244,220,244,0.999702840874071
t12.2022.05.19,train,vocal,t12.2022.05.19,13,drug's chemical name dried rumen bacteria,0,D,0,initial,drug's,56,88,32,14,14,72,76,16,76,0.9995030354044475
t12.2022.05.19,train,vocal,t12.2022.05.19,13,drug's chemical name dried rumen bacteria,1,R,0,medial,drug's,60,96,36,15,16,76,84,76,84,0.9776399971386651
t12.2022.05.19,train,vocal,t12.2022.05.19,13,drug's chemical name dried rumen bacteria,2,AH,0,medial,drug's,68,100,32,17,17,84,88,84,88,0.9997965863246852
t12.2022.05.19,train,vocal,t12.2022.05.19,13,drug's chemical name dried rumen bacteria,3,G,0,medial,drug's,72,104,32,18,18,88,92,88,92,0.9998911739009626
t12.2022.05.19,train,vocal,t12.2022.05.19,13,drug's chemical name dried rumen bacteria,4,Z,0,final,drug's,76,112,36,19,20,92,100,92,100,0.9630243373366001
t12.2022.05.19,train,vocal,t12.2022.05.19,13,drug's chemical name dried rumen bacteria,5,SIL,0,sil,drug's,84,120,36,21,22,100,108,100,108,0.9916268536660975
t12.2022.05.19,train,vocal,t12.2022.05.19,13,drug's chemical name dried rumen bacteria,6,K,1,initial,chemical,92,124,32,23,23,108,112,108,116,0.9800140811206282
t12.2022.05.19,train,vocal,t12.2022.05.19,13,drug's chemical name dried rumen bacteria,7,EH,1,medial,chemical,100,132,32,25,25,116,120,116,120,0.9994693660215923
t12.2022.05.19,train,vocal,t12.2022.05.19,13,drug's chemical name dried rumen bacteria,8,M,1,medial,chemical,104,136,32,26,26,120,124,120,124,0.9972158614992176
t12.2022.05.19,train,vocal,t12.2022.05.19,13,drug's chemical name dried rumen bacteria,9,AH,1,medial,chemical,108,144,36,27,28,124,132,124,132,0.7065285185904046
t12.2022.05.19,train,vocal,t12.2022.05.19,13,drug's chemical name dried rumen bacteria,10,K,1,medial,chemical,116,152,36,29,30,132,140,132,140,0.9894971918027675
t12.2022.05.19,train,vocal,t12.2022.05.19,13,drug's chemical name dried rumen bacteria,11,AH,1,medial,chemical,124,156,32,31,31,140,144,140,144,0.9967885310582182
t12.2022.05.19,train,vocal,t12.2022.05.19,13,drug's chemical name dried rumen bacteria,12,L,1,final,chemical,128,160,32,32,32,144,148,144,148,0.9707870425296893
t12.2022.05.19,train,vocal,t12.2022.05.19,13,drug's chemical name dried rumen bacteria,13,SIL,1,sil,chemical,132,168,36,33,34,148,156,148,156,0.8596701695901527
t12.2022.05.19,train,vocal,t12.2022.05.19,13,drug's chemical name dried rumen bacteria,14,N,2,initial,name,140,172,32,35,35,156,160,156,164,0.9997026033473737
t12.2022.05.19,train,vocal,t12.2022.05.19,13,drug's chemical name dried rumen bacteria,15,EY,2,medial,name,148,180,32,37,37,164,168,164,168,0.999406140726238
t12.2022.05.19,train,vocal,t12.2022.05.19,13,drug's chemical name dried rumen bacteria,16,M,2,final,name,152,188,36,38,39,168,176,168,176,0.9838594343542575
t12.2022.05.19,train,vocal,t12.2022.05.19,13,drug's chemical name dried rumen bacteria,17,SIL,2,sil,name,160,220,60,40,47,176,208,176,208,0.9875087361896815
t12.2022.05.19,train,vocal,t12.2022.05.19,13,drug's chemical name dried rumen bacteria,18,D,3,initial,dried,192,224,32,48,48,208,212,208,212,0.9970279543936259
t12.2022.05.19,train,vocal,t12.2022.05.19,13,drug's chemical name dried rumen bacteria,19,R,3,medial,dried,196,228,32,49,49,212,216,212,216,0.999928574127021
t12.2022.05.19,train,vocal,t12.2022.05.19,13,drug's chemical name dried rumen bacteria,20,AY,3,medial,dried,200,232,32,50,50,216,220,216,220,0.9999485751725762
t12.2022.05.19,train,vocal,t12.2022.05.19,13,drug's chemical name dried rumen bacteria,21,D,3,final,dried,204,244,40,51,53,220,232,220,232,0.9640601774250893
t12.2022.05.19,train,vocal,t12.2022.05.19,13,drug's chemical name dried rumen bacteria,22,SIL,3,sil,dried,216,256,40,54,56,232,244,232,244,0.9894265575991997
t12.2022.05.19,train,vocal,t12.2022.05.19,13,drug's chemical name dried rumen bacteria,23,R,4,initial,rumen,228,264,36,57,58,244,252,244,252,0.9013372274689686
t12.2022.05.19,train,vocal,t12.2022.05.19,13,drug's chemical name dried rumen bacteria,24,UW,4,medial,rumen,236,268,32,59,59,252,256,252,256,0.9975934481681423
t12.2022.05.19,train,vocal,t12.2022.05.19,13,drug's chemical name dried rumen bacteria,25,M,4,medial,rumen,240,276,36,60,61,256,264,256,264,0.9967801038030807
t12.2022.05.19,train,vocal,t12.2022.05.19,13,drug's chemical name dried rumen bacteria,26,AH,4,medial,rumen,248,284,36,62,63,264,272,264,272,0.9989888373255644
t12.2022.05.19,train,vocal,t12.2022.05.19,13,drug's chemical name dried rumen bacteria,27,N,4,final,rumen,256,288,32,64,64,272,276,272,276,0.9998141282834707
t12.2022.05.19,train,vocal,t12.2022.05.19,13,drug's chemical name dried rumen bacteria,28,SIL,4,sil,rumen,260,300,40,65,67,276,288,276,288,0.9756712011409844
t12.2022.05.19,train,vocal,t12.2022.05.19,13,drug's chemical name dried rumen bacteria,29,B,5,initial,bacteria,272,304,32,68,68,288,292,288,296,0.9992842949136718
t12.2022.05.19,train,vocal,t12.2022.05.19,13,drug's chemical name dried rumen bacteria,30,AE,5,medial,bacteria,280,312,32,70,70,296,300,296,300,0.999963368418959
t12.2022.05.19,train,vocal,t12.2022.05.19,13,drug's chemical name dried rumen bacteria,31,K,5,medial,bacteria,284,316,32,71,71,300,304,300,304,0.9992695063263409
t12.2022.05.19,train,vocal,t12.2022.05.19,13,drug's chemical name dried rumen bacteria,32,T,5,medial,bacteria,288,324,36,72,73,304,312,304,312,0.943738658247294
t12.2022.05.19,train,vocal,t12.2022.05.19,13,drug's chemical name dried rumen bacteria,33,IH,5,medial,bacteria,296,336,40,74,76,312,324,312,324,0.8757471276183063
t12.2022.05.19,train,vocal,t12.2022.05.19,13,drug's chemical name dried rumen bacteria,34,R,5,medial,bacteria,308,340,32,77,77,324,328,324,328,0.9988987745579974
t12.2022.05.19,train,vocal,t12.2022.05.19,13,drug's chemical name dried rumen bacteria,35,IY,5,medial,bacteria,312,348,36,78,79,328,336,328,336,0.9614515259354508
t12.2022.05.19,train,vocal,t12.2022.05.19,13,drug's chemical name dried rumen bacteria,36,AH,5,final,bacteria,320,356,36,80,81,336,344,336,344,0.9286508998765814
t12.2022.05.19,train,vocal,t12.2022.05.19,13,drug's chemical name dried rumen bacteria,37,SIL,5,sil,bacteria,328,368,40,82,84,344,356,344,356,0.9999075690329803
t12.2022.05.19,train,vocal,t12.2022.05.19,14,they make us conformists look good,0,DH,0,initial,they,24,60,36,6,7,40,48,16,48,0.9983563028728407
t12.2022.05.19,train,vocal,t12.2022.05.19,14,they make us conformists look good,1,EY,0,final,they,32,68,36,8,9,48,56,48,56,0.966768666627384
t12.2022.05.19,train,vocal,t12.2022.05.19,14,they make us conformists look good,2,SIL,0,sil,they,40,84,44,10,13,56,72,56,72,0.9291482558007435
t12.2022.05.19,train,vocal,t12.2022.05.19,14,they make us conformists look good,3,M,1,initial,make,56,88,32,14,14,72,76,72,80,0.9999995360000761
t12.2022.05.19,train,vocal,t12.2022.05.19,14,they make us conformists look good,4,EY,1,medial,make,64,96,32,16,16,80,84,80,84,0.9999858928279445
t12.2022.05.19,train,vocal,t12.2022.05.19,14,they make us conformists look good,5,K,1,final,make,68,104,36,17,18,84,92,84,92,0.8885985444017277
t12.2022.05.19,train,vocal,t12.2022.05.19,14,they make us conformists look good,6,SIL,1,sil,make,76,116,40,19,21,92,104,92,108,0.9997735334605928
t12.2022.05.19,train,vocal,t12.2022.05.19,14,they make us conformists look good,7,AH,2,initial,us,96,128,32,24,24,112,116,108,116,0.9998171196529405
t12.2022.05.19,train,vocal,t12.2022.05.19,14,they make us conformists look good,8,S,2,final,us,100,132,32,25,25,116,120,116,120,0.9999623367679039
t12.2022.05.19,train,vocal,t12.2022.05.19,14,they make us conformists look good,9,SIL,2,sil,us,104,148,44,26,29,120,136,120,136,0.9997532923593712
t12.2022.05.19,train,vocal,t12.2022.05.19,14,they make us conformists look good,10,K,3,initial,conformists,120,152,32,30,30,136,140,136,144,0.9999791400062552
t12.2022.05.19,train,vocal,t12.2022.05.19,14,they make us conformists look good,11,AH,3,medial,conformists,128,160,32,32,32,144,148,144,148,0.9992625019678595
t12.2022.05.19,train,vocal,t12.2022.05.19,14,they make us conformists look good,12,N,3,medial,conformists,132,164,32,33,33,148,152,148,152,0.9999587109947426
t12.2022.05.19,train,vocal,t12.2022.05.19,14,they make us conformists look good,13,F,3,medial,conformists,136,172,36,34,35,152,160,152,164,0.9102708906121281
t12.2022.05.19,train,vocal,t12.2022.05.19,14,they make us conformists look good,14,AO,3,medial,conformists,148,180,32,37,37,164,168,164,168,0.9988271505645251
t12.2022.05.19,train,vocal,t12.2022.05.19,14,they make us conformists look good,15,R,3,medial,conformists,152,184,32,38,38,168,172,168,172,0.9971432987429057
t12.2022.05.19,train,vocal,t12.2022.05.19,14,they make us conformists look good,16,M,3,medial,conformists,156,188,32,39,39,172,176,172,176,0.9996547216931883
t12.2022.05.19,train,vocal,t12.2022.05.19,14,they make us conformists look good,17,AH,3,medial,conformists,160,196,36,40,41,176,184,176,184,0.9104970428800878
t12.2022.05.19,train,vocal,t12.2022.05.19,14,they make us conformists look good,18,S,3,medial,conformists,168,200,32,42,42,184,188,184,188,0.9875764637805651
t12.2022.05.19,train,vocal,t12.2022.05.19,14,they make us conformists look good,19,T,3,medial,conformists,172,204,32,43,43,188,192,188,192,0.9915643683499075
t12.2022.05.19,train,vocal,t12.2022.05.19,14,they make us conformists look good,20,S,3,final,conformists,176,212,36,44,45,192,200,192,200,0.9363063459560479
t12.2022.05.19,train,vocal,t12.2022.05.19,14,they make us conformists look good,21,SIL,3,sil,conformists,184,220,36,46,47,200,208,200,208,0.8350754378092801
t12.2022.05.19,train,vocal,t12.2022.05.19,14,they make us conformists look good,22,L,4,initial,look,192,224,32,48,48,208,212,208,216,0.9999904565118242
t12.2022.05.19,train,vocal,t12.2022.05.19,14,they make us conformists look good,23,UH,4,medial,look,200,232,32,50,50,216,220,216,220,0.9999326143494411
t12.2022.05.19,train,vocal,t12.2022.05.19,14,they make us conformists look good,24,K,4,final,look,204,240,36,51,52,220,228,220,228,0.752472612326728
t12.2022.05.19,train,vocal,t12.2022.05.19,14,they make us conformists look good,25,SIL,4,sil,look,212,252,40,53,55,228,240,228,240,0.9993894996502904
t12.2022.05.19,train,vocal,t12.2022.05.19,14,they make us conformists look good,26,G,5,initial,good,224,256,32,56,56,240,244,240,248,0.999736831616916
t12.2022.05.19,train,vocal,t12.2022.05.19,14,they make us conformists look good,27,UH,5,medial,good,232,268,36,58,59,248,256,248,256,0.9950717364134944
t12.2022.05.19,train,vocal,t12.2022.05.19,14,they make us conformists look good,28,D,5,final,good,240,276,36,60,61,256,264,256,264,0.9549863963888128
t12.2022.05.19,train,vocal,t12.2022.05.19,14,they make us conformists look good,29,SIL,5,sil,good,248,296,48,62,66,264,284,264,284,0.9999922760519506
t12.2022.05.19,train,vocal,t12.2022.05.19,15,nor were his manners barbaric,0,N,0,initial,nor,60,96,36,15,16,76,84,16,88,0.9979623837359354
t12.2022.05.19,train,vocal,t12.2022.05.19,15,nor were his manners barbaric,1,AO,0,medial,nor,72,104,32,18,18,88,92,88,92,0.999541588390125
t12.2022.05.19,train,vocal,t12.2022.05.19,15,nor were his manners barbaric,2,R,0,final,nor,76,108,32,19,19,92,96,92,96,0.9995799908858037
t12.2022.05.19,train,vocal,t12.2022.05.19,15,nor were his manners barbaric,3,SIL,0,sil,nor,80,128,48,20,24,96,116,96,116,0.9739237559693311
t12.2022.05.19,train,vocal,t12.2022.05.19,15,nor were his manners barbaric,4,W,1,initial,were,100,132,32,25,25,116,120,116,124,0.999974179662854
t12.2022.05.19,train,vocal,t12.2022.05.19,15,nor were his manners barbaric,5,ER,1,final,were,108,144,36,27,28,124,132,124,132,0.9939708251738018
t12.2022.05.19,train,vocal,t12.2022.05.19,15,nor were his manners barbaric,6,SIL,1,sil,were,116,160,44,29,32,132,148,132,148,0.9950027847703304
t12.2022.05.19,train,vocal,t12.2022.05.19,15,nor were his manners barbaric,7,HH,2,initial,his,132,164,32,33,33,148,152,148,156,0.9994911135626963
t12.2022.05.19,train,vocal,t12.2022.05.19,15,nor were his manners barbaric,8,IH,2,medial,his,140,172,32,35,35,156,160,156,160,0.9999790992829282
t12.2022.05.19,train,vocal,t12.2022.05.19,15,nor were his manners barbaric,9,Z,2,final,his,144,176,32,36,36,160,164,160,164,0.9997829026751421
t12.2022.05.19,train,vocal,t12.2022.05.19,15,nor were his manners barbaric,10,SIL,2,sil,his,148,188,40,37,39,164,176,164,176,0.9971229161719376
t12.2022.05.19,train,vocal,t12.2022.05.19,15,nor were his manners barbaric,11,M,3,initial,manners,160,192,32,40,40,176,180,176,184,0.999999083762176
t12.2022.05.19,train,vocal,t12.2022.05.19,15,nor were his manners barbaric,12,AE,3,medial,manners,172,204,32,43,43,188,192,184,192,0.9984367546489847
t12.2022.05.19,train,vocal,t12.2022.05.19,15,nor were his manners barbaric,13,N,3,medial,manners,176,208,32,44,44,192,196,192,200,0.9951404833584994
t12.2022.05.19,train,vocal,t12.2022.05.19,15,nor were his manners barbaric,14,ER,3,medial,manners,184,216,32,46,46,200,204,200,204,0.999795533707966
t12.2022.05.19,train,vocal,t12.2022.05.19,15,nor were his manners barbaric,15,Z,3,final,manners,188,224,36,47,48,204,212,204,212,0.9919756706202068
t12.2022.05.19,train,vocal,t12.2022.05.19,15,nor were his manners barbaric,16,SIL,3,sil,manners,196,248,52,49,54,212,236,212,236,0.9983615763430022
t12.2022.05.19,train,vocal,t12.2022.05.19,15,nor were his manners barbaric,17,B,4,initial,barbaric,220,252,32,55,55,236,240,236,244,0.9982045800282525
t12.2022.05.19,train,vocal,t12.2022.05.19,15,nor were his manners barbaric,18,AA,4,medial,barbaric,232,264,32,58,58,248,252,244,252,0.9999694355783982
t12.2022.05.19,train,vocal,t12.2022.05.19,15,nor were his manners barbaric,19,R,4,medial,barbaric,236,268,32,59,59,252,256,252,256,0.9979486001087452
t12.2022.05.19,train,vocal,t12.2022.05.19,15,nor were his manners barbaric,20,B,4,medial,barbaric,240,280,40,60,62,256,268,256,272,0.9916494784410382
t12.2022.05.19,train,vocal,t12.2022.05.19,15,nor were his manners barbaric,21,AE,4,medial,barbaric,256,288,32,64,64,272,276,272,276,0.9994840304948739
t12.2022.05.19,train,vocal,t12.2022.05.19,15,nor were his manners barbaric,22,R,4,medial,barbaric,260,292,32,65,65,276,280,276,284,0.9955593620891788
t12.2022.05.19,train,vocal,t12.2022.05.19,15,nor were his manners barbaric,23,IH,4,medial,barbaric,272,308,36,68,69,288,296,284,296,0.8066243317880043
t12.2022.05.19,train,vocal,t12.2022.05.19,15,nor were his manners barbaric,24,K,4,final,barbaric,280,316,36,70,71,296,304,296,304,0.991604912494156
t12.2022.05.19,train,vocal,t12.2022.05.19,15,nor were his manners barbaric,25,SIL,4,sil,barbaric,288,336,48,72,76,304,324,304,324,0.9988878513592644
t12.2022.05.19,train,vocal,t12.2022.05.19,16,the rides were tame enough  mostly we talked,0,DH,0,initial,the,40,76,36,10,11,56,64,16,64,0.9943815694868552
t12.2022.05.19,train,vocal,t12.2022.05.19,16,the rides were tame enough  mostly we talked,1,AH,0,final,the,48,84,36,12,13,64,72,64,72,0.7932820397247382
t12.2022.05.19,train,vocal,t12.2022.05.19,16,the rides were tame enough  mostly we talked,2,SIL,0,sil,the,56,96,40,14,16,72,84,72,84,0.9986898076604435
t12.2022.05.19,train,vocal,t12.2022.05.19,16,the rides were tame enough  mostly we talked,3,R,1,initial,rides,68,100,32,17,17,84,88,84,92,0.9996356141647724
t12.2022.05.19,train,vocal,t12.2022.05.19,16,the rides were tame enough  mostly we talked,4,AY,1,medial,rides,76,108,32,19,19,92,96,92,96,0.9987050401169936
t12.2022.05.19,train,vocal,t12.2022.05.19,16,the rides were tame enough  mostly we talked,5,D,1,medial,rides,80,112,32,20,20,96,100,96,100,0.994898259798829
t12.2022.05.19,train,vocal,t12.2022.05.19,16,the rides were tame enough  mostly we talked,6,Z,1,final,rides,84,120,36,21,22,100,108,100,108,0.8078860204398179
t12.2022.05.19,train,vocal,t12.2022.05.19,16,the rides were tame enough  mostly we talked,7,SIL,1,sil,rides,92,128,36,23,24,108,116,108,116,0.9889036785425298
t12.2022.05.19,train,vocal,t12.2022.05.19,16,the rides were tame enough  mostly we talked,8,W,2,initial,were,100,132,32,25,25,116,120,116,120,0.9982365543263209
t12.2022.05.19,train,vocal,t12.2022.05.19,16,the rides were tame enough  mostly we talked,9,ER,2,final,were,104,140,36,26,27,120,128,120,128,0.9994185500801867
t12.2022.05.19,train,vocal,t12.2022.05.19,16,the rides were tame enough  mostly we talked,10,SIL,2,sil,were,112,152,40,28,30,128,140,128,140,0.9976278939373922
t12.2022.05.19,train,vocal,t12.2022.05.19,16,the rides were tame enough  mostly we talked,11,T,3,initial,tame,124,156,32,31,31,140,144,140,148,0.9996914288930493
t12.2022.05.19,train,vocal,t12.2022.05.19,16,the rides were tame enough  mostly we talked,12,EY,3,medial,tame,132,164,32,33,33,148,152,148,152,0.9997498297370658
t12.2022.05.19,train,vocal,t12.2022.05.19,16,the rides were tame enough  mostly we talked,13,M,3,final,tame,136,168,32,34,34,152,156,152,156,0.9340246942971044
t12.2022.05.19,train,vocal,t12.2022.05.19,16,the rides were tame enough  mostly we talked,14,SIL,3,sil,tame,140,176,36,35,36,156,164,156,164,0.904041540545127
t12.2022.05.19,train,vocal,t12.2022.05.19,16,the rides were tame enough  mostly we talked,15,IH,4,initial,enough,148,180,32,37,37,164,168,164,168,0.999278039897467
t12.2022.05.19,train,vocal,t12.2022.05.19,16,the rides were tame enough  mostly we talked,16,N,4,medial,enough,152,188,36,38,39,168,176,168,176,0.9575408884054878
t12.2022.05.19,train,vocal,t12.2022.05.19,16,the rides were tame enough  mostly we talked,17,AH,4,medial,enough,160,192,32,40,40,176,180,176,180,0.9995709848256151
t12.2022.05.19,train,vocal,t12.2022.05.19,16,the rides were tame enough  mostly we talked,18,F,4,final,enough,164,200,36,41,42,180,188,180,188,0.9953742512240014
t12.2022.05.19,train,vocal,t12.2022.05.19,16,the rides were tame enough  mostly we talked,19,SIL,4,sil,enough,172,224,52,43,48,188,212,188,212,0.9993912519261369
t12.2022.05.19,train,vocal,t12.2022.05.19,16,the rides were tame enough  mostly we talked,20,M,5,initial,mostly,196,228,32,49,49,212,216,212,220,0.9999407652940016
t12.2022.05.19,train,vocal,t12.2022.05.19,16,the rides were tame enough  mostly we talked,21,OW,5,medial,mostly,204,236,32,51,51,220,224,220,224,0.9997538989916787
t12.2022.05.19,train,vocal,t12.2022.05.19,16,the rides were tame enough  mostly we talked,22,S,5,medial,mostly,208,240,32,52,52,224,228,224,228,0.9994283606824506
t12.2022.05.19,train,vocal,t12.2022.05.19,16,the rides were tame enough  mostly we talked,23,T,5,medial,mostly,212,248,36,53,54,228,236,228,236,0.9630114832171563
t12.2022.05.19,train,vocal,t12.2022.05.19,16,the rides were tame enough  mostly we talked,24,L,5,medial,mostly,220,256,36,55,56,236,244,236,244,0.9984578116160246
t12.2022.05.19,train,vocal,t12.2022.05.19,16,the rides were tame enough  mostly we talked,25,IY,5,final,mostly,228,260,32,57,57,244,248,244,248,0.9932565419323236
t12.2022.05.19,train,vocal,t12.2022.05.19,16,the rides were tame enough  mostly we talked,26,SIL,5,sil,mostly,232,268,36,58,59,248,256,248,256,0.7623028852078552
t12.2022.05.19,train,vocal,t12.2022.05.19,16,the rides were tame enough  mostly we talked,27,W,6,initial,we,240,272,32,60,60,256,260,256,260,0.999995447503439
t12.2022.05.19,train,vocal,t12.2022.05.19,16,the rides were tame enough  mostly we talked,28,IY,6,final,we,244,276,32,61,61,260,264,260,268,0.999978472832684
t12.2022.05.19,train,vocal,t12.2022.05.19,16,the rides were tame enough  mostly we talked,29,SIL,6,sil,we,252,296,44,63,66,268,284,268,284,0.9995077078064107
t12.2022.05.19,train,vocal,t12.2022.05.19,16,the rides were tame enough  mostly we talked,30,T,7,initial,talked,268,300,32,67,67,284,288,284,292,0.9999973635221314
t12.2022.05.19,train,vocal,t12.2022.05.19,16,the rides were tame enough  mostly we talked,31,AO,7,medial,talked,276,308,32,69,69,292,296,292,296,0.9996559834448709
t12.2022.05.19,train,vocal,t12.2022.05.19,16,the rides were tame enough  mostly we talked,32,K,7,medial,talked,280,312,32,70,70,296,300,296,300,0.9978970650344114
t12.2022.05.19,train,vocal,t12.2022.05.19,16,the rides were tame enough  mostly we talked,33,T,7,final,talked,284,320,36,71,72,300,308,300,308,0.8550933430299977
t12.2022.05.19,train,vocal,t12.2022.05.19,16,the rides were tame enough  mostly we talked,34,SIL,7,sil,talked,292,336,44,73,76,308,324,308,324,0.9999940370397293
t12.2022.05.19,train,vocal,t12.2022.05.19,17,it was a grotesque hen five or six feet tall,0,IH,0,initial,it,44,76,32,11,11,60,64,16,64,0.9999985558410461
t12.2022.05.19,train,vocal,t12.2022.05.19,17,it was a grotesque hen five or six feet tall,1,T,0,final,it,48,80,32,12,12,64,68,64,68,0.9999727307233509
t12.2022.05.19,train,vocal,t12.2022.05.19,17,it was a grotesque hen five or six feet tall,2,SIL,0,sil,it,52,88,36,13,14,68,76,68,76,0.9995651037429734
t12.2022.05.19,train,vocal,t12.2022.05.19,17,it was a grotesque hen five or six feet tall,3,W,1,initial,was,60,96,36,15,16,76,84,76,84,0.9989055935122682
t12.2022.05.19,train,vocal,t12.2022.05.19,17,it was a grotesque hen five or six feet tall,4,AA,1,medial,was,68,104,36,17,18,84,92,84,92,0.8317057695502998
t12.2022.05.19,train,vocal,t12.2022.05.19,17,it was a grotesque hen five or six feet tall,5,Z,1,final,was,76,108,32,19,19,92,96,92,96,0.9999995766594316
t12.2022.05.19,train,vocal,t12.2022.05.19,17,it was a grotesque hen five or six feet tall,6,SIL,1,sil,was,80,120,40,20,22,96,108,96,112,0.9044907428727406
t12.2022.05.19,train,vocal,t12.2022.05.19,17,it was a grotesque hen five or six feet tall,7,AH,2,single,a,100,132,32,25,25,116,120,112,120,0.9994844563719804
t12.2022.05.19,train,vocal,t12.2022.05.19,17,it was a grotesque hen five or six feet tall,8,SIL,2,sil,a,104,148,44,26,29,120,136,120,136,0.877468140225435
t12.2022.05.19,train,vocal,t12.2022.05.19,17,it was a grotesque hen five or six feet tall,9,G,3,initial,grotesque,120,152,32,30,30,136,140,136,140,0.9995767758530775
t12.2022.05.19,train,vocal,t12.2022.05.19,17,it was a grotesque hen five or six feet tall,10,R,3,medial,grotesque,124,156,32,31,31,140,144,140,144,0.9986673915067311
t12.2022.05.19,train,vocal,t12.2022.05.19,17,it was a grotesque hen five or six feet tall,11,OW,3,medial,grotesque,128,160,32,32,32,144,148,144,148,0.9962542976918967
t12.2022.05.19,train,vocal,t12.2022.05.19,17,it was a grotesque hen five or six feet tall,12,T,3,medial,grotesque,132,168,36,33,34,148,156,148,160,0.66325210616153
t12.2022.05.19,train,vocal,t12.2022.05.19,17,it was a grotesque hen five or six feet tall,13,EH,3,medial,grotesque,148,180,32,37,37,164,168,160,168,0.9988411631465495
t12.2022.05.19,train,vocal,t12.2022.05.19,17,it was a grotesque hen five or six feet tall,14,S,3,medial,grotesque,152,188,36,38,39,168,176,168,176,0.8930809441315534
t12.2022.05.19,train,vocal,t12.2022.05.19,17,it was a grotesque hen five or six feet tall,15,K,3,final,grotesque,160,200,40,40,42,176,188,176,188,0.8979874654865861
t12.2022.05.19,train,vocal,t12.2022.05.19,17,it was a grotesque hen five or six feet tall,16,SIL,3,sil,grotesque,172,212,40,43,45,188,200,188,200,0.8678505881845332
t12.2022.05.19,train,vocal,t12.2022.05.19,17,it was a grotesque hen five or six feet tall,17,HH,4,initial,hen,184,220,36,46,47,200,208,200,212,0.9868239443034701
t12.2022.05.19,train,vocal,t12.2022.05.19,17,it was a grotesque hen five or six feet tall,18,EH,4,medial,hen,196,228,32,49,49,212,216,212,216,0.9992697555742113
t12.2022.05.19,train,vocal,t12.2022.05.19,17,it was a grotesque hen five or six feet tall,19,N,4,final,hen,200,236,36,50,51,216,224,216,224,0.8928540639901481
t12.2022.05.19,train,vocal,t12.2022.05.19,17,it was a grotesque hen five or six feet tall,20,SIL,4,sil,hen,208,268,60,52,59,224,256,224,256,0.9999472817772641
t12.2022.05.19,train,vocal,t12.2022.05.19,17,it was a grotesque hen five or six feet tall,21,F,5,initial,five,240,276,36,60,61,256,264,256,268,0.7503137150394811
t12.2022.05.19,train,vocal,t12.2022.05.19,17,it was a grotesque hen five or six feet tall,22,AY,5,medial,five,256,288,32,64,64,272,276,268,276,0.9999921853328381
t12.2022.05.19,train,vocal,t12.2022.05.19,17,it was a grotesque hen five or six feet tall,23,V,5,final,five,260,292,32,65,65,276,280,276,280,0.9981065787286559
t12.2022.05.19,train,vocal,t12.2022.05.19,17,it was a grotesque hen five or six feet tall,24,SIL,5,sil,five,264,304,40,66,68,280,292,280,296,0.9945481314754249
t12.2022.05.19,train,vocal,t12.2022.05.19,17,it was a grotesque hen five or six feet tall,25,AO,6,initial,or,280,312,32,70,70,296,300,296,300,0.9999709275358102
t12.2022.05.19,train,vocal,t12.2022.05.19,17,it was a grotesque hen five or six feet tall,26,R,6,final,or,284,316,32,71,71,300,304,300,304,0.9999892715475459
t12.2022.05.19,train,vocal,t12.2022.05.19,17,it was a grotesque hen five or six feet tall,27,SIL,6,sil,or,288,332,44,72,75,304,320,304,320,0.9948521995503938
t12.2022.05.19,train,vocal,t12.2022.05.19,17,it was a grotesque hen five or six feet tall,28,S,7,initial,six,304,336,32,76,76,320,324,320,328,0.9999705185491372
t12.2022.05.19,train,vocal,t12.2022.05.19,17,it was a grotesque hen five or six feet tall,29,IH,7,medial,six,312,344,32,78,78,328,332,328,332,0.9998579097099198
t12.2022.05.19,train,vocal,t12.2022.05.19,17,it was a grotesque hen five or six feet tall,30,K,7,medial,six,316,348,32,79,79,332,336,332,336,0.9997951577103031
t12.2022.05.19,train,vocal,t12.2022.05.19,17,it was a grotesque hen five or six feet tall,31,S,7,final,six,320,356,36,80,81,336,344,336,344,0.996948804611528
t12.2022.05.19,train,vocal,t12.2022.05.19,17,it was a grotesque hen five or six feet tall,32,SIL,7,sil,six,328,364,36,82,83,344,352,344,352,0.9806171638589551
t12.2022.05.19,train,vocal,t12.2022.05.19,17,it was a grotesque hen five or six feet tall,33,F,8,initial,feet,336,368,32,84,84,352,356,352,360,0.9999209657610845
t12.2022.05.19,train,vocal,t12.2022.05.19,17,it was a grotesque hen five or six feet tall,34,IY,8,medial,feet,344,376,32,86,86,360,364,360,364,0.9998068611141493
t12.2022.05.19,train,vocal,t12.2022.05.19,17,it was a grotesque hen five or six feet tall,35,T,8,final,feet,348,384,36,87,88,364,372,364,372,0.9862893923460245
t12.2022.05.19,train,vocal,t12.2022.05.19,17,it was a grotesque hen five or six feet tall,36,SIL,8,sil,feet,356,404,48,89,93,372,392,372,392,0.9696133249351757
t12.2022.05.19,train,vocal,t12.2022.05.19,17,it was a grotesque hen five or six feet tall,37,T,9,initial,tall,376,408,32,94,94,392,396,392,400,0.9994496435429543
t12.2022.05.19,train,vocal,t12.2022.05.19,17,it was a grotesque hen five or six feet tall,38,AO,9,medial,tall,384,416,32,96,96,400,404,400,404,0.9988273688942487
t12.2022.05.19,train,vocal,t12.2022.05.19,17,it was a grotesque hen five or six feet tall,39,L,9,final,tall,388,420,32,97,97,404,408,404,408,0.9991206960991569
t12.2022.05.19,train,vocal,t12.2022.05.19,17,it was a grotesque hen five or six feet tall,40,SIL,9,sil,tall,392,444,52,98,103,408,432,408,432,0.9993917001011732
t12.2022.05.19,train,vocal,t12.2022.05.19,18,why should this be so,0,W,0,initial,why,72,104,32,18,18,88,92,16,96,0.9997807572666432
t12.2022.05.19,train,vocal,t12.2022.05.19,18,why should this be so,1,AY,0,final,why,80,112,32,20,20,96,100,96,104,0.9998622340135006
t12.2022.05.19,train,vocal,t12.2022.05.19,18,why should this be so,2,SIL,0,sil,why,88,128,40,22,24,104,116,104,116,0.9986818241810829
t12.2022.05.19,train,vocal,t12.2022.05.19,18,why should this be so,3,SH,1,initial,should,100,132,32,25,25,116,120,116,124,0.9999141002037757
t12.2022.05.19,train,vocal,t12.2022.05.19,18,why should this be so,4,UH,1,medial,should,108,140,32,27,27,124,128,124,128,0.9996295765300166
t12.2022.05.19,train,vocal,t12.2022.05.19,18,why should this be so,5,D,1,final,should,112,148,36,28,29,128,136,128,136,0.996677681813166
t12.2022.05.19,train,vocal,t12.2022.05.19,18,why should this be so,6,SIL,1,sil,should,120,160,40,30,32,136,148,136,148,0.9554732104653815
t12.2022.05.19,train,vocal,t12.2022.05.19,18,why should this be so,7,DH,2,initial,this,132,164,32,33,33,148,152,148,156,0.9999761505796237
t12.2022.05.19,train,vocal,t12.2022.05.19,18,why should this be so,8,IH,2,medial,this,140,172,32,35,35,156,160,156,160,0.9999987126877191
t12.2022.05.19,train,vocal,t12.2022.05.19,18,why should this be so,9,S,2,final,this,144,176,32,36,36,160,164,160,164,0.9999968512574907
t12.2022.05.19,train,vocal,t12.2022.05.19,18,why should this be so,10,SIL,2,sil,this,148,208,60,37,44,164,196,164,196,0.999067887492312
t12.2022.05.19,train,vocal,t12.2022.05.19,18,why should this be so,11,B,3,initial,be,180,212,32,45,45,196,200,196,204,0.9999960789756955
t12.2022.05.19,train,vocal,t12.2022.05.19,18,why should this be so,12,IY,3,final,be,188,224,36,47,48,204,212,204,216,0.9992576760891949
t12.2022.05.19,train,vocal,t12.2022.05.19,18,why should this be so,13,SIL,3,sil,be,200,236,36,50,51,216,224,216,224,0.9996964871104299
t12.2022.05.19,train,vocal,t12.2022.05.19,18,why should this be so,14,S,4,initial,so,208,244,36,52,53,224,232,224,236,0.7969979388412645
t12.2022.05.19,train,vocal,t12.2022.05.19,18,why should this be so,15,OW,4,final,so,220,252,32,55,55,236,240,236,240,0.999728146485373
t12.2022.05.19,train,vocal,t12.2022.05.19,18,why should this be so,16,SIL,4,sil,so,224,276,52,56,61,240,264,240,264,0.9359674077588139
t12.2022.05.19,train,vocal,t12.2022.05.19,19,time and space have both become cinematic,0,T,0,initial,time,52,84,32,13,13,68,72,16,76,0.9980921534539164
t12.2022.05.19,train,vocal,t12.2022.05.19,19,time and space have both become cinematic,1,AY,0,medial,time,60,92,32,15,15,76,80,76,80,0.9999430263197239
t12.2022.05.19,train,vocal,t12.2022.05.19,19,time and space have both become cinematic,2,M,0,final,time,64,100,36,16,17,80,88,80,88,0.9832385833857333
t12.2022.05.19,train,vocal,t12.2022.05.19,19,time and space have both become cinematic,3,SIL,0,sil,time,72,112,40,18,20,88,100,88,104,0.8773266858007692
t12.2022.05.19,train,vocal,t12.2022.05.19,19,time and space have both become cinematic,4,AH,1,initial,and,92,124,32,23,23,108,112,104,112,0.9999748318526694
t12.2022.05.19,train,vocal,t12.2022.05.19,19,time and space have both become cinematic,5,N,1,medial,and,96,128,32,24,24,112,116,112,116,0.9998892701855776
t12.2022.05.19,train,vocal,t12.2022.05.19,19,time and space have both become cinematic,6,D,1,final,and,100,136,36,25,26,116,124,116,124,0.9959729395285521
t12.2022.05.19,train,vocal,t12.2022.05.19,19,time and space have both become cinematic,7,SIL,1,sil,and,108,144,36,27,28,124,132,124,132,0.9886571461527346
t12.2022.05.19,train,vocal,t12.2022.05.19,19,time and space have both become cinematic,8,S,2,initial,space,116,148,32,29,29,132,136,132,136,0.9905547235484172
t12.2022.05.19,train,vocal,t12.2022.05.19,19,time and space have both become cinematic,9,P,2,medial,space,120,152,32,30,30,136,140,136,144,0.9991090545728426
t12.2022.05.19,train,vocal,t12.2022.05.19,19,time and space have both become cinematic,10,EY,2,medial,space,132,164,32,33,33,148,152,144,152,0.9997002461081265
t12.2022.05.19,train,vocal,t12.2022.05.19,19,time and space have both become cinematic,11,S,2,final,space,136,172,36,34,35,152,160,152,164,0.8917671055182694
t12.2022.05.19,train,vocal,t12.2022.05.19,19,time and space have both become cinematic,12,SIL,2,sil,space,148,200,52,37,42,164,188,164,188,0.99916208118719
t12.2022.05.19,train,vocal,t12.2022.05.19,19,time and space have both become cinematic,13,HH,3,initial,have,172,208,36,43,44,188,196,188,200,0.9997142964047152
t12.2022.05.19,train,vocal,t12.2022.05.19,19,time and space have both become cinematic,14,AE,3,medial,have,184,216,32,46,46,200,204,200,204,0.999944033135416
t12.2022.05.19,train,vocal,t12.2022.05.19,19,time and space have both become cinematic,15,V,3,final,have,188,220,32,47,47,204,208,204,208,0.9997548911420138
t12.2022.05.19,train,vocal,t12.2022.05.19,19,time and space have both become cinematic,16,SIL,3,sil,have,192,232,40,48,50,208,220,208,220,0.9998643005985919
t12.2022.05.19,train,vocal,t12.2022.05.19,19,time and space have both become cinematic,17,B,4,initial,both,204,236,32,51,51,220,224,220,228,0.9998901525842225
t12.2022.05.19,train,vocal,t12.2022.05.19,19,time and space have both become cinematic,18,OW,4,medial,both,216,248,32,54,54,232,236,228,236,0.9998063352762074
t12.2022.05.19,train,vocal,t12.2022.05.19,19,time and space have both become cinematic,19,TH,4,final,both,220,252,32,55,55,236,240,236,240,0.9994191634440067
t12.2022.05.19,train,vocal,t12.2022.05.19,19,time and space have both become cinematic,20,SIL,4,sil,both,224,264,40,56,58,240,252,240,252,0.8984857366156219
t12.2022.05.19,train,vocal,t12.2022.05.19,19,time and space have both become cinematic,21,B,5,initial,become,236,272,36,59,60,252,260,252,260,0.9557087971531786
t12.2022.05.19,train,vocal,t12.2022.05.19,19,time and space have both become cinematic,22,IH,5,medial,become,244,280,36,61,62,260,268,260,268,0.9589452549289488
t12.2022.05.19,train,vocal,t12.2022.05.19,19,time and space have both become cinematic,23,K,5,medial,become,252,288,36,63,64,268,276,268,276,0.8501789932932807
t12.2022.05.19,train,vocal,t12.2022.05.19,19,time and space have both become cinematic,24,AH,5,medial,become,260,296,36,65,66,276,284,276,284,0.9906257265309659
t12.2022.05.19,train,vocal,t12.2022.05.19,19,time and space have both become cinematic,25,M,5,final,become,268,304,36,67,68,284,292,284,292,0.8171161590649015
t12.2022.05.19,train,vocal,t12.2022.05.19,19,time and space have both become cinematic,26,SIL,5,sil,become,276,312,36,69,70,292,300,292,300,0.9250723407106913
t12.2022.05.19,train,vocal,t12.2022.05.19,19,time and space have both become cinematic,27,S,6,initial,cinematic,284,316,32,71,71,300,304,300,308,0.9951935639485004
t12.2022.05.19,train,vocal,t12.2022.05.19,19,time and space have both become cinematic,28,IH,6,medial,cinematic,292,324,32,73,73,308,312,308,312,0.9973396961050955
t12.2022.05.19,train,vocal,t12.2022.05.19,19,time and space have both become cinematic,29,N,6,medial,cinematic,296,328,32,74,74,312,316,312,316,0.9989635473288433
t12.2022.05.19,train,vocal,t12.2022.05.19,19,time and space have both become cinematic,30,AH,6,medial,cinematic,300,336,36,75,76,316,324,316,324,0.8121401851101269
t12.2022.05.19,train,vocal,t12.2022.05.19,19,time and space have both become cinematic,31,M,6,medial,cinematic,308,344,36,77,78,324,332,324,336,0.9805017025279943
t12.2022.05.19,train,vocal,t12.2022.05.19,19,time and space have both become cinematic,32,AE,6,medial,cinematic,324,356,32,81,81,340,344,336,344,0.9998426024444232
t12.2022.05.19,train,vocal,t12.2022.05.19,19,time and space have both become cinematic,33,T,6,medial,cinematic,328,364,36,82,83,344,352,344,352,0.8962588670029343
t12.2022.05.19,train,vocal,t12.2022.05.19,19,time and space have both become cinematic,34,IH,6,medial,cinematic,336,368,32,84,84,352,356,352,356,0.9999996314426817
t12.2022.05.19,train,vocal,t12.2022.05.19,19,time and space have both become cinematic,35,K,6,final,cinematic,340,376,36,85,86,356,364,356,364,0.9952789963890022
t12.2022.05.19,train,vocal,t12.2022.05.19,19,time and space have both become cinematic,36,SIL,6,sil,cinematic,348,396,48,87,91,364,384,364,384,0.999874510386437
t12.2022.05.19,train,vocal,t12.2022.05.19,20,maybe twenty thirty fifty,0,M,0,initial,maybe,24,56,32,6,6,40,44,16,48,0.999967737341497
t12.2022.05.19,train,vocal,t12.2022.05.19,20,maybe twenty thirty fifty,1,EY,0,medial,maybe,32,64,32,8,8,48,52,48,52,0.9999565284093104
t12.2022.05.19,train,vocal,t12.2022.05.19,20,maybe twenty thirty fifty,2,B,0,medial,maybe,36,72,36,9,10,52,60,52,60,0.9965955439975309
t12.2022.05.19,train,vocal,t12.2022.05.19,20,maybe twenty thirty fifty,3,IY,0,final,maybe,44,88,44,11,14,60,76,60,76,0.9508661668131175
t12.2022.05.19,train,vocal,t12.2022.05.19,20,maybe twenty thirty fifty,4,SIL,0,sil,maybe,60,100,40,15,17,76,88,76,88,0.9639923251638033
t12.2022.05.19,train,vocal,t12.2022.05.19,20,maybe twenty thirty fifty,5,T,1,initial,twenty,72,104,32,18,18,88,92,88,92,0.9999893574850898
t12.2022.05.19,train,vocal,t12.2022.05.19,20,maybe twenty thirty fifty,6,W,1,medial,twenty,76,108,32,19,19,92,96,92,96,0.9993878500483794
t12.2022.05.19,train,vocal,t12.2022.05.19,20,maybe twenty thirty fifty,7,EH,1,medial,twenty,80,116,36,20,21,96,104,96,104,0.8259089172477145
t12.2022.05.19,train,vocal,t12.2022.05.19,20,maybe twenty thirty fifty,8,N,1,medial,twenty,88,120,32,22,22,104,108,104,108,0.99825726796309
t12.2022.05.19,train,vocal,t12.2022.05.19,20,maybe twenty thirty fifty,9,T,1,medial,twenty,92,128,36,23,24,108,116,108,116,0.9934325153301754
t12.2022.05.19,train,vocal,t12.2022.05.19,20,maybe twenty thirty fifty,10,IY,1,final,twenty,100,136,36,25,26,116,124,116,124,0.9916313562422823
t12.2022.05.19,train,vocal,t12.2022.05.19,20,maybe twenty thirty fifty,11,SIL,1,sil,twenty,108,144,36,27,28,124,132,124,132,0.9665548032985992
t12.2022.05.19,train,vocal,t12.2022.05.19,20,maybe twenty thirty fifty,12,TH,2,initial,thirty,116,148,32,29,29,132,136,132,136,0.9999608959380075
t12.2022.05.19,train,vocal,t12.2022.05.19,20,maybe twenty thirty fifty,13,ER,2,medial,thirty,120,156,36,30,31,136,144,136,144,0.7703675825017398
t12.2022.05.19,train,vocal,t12.2022.05.19,20,maybe twenty thirty fifty,14,D,2,medial,thirty,128,160,32,32,32,144,148,144,148,0.9999792975911351
t12.2022.05.19,train,vocal,t12.2022.05.19,20,maybe twenty thirty fifty,15,IY,2,final,thirty,132,168,36,33,34,148,156,148,156,0.9867751839016394
t12.2022.05.19,train,vocal,t12.2022.05.19,20,maybe twenty thirty fifty,16,SIL,2,sil,thirty,140,180,40,35,37,156,168,156,168,0.8850358858749959
t12.2022.05.19,train,vocal,t12.2022.05.19,20,maybe twenty thirty fifty,17,F,3,initial,fifty,152,184,32,38,38,168,172,168,176,0.9999735886446551
t12.2022.05.19,train,vocal,t12.2022.05.19,20,maybe twenty thirty fifty,18,IH,3,medial,fifty,160,192,32,40,40,176,180,176,180,0.9999595574454853
t12.2022.05.19,train,vocal,t12.2022.05.19,20,maybe twenty thirty fifty,19,F,3,medial,fifty,164,196,32,41,41,180,184,180,184,0.998949248467402
t12.2022.05.19,train,vocal,t12.2022.05.19,20,maybe twenty thirty fifty,20,T,3,medial,fifty,168,208,40,42,44,184,196,184,196,0.8537725520213827
t12.2022.05.19,train,vocal,t12.2022.05.19,20,maybe twenty thirty fifty,21,IY,3,final,fifty,180,216,36,45,46,196,204,196,204,0.9758718294830341
t12.2022.05.19,train,vocal,t12.2022.05.19,20,maybe twenty thirty fifty,22,SIL,3,sil,fifty,188,252,64,47,55,204,240,204,240,0.999952728845956
t12.2022.05.19,train,vocal,t12.2022.05.19,21,each of us had his own specialty besides,0,IY,0,initial,each,32,68,36,8,9,48,56,16,56,0.9430363396326011
t12.2022.05.19,train,vocal,t12.2022.05.19,21,each of us had his own specialty besides,1,CH,0,final,each,40,76,36,10,11,56,64,56,64,0.9916342385025365
t12.2022.05.19,train,vocal,t12.2022.05.19,21,each of us had his own specialty besides,2,SIL,0,sil,each,48,88,40,12,14,64,76,64,88,0.9998659046697457
t12.2022.05.19,train,vocal,t12.2022.05.19,21,each of us had his own specialty besides,3,AH,1,initial,of,80,116,36,20,21,96,104,88,104,0.8081767433155476
t12.2022.05.19,train,vocal,t12.2022.05.19,21,each of us had his own specialty besides,4,V,1,final,of,88,120,32,22,22,104,108,104,108,0.9999914362602169
t12.2022.05.19,train,vocal,t12.2022.05.19,21,each of us had his own specialty besides,5,SIL,1,sil,of,92,128,36,23,24,108,116,108,120,0.9951492084724963
t12.2022.05.19,train,vocal,t12.2022.05.19,21,each of us had his own specialty besides,6,AH,2,initial,us,108,140,32,27,27,124,128,120,128,0.9999990319547173
t12.2022.05.19,train,vocal,t12.2022.05.19,21,each of us had his own specialty besides,7,S,2,final,us,112,144,32,28,28,128,132,128,132,0.9924059679933499
t12.2022.05.19,train,vocal,t12.2022.05.19,21,each of us had his own specialty besides,8,SIL,2,sil,us,116,172,56,29,35,132,160,132,160,0.983009333312429
t12.2022.05.19,train,vocal,t12.2022.05.19,21,each of us had his own specialty besides,9,HH,3,initial,had,144,180,36,36,37,160,168,160,172,0.9995810241409013
t12.2022.05.19,train,vocal,t12.2022.05.19,21,each of us had his own specialty besides,10,AE,3,medial,had,156,188,32,39,39,172,176,172,176,0.9996419508951054
t12.2022.05.19,train,vocal,t12.2022.05.19,21,each of us had his own specialty besides,11,D,3,final,had,160,192,32,40,40,176,180,176,180,0.9999987444480075
t12.2022.05.19,train,vocal,t12.2022.05.19,21,each of us had his own specialty besides,12,SIL,3,sil,had,164,208,44,41,44,180,196,180,196,0.8829011765394565
t12.2022.05.19,train,vocal,t12.2022.05.19,21,each of us had his own specialty besides,13,HH,4,initial,his,180,212,32,45,45,196,200,196,200,0.9994123474644632
t12.2022.05.19,train,vocal,t12.2022.05.19,21,each of us had his own specialty besides,14,IH,4,medial,his,184,220,36,46,47,200,208,200,208,0.9778875667172876
t12.2022.05.19,train,vocal,t12.2022.05.19,21,each of us had his own specialty besides,15,Z,4,final,his,192,224,32,48,48,208,212,208,212,0.999991024626335
t12.2022.05.19,train,vocal,t12.2022.05.19,21,each of us had his own specialty besides,16,SIL,4,sil,his,196,236,40,49,51,212,224,212,228,0.9886859773322927
t12.2022.05.19,train,vocal,t12.2022.05.19,21,each of us had his own specialty besides,17,OW,5,initial,own,216,248,32,54,54,232,236,228,236,0.9999760561908263
t12.2022.05.19,train,vocal,t12.2022.05.19,21,each of us had his own specialty besides,18,N,5,final,own,220,256,36,55,56,236,244,236,244,0.9996669411370647
t12.2022.05.19,train,vocal,t12.2022.05.19,21,each of us had his own specialty besides,19,SIL,5,sil,own,228,276,48,57,61,244,264,244,264,0.990872037760649
t12.2022.05.19,train,vocal,t12.2022.05.19,21,each of us had his own specialty besides,20,S,6,initial,specialty,248,284,36,62,63,264,272,264,272,0.9754724760383319
t12.2022.05.19,train,vocal,t12.2022.05.19,21,each of us had his own specialty besides,21,P,6,medial,specialty,256,288,32,64,64,272,276,272,280,0.9984388437932195
t12.2022.05.19,train,vocal,t12.2022.05.19,21,each of us had his own specialty besides,22,EH,6,medial,specialty,264,296,32,66,66,280,284,280,284,0.9999102848991432
t12.2022.05.19,train,vocal,t12.2022.05.19,21,each of us had his own specialty besides,23,SH,6,medial,specialty,268,304,36,67,68,284,292,284,292,0.9050200121336507
t12.2022.05.19,train,vocal,t12.2022.05.19,21,each of us had his own specialty besides,24,AH,6,medial,specialty,276,312,36,69,70,292,300,292,300,0.981712177583157
t12.2022.05.19,train,vocal,t12.2022.05.19,21,each of us had his own specialty besides,25,L,6,medial,specialty,284,320,36,71,72,300,308,300,308,0.7192510439432529
t12.2022.05.19,train,vocal,t12.2022.05.19,21,each of us had his own specialty besides,26,T,6,medial,specialty,292,324,32,73,73,308,312,308,312,0.9956808166709976
t12.2022.05.19,train,vocal,t12.2022.05.19,21,each of us had his own specialty besides,27,IY,6,final,specialty,296,332,36,74,75,312,320,312,320,0.8497972684799211
t12.2022.05.19,train,vocal,t12.2022.05.19,21,each of us had his own specialty besides,28,SIL,6,sil,specialty,304,348,44,76,79,320,336,320,336,0.9520656167451779
t12.2022.05.19,train,vocal,t12.2022.05.19,21,each of us had his own specialty besides,29,B,7,initial,besides,320,352,32,80,80,336,340,336,344,0.9995746834720245
t12.2022.05.19,train,vocal,t12.2022.05.19,21,each of us had his own specialty besides,30,IH,7,medial,besides,328,360,32,82,82,344,348,344,348,0.9993981189021335
t12.2022.05.19,train,vocal,t12.2022.05.19,21,each of us had his own specialty besides,31,S,7,medial,besides,332,368,36,83,84,348,356,348,360,0.8395149286419835
t12.2022.05.19,train,vocal,t12.2022.05.19,21,each of us had his own specialty besides,32,AY,7,medial,besides,344,376,32,86,86,360,364,360,364,0.9999526384616988
t12.2022.05.19,train,vocal,t12.2022.05.19,21,each of us had his own specialty besides,33,D,7,medial,besides,348,384,36,87,88,364,372,364,372,0.9646010148699926
t12.2022.05.19,train,vocal,t12.2022.05.19,21,each of us had his own specialty besides,34,Z,7,final,besides,356,388,32,89,89,372,376,372,376,0.9963367379311049
t12.2022.05.19,train,vocal,t12.2022.05.19,21,each of us had his own specialty besides,35,SIL,7,sil,besides,360,416,56,90,96,376,404,376,404,0.9962225697864706
t12.2022.05.19,train,vocal,t12.2022.05.19,22,keep the message short and to the point,0,K,0,initial,keep,20,56,36,5,6,36,44,16,48,0.8859582648130846
t12.2022.05.19,train,vocal,t12.2022.05.19,22,keep the message short and to the point,1,IY,0,medial,keep,32,64,32,8,8,48,52,48,52,0.9998668245316711
t12.2022.05.19,train,vocal,t12.2022.05.19,22,keep the message short and to the point,2,P,0,final,keep,36,72,36,9,10,52,60,52,60,0.8933676383147116
t12.2022.05.19,train,vocal,t12.2022.05.19,22,keep the message short and to the point,3,SIL,0,sil,keep,44,88,44,11,14,60,76,60,76,0.9779039986308717
t12.2022.05.19,train,vocal,t12.2022.05.19,22,keep the message short and to the point,4,DH,1,initial,the,60,96,36,15,16,76,84,76,84,0.9947797411617274
t12.2022.05.19,train,vocal,t12.2022.05.19,22,keep the message short and to the point,5,AH,1,final,the,68,104,36,17,18,84,92,84,92,0.9053590666587599
t12.2022.05.19,train,vocal,t12.2022.05.19,22,keep the message short and to the point,6,SIL,1,sil,the,76,116,40,19,21,92,104,92,104,0.983500059153729
t12.2022.05.19,train,vocal,t12.2022.05.19,22,keep the message short and to the point,7,M,2,initial,message,88,120,32,22,22,104,108,104,112,0.9995498887298949
t12.2022.05.19,train,vocal,t12.2022.05.19,22,keep the message short and to the point,8,EH,2,medial,message,100,132,32,25,25,116,120,112,120,0.9994297027775699
t12.2022.05.19,train,vocal,t12.2022.05.19,22,keep the message short and to the point,9,S,2,medial,message,104,136,32,26,26,120,124,120,128,0.9995904895310366
t12.2022.05.19,train,vocal,t12.2022.05.19,22,keep the message short and to the point,10,AH,2,medial,message,116,148,32,29,29,132,136,128,136,0.99711156612344
t12.2022.05.19,train,vocal,t12.2022.05.19,22,keep the message short and to the point,11,JH,2,final,message,120,160,40,30,32,136,148,136,148,0.8386799711226383
t12.2022.05.19,train,vocal,t12.2022.05.19,22,keep the message short and to the point,12,SIL,2,sil,message,132,180,48,33,37,148,168,148,168,0.9986917560261237
t12.2022.05.19,train,vocal,t12.2022.05.19,22,keep the message short and to the point,13,SH,3,initial,short,152,184,32,38,38,168,172,168,176,0.9994669282596204
t12.2022.05.19,train,vocal,t12.2022.05.19,22,keep the message short and to the point,14,AO,3,medial,short,160,192,32,40,40,176,180,176,180,0.9984292366866094
t12.2022.05.19,train,vocal,t12.2022.05.19,22,keep the message short and to the point,15,R,3,medial,short,164,196,32,41,41,180,184,180,184,0.9999611452290613
t12.2022.05.19,train,vocal,t12.2022.05.19,22,keep the message short and to the point,16,T,3,final,short,168,200,32,42,42,184,188,184,188,0.9986724995018648
t12.2022.05.19,train,vocal,t12.2022.05.19,22,keep the message short and to the point,17,SIL,3,sil,short,172,208,36,43,44,188,196,188,200,0.9904115440441186
t12.2022.05.19,train,vocal,t12.2022.05.19,22,keep the message short and to the point,18,AH,4,initial,and,184,220,36,46,47,200,208,200,208,0.8628584443023635
t12.2022.05.19,train,vocal,t12.2022.05.19,22,keep the message short and to the point,19,N,4,medial,and,192,224,32,48,48,208,212,208,212,0.9999715391220111
t12.2022.05.19,train,vocal,t12.2022.05.19,22,keep the message short and to the point,20,D,4,final,and,196,232,36,49,50,212,220,212,220,0.9997807964963199
t12.2022.05.19,train,vocal,t12.2022.05.19,22,keep the message short and to the point,21,SIL,4,sil,and,204,248,44,51,54,220,236,220,236,0.9932941871856005
t12.2022.05.19,train,vocal,t12.2022.05.19,22,keep the message short and to the point,22,T,5,initial,to,220,252,32,55,55,236,240,236,244,0.9999749638665865
t12.2022.05.19,train,vocal,t12.2022.05.19,22,keep the message short and to the point,23,UW,5,final,to,228,260,32,57,57,244,248,244,252,0.9999986116735678
t12.2022.05.19,train,vocal,t12.2022.05.19,22,keep the message short and to the point,24,SIL,5,sil,to,236,272,36,59,60,252,260,252,260,0.9999552355425451
t12.2022.05.19,train,vocal,t12.2022.05.19,22,keep the message short and to the point,25,DH,6,initial,the,244,280,36,61,62,260,268,260,268,0.7942002667214522
t12.2022.05.19,train,vocal,t12.2022.05.19,22,keep the message short and to the point,26,AH,6,final,the,252,288,36,63,64,268,276,268,276,0.9405469602895539
t12.2022.05.19,train,vocal,t12.2022.05.19,22,keep the message short and to the point,27,SIL,6,sil,the,260,304,44,65,68,276,292,276,292,0.8952465812021482
t12.2022.05.19,train,vocal,t12.2022.05.19,22,keep the message short and to the point,28,P,7,initial,point,276,308,32,69,69,292,296,292,296,0.994845193913253
t12.2022.05.19,train,vocal,t12.2022.05.19,22,keep the message short and to the point,29,OY,7,medial,point,280,316,36,70,71,296,304,296,304,0.9977136515588563
t12.2022.05.19,train,vocal,t12.2022.05.19,22,keep the message short and to the point,30,N,7,medial,point,288,320,32,72,72,304,308,304,308,0.9998503405791455
t12.2022.05.19,train,vocal,t12.2022.05.19,22,keep the message short and to the point,31,T,7,final,point,292,324,32,73,73,308,312,308,312,0.9999527544445244
t12.2022.05.19,train,vocal,t12.2022.05.19,22,keep the message short and to the point,32,SIL,7,sil,point,296,360,64,74,82,312,348,312,348,0.9733997862229641
t12.2022.05.19,train,vocal,t12.2022.05.19,23,oh yes he'd talked about doing so,0,OW,0,single,oh,36,72,36,9,10,52,60,16,64,0.9710727232033061
t12.2022.05.19,train,vocal,t12.2022.05.19,23,oh yes he'd talked about doing so,1,SIL,0,sil,oh,48,84,36,12,13,64,72,64,72,0.9998578855269404
t12.2022.05.19,train,vocal,t12.2022.05.19,23,oh yes he'd talked about doing so,2,Y,1,initial,yes,56,92,36,14,15,72,80,72,84,0.9884210047522501
t12.2022.05.19,train,vocal,t12.2022.05.19,23,oh yes he'd talked about doing so,3,EH,1,medial,yes,68,100,32,17,17,84,88,84,88,0.9998285648330137
t12.2022.05.19,train,vocal,t12.2022.05.19,23,oh yes he'd talked about doing so,4,S,1,final,yes,72,112,40,18,20,88,100,88,100,0.8493127592498974
t12.2022.05.19,train,vocal,t12.2022.05.19,23,oh yes he'd talked about doing so,5,SIL,1,sil,yes,84,128,44,21,24,100,116,100,116,0.9996008339874126
t12.2022.05.19,train,vocal,t12.2022.05.19,23,oh yes he'd talked about doing so,6,HH,2,initial,he'd,100,136,36,25,26,116,124,116,128,0.9664622604627452
t12.2022.05.19,train,vocal,t12.2022.05.19,23,oh yes he'd talked about doing so,7,IY,2,medial,he'd,112,144,32,28,28,128,132,128,132,0.9999163114642108
t12.2022.05.19,train,vocal,t12.2022.05.19,23,oh yes he'd talked about doing so,8,D,2,final,he'd,116,148,32,29,29,132,136,132,136,0.9997438462782757
t12.2022.05.19,train,vocal,t12.2022.05.19,23,oh yes he'd talked about doing so,9,SIL,2,sil,he'd,120,160,40,30,32,136,148,136,148,0.983058716590342
t12.2022.05.19,train,vocal,t12.2022.05.19,23,oh yes he'd talked about doing so,10,T,3,initial,talked,132,164,32,33,33,148,152,148,156,0.9999517126597647
t12.2022.05.19,train,vocal,t12.2022.05.19,23,oh yes he'd talked about doing so,11,AO,3,medial,talked,140,172,32,35,35,156,160,156,160,0.9997558269604534
t12.2022.05.19,train,vocal,t12.2022.05.19,23,oh yes he'd talked about doing so,12,K,3,medial,talked,144,176,32,36,36,160,164,160,164,0.9987754142456431
t12.2022.05.19,train,vocal,t12.2022.05.19,23,oh yes he'd talked about doing so,13,T,3,final,talked,148,180,32,37,37,164,168,164,168,0.9982082330842987
t12.2022.05.19,train,vocal,t12.2022.05.19,23,oh yes he'd talked about doing so,14,SIL,3,sil,talked,152,192,40,38,40,168,180,168,184,0.9388249817065334
t12.2022.05.19,train,vocal,t12.2022.05.19,23,oh yes he'd talked about doing so,15,AH,4,initial,about,168,204,36,42,43,184,192,184,192,0.7566257244230483
t12.2022.05.19,train,vocal,t12.2022.05.19,23,oh yes he'd talked about doing so,16,B,4,medial,about,176,212,36,44,45,192,200,192,200,0.9999029951979925
t12.2022.05.19,train,vocal,t12.2022.05.19,23,oh yes he'd talked about doing so,17,AW,4,medial,about,184,220,36,46,47,200,208,200,208,0.9762986578116564
t12.2022.05.19,train,vocal,t12.2022.05.19,23,oh yes he'd talked about doing so,18,T,4,final,about,192,228,36,48,49,208,216,208,216,0.9783970189330307
t12.2022.05.19,train,vocal,t12.2022.05.19,23,oh yes he'd talked about doing so,19,SIL,4,sil,about,200,236,36,50,51,216,224,216,224,0.9986229179635441
t12.2022.05.19,train,vocal,t12.2022.05.19,23,oh yes he'd talked about doing so,20,D,5,initial,doing,208,240,32,52,52,224,228,224,232,0.9995919601398455
t12.2022.05.19,train,vocal,t12.2022.05.19,23,oh yes he'd talked about doing so,21,UW,5,medial,doing,216,248,32,54,54,232,236,232,236,0.9999653966728519
t12.2022.05.19,train,vocal,t12.2022.05.19,23,oh yes he'd talked about doing so,22,IH,5,medial,doing,220,256,36,55,56,236,244,236,244,0.9366025679009833
t12.2022.05.19,train,vocal,t12.2022.05.19,23,oh yes he'd talked about doing so,23,NG,5,final,doing,228,264,36,57,58,244,252,244,252,0.9967536821455649
t12.2022.05.19,train,vocal,t12.2022.05.19,23,oh yes he'd talked about doing so,24,SIL,5,sil,doing,236,276,40,59,61,252,264,252,264,0.8837804881648879
t12.2022.05.19,train,vocal,t12.2022.05.19,23,oh yes he'd talked about doing so,25,S,6,initial,so,248,284,36,62,63,264,272,264,276,0.8356723342094889
t12.2022.05.19,train,vocal,t12.2022.05.19,23,oh yes he'd talked about doing so,26,OW,6,final,so,260,292,32,65,65,276,280,276,284,0.9999790560911145
t12.2022.05.19,train,vocal,t12.2022.05.19,23,oh yes he'd talked about doing so,27,SIL,6,sil,so,268,312,44,67,70,284,300,284,300,0.9999931170222086
t12.2022.05.19,train,vocal,t12.2022.05.19,24,the cloudburst cut off abruptly,0,DH,0,initial,the,20,56,36,5,6,36,44,16,48,0.8860591601812984
t12.2022.05.19,train,vocal,t12.2022.05.19,24,the cloudburst cut off abruptly,1,AH,0,final,the,32,64,32,8,8,48,52,48,56,0.9999994731359965
t12.2022.05.19,train,vocal,t12.2022.05.19,24,the cloudburst cut off abruptly,2,SIL,0,sil,the,40,84,44,10,13,56,72,56,72,0.9973688131765459
t12.2022.05.19,train,vocal,t12.2022.05.19,24,the cloudburst cut off abruptly,3,K,1,initial,cloudburst,56,88,32,14,14,72,76,72,76,0.9990989388544731
t12.2022.05.19,train,vocal,t12.2022.05.19,24,the cloudburst cut off abruptly,4,L,1,medial,cloudburst,60,96,36,15,16,76,84,76,84,0.9431503477417347
t12.2022.05.19,train,vocal,t12.2022.05.19,24,the cloudburst cut off abruptly,5,AW,1,medial,cloudburst,68,100,32,17,17,84,88,84,88,0.9997942131165838
t12.2022.05.19,train,vocal,t12.2022.05.19,24,the cloudburst cut off abruptly,6,D,1,medial,cloudburst,72,108,36,18,19,88,96,88,96,0.9943659710784167
t12.2022.05.19,train,vocal,t12.2022.05.19,24,the cloudburst cut off abruptly,7,B,1,medial,cloudburst,80,116,36,20,21,96,104,96,108,0.8922786134776168
t12.2022.05.19,train,vocal,t12.2022.05.19,24,the cloudburst cut off abruptly,8,ER,1,medial,cloudburst,96,128,32,24,24,112,116,108,116,0.9993631127847198
t12.2022.05.19,train,vocal,t12.2022.05.19,24,the cloudburst cut off abruptly,9,S,1,medial,cloudburst,100,132,32,25,25,116,120,116,120,0.99723375374664
t12.2022.05.19,train,vocal,t12.2022.05.19,24,the cloudburst cut off abruptly,10,T,1,final,cloudburst,104,144,40,26,28,120,132,120,132,0.8625339344105244
t12.2022.05.19,train,vocal,t12.2022.05.19,24,the cloudburst cut off abruptly,11,SIL,1,sil,cloudburst,116,152,36,29,30,132,140,132,140,0.9826226331061907
t12.2022.05.19,train,vocal,t12.2022.05.19,24,the cloudburst cut off abruptly,12,K,2,initial,cut,124,156,32,31,31,140,144,140,144,0.9998785890233891
t12.2022.05.19,train,vocal,t12.2022.05.19,24,the cloudburst cut off abruptly,13,AH,2,medial,cut,128,160,32,32,32,144,148,144,148,0.9982353136795278
t12.2022.05.19,train,vocal,t12.2022.05.19,24,the cloudburst cut off abruptly,14,T,2,final,cut,132,168,36,33,34,148,156,148,156,0.9977258409359907
t12.2022.05.19,train,vocal,t12.2022.05.19,24,the cloudburst cut off abruptly,15,SIL,2,sil,cut,140,180,40,35,37,156,168,156,172,0.9050303691265714
t12.2022.05.19,train,vocal,t12.2022.05.19,24,the cloudburst cut off abruptly,16,AO,3,initial,off,160,192,32,40,40,176,180,172,180,0.999977623694921
t12.2022.05.19,train,vocal,t12.2022.05.19,24,the cloudburst cut off abruptly,17,F,3,final,off,164,196,32,41,41,180,184,180,184,0.999730449975398
t12.2022.05.19,train,vocal,t12.2022.05.19,24,the cloudburst cut off abruptly,18,SIL,3,sil,off,168,212,44,42,45,184,200,184,208,0.8904393219343663
t12.2022.05.19,train,vocal,t12.2022.05.19,24,the cloudburst cut off abruptly,19,AH,4,initial,abruptly,196,228,32,49,49,212,216,208,216,0.9998982872165301
t12.2022.05.19,train,vocal,t12.2022.05.19,24,the cloudburst cut off abruptly,20,B,4,medial,abruptly,200,236,36,50,51,216,224,216,224,0.9745374030446312
t12.2022.05.19,train,vocal,t12.2022.05.19,24,the cloudburst cut off abruptly,21,R,4,medial,abruptly,208,248,40,52,54,224,236,224,236,0.8723073993006246
t12.2022.05.19,train,vocal,t12.2022.05.19,24,the cloudburst cut off abruptly,22,AH,4,medial,abruptly,220,252,32,55,55,236,240,236,240,0.9993275464392378
t12.2022.05.19,train,vocal,t12.2022.05.19,24,the cloudburst cut off abruptly,23,P,4,medial,abruptly,224,256,32,56,56,240,244,240,244,0.9976872868920253
t12.2022.05.19,train,vocal,t12.2022.05.19,24,the cloudburst cut off abruptly,24,T,4,medial,abruptly,228,264,36,57,58,244,252,244,252,0.9322568066327126
t12.2022.05.19,train,vocal,t12.2022.05.19,24,the cloudburst cut off abruptly,25,L,4,medial,abruptly,236,268,32,59,59,252,256,252,256,0.9996208963107279
t12.2022.05.19,train,vocal,t12.2022.05.19,24,the cloudburst cut off abruptly,26,IY,4,final,abruptly,240,276,36,60,61,256,264,256,264,0.9446064712306437
t12.2022.05.19,train,vocal,t12.2022.05.19,24,the cloudburst cut off abruptly,27,SIL,4,sil,abruptly,248,292,44,62,65,264,280,264,280,0.9998860540563084
t12.2022.05.19,train,vocal,t12.2022.05.19,25,does this bother you,0,D,0,initial,does,24,56,32,6,6,40,44,16,48,0.9992778771490107
t12.2022.05.19,train,vocal,t12.2022.05.19,25,does this bother you,1,AH,0,medial,does,32,64,32,8,8,48,52,48,52,0.9999754363689609
t12.2022.05.19,train,vocal,t12.2022.05.19,25,does this bother you,2,Z,0,final,does,36,72,36,9,10,52,60,52,60,0.975467355620248
t12.2022.05.19,train,vocal,t12.2022.05.19,25,does this bother you,3,SIL,0,sil,does,44,84,40,11,13,60,72,60,72,0.980721077110465
t12.2022.05.19,train,vocal,t12.2022.05.19,25,does this bother you,4,DH,1,initial,this,56,88,32,14,14,72,76,72,80,0.9999948939353278
t12.2022.05.19,train,vocal,t12.2022.05.19,25,does this bother you,5,IH,1,medial,this,64,96,32,16,16,80,84,80,84,0.9999992769270901
t12.2022.05.19,train,vocal,t12.2022.05.19,25,does this bother you,6,S,1,final,this,68,100,32,17,17,84,88,84,88,0.9999905665497231
t12.2022.05.19,train,vocal,t12.2022.05.19,25,does this bother you,7,SIL,1,sil,this,72,120,48,18,22,88,108,88,108,0.9540256646446983
t12.2022.05.19,train,vocal,t12.2022.05.19,25,does this bother you,8,B,2,initial,bother,92,124,32,23,23,108,112,108,116,0.9999374816795302
t12.2022.05.19,train,vocal,t12.2022.05.19,25,does this bother you,9,AA,2,medial,bother,104,136,32,26,26,120,124,116,124,0.9572160079371203
t12.2022.05.19,train,vocal,t12.2022.05.19,25,does this bother you,10,DH,2,medial,bother,108,140,32,27,27,124,128,124,128,0.9999622137990443
t12.2022.05.19,train,vocal,t12.2022.05.19,25,does this bother you,11,ER,2,final,bother,112,152,40,28,30,128,140,128,140,0.9575375783820542
t12.2022.05.19,train,vocal,t12.2022.05.19,25,does this bother you,12,SIL,2,sil,bother,124,164,40,31,33,140,152,140,152,0.9168953208914706
t12.2022.05.19,train,vocal,t12.2022.05.19,25,does this bother you,13,Y,3,initial,you,136,168,32,34,34,152,156,152,156,0.9999728509246341
t12.2022.05.19,train,vocal,t12.2022.05.19,25,does this bother you,14,UW,3,final,you,140,176,36,35,36,156,164,156,164,0.9755816147134049
t12.2022.05.19,train,vocal,t12.2022.05.19,25,does this bother you,15,SIL,3,sil,you,148,208,60,37,44,164,196,164,196,0.9999929415686016
t12.2022.05.19,train,vocal,t12.2022.05.19,26,this we can sympathetically understand,0,DH,0,initial,this,16,48,32,4,4,32,36,16,40,0.9999867103336497
t12.2022.05.19,train,vocal,t12.2022.05.19,26,this we can sympathetically understand,1,IH,0,medial,this,24,56,32,6,6,40,44,40,44,0.9999992444328962
t12.2022.05.19,train,vocal,t12.2022.05.19,26,this we can sympathetically understand,2,S,0,final,this,28,60,32,7,7,44,48,44,48,0.9999950750400729
t12.2022.05.19,train,vocal,t12.2022.05.19,26,this we can sympathetically understand,3,SIL,0,sil,this,32,72,40,8,10,48,60,48,60,0.9210029871780964
t12.2022.05.19,train,vocal,t12.2022.05.19,26,this we can sympathetically understand,4,W,1,initial,we,44,80,36,11,12,60,68,60,72,0.981218244573832
t12.2022.05.19,train,vocal,t12.2022.05.19,26,this we can sympathetically understand,5,IY,1,final,we,56,88,32,14,14,72,76,72,76,0.9999542040386619
t12.2022.05.19,train,vocal,t12.2022.05.19,26,this we can sympathetically understand,6,SIL,1,sil,we,60,104,44,15,18,76,92,76,92,0.9119915646647374
t12.2022.05.19,train,vocal,t12.2022.05.19,26,this we can sympathetically understand,7,K,2,initial,can,76,108,32,19,19,92,96,92,100,0.999870126412324
t12.2022.05.19,train,vocal,t12.2022.05.19,26,this we can sympathetically understand,8,AE,2,medial,can,84,116,32,21,21,100,104,100,104,0.9999772837631363
t12.2022.05.19,train,vocal,t12.2022.05.19,26,this we can sympathetically understand,9,N,2,final,can,88,120,32,22,22,104,108,104,108,0.9999982354037075
t12.2022.05.19,train,vocal,t12.2022.05.19,26,this we can sympathetically understand,10,SIL,2,sil,can,92,148,56,23,29,108,136,108,136,0.98873637326058
t12.2022.05.19,train,vocal,t12.2022.05.19,26,this we can sympathetically understand,11,S,3,initial,sympathetically,120,156,36,30,31,136,144,136,148,0.9873740961665913
t12.2022.05.19,train,vocal,t12.2022.05.19,26,this we can sympathetically understand,12,IH,3,medial,sympathetically,132,164,32,33,33,148,152,148,152,0.9991912602451383
t12.2022.05.19,train,vocal,t12.2022.05.19,26,this we can sympathetically understand,13,M,3,medial,sympathetically,136,168,32,34,34,152,156,152,156,0.9922844107567086
t12.2022.05.19,train,vocal,t12.2022.05.19,26,this we can sympathetically understand,14,P,3,medial,sympathetically,140,172,32,35,35,156,160,156,164,0.999768880524957
t12.2022.05.19,train,vocal,t12.2022.05.19,26,this we can sympathetically understand,15,AH,3,medial,sympathetically,152,184,32,38,38,168,172,164,172,0.9974012196459499
t12.2022.05.19,train,vocal,t12.2022.05.19,26,this we can sympathetically understand,16,TH,3,medial,sympathetically,156,192,36,39,40,172,180,172,184,0.928811956639727
t12.2022.05.19,train,vocal,t12.2022.05.19,26,this we can sympathetically understand,17,EH,3,medial,sympathetically,172,204,32,43,43,188,192,184,192,0.9995846004359198
t12.2022.05.19,train,vocal,t12.2022.05.19,26,this we can sympathetically understand,18,T,3,medial,sympathetically,176,212,36,44,45,192,200,192,200,0.9512064411362887
t12.2022.05.19,train,vocal,t12.2022.05.19,26,this we can sympathetically understand,19,IH,3,medial,sympathetically,184,220,36,46,47,200,208,200,208,0.9480455909026906
t12.2022.05.19,train,vocal,t12.2022.05.19,26,this we can sympathetically understand,20,K,3,medial,sympathetically,192,224,32,48,48,208,212,208,212,0.9941713895460802
t12.2022.05.19,train,vocal,t12.2022.05.19,26,this we can sympathetically understand,21,AH,3,medial,sympathetically,196,236,40,49,51,212,224,212,224,0.8345306146585921
t12.2022.05.19,train,vocal,t12.2022.05.19,26,this we can sympathetically understand,22,L,3,medial,sympathetically,208,244,36,52,53,224,232,224,232,0.9056777300881781
t12.2022.05.19,train,vocal,t12.2022.05.19,26,this we can sympathetically understand,23,IY,3,final,sympathetically,216,252,36,54,55,232,240,232,240,0.9502810920656592
t12.2022.05.19,train,vocal,t12.2022.05.19,26,this we can sympathetically understand,24,SIL,3,sil,sympathetically,224,256,32,56,56,240,244,240,248,0.9995147788185174
t12.2022.05.19,train,vocal,t12.2022.05.19,26,this we can sympathetically understand,25,AH,4,initial,understand,236,268,32,59,59,252,256,248,256,0.9996607810239057
t12.2022.05.19,train,vocal,t12.2022.05.19,26,this we can sympathetically understand,26,N,4,medial,understand,240,272,32,60,60,256,260,256,260,0.9996694326841401
t12.2022.05.19,train,vocal,t12.2022.05.19,26,this we can sympathetically understand,27,D,4,medial,understand,244,280,36,61,62,260,268,260,268,0.9854726262712505
t12.2022.05.19,train,vocal,t12.2022.05.19,26,this we can sympathetically understand,28,ER,4,medial,understand,252,292,40,63,65,268,280,268,280,0.8343746861702286
t12.2022.05.19,train,vocal,t12.2022.05.19,26,this we can sympathetically understand,29,S,4,medial,understand,264,300,36,66,67,280,288,280,288,0.9906125749787912
t12.2022.05.19,train,vocal,t12.2022.05.19,26,this we can sympathetically understand,30,T,4,medial,understand,272,308,36,68,69,288,296,288,296,0.9803621023801723
t12.2022.05.19,train,vocal,t12.2022.05.19,26,this we can sympathetically understand,31,AE,4,medial,understand,280,312,32,70,70,296,300,296,300,0.9997129111807921
t12.2022.05.19,train,vocal,t12.2022.05.19,26,this we can sympathetically understand,32,N,4,medial,understand,284,316,32,71,71,300,304,300,304,0.9989837092326772
t12.2022.05.19,train,vocal,t12.2022.05.19,26,this we can sympathetically understand,33,D,4,final,understand,288,324,36,72,73,304,312,304,312,0.9474731190457327
t12.2022.05.19,train,vocal,t12.2022.05.19,26,this we can sympathetically understand,34,SIL,4,sil,understand,296,348,52,74,79,312,336,312,336,0.9993044965533623
t12.2022.05.19,train,vocal,t12.2022.05.19,27,where can we get this cereal he likes so much,0,W,0,initial,where,16,48,32,4,4,32,36,16,40,0.9999920354678496
t12.2022.05.19,train,vocal,t12.2022.05.19,27,where can we get this cereal he likes so much,1,EH,0,medial,where,24,56,32,6,6,40,44,40,44,0.9722372768558347
t12.2022.05.19,train,vocal,t12.2022.05.19,27,where can we get this cereal he likes so much,2,R,0,final,where,28,60,32,7,7,44,48,44,48,0.999227396672237
t12.2022.05.19,train,vocal,t12.2022.05.19,27,where can we get this cereal he likes so much,3,SIL,0,sil,where,32,72,40,8,10,48,60,48,60,0.9928484008259741
t12.2022.05.19,train,vocal,t12.2022.05.19,27,where can we get this cereal he likes so much,4,K,1,initial,can,44,80,36,11,12,60,68,60,68,0.9069251831310152
t12.2022.05.19,train,vocal,t12.2022.05.19,27,where can we get this cereal he likes so much,5,AE,1,medial,can,52,84,32,13,13,68,72,68,72,0.9999719920414635
t12.2022.05.19,train,vocal,t12.2022.05.19,27,where can we get this cereal he likes so much,6,N,1,final,can,56,92,36,14,15,72,80,72,80,0.920929661227545
t12.2022.05.19,train,vocal,t12.2022.05.19,27,where can we get this cereal he likes so much,7,SIL,1,sil,can,64,108,44,16,19,80,96,80,96,0.9989767935813604
t12.2022.05.19,train,vocal,t12.2022.05.19,27,where can we get this cereal he likes so much,8,W,2,initial,we,80,112,32,20,20,96,100,96,104,0.9999861289810599
t12.2022.05.19,train,vocal,t12.2022.05.19,27,where can we get this cereal he likes so much,9,IY,2,final,we,88,120,32,22,22,104,108,104,112,0.9999606243998868
t12.2022.05.19,train,vocal,t12.2022.05.19,27,where can we get this cereal he likes so much,10,SIL,2,sil,we,96,136,40,24,26,112,124,112,124,0.9974013256699664
t12.2022.05.19,train,vocal,t12.2022.05.19,27,where can we get this cereal he likes so much,11,G,3,initial,get,108,144,36,27,28,124,132,124,136,0.9997502548738025
t12.2022.05.19,train,vocal,t12.2022.05.19,27,where can we get this cereal he likes so much,12,EH,3,medial,get,120,152,32,30,30,136,140,136,140,0.99999898056931
t12.2022.05.19,train,vocal,t12.2022.05.19,27,where can we get this cereal he likes so much,13,T,3,final,get,124,156,32,31,31,140,144,140,144,0.9999901704834572
t12.2022.05.19,train,vocal,t12.2022.05.19,27,where can we get this cereal he likes so much,14,SIL,3,sil,get,128,184,56,32,38,144,172,144,172,0.9960494662050413
t12.2022.05.19,train,vocal,t12.2022.05.19,27,where can we get this cereal he likes so much,15,DH,4,initial,this,156,188,32,39,39,172,176,172,180,0.9999676805321445
t12.2022.05.19,train,vocal,t12.2022.05.19,27,where can we get this cereal he likes so much,16,IH,4,medial,this,164,196,32,41,41,180,184,180,184,0.9999999436037773
t12.2022.05.19,train,vocal,t12.2022.05.19,27,where can we get this cereal he likes so much,17,S,4,final,this,168,200,32,42,42,184,188,184,188,0.9999994232896356
t12.2022.05.19,train,vocal,t12.2022.05.19,27,where can we get this cereal he likes so much,18,SIL,4,sil,this,172,212,40,43,45,188,200,188,200,0.8994245794767043
t12.2022.05.19,train,vocal,t12.2022.05.19,27,where can we get this cereal he likes so much,19,S,5,initial,cereal,184,216,32,46,46,200,204,200,208,0.9997821335366558
t12.2022.05.19,train,vocal,t12.2022.05.19,27,where can we get this cereal he likes so much,20,IH,5,medial,cereal,192,228,36,48,49,208,216,208,216,0.954164176661447
t12.2022.05.19,train,vocal,t12.2022.05.19,27,where can we get this cereal he likes so much,21,R,5,medial,cereal,200,232,32,50,50,216,220,216,220,0.5440501525720193
t12.2022.05.19,train,vocal,t12.2022.05.19,27,where can we get this cereal he likes so much,22,IY,5,medial,cereal,204,240,36,51,52,220,228,220,228,0.976824910057424
t12.2022.05.19,train,vocal,t12.2022.05.19,27,where can we get this cereal he likes so much,23,AH,5,medial,cereal,212,248,36,53,54,228,236,228,236,0.9960783033908753
t12.2022.05.19,train,vocal,t12.2022.05.19,27,where can we get this cereal he likes so much,24,L,5,final,cereal,220,256,36,55,56,236,244,236,244,0.8854521211881643
t12.2022.05.19,train,vocal,t12.2022.05.19,27,where can we get this cereal he likes so much,25,SIL,5,sil,cereal,228,292,64,57,65,244,280,244,280,0.9999241498555568
t12.2022.05.19,train,vocal,t12.2022.05.19,27,where can we get this cereal he likes so much,26,HH,6,initial,he,264,300,36,66,67,280,288,280,292,0.7691836788113303
t12.2022.05.19,train,vocal,t12.2022.05.19,27,where can we get this cereal he likes so much,27,IY,6,final,he,276,308,32,69,69,292,296,292,296,0.9999970121438093
t12.2022.05.19,train,vocal,t12.2022.05.19,27,where can we get this cereal he likes so much,28,SIL,6,sil,he,280,324,44,70,73,296,312,296,312,0.9819918498709687
t12.2022.05.19,train,vocal,t12.2022.05.19,27,where can we get this cereal he likes so much,29,L,7,initial,likes,296,332,36,74,75,312,320,312,324,0.9994994430518311
t12.2022.05.19,train,vocal,t12.2022.05.19,27,where can we get this cereal he likes so much,30,AY,7,medial,likes,308,340,32,77,77,324,328,324,328,0.9999369771868671
t12.2022.05.19,train,vocal,t12.2022.05.19,27,where can we get this cereal he likes so much,31,K,7,medial,likes,312,348,36,78,79,328,336,328,336,0.764476229125208
t12.2022.05.19,train,vocal,t12.2022.05.19,27,where can we get this cereal he likes so much,32,S,7,final,likes,320,352,32,80,80,336,340,336,340,0.9980593131589338
t12.2022.05.19,train,vocal,t12.2022.05.19,27,where can we get this cereal he likes so much,33,SIL,7,sil,likes,324,372,48,81,85,340,360,340,360,0.9898299364325471
t12.2022.05.19,train,vocal,t12.2022.05.19,27,where can we get this cereal he likes so much,34,S,8,initial,so,344,376,32,86,86,360,364,360,368,0.9999830126441833
t12.2022.05.19,train,vocal,t12.2022.05.19,27,where can we get this cereal he likes so much,35,OW,8,final,so,352,384,32,88,88,368,372,368,376,0.9999992896713951
t12.2022.05.19,train,vocal,t12.2022.05.19,27,where can we get this cereal he likes so much,36,SIL,8,sil,so,360,400,40,90,92,376,388,376,388,0.9936337988559579
t12.2022.05.19,train,vocal,t12.2022.05.19,27,where can we get this cereal he likes so much,37,M,9,initial,much,372,408,36,93,94,388,396,388,400,0.9950649412896249
t12.2022.05.19,train,vocal,t12.2022.05.19,27,where can we get this cereal he likes so much,38,AH,9,medial,much,384,416,32,96,96,400,404,400,404,0.9999729081236163
t12.2022.05.19,train,vocal,t12.2022.05.19,27,where can we get this cereal he likes so much,39,CH,9,final,much,388,424,36,97,98,404,412,404,412,0.9998378132279229
t12.2022.05.19,train,vocal,t12.2022.05.19,27,where can we get this cereal he likes so much,40,SIL,9,sil,much,396,440,44,99,102,412,428,412,428,0.9601293922737305
t12.2022.05.19,train,vocal,t12.2022.05.19,28,his eyes burned feverishly,0,HH,0,initial,his,44,80,36,11,12,60,68,16,68,0.9831537642594622
t12.2022.05.19,train,vocal,t12.2022.05.19,28,his eyes burned feverishly,1,IH,0,medial,his,52,84,32,13,13,68,72,68,72,0.9999069862295812
t12.2022.05.19,train,vocal,t12.2022.05.19,28,his eyes burned feverishly,2,Z,0,final,his,56,88,32,14,14,72,76,72,76,0.999796183975136
t12.2022.05.19,train,vocal,t12.2022.05.19,28,his eyes burned feverishly,3,SIL,0,sil,his,60,100,40,15,17,76,88,76,92,0.9886632352252146
t12.2022.05.19,train,vocal,t12.2022.05.19,28,his eyes burned feverishly,4,AY,1,initial,eyes,80,112,32,20,20,96,100,92,100,0.9993687054021493
t12.2022.05.19,train,vocal,t12.2022.05.19,28,his eyes burned feverishly,5,Z,1,final,eyes,84,120,36,21,22,100,108,100,108,0.9957684918540505
t12.2022.05.19,train,vocal,t12.2022.05.19,28,his eyes burned feverishly,6,SIL,1,sil,eyes,92,136,44,23,26,108,124,108,124,0.9989282938166244
t12.2022.05.19,train,vocal,t12.2022.05.19,28,his eyes burned feverishly,7,B,2,initial,burned,108,140,32,27,27,124,128,124,132,0.9997277086491099
t12.2022.05.19,train,vocal,t12.2022.05.19,28,his eyes burned feverishly,8,ER,2,medial,burned,116,148,32,29,29,132,136,132,136,0.9985167325005693
t12.2022.05.19,train,vocal,t12.2022.05.19,28,his eyes burned feverishly,9,N,2,medial,burned,120,156,36,30,31,136,144,136,144,0.7780248915611292
t12.2022.05.19,train,vocal,t12.2022.05.19,28,his eyes burned feverishly,10,D,2,final,burned,128,164,36,32,33,144,152,144,152,0.8233522814835339
t12.2022.05.19,train,vocal,t12.2022.05.19,28,his eyes burned feverishly,11,SIL,2,sil,burned,136,172,36,34,35,152,160,152,160,0.9997906810131227
t12.2022.05.19,train,vocal,t12.2022.05.19,28,his eyes burned feverishly,12,F,3,initial,feverishly,144,180,36,36,37,160,168,160,172,0.9514409251213307
t12.2022.05.19,train,vocal,t12.2022.05.19,28,his eyes burned feverishly,13,EH,3,medial,feverishly,156,188,32,39,39,172,176,172,176,0.9979453172935503
t12.2022.05.19,train,vocal,t12.2022.05.19,28,his eyes burned feverishly,14,V,3,medial,feverishly,160,192,32,40,40,176,180,176,184,0.9989494342021482
t12.2022.05.19,train,vocal,t12.2022.05.19,28,his eyes burned feverishly,15,ER,3,medial,feverishly,168,208,40,42,44,184,196,184,200,0.9449830998126121
t12.2022.05.19,train,vocal,t12.2022.05.19,28,his eyes burned feverishly,16,IH,3,medial,feverishly,184,216,32,46,46,200,204,200,204,0.9987874838037339
t12.2022.05.19,train,vocal,t12.2022.05.19,28,his eyes burned feverishly,17,SH,3,medial,feverishly,188,224,36,47,48,204,212,204,216,0.981431652849576
t12.2022.05.19,train,vocal,t12.2022.05.19,28,his eyes burned feverishly,18,L,3,medial,feverishly,200,232,32,50,50,216,220,216,220,0.9997055966290648
t12.2022.05.19,train,vocal,t12.2022.05.19,28,his eyes burned feverishly,19,IY,3,final,feverishly,204,240,36,51,52,220,228,220,228,0.9672956641441817
t12.2022.05.19,train,vocal,t12.2022.05.19,28,his eyes burned feverishly,20,SIL,3,sil,feverishly,212,260,48,53,57,228,248,228,248,0.9993695685664029
t12.2022.05.19,train,vocal,t12.2022.05.19,29,what it does stimulates rumen activity,0,W,0,initial,what,36,68,32,9,9,52,56,16,56,0.9998803001398078
t12.2022.05.19,train,vocal,t12.2022.05.19,29,what it does stimulates rumen activity,1,AH,0,medial,what,40,76,36,10,11,56,64,56,64,0.8384607415624913
t12.2022.05.19,train,vocal,t12.2022.05.19,29,what it does stimulates rumen activity,2,T,0,final,what,48,80,32,12,12,64,68,64,68,0.9999795408913247
t12.2022.05.19,train,vocal,t12.2022.05.19,29,what it does stimulates rumen activity,3,SIL,0,sil,what,52,88,36,13,14,68,76,68,80,0.9945811498392167
t12.2022.05.19,train,vocal,t12.2022.05.19,29,what it does stimulates rumen activity,4,IH,1,initial,it,64,96,32,16,16,80,84,80,84,0.9999997911585513
t12.2022.05.19,train,vocal,t12.2022.05.19,29,what it does stimulates rumen activity,5,T,1,final,it,68,100,32,17,17,84,88,84,88,0.9999850374074973
t12.2022.05.19,train,vocal,t12.2022.05.19,29,what it does stimulates rumen activity,6,SIL,1,sil,it,72,112,40,18,20,88,100,88,100,0.9962709865529833
t12.2022.05.19,train,vocal,t12.2022.05.19,29,what it does stimulates rumen activity,7,D,2,initial,does,84,116,32,21,21,100,104,100,108,0.9999724886250847
t12.2022.05.19,train,vocal,t12.2022.05.19,29,what it does stimulates rumen activity,8,AH,2,medial,does,96,128,32,24,24,112,116,108,116,0.9999193630042661
t12.2022.05.19,train,vocal,t12.2022.05.19,29,what it does stimulates rumen activity,9,Z,2,final,does,100,136,36,25,26,116,124,116,124,0.997040655471705
t12.2022.05.19,train,vocal,t12.2022.05.19,29,what it does stimulates rumen activity,10,SIL,2,sil,does,108,160,52,27,32,124,148,124,148,0.9789474957001448
t12.2022.05.19,train,vocal,t12.2022.05.19,29,what it does stimulates rumen activity,11,S,3,initial,stimulates,132,168,36,33,34,148,156,148,156,0.7944537157463643
t12.2022.05.19,train,vocal,t12.2022.05.19,29,what it does stimulates rumen activity,12,T,3,medial,stimulates,140,172,32,35,35,156,160,156,164,0.9893043233000489
t12.2022.05.19,train,vocal,t12.2022.05.19,29,what it does stimulates rumen activity,13,IH,3,medial,stimulates,148,180,32,37,37,164,168,164,168,0.9968098561197885
t12.2022.05.19,train,vocal,t12.2022.05.19,29,what it does stimulates rumen activity,14,M,3,medial,stimulates,152,184,32,38,38,168,172,168,172,0.9960167069463085
t12.2022.05.19,train,vocal,t12.2022.05.19,29,what it does stimulates rumen activity,15,Y,3,medial,stimulates,156,192,36,39,40,172,180,172,180,0.7545037280060032
t12.2022.05.19,train,vocal,t12.2022.05.19,29,what it does stimulates rumen activity,16,AH,3,medial,stimulates,164,196,32,41,41,180,184,180,184,0.9838974476239923
t12.2022.05.19,train,vocal,t12.2022.05.19,29,what it does stimulates rumen activity,17,L,3,medial,stimulates,168,204,36,42,43,184,192,184,192,0.9996685779599563
t12.2022.05.19,train,vocal,t12.2022.05.19,29,what it does stimulates rumen activity,18,EY,3,medial,stimulates,176,212,36,44,45,192,200,192,200,0.8160739230620517
t12.2022.05.19,train,vocal,t12.2022.05.19,29,what it does stimulates rumen activity,19,T,3,medial,stimulates,184,216,32,46,46,200,204,200,204,0.9989986145471574
t12.2022.05.19,train,vocal,t12.2022.05.19,29,what it does stimulates rumen activity,20,S,3,final,stimulates,188,224,36,47,48,204,212,204,212,0.9751654521053726
t12.2022.05.19,train,vocal,t12.2022.05.19,29,what it does stimulates rumen activity,21,SIL,3,sil,stimulates,196,232,36,49,50,212,220,212,220,0.9917975366234821
t12.2022.05.19,train,vocal,t12.2022.05.19,29,what it does stimulates rumen activity,22,R,4,initial,rumen,204,240,36,51,52,220,228,220,228,0.8750027608524
t12.2022.05.19,train,vocal,t12.2022.05.19,29,what it does stimulates rumen activity,23,UW,4,medial,rumen,212,244,32,53,53,228,232,228,232,0.9975590923284607
t12.2022.05.19,train,vocal,t12.2022.05.19,29,what it does stimulates rumen activity,24,M,4,medial,rumen,216,252,36,54,55,232,240,232,240,0.9924391255042074
t12.2022.05.19,train,vocal,t12.2022.05.19,29,what it does stimulates rumen activity,25,AH,4,medial,rumen,224,260,36,56,57,240,248,240,248,0.9719090442035571
t12.2022.05.19,train,vocal,t12.2022.05.19,29,what it does stimulates rumen activity,26,N,4,final,rumen,232,264,32,58,58,248,252,248,252,0.9999503716163952
t12.2022.05.19,train,vocal,t12.2022.05.19,29,what it does stimulates rumen activity,27,SIL,4,sil,rumen,236,276,40,59,61,252,264,252,268,0.8051861674345825
t12.2022.05.19,train,vocal,t12.2022.05.19,29,what it does stimulates rumen activity,28,AE,5,initial,activity,256,288,32,64,64,272,276,268,276,0.9990841659620119
t12.2022.05.19,train,vocal,t12.2022.05.19,29,what it does stimulates rumen activity,29,K,5,medial,activity,260,292,32,65,65,276,280,276,280,0.9965580102432071
t12.2022.05.19,train,vocal,t12.2022.05.19,29,what it does stimulates rumen activity,30,T,5,medial,activity,264,300,36,66,67,280,288,280,292,0.9947567953021477
t12.2022.05.19,train,vocal,t12.2022.05.19,29,what it does stimulates rumen activity,31,IH,5,medial,activity,276,308,32,69,69,292,296,292,296,0.9994109898764922
t12.2022.05.19,train,vocal,t12.2022.05.19,29,what it does stimulates rumen activity,32,V,5,medial,activity,280,312,32,70,70,296,300,296,300,0.99974888255954
t12.2022.05.19,train,vocal,t12.2022.05.19,29,what it does stimulates rumen activity,33,AH,5,medial,activity,284,324,40,71,73,300,312,300,312,0.9971336457224368
t12.2022.05.19,train,vocal,t12.2022.05.19,29,what it does stimulates rumen activity,34,T,5,medial,activity,296,336,40,74,76,312,324,312,324,0.8752727109241105
t12.2022.05.19,train,vocal,t12.2022.05.19,29,what it does stimulates rumen activity,35,IY,5,final,activity,308,340,32,77,77,324,328,324,328,0.9997785135762262
t12.2022.05.19,train,vocal,t12.2022.05.19,29,what it does stimulates rumen activity,36,SIL,5,sil,activity,312,360,48,78,82,328,348,328,348,0.988730170694636
t12.2022.05.19,train,vocal,t12.2022.05.19,30,then fill the system and add a rust inhibitor,0,DH,0,initial,then,20,56,36,5,6,36,44,16,44,0.9991508287792317
t12.2022.05.19,train,vocal,t12.2022.05.19,30,then fill the system and add a rust inhibitor,1,EH,0,medial,then,28,60,32,7,7,44,48,44,48,0.9998926745887355
t12.2022.05.19,train,vocal,t12.2022.05.19,30,then fill the system and add a rust inhibitor,2,N,0,final,then,32,68,36,8,9,48,56,48,56,0.7907319326121267
t12.2022.05.19,train,vocal,t12.2022.05.19,30,then fill the system and add a rust inhibitor,3,SIL,0,sil,then,40,84,44,10,13,56,72,56,72,0.9115786095110066
t12.2022.05.19,train,vocal,t12.2022.05.19,30,then fill the system and add a rust inhibitor,4,F,1,initial,fill,56,88,32,14,14,72,76,72,80,0.9999286263609902
t12.2022.05.19,train,vocal,t12.2022.05.19,30,then fill the system and add a rust inhibitor,5,IH,1,medial,fill,64,96,32,16,16,80,84,80,84,0.9978349964142879
t12.2022.05.19,train,vocal,t12.2022.05.19,30,then fill the system and add a rust inhibitor,6,L,1,final,fill,68,104,36,17,18,84,92,84,92,0.9887875882764307
t12.2022.05.19,train,vocal,t12.2022.05.19,30,then fill the system and add a rust inhibitor,7,SIL,1,sil,fill,76,116,40,19,21,92,104,92,104,0.9594274031228062
t12.2022.05.19,train,vocal,t12.2022.05.19,30,then fill the system and add a rust inhibitor,8,DH,2,initial,the,88,120,32,22,22,104,108,104,108,0.9999839926439401
t12.2022.05.19,train,vocal,t12.2022.05.19,30,then fill the system and add a rust inhibitor,9,AH,2,final,the,92,128,36,23,24,108,116,108,116,0.7808510722413962
t12.2022.05.19,train,vocal,t12.2022.05.19,30,then fill the system and add a rust inhibitor,10,SIL,2,sil,the,100,136,36,25,26,116,124,116,124,0.9998290137394932
t12.2022.05.19,train,vocal,t12.2022.05.19,30,then fill the system and add a rust inhibitor,11,S,3,initial,system,108,144,36,27,28,124,132,124,136,0.9262343413856824
t12.2022.05.19,train,vocal,t12.2022.05.19,30,then fill the system and add a rust inhibitor,12,IH,3,medial,system,120,152,32,30,30,136,140,136,140,0.9996506061069385
t12.2022.05.19,train,vocal,t12.2022.05.19,30,then fill the system and add a rust inhibitor,13,S,3,medial,system,124,156,32,31,31,140,144,140,144,0.9992674490833588
t12.2022.05.19,train,vocal,t12.2022.05.19,30,then fill the system and add a rust inhibitor,14,T,3,medial,system,128,164,36,32,33,144,152,144,152,0.9856783734985961
t12.2022.05.19,train,vocal,t12.2022.05.19,30,then fill the system and add a rust inhibitor,15,AH,3,medial,system,136,172,36,34,35,152,160,152,160,0.9956754519778275
t12.2022.05.19,train,vocal,t12.2022.05.19,30,then fill the system and add a rust inhibitor,16,M,3,final,system,144,176,32,36,36,160,164,160,164,0.9998880185689508
t12.2022.05.19,train,vocal,t12.2022.05.19,30,then fill the system and add a rust inhibitor,17,SIL,3,sil,system,148,196,48,37,41,164,184,164,192,0.8334611626356008
t12.2022.05.19,train,vocal,t12.2022.05.19,30,then fill the system and add a rust inhibitor,18,AH,4,initial,and,180,212,32,45,45,196,200,192,200,0.9999935347051536
t12.2022.05.19,train,vocal,t12.2022.05.19,30,then fill the system and add a rust inhibitor,19,N,4,medial,and,184,216,32,46,46,200,204,200,204,0.9999154062856932
t12.2022.05.19,train,vocal,t12.2022.05.19,30,then fill the system and add a rust inhibitor,20,D,4,final,and,188,224,36,47,48,204,212,204,212,0.8846153452553013
t12.2022.05.19,train,vocal,t12.2022.05.19,30,then fill the system and add a rust inhibitor,21,SIL,4,sil,and,196,228,32,49,49,212,216,212,224,0.9992046744217911
t12.2022.05.19,train,vocal,t12.2022.05.19,30,then fill the system and add a rust inhibitor,22,AE,5,initial,add,212,244,32,53,53,228,232,224,232,0.9988719188425326
t12.2022.05.19,train,vocal,t12.2022.05.19,30,then fill the system and add a rust inhibitor,23,D,5,final,add,216,252,36,54,55,232,240,232,240,0.9497726647775055
t12.2022.05.19,train,vocal,t12.2022.05.19,30,then fill the system and add a rust inhibitor,24,SIL,5,sil,add,224,264,40,56,58,240,252,240,260,0.9994553255841301
t12.2022.05.19,train,vocal,t12.2022.05.19,30,then fill the system and add a rust inhibitor,25,AH,6,single,a,248,280,32,62,62,264,268,260,268,0.9999998862393981
t12.2022.05.19,train,vocal,t12.2022.05.19,30,then fill the system and add a rust inhibitor,26,SIL,6,sil,a,252,304,52,63,68,268,292,268,292,0.9673154283682855
t12.2022.05.19,train,vocal,t12.2022.05.19,30,then fill the system and add a rust inhibitor,27,R,7,initial,rust,276,308,32,69,69,292,296,292,300,0.9993393850137356
t12.2022.05.19,train,vocal,t12.2022.05.19,30,then fill the system and add a rust inhibitor,28,AH,7,medial,rust,284,316,32,71,71,300,304,300,304,0.9969158426329702
t12.2022.05.19,train,vocal,t12.2022.05.19,30,then fill the system and add a rust inhibitor,29,S,7,medial,rust,288,320,32,72,72,304,308,304,308,0.9994677499937631
t12.2022.05.19,train,vocal,t12.2022.05.19,30,then fill the system and add a rust inhibitor,30,T,7,final,rust,292,328,36,73,74,308,316,308,316,0.9506643789861178
t12.2022.05.19,train,vocal,t12.2022.05.19,30,then fill the system and add a rust inhibitor,31,SIL,7,sil,rust,300,348,48,75,79,316,336,316,344,0.9517676343325088
t12.2022.05.19,train,vocal,t12.2022.05.19,30,then fill the system and add a rust inhibitor,32,IH,8,initial,inhibitor,336,368,32,84,84,352,356,344,356,0.9999871979394335
t12.2022.05.19,train,vocal,t12.2022.05.19,30,then fill the system and add a rust inhibitor,33,N,8,medial,inhibitor,340,372,32,85,85,356,360,356,360,0.9993732512576712
t12.2022.05.19,train,vocal,t12.2022.05.19,30,then fill the system and add a rust inhibitor,34,HH,8,medial,inhibitor,344,380,36,86,87,360,368,360,372,0.9973830644892384
t12.2022.05.19,train,vocal,t12.2022.05.19,30,then fill the system and add a rust inhibitor,35,IH,8,medial,inhibitor,356,388,32,89,89,372,376,372,376,0.9986463775038321
t12.2022.05.19,train,vocal,t12.2022.05.19,30,then fill the system and add a rust inhibitor,36,B,8,medial,inhibitor,360,404,44,90,93,376,392,376,396,0.9939662324076693
t12.2022.05.19,train,vocal,t12.2022.05.19,30,then fill the system and add a rust inhibitor,37,AH,8,medial,inhibitor,380,412,32,95,95,396,400,396,400,0.9976666092843144
t12.2022.05.19,train,vocal,t12.2022.05.19,30,then fill the system and add a rust inhibitor,38,T,8,medial,inhibitor,384,420,36,96,97,400,408,400,408,0.8958279587061938
t12.2022.05.19,train,vocal,t12.2022.05.19,30,then fill the system and add a rust inhibitor,39,ER,8,final,inhibitor,392,424,32,98,98,408,412,408,412,0.9998099667931046
t12.2022.05.19,train,vocal,t12.2022.05.19,30,then fill the system and add a rust inhibitor,40,SIL,8,sil,inhibitor,396,432,36,99,100,412,420,412,420,0.9381346623861497
t12.2022.05.19,train,vocal,t12.2022.05.19,31,i think it is the greatest show on television,0,AY,0,single,i,52,84,32,13,13,68,72,16,72,0.9999728723308632
t12.2022.05.19,train,vocal,t12.2022.05.19,31,i think it is the greatest show on television,1,SIL,0,sil,i,56,96,40,14,16,72,84,72,84,0.8555975804379491
t12.2022.05.19,train,vocal,t12.2022.05.19,31,i think it is the greatest show on television,2,TH,1,initial,think,68,104,36,17,18,84,92,84,96,0.8977904793837654
t12.2022.05.19,train,vocal,t12.2022.05.19,31,i think it is the greatest show on television,3,IH,1,medial,think,80,112,32,20,20,96,100,96,100,0.9999925699662102
t12.2022.05.19,train,vocal,t12.2022.05.19,31,i think it is the greatest show on television,4,NG,1,medial,think,84,116,32,21,21,100,104,100,104,0.9999970772770751
t12.2022.05.19,train,vocal,t12.2022.05.19,31,i think it is the greatest show on television,5,K,1,final,think,88,120,32,22,22,104,108,104,108,0.9999124784687802
t12.2022.05.19,train,vocal,t12.2022.05.19,31,i think it is the greatest show on television,6,SIL,1,sil,think,92,128,36,23,24,108,116,108,120,0.9301742813991867
t12.2022.05.19,train,vocal,t12.2022.05.19,31,i think it is the greatest show on television,7,IH,2,initial,it,108,140,32,27,27,124,128,120,128,0.9999940092561618
t12.2022.05.19,train,vocal,t12.2022.05.19,31,i think it is the greatest show on television,8,T,2,final,it,112,144,32,28,28,128,132,128,132,0.9999983787873581
t12.2022.05.19,train,vocal,t12.2022.05.19,31,i think it is the greatest show on television,9,SIL,2,sil,it,116,156,40,29,31,132,144,132,148,0.9782070803416846
t12.2022.05.19,train,vocal,t12.2022.05.19,31,i think it is the greatest show on television,10,IH,3,initial,is,132,164,32,33,33,148,152,148,152,0.9999998145012627
t12.2022.05.19,train,vocal,t12.2022.05.19,31,i think it is the greatest show on television,11,Z,3,final,is,136,168,32,34,34,152,156,152,156,0.9998517739122963
t12.2022.05.19,train,vocal,t12.2022.05.19,31,i think it is the greatest show on television,12,SIL,3,sil,is,140,180,40,35,37,156,168,156,168,0.9960620898060636
t12.2022.05.19,train,vocal,t12.2022.05.19,31,i think it is the greatest show on television,13,DH,4,initial,the,152,188,36,38,39,168,176,168,176,0.99983118778682
t12.2022.05.19,train,vocal,t12.2022.05.19,31,i think it is the greatest show on television,14,AH,4,final,the,160,196,36,40,41,176,184,176,184,0.8569676146775773
t12.2022.05.19,train,vocal,t12.2022.05.19,31,i think it is the greatest show on television,15,SIL,4,sil,the,168,236,68,42,51,184,224,184,224,0.9964619789987544
t12.2022.05.19,train,vocal,t12.2022.05.19,31,i think it is the greatest show on television,16,G,5,initial,greatest,208,240,32,52,52,224,228,224,228,0.9996503879711115
t12.2022.05.19,train,vocal,t12.2022.05.19,31,i think it is the greatest show on television,17,R,5,medial,greatest,212,248,36,53,54,228,236,228,236,0.8275523373186993
t12.2022.05.19,train,vocal,t12.2022.05.19,31,i think it is the greatest show on television,18,EY,5,medial,greatest,220,252,32,55,55,236,240,236,240,0.9975789260492814
t12.2022.05.19,train,vocal,t12.2022.05.19,31,i think it is the greatest show on television,19,T,5,medial,greatest,224,256,32,56,56,240,244,240,244,0.9986874849462364
t12.2022.05.19,train,vocal,t12.2022.05.19,31,i think it is the greatest show on television,20,AH,5,medial,greatest,228,264,36,57,58,244,252,244,252,0.9984356879373364
t12.2022.05.19,train,vocal,t12.2022.05.19,31,i think it is the greatest show on television,21,S,5,medial,greatest,236,268,32,59,59,252,256,252,256,0.9978972367454696
t12.2022.05.19,train,vocal,t12.2022.05.19,31,i think it is the greatest show on television,22,T,5,final,greatest,240,276,36,60,61,256,264,256,264,0.8913701574609073
t12.2022.05.19,train,vocal,t12.2022.05.19,31,i think it is the greatest show on television,23,SIL,5,sil,greatest,248,284,36,62,63,264,272,264,272,0.9964493776843072
t12.2022.05.19,train,vocal,t12.2022.05.19,31,i think it is the greatest show on television,24,SH,6,initial,show,256,288,32,64,64,272,276,272,280,0.999975021575454
t12.2022.05.19,train,vocal,t12.2022.05.19,31,i think it is the greatest show on television,25,OW,6,final,show,264,300,36,66,67,280,288,280,292,0.9139636346871975
t12.2022.05.19,train,vocal,t12.2022.05.19,31,i think it is the greatest show on television,26,SIL,6,sil,show,276,320,44,69,72,292,308,292,312,0.8779947654729799
t12.2022.05.19,train,vocal,t12.2022.05.19,31,i think it is the greatest show on television,27,AA,7,initial,on,300,336,36,75,76,316,324,312,324,0.9893864108964711
t12.2022.05.19,train,vocal,t12.2022.05.19,31,i think it is the greatest show on television,28,N,7,final,on,308,340,32,77,77,324,328,324,328,0.9999706758908309
t12.2022.05.19,train,vocal,t12.2022.05.19,31,i think it is the greatest show on television,29,SIL,7,sil,on,312,364,52,78,83,328,352,328,352,0.981863566298891
t12.2022.05.19,train,vocal,t12.2022.05.19,31,i think it is the greatest show on television,30,T,8,initial,television,336,368,32,84,84,352,356,352,360,0.9992204414879079
t12.2022.05.19,train,vocal,t12.2022.05.19,31,i think it is the greatest show on television,31,EH,8,medial,television,344,380,36,86,87,360,368,360,368,0.8467526391423206
t12.2022.05.19,train,vocal,t12.2022.05.19,31,i think it is the greatest show on television,32,L,8,medial,television,352,384,32,88,88,368,372,368,372,0.9999171189227835
t12.2022.05.19,train,vocal,t12.2022.05.19,31,i think it is the greatest show on television,33,AH,8,medial,television,356,392,36,89,90,372,380,372,380,0.9932934852831046
t12.2022.05.19,train,vocal,t12.2022.05.19,31,i think it is the greatest show on television,34,V,8,medial,television,364,396,32,91,91,380,384,380,384,0.9998455731307972
t12.2022.05.19,train,vocal,t12.2022.05.19,31,i think it is the greatest show on television,35,IH,8,medial,television,368,404,36,92,93,384,392,384,392,0.7464036419121124
t12.2022.05.19,train,vocal,t12.2022.05.19,31,i think it is the greatest show on television,36,ZH,8,medial,television,376,412,36,94,95,392,400,392,400,0.7785812579117712
t12.2022.05.19,train,vocal,t12.2022.05.19,31,i think it is the greatest show on television,37,AH,8,medial,television,384,416,32,96,96,400,404,400,404,0.9999999025243271
t12.2022.05.19,train,vocal,t12.2022.05.19,31,i think it is the greatest show on television,38,N,8,final,television,388,424,36,97,98,404,412,404,412,0.9504450533046584
t12.2022.05.19,train,vocal,t12.2022.05.19,31,i think it is the greatest show on television,39,SIL,8,sil,television,396,464,68,99,108,412,452,412,452,0.9988570464218626
t12.2022.05.19,train,vocal,t12.2022.05.19,32,he made smart decisions,0,HH,0,initial,he,48,84,36,12,13,64,72,16,72,0.9989417231027886
t12.2022.05.19,train,vocal,t12.2022.05.19,32,he made smart decisions,1,IY,0,final,he,56,88,32,14,14,72,76,72,76,0.9994145520940091
t12.2022.05.19,train,vocal,t12.2022.05.19,32,he made smart decisions,2,SIL,0,sil,he,60,104,44,15,18,76,92,76,92,0.9774215072614907
t12.2022.05.19,train,vocal,t12.2022.05.19,32,he made smart decisions,3,M,1,initial,made,76,112,36,19,20,92,100,92,104,0.7983006794159067
t12.2022.05.19,train,vocal,t12.2022.05.19,32,he made smart decisions,4,EY,1,medial,made,88,120,32,22,22,104,108,104,108,0.9999715447367951
t12.2022.05.19,train,vocal,t12.2022.05.19,32,he made smart decisions,5,D,1,final,made,92,124,32,23,23,108,112,108,112,0.998768439105202
t12.2022.05.19,train,vocal,t12.2022.05.19,32,he made smart decisions,6,SIL,1,sil,made,96,140,44,24,27,112,128,112,128,0.9311256518948532
t12.2022.05.19,train,vocal,t12.2022.05.19,32,he made smart decisions,7,S,2,initial,smart,112,148,36,28,29,128,136,128,136,0.8989375543881742
t12.2022.05.19,train,vocal,t12.2022.05.19,32,he made smart decisions,8,M,2,medial,smart,120,152,32,30,30,136,140,136,144,0.9997477663276454
t12.2022.05.19,train,vocal,t12.2022.05.19,32,he made smart decisions,9,AA,2,medial,smart,128,160,32,32,32,144,148,144,148,0.9993593154425919
t12.2022.05.19,train,vocal,t12.2022.05.19,32,he made smart decisions,10,R,2,medial,smart,132,164,32,33,33,148,152,148,152,0.9999776074502218
t12.2022.05.19,train,vocal,t12.2022.05.19,32,he made smart decisions,11,T,2,final,smart,136,168,32,34,34,152,156,152,156,0.9999215380901579
t12.2022.05.19,train,vocal,t12.2022.05.19,32,he made smart decisions,12,SIL,2,sil,smart,140,176,36,35,36,156,164,156,164,0.7816688161001588
t12.2022.05.19,train,vocal,t12.2022.05.19,32,he made smart decisions,13,D,3,initial,decisions,148,184,36,37,38,164,172,164,172,0.9075275247315291
t12.2022.05.19,train,vocal,t12.2022.05.19,32,he made smart decisions,14,IH,3,medial,decisions,156,188,32,39,39,172,176,172,176,0.9998165301525211
t12.2022.05.19,train,vocal,t12.2022.05.19,32,he made smart decisions,15,S,3,medial,decisions,160,196,36,40,41,176,184,176,184,0.9610373209465357
t12.2022.05.19,train,vocal,t12.2022.05.19,32,he made smart decisions,16,IH,3,medial,decisions,168,204,36,42,43,184,192,184,192,0.9937610743681949
t12.2022.05.19,train,vocal,t12.2022.05.19,32,he made smart decisions,17,ZH,3,medial,decisions,176,212,36,44,45,192,200,192,200,0.976552334869706
t12.2022.05.19,train,vocal,t12.2022.05.19,32,he made smart decisions,18,AH,3,medial,decisions,184,220,36,46,47,200,208,200,208,0.8522429107282239
t12.2022.05.19,train,vocal,t12.2022.05.19,32,he made smart decisions,19,N,3,medial,decisions,192,224,32,48,48,208,212,208,212,0.9997408437974583
t12.2022.05.19,train,vocal,t12.2022.05.19,32,he made smart decisions,20,Z,3,final,decisions,196,236,40,49,51,212,224,212,224,0.931397419923028
t12.2022.05.19,train,vocal,t12.2022.05.19,32,he made smart decisions,21,SIL,3,sil,decisions,208,252,44,52,55,224,240,224,240,0.999619118635882
t12.2022.05.19,train,vocal,t12.2022.05.19,33,it is awe-inspiring,0,IH,0,initial,it,24,56,32,6,6,40,44,16,44,0.9999983399661879
t12.2022.05.19,train,vocal,t12.2022.05.19,33,it is awe-inspiring,1,T,0,final,it,28,60,32,7,7,44,48,44,48,0.9999977761831655
t12.2022.05.19,train,vocal,t12.2022.05.19,33,it is awe-inspiring,2,SIL,0,sil,it,32,72,40,8,10,48,60,48,68,0.9845913302635291
t12.2022.05.19,train,vocal,t12.2022.05.19,33,it is awe-inspiring,3,IH,1,initial,is,56,88,32,14,14,72,76,68,76,0.9999968123769298
t12.2022.05.19,train,vocal,t12.2022.05.19,33,it is awe-inspiring,4,Z,1,final,is,60,92,32,15,15,76,80,76,80,0.9999987091079243
t12.2022.05.19,train,vocal,t12.2022.05.19,33,it is awe-inspiring,5,SIL,1,sil,is,64,108,44,16,19,80,96,80,100,0.9916636030738748
t12.2022.05.19,train,vocal,t12.2022.05.19,33,it is awe-inspiring,6,AH,2,initial,awe-inspiring,88,120,32,22,22,104,108,100,112,0.9998021538845745
t12.2022.05.19,train,vocal,t12.2022.05.19,33,it is awe-inspiring,7,P,2,medial,awe-inspiring,96,136,40,24,26,112,124,112,128,0.9942312664100953
t12.2022.05.19,train,vocal,t12.2022.05.19,33,it is awe-inspiring,8,IY,2,medial,awe-inspiring,116,148,32,29,29,132,136,128,136,0.9989856774977798
t12.2022.05.19,train,vocal,t12.2022.05.19,33,it is awe-inspiring,9,N,2,medial,awe-inspiring,120,152,32,30,30,136,140,136,140,0.999516890145682
t12.2022.05.19,train,vocal,t12.2022.05.19,33,it is awe-inspiring,10,S,2,medial,awe-inspiring,124,164,40,31,33,140,152,140,156,0.9983560493708675
t12.2022.05.19,train,vocal,t12.2022.05.19,33,it is awe-inspiring,11,AY,2,medial,awe-inspiring,140,172,32,35,35,156,160,156,160,0.9991521902147186
t12.2022.05.19,train,vocal,t12.2022.05.19,33,it is awe-inspiring,12,R,2,medial,awe-inspiring,144,180,36,36,37,160,168,160,172,0.9244988144507411
t12.2022.05.19,train,vocal,t12.2022.05.19,33,it is awe-inspiring,13,IH,2,medial,awe-inspiring,156,192,36,39,40,172,180,172,180,0.948928285164097
t12.2022.05.19,train,vocal,t12.2022.05.19,33,it is awe-inspiring,14,NG,2,final,awe-inspiring,164,196,32,41,41,180,184,180,184,0.9992875880486786
t12.2022.05.19,train,vocal,t12.2022.05.19,33,it is awe-inspiring,15,SIL,2,sil,awe-inspiring,168,224,56,42,48,184,212,184,212,0.9999611679399264
t12.2022.05.19,train,vocal,t12.2022.05.19,34,but she knew she'd have a decision to make soon,0,B,0,initial,but,60,92,32,15,15,76,80,16,84,0.9999530758900655
t12.2022.05.19,train,vocal,t12.2022.05.19,34,but she knew she'd have a decision to make soon,1,AH,0,medial,but,68,100,32,17,17,84,88,84,88,0.99999865075249
t12.2022.05.19,train,vocal,t12.2022.05.19,34,but she knew she'd have a decision to make soon,2,T,0,final,but,72,104,32,18,18,88,92,88,92,0.9999753626393877
t12.2022.05.19,train,vocal,t12.2022.05.19,34,but she knew she'd have a decision to make soon,3,SIL,0,sil,but,76,120,44,19,22,92,108,92,108,0.9983080900712953
t12.2022.05.19,train,vocal,t12.2022.05.19,34,but she knew she'd have a decision to make soon,4,SH,1,initial,she,92,124,32,23,23,108,112,108,116,0.9999934301492492
t12.2022.05.19,train,vocal,t12.2022.05.19,34,but she knew she'd have a decision to make soon,5,IY,1,final,she,100,132,32,25,25,116,120,116,124,0.9999857287849611
t12.2022.05.19,train,vocal,t12.2022.05.19,34,but she knew she'd have a decision to make soon,6,SIL,1,sil,she,108,148,40,27,29,124,136,124,136,0.9970225313355817
t12.2022.05.19,train,vocal,t12.2022.05.19,34,but she knew she'd have a decision to make soon,7,N,2,initial,knew,120,152,32,30,30,136,140,136,144,0.9997513174318925
t12.2022.05.19,train,vocal,t12.2022.05.19,34,but she knew she'd have a decision to make soon,8,UW,2,final,knew,128,160,32,32,32,144,148,144,152,0.9998849460505034
t12.2022.05.19,train,vocal,t12.2022.05.19,34,but she knew she'd have a decision to make soon,9,SIL,2,sil,knew,136,196,60,34,41,152,184,152,184,0.9981072786656497
t12.2022.05.19,train,vocal,t12.2022.05.19,34,but she knew she'd have a decision to make soon,10,SH,3,initial,she'd,168,204,36,42,43,184,192,184,196,0.7618873854724393
t12.2022.05.19,train,vocal,t12.2022.05.19,34,but she knew she'd have a decision to make soon,11,IY,3,medial,she'd,180,212,32,45,45,196,200,196,200,0.9999512803077455
t12.2022.05.19,train,vocal,t12.2022.05.19,34,but she knew she'd have a decision to make soon,12,D,3,final,she'd,184,216,32,46,46,200,204,200,204,0.9989531955389847
t12.2022.05.19,train,vocal,t12.2022.05.19,34,but she knew she'd have a decision to make soon,13,SIL,3,sil,she'd,188,232,44,47,50,204,220,204,220,0.8769454201836467
t12.2022.05.19,train,vocal,t12.2022.05.19,34,but she knew she'd have a decision to make soon,14,HH,4,initial,have,204,240,36,51,52,220,228,220,228,0.9959739820427785
t12.2022.05.19,train,vocal,t12.2022.05.19,34,but she knew she'd have a decision to make soon,15,AE,4,medial,have,212,248,36,53,54,228,236,228,236,0.751291194761595
t12.2022.05.19,train,vocal,t12.2022.05.19,34,but she knew she'd have a decision to make soon,16,V,4,final,have,220,252,32,55,55,236,240,236,240,0.9999954128444497
t12.2022.05.19,train,vocal,t12.2022.05.19,34,but she knew she'd have a decision to make soon,17,SIL,4,sil,have,224,272,48,56,60,240,260,240,264,0.9121803903587169
t12.2022.05.19,train,vocal,t12.2022.05.19,34,but she knew she'd have a decision to make soon,18,AH,5,single,a,252,288,36,63,64,268,276,264,276,0.8510812074848668
t12.2022.05.19,train,vocal,t12.2022.05.19,34,but she knew she'd have a decision to make soon,19,SIL,5,sil,a,260,320,60,65,72,276,308,276,308,0.999553838629917
t12.2022.05.19,train,vocal,t12.2022.05.19,34,but she knew she'd have a decision to make soon,20,D,6,initial,decision,292,328,36,73,74,308,316,308,316,0.884724765750189
t12.2022.05.19,train,vocal,t12.2022.05.19,34,but she knew she'd have a decision to make soon,21,IH,6,medial,decision,300,332,32,75,75,316,320,316,320,0.9999948557937742
t12.2022.05.19,train,vocal,t12.2022.05.19,34,but she knew she'd have a decision to make soon,22,S,6,medial,decision,304,336,32,76,76,320,324,320,324,0.9979217992356808
t12.2022.05.19,train,vocal,t12.2022.05.19,34,but she knew she'd have a decision to make soon,23,IH,6,medial,decision,308,344,36,77,78,324,332,324,332,0.9993199340992853
t12.2022.05.19,train,vocal,t12.2022.05.19,34,but she knew she'd have a decision to make soon,24,ZH,6,medial,decision,316,356,40,79,81,332,344,332,344,0.9691897471702395
t12.2022.05.19,train,vocal,t12.2022.05.19,34,but she knew she'd have a decision to make soon,25,AH,6,medial,decision,328,364,36,82,83,344,352,344,352,0.9932542409467697
t12.2022.05.19,train,vocal,t12.2022.05.19,34,but she knew she'd have a decision to make soon,26,N,6,final,decision,336,368,32,84,84,352,356,352,356,0.9999442121390881
t12.2022.05.19,train,vocal,t12.2022.05.19,34,but she knew she'd have a decision to make soon,27,SIL,6,sil,decision,340,384,44,85,88,356,372,356,372,0.9063077780983618
t12.2022.05.19,train,vocal,t12.2022.05.19,34,but she knew she'd have a decision to make soon,28,T,7,initial,to,356,388,32,89,89,372,376,372,376,0.9999999676686261
t12.2022.05.19,train,vocal,t12.2022.05.19,34,but she knew she'd have a decision to make soon,29,UW,7,final,to,360,396,36,90,91,376,384,376,384,0.9943793148161182
t12.2022.05.19,train,vocal,t12.2022.05.19,34,but she knew she'd have a decision to make soon,30,SIL,7,sil,to,368,412,44,92,95,384,400,384,400,0.9198636167307617
t12.2022.05.19,train,vocal,t12.2022.05.19,34,but she knew she'd have a decision to make soon,31,M,8,initial,make,384,416,32,96,96,400,404,400,408,0.9999959459145445
t12.2022.05.19,train,vocal,t12.2022.05.19,34,but she knew she'd have a decision to make soon,32,EY,8,medial,make,392,424,32,98,98,408,412,408,412,0.9999834849892928
t12.2022.05.19,train,vocal,t12.2022.05.19,34,but she knew she'd have a decision to make soon,33,K,8,final,make,396,432,36,99,100,412,420,412,420,0.9101488022306672
t12.2022.05.19,train,vocal,t12.2022.05.19,34,but she knew she'd have a decision to make soon,34,SIL,8,sil,make,404,456,52,101,106,420,444,420,444,0.994952527909173
t12.2022.05.19,train,vocal,t12.2022.05.19,34,but she knew she'd have a decision to make soon,35,S,9,initial,soon,428,460,32,107,107,444,448,444,452,0.9999158141076057
t12.2022.05.19,train,vocal,t12.2022.05.19,34,but she knew she'd have a decision to make soon,36,UW,9,medial,soon,440,472,32,110,110,456,460,452,460,0.9997800588787799
t12.2022.05.19,train,vocal,t12.2022.05.19,34,but she knew she'd have a decision to make soon,37,N,9,final,soon,444,480,36,111,112,460,468,460,468,0.9208038057298416
t12.2022.05.19,train,vocal,t12.2022.05.19,34,but she knew she'd have a decision to make soon,38,SIL,9,sil,soon,452,496,44,113,116,468,484,468,484,0.9965830786280663
t12.2022.05.19,train,vocal,t12.2022.05.19,35,the paper boy bought two apples and three ices,0,DH,0,initial,the,40,72,32,10,10,56,60,16,64,0.9999151959592428
t12.2022.05.19,train,vocal,t12.2022.05.19,35,the paper boy bought two apples and three ices,1,AH,0,final,the,48,84,36,12,13,64,72,64,72,0.7683704701037731
t12.2022.05.19,train,vocal,t12.2022.05.19,35,the paper boy bought two apples and three ices,2,SIL,0,sil,the,56,96,40,14,16,72,84,72,84,0.9999415033257556
t12.2022.05.19,train,vocal,t12.2022.05.19,35,the paper boy bought two apples and three ices,3,P,1,initial,paper,68,104,36,17,18,84,92,84,96,0.8203171817844739
t12.2022.05.19,train,vocal,t12.2022.05.19,35,the paper boy bought two apples and three ices,4,EY,1,medial,paper,80,112,32,20,20,96,100,96,100,0.9987572994033697
t12.2022.05.19,train,vocal,t12.2022.05.19,35,the paper boy bought two apples and three ices,5,P,1,medial,paper,84,116,32,21,21,100,104,100,104,0.998645496085456
t12.2022.05.19,train,vocal,t12.2022.05.19,35,the paper boy bought two apples and three ices,6,ER,1,final,paper,88,124,36,22,23,104,112,104,112,0.9679072401493767
t12.2022.05.19,train,vocal,t12.2022.05.19,35,the paper boy bought two apples and three ices,7,SIL,1,sil,paper,96,128,32,24,24,112,116,112,116,0.9998332763678478
t12.2022.05.19,train,vocal,t12.2022.05.19,35,the paper boy bought two apples and three ices,8,B,2,initial,boy,100,132,32,25,25,116,120,116,124,0.9992108074963214
t12.2022.05.19,train,vocal,t12.2022.05.19,35,the paper boy bought two apples and three ices,9,OY,2,final,boy,108,140,32,27,27,124,128,124,132,0.9998268372749323
t12.2022.05.19,train,vocal,t12.2022.05.19,35,the paper boy bought two apples and three ices,10,SIL,2,sil,boy,116,184,68,29,38,132,172,132,172,0.9948989037292858
t12.2022.05.19,train,vocal,t12.2022.05.19,35,the paper boy bought two apples and three ices,11,B,3,initial,bought,156,188,32,39,39,172,176,172,180,0.9998914828716474
t12.2022.05.19,train,vocal,t12.2022.05.19,35,the paper boy bought two apples and three ices,12,AA,3,medial,bought,168,200,32,42,42,184,188,180,188,0.9998343672531763
t12.2022.05.19,train,vocal,t12.2022.05.19,35,the paper boy bought two apples and three ices,13,T,3,final,bought,172,208,36,43,44,188,196,188,196,0.9613483596055717
t12.2022.05.19,train,vocal,t12.2022.05.19,35,the paper boy bought two apples and three ices,14,SIL,3,sil,bought,180,224,44,45,48,196,212,196,212,0.9998346512557489
t12.2022.05.19,train,vocal,t12.2022.05.19,35,the paper boy bought two apples and three ices,15,T,4,initial,two,196,228,32,49,49,212,216,212,220,0.9999903873017747
t12.2022.05.19,train,vocal,t12.2022.05.19,35,the paper boy bought two apples and three ices,16,UW,4,final,two,204,236,32,51,51,220,224,220,224,0.999944216376144
t12.2022.05.19,train,vocal,t12.2022.05.19,35,the paper boy bought two apples and three ices,17,SIL,4,sil,two,208,252,44,52,55,224,240,224,244,0.899903457467659
t12.2022.05.19,train,vocal,t12.2022.05.19,35,the paper boy bought two apples and three ices,18,AE,5,initial,apples,232,264,32,58,58,248,252,244,252,0.9979275488339263
t12.2022.05.19,train,vocal,t12.2022.05.19,35,the paper boy bought two apples and three ices,19,P,5,medial,apples,236,272,36,59,60,252,260,252,260,0.9963666948223366
t12.2022.05.19,train,vocal,t12.2022.05.19,35,the paper boy bought two apples and three ices,20,AH,5,medial,apples,244,284,40,61,63,260,272,260,272,0.9902786327772315
t12.2022.05.19,train,vocal,t12.2022.05.19,35,the paper boy bought two apples and three ices,21,L,5,medial,apples,256,288,32,64,64,272,276,272,276,0.9977723399716689
t12.2022.05.19,train,vocal,t12.2022.05.19,35,the paper boy bought two apples and three ices,22,Z,5,final,apples,260,296,36,65,66,276,284,276,284,0.961858938959369
t12.2022.05.19,train,vocal,t12.2022.05.19,35,the paper boy bought two apples and three ices,23,SIL,5,sil,apples,268,308,40,67,69,284,296,284,304,0.9899759229561164
t12.2022.05.19,train,vocal,t12.2022.05.19,35,the paper boy bought two apples and three ices,24,AH,6,initial,and,292,324,32,73,73,308,312,304,312,0.9999902696829368
t12.2022.05.19,train,vocal,t12.2022.05.19,35,the paper boy bought two apples and three ices,25,N,6,medial,and,296,328,32,74,74,312,316,312,316,0.9994737160424584
t12.2022.05.19,train,vocal,t12.2022.05.19,35,the paper boy bought two apples and three ices,26,D,6,final,and,300,336,36,75,76,316,324,316,324,0.9975876922792453
t12.2022.05.19,train,vocal,t12.2022.05.19,35,the paper boy bought two apples and three ices,27,SIL,6,sil,and,308,348,40,77,79,324,336,324,336,0.9766579928914063
t12.2022.05.19,train,vocal,t12.2022.05.19,35,the paper boy bought two apples and three ices,28,TH,7,initial,three,320,352,32,80,80,336,340,336,340,0.9999896642491003
t12.2022.05.19,train,vocal,t12.2022.05.19,35,the paper boy bought two apples and three ices,29,R,7,medial,three,324,360,36,81,82,340,348,340,348,0.9978409648623172
t12.2022.05.19,train,vocal,t12.2022.05.19,35,the paper boy bought two apples and three ices,30,IY,7,final,three,332,364,32,83,83,348,352,348,356,0.9999427642716091
t12.2022.05.19,train,vocal,t12.2022.05.19,35,the paper boy bought two apples and three ices,31,SIL,7,sil,three,340,380,40,85,87,356,368,356,376,0.9906974290351457
t12.2022.05.19,train,vocal,t12.2022.05.19,35,the paper boy bought two apples and three ices,32,AY,8,initial,ices,364,396,32,91,91,380,384,376,384,0.9998718869328905
t12.2022.05.19,train,vocal,t12.2022.05.19,35,the paper boy bought two apples and three ices,33,S,8,medial,ices,368,404,36,92,93,384,392,384,392,0.974711868192151
t12.2022.05.19,train,vocal,t12.2022.05.19,35,the paper boy bought two apples and three ices,34,AH,8,medial,ices,376,412,36,94,95,392,400,392,400,0.9995910625940772
t12.2022.05.19,train,vocal,t12.2022.05.19,35,the paper boy bought two apples and three ices,35,Z,8,final,ices,384,416,32,96,96,400,404,400,404,0.9976275023307455
t12.2022.05.19,train,vocal,t12.2022.05.19,35,the paper boy bought two apples and three ices,36,SIL,8,sil,ices,388,432,44,97,100,404,420,404,420,0.9969039730866993
t12.2022.05.19,train,vocal,t12.2022.05.19,36,but why pay her bills,0,B,0,initial,but,60,92,32,15,15,76,80,16,84,0.9998442774527554
t12.2022.05.19,train,vocal,t12.2022.05.19,36,but why pay her bills,1,AH,0,medial,but,68,100,32,17,17,84,88,84,88,0.9999160422426138
t12.2022.05.19,train,vocal,t12.2022.05.19,36,but why pay her bills,2,T,0,final,but,72,104,32,18,18,88,92,88,92,0.9999917696785601
t12.2022.05.19,train,vocal,t12.2022.05.19,36,but why pay her bills,3,SIL,0,sil,but,76,116,40,19,21,92,104,92,104,0.8460124401277326
t12.2022.05.19,train,vocal,t12.2022.05.19,36,but why pay her bills,4,W,1,initial,why,88,120,32,22,22,104,108,104,116,0.9998614499842354
t12.2022.05.19,train,vocal,t12.2022.05.19,36,but why pay her bills,5,AY,1,final,why,104,136,32,26,26,120,124,116,128,0.9997309247601331
t12.2022.05.19,train,vocal,t12.2022.05.19,36,but why pay her bills,6,SIL,1,sil,why,116,160,44,29,32,132,148,128,148,0.9983996544005279
t12.2022.05.19,train,vocal,t12.2022.05.19,36,but why pay her bills,7,P,2,initial,pay,132,164,32,33,33,148,152,148,156,0.9999288932604179
t12.2022.05.19,train,vocal,t12.2022.05.19,36,but why pay her bills,8,EY,2,final,pay,144,176,32,36,36,160,164,156,168,0.9999893503790199
t12.2022.05.19,train,vocal,t12.2022.05.19,36,but why pay her bills,9,SIL,2,sil,pay,156,224,68,39,48,172,212,168,212,0.9891705119243003
t12.2022.05.19,train,vocal,t12.2022.05.19,36,but why pay her bills,10,HH,3,initial,her,196,232,36,49,50,212,220,212,224,0.9950309371391497
t12.2022.05.19,train,vocal,t12.2022.05.19,36,but why pay her bills,11,ER,3,final,her,208,244,36,52,53,224,232,224,232,0.9976757560896046
t12.2022.05.19,train,vocal,t12.2022.05.19,36,but why pay her bills,12,SIL,3,sil,her,216,264,48,54,58,232,252,232,252,0.9976114522626203
t12.2022.05.19,train,vocal,t12.2022.05.19,36,but why pay her bills,13,B,4,initial,bills,236,268,32,59,59,252,256,252,260,0.9995019791416887
t12.2022.05.19,train,vocal,t12.2022.05.19,36,but why pay her bills,14,IH,4,medial,bills,244,276,32,61,61,260,264,260,264,0.9997930655293887
t12.2022.05.19,train,vocal,t12.2022.05.19,36,but why pay her bills,15,L,4,medial,bills,248,284,36,62,63,264,272,264,272,0.9988255976503015
t12.2022.05.19,train,vocal,t12.2022.05.19,36,but why pay her bills,16,Z,4,final,bills,256,292,36,64,65,272,280,272,280,0.9989544076540657
t12.2022.05.19,train,vocal,t12.2022.05.19,36,but why pay her bills,17,SIL,4,sil,bills,264,308,44,66,69,280,296,280,296,0.9970455054773875
t12.2022.05.19,train,vocal,t12.2022.05.19,37,you'll have to try it alone,0,Y,0,initial,you'll,80,112,32,20,20,96,100,16,100,0.9988861886459288
t12.2022.05.19,train,vocal,t12.2022.05.19,37,you'll have to try it alone,1,UW,0,medial,you'll,84,116,32,21,21,100,104,100,104,0.9985479283754246
t12.2022.05.19,train,vocal,t12.2022.05.19,37,you'll have to try it alone,2,L,0,final,you'll,88,124,36,22,23,104,112,104,112,0.9861999464077083
t12.2022.05.19,train,vocal,t12.2022.05.19,37,you'll have to try it alone,3,SIL,0,sil,you'll,96,132,36,24,25,112,120,112,120,0.9972446675655603
t12.2022.05.19,train,vocal,t12.2022.05.19,37,you'll have to try it alone,4,HH,1,initial,have,104,140,36,26,27,120,128,120,128,0.9994448633603256
t12.2022.05.19,train,vocal,t12.2022.05.19,37,you'll have to try it alone,5,AE,1,medial,have,112,148,36,28,29,128,136,128,136,0.9978170138779217
t12.2022.05.19,train,vocal,t12.2022.05.19,37,you'll have to try it alone,6,V,1,final,have,120,152,32,30,30,136,140,136,140,0.999937911774986
t12.2022.05.19,train,vocal,t12.2022.05.19,37,you'll have to try it alone,7,SIL,1,sil,have,124,168,44,31,34,140,156,140,156,0.9990872454660444
t12.2022.05.19,train,vocal,t12.2022.05.19,37,you'll have to try it alone,8,T,2,initial,to,140,176,36,35,36,156,164,156,164,0.9933239730916561
t12.2022.05.19,train,vocal,t12.2022.05.19,37,you'll have to try it alone,9,UW,2,final,to,148,184,36,37,38,164,172,164,172,0.9881181977101331
t12.2022.05.19,train,vocal,t12.2022.05.19,37,you'll have to try it alone,10,SIL,2,sil,to,156,200,44,39,42,172,188,172,188,0.9870836545598137
t12.2022.05.19,train,vocal,t12.2022.05.19,37,you'll have to try it alone,11,T,3,initial,try,172,204,32,43,43,188,192,188,192,0.9999060446001367
t12.2022.05.19,train,vocal,t12.2022.05.19,37,you'll have to try it alone,12,R,3,medial,try,176,212,36,44,45,192,200,192,200,0.9976107656094912
t12.2022.05.19,train,vocal,t12.2022.05.19,37,you'll have to try it alone,13,AY,3,final,try,184,220,36,46,47,200,208,200,208,0.8367583615960521
t12.2022.05.19,train,vocal,t12.2022.05.19,37,you'll have to try it alone,14,SIL,3,sil,try,192,232,40,48,50,208,220,208,224,0.9951546875457127
t12.2022.05.19,train,vocal,t12.2022.05.19,37,you'll have to try it alone,15,IH,4,initial,it,212,244,32,53,53,228,232,224,232,0.999995934695552
t12.2022.05.19,train,vocal,t12.2022.05.19,37,you'll have to try it alone,16,T,4,final,it,216,248,32,54,54,232,236,232,236,0.9999980353179865
t12.2022.05.19,train,vocal,t12.2022.05.19,37,you'll have to try it alone,17,SIL,4,sil,it,220,264,44,55,58,236,252,236,256,0.9519782211770234
t12.2022.05.19,train,vocal,t12.2022.05.19,37,you'll have to try it alone,18,AH,5,initial,alone,244,276,32,61,61,260,264,256,264,0.9977997482392681
t12.2022.05.19,train,vocal,t12.2022.05.19,37,you'll have to try it alone,19,L,5,medial,alone,248,288,40,62,64,264,276,264,276,0.9522689105693375
t12.2022.05.19,train,vocal,t12.2022.05.19,37,you'll have to try it alone,20,OW,5,medial,alone,260,292,32,65,65,276,280,276,280,0.9999563506925364
t12.2022.05.19,train,vocal,t12.2022.05.19,37,you'll have to try it alone,21,N,5,final,alone,264,300,36,66,67,280,288,280,288,0.7580302716733591
t12.2022.05.19,train,vocal,t12.2022.05.19,37,you'll have to try it alone,22,SIL,5,sil,alone,272,324,52,68,73,288,312,288,312,0.9746291140004422
t12.2022.05.19,train,vocal,t12.2022.05.19,38,home-made sauerkraut is served once a week,0,HH,0,initial,home-made,32,68,36,8,9,48,56,16,60,0.9992740366850352
t12.2022.05.19,train,vocal,t12.2022.05.19,38,home-made sauerkraut is served once a week,1,OW,0,medial,home-made,44,76,32,11,11,60,64,60,64,0.9993124814687553
t12.2022.05.19,train,vocal,t12.2022.05.19,38,home-made sauerkraut is served once a week,2,M,0,medial,home-made,48,80,32,12,12,64,68,64,76,0.9939277690599007
t12.2022.05.19,train,vocal,t12.2022.05.19,38,home-made sauerkraut is served once a week,3,M,0,medial,home-made,64,96,32,16,16,80,84,76,88,0.9998058496361595
t12.2022.05.19,train,vocal,t12.2022.05.19,38,home-made sauerkraut is served once a week,4,EY,0,medial,home-made,72,104,32,18,18,88,92,88,92,0.9992971375938722
t12.2022.05.19,train,vocal,t12.2022.05.19,38,home-made sauerkraut is served once a week,5,D,0,final,home-made,76,112,36,19,20,92,100,92,100,0.8686197163690317
t12.2022.05.19,train,vocal,t12.2022.05.19,38,home-made sauerkraut is served once a week,6,SIL,0,sil,home-made,84,120,36,21,22,100,108,100,108,0.984036254828188
t12.2022.05.19,train,vocal,t12.2022.05.19,38,home-made sauerkraut is served once a week,7,S,1,initial,sauerkraut,92,128,36,23,24,108,116,108,120,0.9932505577123385
t12.2022.05.19,train,vocal,t12.2022.05.19,38,home-made sauerkraut is served once a week,8,AW,1,medial,sauerkraut,104,136,32,26,26,120,124,120,128,0.9992122071192475
t12.2022.05.19,train,vocal,t12.2022.05.19,38,home-made sauerkraut is served once a week,9,ER,1,medial,sauerkraut,112,148,36,28,29,128,136,128,136,0.8528437511125901
t12.2022.05.19,train,vocal,t12.2022.05.19,38,home-made sauerkraut is served once a week,10,K,1,medial,sauerkraut,120,152,32,30,30,136,140,136,140,0.9966375193181704
t12.2022.05.19,train,vocal,t12.2022.05.19,38,home-made sauerkraut is served once a week,11,R,1,medial,sauerkraut,124,160,36,31,32,140,148,140,148,0.9878442262351106
t12.2022.05.19,train,vocal,t12.2022.05.19,38,home-made sauerkraut is served once a week,12,AW,1,medial,sauerkraut,132,168,36,33,34,148,156,148,156,0.9935734093946236
t12.2022.05.19,train,vocal,t12.2022.05.19,38,home-made sauerkraut is served once a week,13,T,1,final,sauerkraut,140,176,36,35,36,156,164,156,164,0.99299963583775
t12.2022.05.19,train,vocal,t12.2022.05.19,38,home-made sauerkraut is served once a week,14,SIL,1,sil,sauerkraut,148,196,48,37,41,164,184,164,192,0.9997757938506646
t12.2022.05.19,train,vocal,t12.2022.05.19,38,home-made sauerkraut is served once a week,15,IH,2,initial,is,180,212,32,45,45,196,200,192,200,0.9985756139175457
t12.2022.05.19,train,vocal,t12.2022.05.19,38,home-made sauerkraut is served once a week,16,Z,2,final,is,184,216,32,46,46,200,204,200,204,0.9999813792797007
t12.2022.05.19,train,vocal,t12.2022.05.19,38,home-made sauerkraut is served once a week,17,SIL,2,sil,is,188,236,48,47,51,204,224,204,224,0.9682742148091913
t12.2022.05.19,train,vocal,t12.2022.05.19,38,home-made sauerkraut is served once a week,18,S,3,initial,served,208,240,32,52,52,224,228,224,232,0.9997332451608965
t12.2022.05.19,train,vocal,t12.2022.05.19,38,home-made sauerkraut is served once a week,19,ER,3,medial,served,216,252,36,54,55,232,240,232,240,0.9957746255061586
t12.2022.05.19,train,vocal,t12.2022.05.19,38,home-made sauerkraut is served once a week,20,V,3,medial,served,224,256,32,56,56,240,244,240,244,0.9999575582852568
t12.2022.05.19,train,vocal,t12.2022.05.19,38,home-made sauerkraut is served once a week,21,D,3,final,served,228,268,40,57,59,244,256,244,256,0.9395292878366934
t12.2022.05.19,train,vocal,t12.2022.05.19,38,home-made sauerkraut is served once a week,22,SIL,3,sil,served,240,276,36,60,61,256,264,256,264,0.9653651606251801
t12.2022.05.19,train,vocal,t12.2022.05.19,38,home-made sauerkraut is served once a week,23,W,4,initial,once,248,280,32,62,62,264,268,264,272,0.9995858645982554
t12.2022.05.19,train,vocal,t12.2022.05.19,38,home-made sauerkraut is served once a week,24,AH,4,medial,once,256,288,32,64,64,272,276,272,276,0.9986041010632962
t12.2022.05.19,train,vocal,t12.2022.05.19,38,home-made sauerkraut is served once a week,25,N,4,medial,once,260,292,32,65,65,276,280,276,280,0.9999608795821952
t12.2022.05.19,train,vocal,t12.2022.05.19,38,home-made sauerkraut is served once a week,26,S,4,final,once,264,300,36,66,67,280,288,280,288,0.9916536233008615
t12.2022.05.19,train,vocal,t12.2022.05.19,38,home-made sauerkraut is served once a week,27,SIL,4,sil,once,272,312,40,68,70,288,300,288,304,0.9326358663679809
t12.2022.05.19,train,vocal,t12.2022.05.19,38,home-made sauerkraut is served once a week,28,AH,5,single,a,288,324,36,72,73,304,312,304,312,0.7500864091328425
t12.2022.05.19,train,vocal,t12.2022.05.19,38,home-made sauerkraut is served once a week,29,SIL,5,sil,a,296,352,56,74,80,312,340,312,340,0.9972498151695196
t12.2022.05.19,train,vocal,t12.2022.05.19,38,home-made sauerkraut is served once a week,30,W,6,initial,week,324,356,32,81,81,340,344,340,348,0.9999066540865101
t12.2022.05.19,train,vocal,t12.2022.05.19,38,home-made sauerkraut is served once a week,31,IY,6,medial,week,332,364,32,83,83,348,352,348,352,0.9999539447838072
t12.2022.05.19,train,vocal,t12.2022.05.19,38,home-made sauerkraut is served once a week,32,K,6,final,week,336,368,32,84,84,352,356,352,356,0.9997035514031635
t12.2022.05.19,train,vocal,t12.2022.05.19,38,home-made sauerkraut is served once a week,33,SIL,6,sil,week,340,388,48,85,89,356,376,356,376,0.9912675114205005
t12.2022.05.19,train,vocal,t12.2022.05.19,39,you don't hafta get nasty,0,Y,0,initial,you,64,96,32,16,16,80,84,16,84,0.9999979014966881
t12.2022.05.19,train,vocal,t12.2022.05.19,39,you don't hafta get nasty,1,UW,0,final,you,68,104,36,17,18,84,92,84,92,0.8694536710011984
t12.2022.05.19,train,vocal,t12.2022.05.19,39,you don't hafta get nasty,2,SIL,0,sil,you,76,112,36,19,20,92,100,92,100,0.9997941284507685
t12.2022.05.19,train,vocal,t12.2022.05.19,39,you don't hafta get nasty,3,D,1,initial,don't,84,120,36,21,22,100,108,100,108,0.9800158802866634
t12.2022.05.19,train,vocal,t12.2022.05.19,39,you don't hafta get nasty,4,OW,1,medial,don't,92,128,36,23,24,108,116,108,116,0.9586074088670266
t12.2022.05.19,train,vocal,t12.2022.05.19,39,you don't hafta get nasty,5,N,1,medial,don't,100,132,32,25,25,116,120,116,120,0.9999940425821333
t12.2022.05.19,train,vocal,t12.2022.05.19,39,you don't hafta get nasty,6,T,1,final,don't,104,144,40,26,28,120,132,120,132,0.9783251722281131
t12.2022.05.19,train,vocal,t12.2022.05.19,39,you don't hafta get nasty,7,SIL,1,sil,don't,116,148,32,29,29,132,136,132,136,0.9997905964002013
t12.2022.05.19,train,vocal,t12.2022.05.19,39,you don't hafta get nasty,8,HH,2,initial,hafta,120,156,36,30,31,136,144,136,144,0.9766851828628731
t12.2022.05.19,train,vocal,t12.2022.05.19,39,you don't hafta get nasty,9,AE,2,medial,hafta,128,164,36,32,33,144,152,144,152,0.9628699118541129
t12.2022.05.19,train,vocal,t12.2022.05.19,39,you don't hafta get nasty,10,F,2,medial,hafta,136,168,32,34,34,152,156,152,156,0.9971542508205037
t12.2022.05.19,train,vocal,t12.2022.05.19,39,you don't hafta get nasty,11,T,2,medial,hafta,140,180,40,35,37,156,168,156,168,0.8722642807286071
t12.2022.05.19,train,vocal,t12.2022.05.19,39,you don't hafta get nasty,12,AH,2,final,hafta,152,188,36,38,39,168,176,168,176,0.9986077232420549
t12.2022.05.19,train,vocal,t12.2022.05.19,39,you don't hafta get nasty,13,SIL,2,sil,hafta,160,224,64,40,48,176,212,176,212,0.9501134818651396
t12.2022.05.19,train,vocal,t12.2022.05.19,39,you don't hafta get nasty,14,G,3,initial,get,196,232,36,49,50,212,220,212,220,0.9991374412307257
t12.2022.05.19,train,vocal,t12.2022.05.19,39,you don't hafta get nasty,15,EH,3,medial,get,204,240,36,51,52,220,228,220,228,0.9890555251067584
t12.2022.05.19,train,vocal,t12.2022.05.19,39,you don't hafta get nasty,16,T,3,final,get,212,244,32,53,53,228,232,228,232,0.9999979647132008
t12.2022.05.19,train,vocal,t12.2022.05.19,39,you don't hafta get nasty,17,SIL,3,sil,get,216,260,44,54,57,232,248,232,248,0.9939619564021247
t12.2022.05.19,train,vocal,t12.2022.05.19,39,you don't hafta get nasty,18,N,4,initial,nasty,232,264,32,58,58,248,252,248,256,0.9998911012739529
t12.2022.05.19,train,vocal,t12.2022.05.19,39,you don't hafta get nasty,19,AE,4,medial,nasty,240,276,36,60,61,256,264,256,264,0.9460705997716277
t12.2022.05.19,train,vocal,t12.2022.05.19,39,you don't hafta get nasty,20,S,4,medial,nasty,248,280,32,62,62,264,268,264,268,0.9811967801506002
t12.2022.05.19,train,vocal,t12.2022.05.19,39,you don't hafta get nasty,21,T,4,medial,nasty,252,288,36,63,64,268,276,268,276,0.8592729825520333
t12.2022.05.19,train,vocal,t12.2022.05.19,39,you don't hafta get nasty,22,IY,4,final,nasty,260,296,36,65,66,276,284,276,284,0.9998631812173766
t12.2022.05.19,train,vocal,t12.2022.05.19,39,you don't hafta get nasty,23,SIL,4,sil,nasty,268,324,56,67,73,284,312,284,312,0.9972306673508703
t12.2022.05.19,train,vocal,t12.2022.05.19,40,after that violence was exultantly easy,0,AE,0,initial,after,52,84,32,13,13,68,72,16,72,0.9997420364894813
t12.2022.05.19,train,vocal,t12.2022.05.19,40,after that violence was exultantly easy,1,F,0,medial,after,56,88,32,14,14,72,76,72,76,0.9998916364872575
t12.2022.05.19,train,vocal,t12.2022.05.19,40,after that violence was exultantly easy,2,T,0,medial,after,60,96,36,15,16,76,84,76,84,0.8342562373901145
t12.2022.05.19,train,vocal,t12.2022.05.19,40,after that violence was exultantly easy,3,ER,0,final,after,68,100,32,17,17,84,88,84,88,0.9993481473583622
t12.2022.05.19,train,vocal,t12.2022.05.19,40,after that violence was exultantly easy,4,SIL,0,sil,after,72,108,36,18,19,88,96,88,96,0.9657936124505311
t12.2022.05.19,train,vocal,t12.2022.05.19,40,after that violence was exultantly easy,5,DH,1,initial,that,80,112,32,20,20,96,100,96,104,0.9999625692295251
t12.2022.05.19,train,vocal,t12.2022.05.19,40,after that violence was exultantly easy,6,AE,1,medial,that,88,120,32,22,22,104,108,104,108,0.9999984300890868
t12.2022.05.19,train,vocal,t12.2022.05.19,40,after that violence was exultantly easy,7,T,1,final,that,92,124,32,23,23,108,112,108,112,0.9998715110479341
t12.2022.05.19,train,vocal,t12.2022.05.19,40,after that violence was exultantly easy,8,SIL,1,sil,that,96,144,48,24,28,112,132,112,132,0.9766362945628781
t12.2022.05.19,train,vocal,t12.2022.05.19,40,after that violence was exultantly easy,9,V,2,initial,violence,116,148,32,29,29,132,136,132,140,0.9995647091262994
t12.2022.05.19,train,vocal,t12.2022.05.19,40,after that violence was exultantly easy,10,AY,2,medial,violence,124,156,32,31,31,140,144,140,144,0.9998333643112852
t12.2022.05.19,train,vocal,t12.2022.05.19,40,after that violence was exultantly easy,11,AH,2,medial,violence,128,164,36,32,33,144,152,144,152,0.9056670274528609
t12.2022.05.19,train,vocal,t12.2022.05.19,40,after that violence was exultantly easy,12,L,2,medial,violence,136,172,36,34,35,152,160,152,160,0.878866076582959
t12.2022.05.19,train,vocal,t12.2022.05.19,40,after that violence was exultantly easy,13,AH,2,medial,violence,144,176,32,36,36,160,164,160,164,0.9982917405944652
t12.2022.05.19,train,vocal,t12.2022.05.19,40,after that violence was exultantly easy,14,N,2,medial,violence,148,184,36,37,38,164,172,164,172,0.7605561600697532
t12.2022.05.19,train,vocal,t12.2022.05.19,40,after that violence was exultantly easy,15,S,2,final,violence,156,192,36,39,40,172,180,172,180,0.99887858900439
t12.2022.05.19,train,vocal,t12.2022.05.19,40,after that violence was exultantly easy,16,SIL,2,sil,violence,164,200,36,41,42,180,188,180,188,0.9959351276509515
t12.2022.05.19,train,vocal,t12.2022.05.19,40,after that violence was exultantly easy,17,W,3,initial,was,172,208,36,43,44,188,196,188,196,0.9950767081860693
t12.2022.05.19,train,vocal,t12.2022.05.19,40,after that violence was exultantly easy,18,AA,3,medial,was,180,212,32,45,45,196,200,196,200,0.9999924987155091
t12.2022.05.19,train,vocal,t12.2022.05.19,40,after that violence was exultantly easy,19,Z,3,final,was,184,220,36,46,47,200,208,200,208,0.9877108536002527
t12.2022.05.19,train,vocal,t12.2022.05.19,40,after that violence was exultantly easy,20,SIL,3,sil,was,192,228,36,48,49,208,216,208,224,0.9992700331673128
t12.2022.05.19,train,vocal,t12.2022.05.19,40,after that violence was exultantly easy,21,IH,4,initial,exultantly,212,244,32,53,53,228,232,224,232,0.9998984376167146
t12.2022.05.19,train,vocal,t12.2022.05.19,40,after that violence was exultantly easy,22,G,4,medial,exultantly,216,248,32,54,54,232,236,232,236,0.9918315702267687
t12.2022.05.19,train,vocal,t12.2022.05.19,40,after that violence was exultantly easy,23,Z,4,medial,exultantly,220,256,36,55,56,236,244,236,248,0.883767310762067
t12.2022.05.19,train,vocal,t12.2022.05.19,40,after that violence was exultantly easy,24,AH,4,medial,exultantly,232,264,32,58,58,248,252,248,252,0.9984584861617938
t12.2022.05.19,train,vocal,t12.2022.05.19,40,after that violence was exultantly easy,25,L,4,medial,exultantly,236,268,32,59,59,252,256,252,256,0.9995227197761136
t12.2022.05.19,train,vocal,t12.2022.05.19,40,after that violence was exultantly easy,26,T,4,medial,exultantly,240,272,32,60,60,256,260,256,260,0.9987899608003963
t12.2022.05.19,train,vocal,t12.2022.05.19,40,after that violence was exultantly easy,27,AH,4,medial,exultantly,244,280,36,61,62,260,268,260,268,0.8697914186560387
t12.2022.05.19,train,vocal,t12.2022.05.19,40,after that violence was exultantly easy,28,N,4,medial,exultantly,252,284,32,63,63,268,272,268,272,0.9922766059514677
t12.2022.05.19,train,vocal,t12.2022.05.19,40,after that violence was exultantly easy,29,T,4,medial,exultantly,256,296,40,64,66,272,284,272,284,0.878509771288459
t12.2022.05.19,train,vocal,t12.2022.05.19,40,after that violence was exultantly easy,30,L,4,medial,exultantly,268,304,36,67,68,284,292,284,292,0.8382801275741014
t12.2022.05.19,train,vocal,t12.2022.05.19,40,after that violence was exultantly easy,31,IY,4,final,exultantly,276,312,36,69,70,292,300,292,300,0.9595117246635938
t12.2022.05.19,train,vocal,t12.2022.05.19,40,after that violence was exultantly easy,32,SIL,4,sil,exultantly,284,320,36,71,72,300,308,300,316,0.9995841485704728
t12.2022.05.19,train,vocal,t12.2022.05.19,40,after that violence was exultantly easy,33,IY,5,initial,easy,304,336,32,76,76,320,324,316,324,0.9999373087893989
t12.2022.05.19,train,vocal,t12.2022.05.19,40,after that violence was exultantly easy,34,Z,5,medial,easy,308,340,32,77,77,324,328,324,328,0.9983721478894166
t12.2022.05.19,train,vocal,t12.2022.05.19,40,after that violence was exultantly easy,35,IY,5,final,easy,312,348,36,78,79,328,336,328,336,0.9973124694155048
t12.2022.05.19,train,vocal,t12.2022.05.19,40,after that violence was exultantly easy,36,SIL,5,sil,easy,320,376,56,80,86,336,364,336,364,0.9999900483321491
t12.2022.05.19,train,vocal,t12.2022.05.19,41,he may try to phone us,0,HH,0,initial,he,56,88,32,14,14,72,76,16,80,0.9999746018856158
t12.2022.05.19,train,vocal,t12.2022.05.19,41,he may try to phone us,1,IY,0,final,he,64,96,32,16,16,80,84,80,84,0.9999147546000801
t12.2022.05.19,train,vocal,t12.2022.05.19,41,he may try to phone us,2,SIL,0,sil,he,68,112,44,17,20,84,100,84,100,0.9629483570037306
t12.2022.05.19,train,vocal,t12.2022.05.19,41,he may try to phone us,3,M,1,initial,may,84,116,32,21,21,100,104,100,108,0.9999982543918522
t12.2022.05.19,train,vocal,t12.2022.05.19,41,he may try to phone us,4,EY,1,final,may,96,128,32,24,24,112,116,108,120,0.9995505925969161
t12.2022.05.19,train,vocal,t12.2022.05.19,41,he may try to phone us,5,SIL,1,sil,may,104,148,44,26,29,120,136,120,136,0.9784908549951803
t12.2022.05.19,train,vocal,t12.2022.05.19,41,he may try to phone us,6,T,2,initial,try,120,152,32,30,30,136,140,136,140,0.999901158129284
t12.2022.05.19,train,vocal,t12.2022.05.19,41,he may try to phone us,7,R,2,medial,try,124,156,32,31,31,140,144,140,144,0.9995609817744255
t12.2022.05.19,train,vocal,t12.2022.05.19,41,he may try to phone us,8,AY,2,final,try,128,160,32,32,32,144,148,144,152,0.9999451798706444
t12.2022.05.19,train,vocal,t12.2022.05.19,41,he may try to phone us,9,SIL,2,sil,try,140,180,40,35,37,156,168,152,168,0.9999302316277029
t12.2022.05.19,train,vocal,t12.2022.05.19,41,he may try to phone us,10,T,3,initial,to,152,184,32,38,38,168,172,168,176,0.9999998811554404
t12.2022.05.19,train,vocal,t12.2022.05.19,41,he may try to phone us,11,UW,3,final,to,160,192,32,40,40,176,180,176,180,0.999992740095956
t12.2022.05.19,train,vocal,t12.2022.05.19,41,he may try to phone us,12,SIL,3,sil,to,164,216,52,41,46,180,204,180,204,0.9288363459878567
t12.2022.05.19,train,vocal,t12.2022.05.19,41,he may try to phone us,13,F,4,initial,phone,188,220,32,47,47,204,208,204,216,0.9996880430879496
t12.2022.05.19,train,vocal,t12.2022.05.19,41,he may try to phone us,14,OW,4,medial,phone,204,236,32,51,51,220,224,216,224,0.9988478209278313
t12.2022.05.19,train,vocal,t12.2022.05.19,41,he may try to phone us,15,N,4,final,phone,208,252,44,52,55,224,240,224,240,0.8832069921585706
t12.2022.05.19,train,vocal,t12.2022.05.19,41,he may try to phone us,16,SIL,4,sil,phone,224,272,48,56,60,240,260,240,268,0.9880849852907861
t12.2022.05.19,train,vocal,t12.2022.05.19,41,he may try to phone us,17,AH,5,initial,us,256,288,32,64,64,272,276,268,276,0.999967578026959
t12.2022.05.19,train,vocal,t12.2022.05.19,41,he may try to phone us,18,S,5,final,us,260,292,32,65,65,276,280,276,280,0.9999900108581952
t12.2022.05.19,train,vocal,t12.2022.05.19,41,he may try to phone us,19,SIL,5,sil,us,264,300,36,66,67,280,288,280,288,0.9995757501027694
t12.2022.05.19,train,vocal,t12.2022.05.19,42,you were in a hurry weren't you,0,Y,0,initial,you,16,48,32,4,4,32,36,16,36,0.9999836271659371
t12.2022.05.19,train,vocal,t12.2022.05.19,42,you were in a hurry weren't you,1,UW,0,final,you,20,52,32,5,5,36,40,36,44,0.9998804800232505
t12.2022.05.19,train,vocal,t12.2022.05.19,42,you were in a hurry weren't you,2,SIL,0,sil,you,28,64,36,7,8,44,52,44,52,0.9998439526715228
t12.2022.05.19,train,vocal,t12.2022.05.19,42,you were in a hurry weren't you,3,W,1,initial,were,36,72,36,9,10,52,60,52,60,0.9171615952238064
t12.2022.05.19,train,vocal,t12.2022.05.19,42,you were in a hurry weren't you,4,ER,1,final,were,44,76,32,11,11,60,64,60,64,0.9976334979040902
t12.2022.05.19,train,vocal,t12.2022.05.19,42,you were in a hurry weren't you,5,SIL,1,sil,were,48,88,40,12,14,64,76,64,80,0.9732059541328724
t12.2022.05.19,train,vocal,t12.2022.05.19,42,you were in a hurry weren't you,6,IH,2,initial,in,64,96,32,16,16,80,84,80,84,0.9998694211209574
t12.2022.05.19,train,vocal,t12.2022.05.19,42,you were in a hurry weren't you,7,N,2,final,in,68,100,32,17,17,84,88,84,88,0.9998876021523465
t12.2022.05.19,train,vocal,t12.2022.05.19,42,you were in a hurry weren't you,8,SIL,2,sil,in,72,116,44,18,21,88,104,88,108,0.9158356575800704
t12.2022.05.19,train,vocal,t12.2022.05.19,42,you were in a hurry weren't you,9,AH,3,single,a,96,128,32,24,24,112,116,108,116,0.9999914436174224
t12.2022.05.19,train,vocal,t12.2022.05.19,42,you were in a hurry weren't you,10,SIL,3,sil,a,100,140,40,25,27,116,128,116,128,0.9690099999779159
t12.2022.05.19,train,vocal,t12.2022.05.19,42,you were in a hurry weren't you,11,HH,4,initial,hurry,112,148,36,28,29,128,136,128,136,0.9879946317789299
t12.2022.05.19,train,vocal,t12.2022.05.19,42,you were in a hurry weren't you,12,ER,4,medial,hurry,120,156,36,30,31,136,144,136,144,0.9983614102423854
t12.2022.05.19,train,vocal,t12.2022.05.19,42,you were in a hurry weren't you,13,IY,4,final,hurry,128,164,36,32,33,144,152,144,152,0.9806544575446714
t12.2022.05.19,train,vocal,t12.2022.05.19,42,you were in a hurry weren't you,14,SIL,4,sil,hurry,136,184,48,34,38,152,172,152,172,0.9990966655844057
t12.2022.05.19,train,vocal,t12.2022.05.19,42,you were in a hurry weren't you,15,W,5,initial,weren't,156,188,32,39,39,172,176,172,180,0.9978623664374986
t12.2022.05.19,train,vocal,t12.2022.05.19,42,you were in a hurry weren't you,16,ER,5,medial,weren't,164,196,32,41,41,180,184,180,184,0.9998303573784758
t12.2022.05.19,train,vocal,t12.2022.05.19,42,you were in a hurry weren't you,17,AH,5,medial,weren't,168,204,36,42,43,184,192,184,192,0.9648778709615562
t12.2022.05.19,train,vocal,t12.2022.05.19,42,you were in a hurry weren't you,18,N,5,medial,weren't,176,208,32,44,44,192,196,192,196,0.9954016758718001
t12.2022.05.19,train,vocal,t12.2022.05.19,42,you were in a hurry weren't you,19,T,5,final,weren't,180,216,36,45,46,196,204,196,204,0.9751290242369473
t12.2022.05.19,train,vocal,t12.2022.05.19,42,you were in a hurry weren't you,20,SIL,5,sil,weren't,188,224,36,47,48,204,212,204,212,0.9710805688224605
t12.2022.05.19,train,vocal,t12.2022.05.19,42,you were in a hurry weren't you,21,Y,6,initial,you,196,228,32,49,49,212,216,212,220,0.9998664056686442
t12.2022.05.19,train,vocal,t12.2022.05.19,42,you were in a hurry weren't you,22,UW,6,final,you,204,236,32,51,51,220,224,220,224,0.9999989169747475
t12.2022.05.19,train,vocal,t12.2022.05.19,42,you were in a hurry weren't you,23,SIL,6,sil,you,208,256,48,52,56,224,244,224,244,0.9978214317526325
t12.2022.05.19,train,vocal,t12.2022.05.19,43,we're here to transact business,0,W,0,initial,we're,24,56,32,6,6,40,44,16,48,0.9999761803332966
t12.2022.05.19,train,vocal,t12.2022.05.19,43,we're here to transact business,1,IY,0,medial,we're,32,64,32,8,8,48,52,48,52,0.993449515359701
t12.2022.05.19,train,vocal,t12.2022.05.19,43,we're here to transact business,2,R,0,final,we're,36,68,32,9,9,52,56,52,56,0.9983552616629784
t12.2022.05.19,train,vocal,t12.2022.05.19,43,we're here to transact business,3,SIL,0,sil,we're,40,80,40,10,12,56,68,56,68,0.9989150407832909
t12.2022.05.19,train,vocal,t12.2022.05.19,43,we're here to transact business,4,HH,1,initial,here,52,88,36,13,14,68,76,68,80,0.9559070173791593
t12.2022.05.19,train,vocal,t12.2022.05.19,43,we're here to transact business,5,IY,1,medial,here,64,96,32,16,16,80,84,80,84,0.9999263317347444
t12.2022.05.19,train,vocal,t12.2022.05.19,43,we're here to transact business,6,R,1,final,here,68,104,36,17,18,84,92,84,92,0.9706451229252658
t12.2022.05.19,train,vocal,t12.2022.05.19,43,we're here to transact business,7,SIL,1,sil,here,76,140,64,19,27,92,128,92,128,0.9997074133121368
t12.2022.05.19,train,vocal,t12.2022.05.19,43,we're here to transact business,8,T,2,initial,to,112,148,36,28,29,128,136,128,136,0.892859480397856
t12.2022.05.19,train,vocal,t12.2022.05.19,43,we're here to transact business,9,UW,2,final,to,120,152,32,30,30,136,140,136,144,0.9999828695057629
t12.2022.05.19,train,vocal,t12.2022.05.19,43,we're here to transact business,10,SIL,2,sil,to,128,164,36,32,33,144,152,144,152,0.9970486687941666
t12.2022.05.19,train,vocal,t12.2022.05.19,43,we're here to transact business,11,T,3,initial,transact,136,168,32,34,34,152,156,152,156,0.9991202718393268
t12.2022.05.19,train,vocal,t12.2022.05.19,43,we're here to transact business,12,R,3,medial,transact,140,176,36,35,36,156,164,156,164,0.9982210273286523
t12.2022.05.19,train,vocal,t12.2022.05.19,43,we're here to transact business,13,AE,3,medial,transact,148,180,32,37,37,164,168,164,168,0.9980356253205839
t12.2022.05.19,train,vocal,t12.2022.05.19,43,we're here to transact business,14,N,3,medial,transact,152,184,32,38,38,168,172,168,172,0.999229899280643
t12.2022.05.19,train,vocal,t12.2022.05.19,43,we're here to transact business,15,Z,3,medial,transact,156,192,36,39,40,172,180,172,184,0.8324271861632306
t12.2022.05.19,train,vocal,t12.2022.05.19,43,we're here to transact business,16,AE,3,medial,transact,172,204,32,43,43,188,192,184,192,0.9997893114630946
t12.2022.05.19,train,vocal,t12.2022.05.19,43,we're here to transact business,17,K,3,medial,transact,176,208,32,44,44,192,196,192,196,0.9971326991024043
t12.2022.05.19,train,vocal,t12.2022.05.19,43,we're here to transact business,18,T,3,final,transact,180,216,36,45,46,196,204,196,204,0.9920305322876555
t12.2022.05.19,train,vocal,t12.2022.05.19,43,we're here to transact business,19,SIL,3,sil,transact,188,236,48,47,51,204,224,204,224,0.9873716961809809
t12.2022.05.19,train,vocal,t12.2022.05.19,43,we're here to transact business,20,B,4,initial,business,208,240,32,52,52,224,228,224,232,0.9997886213380103
t12.2022.05.19,train,vocal,t12.2022.05.19,43,we're here to transact business,21,IH,4,medial,business,220,252,32,55,55,236,240,232,240,0.999857973312909
t12.2022.05.19,train,vocal,t12.2022.05.19,43,we're here to transact business,22,Z,4,medial,business,224,256,32,56,56,240,244,240,244,0.9997879004813768
t12.2022.05.19,train,vocal,t12.2022.05.19,43,we're here to transact business,23,N,4,medial,business,228,264,36,57,58,244,252,244,252,0.9989061231857084
t12.2022.05.19,train,vocal,t12.2022.05.19,43,we're here to transact business,24,AH,4,medial,business,236,268,32,59,59,252,256,252,256,0.9987909041448484
t12.2022.05.19,train,vocal,t12.2022.05.19,43,we're here to transact business,25,S,4,final,business,240,276,36,60,61,256,264,256,264,0.9768583066151333
t12.2022.05.19,train,vocal,t12.2022.05.19,43,we're here to transact business,26,SIL,4,sil,business,248,300,52,62,67,264,288,264,288,0.9989437064430372
t12.2022.05.19,train,vocal,t12.2022.05.19,44,fights sprang up and were quickly squelched,0,F,0,initial,fights,40,76,36,10,11,56,64,16,68,0.8743246613066558
t12.2022.05.19,train,vocal,t12.2022.05.19,44,fights sprang up and were quickly squelched,1,AY,0,medial,fights,52,84,32,13,13,68,72,68,72,0.9998179171466631
t12.2022.05.19,train,vocal,t12.2022.05.19,44,fights sprang up and were quickly squelched,2,T,0,medial,fights,56,88,32,14,14,72,76,72,76,0.9999111131515365
t12.2022.05.19,train,vocal,t12.2022.05.19,44,fights sprang up and were quickly squelched,3,S,0,final,fights,60,96,36,15,16,76,84,76,84,0.9525308831428358
t12.2022.05.19,train,vocal,t12.2022.05.19,44,fights sprang up and were quickly squelched,4,SIL,0,sil,fights,68,100,32,17,17,84,88,84,88,0.9367333615508222
t12.2022.05.19,train,vocal,t12.2022.05.19,44,fights sprang up and were quickly squelched,5,S,1,initial,sprang,72,104,32,18,18,88,92,88,92,0.9990634626159236
t12.2022.05.19,train,vocal,t12.2022.05.19,44,fights sprang up and were quickly squelched,6,P,1,medial,sprang,76,108,32,19,19,92,96,92,96,0.9982391303877511
t12.2022.05.19,train,vocal,t12.2022.05.19,44,fights sprang up and were quickly squelched,7,R,1,medial,sprang,80,116,36,20,21,96,104,96,104,0.8675373083080524
t12.2022.05.19,train,vocal,t12.2022.05.19,44,fights sprang up and were quickly squelched,8,AE,1,medial,sprang,88,120,32,22,22,104,108,104,108,0.9967523309607531
t12.2022.05.19,train,vocal,t12.2022.05.19,44,fights sprang up and were quickly squelched,9,NG,1,final,sprang,92,128,36,23,24,108,116,108,116,0.8566081726610376
t12.2022.05.19,train,vocal,t12.2022.05.19,44,fights sprang up and were quickly squelched,10,SIL,1,sil,sprang,100,136,36,25,26,116,124,116,128,0.9974578175507003
t12.2022.05.19,train,vocal,t12.2022.05.19,44,fights sprang up and were quickly squelched,11,AH,2,initial,up,116,148,32,29,29,132,136,128,136,0.9999888463728573
t12.2022.05.19,train,vocal,t12.2022.05.19,44,fights sprang up and were quickly squelched,12,P,2,final,up,120,156,36,30,31,136,144,136,144,0.9965602678887188
t12.2022.05.19,train,vocal,t12.2022.05.19,44,fights sprang up and were quickly squelched,13,SIL,2,sil,up,128,176,48,32,36,144,164,144,172,0.9847849233657675
t12.2022.05.19,train,vocal,t12.2022.05.19,44,fights sprang up and were quickly squelched,14,AH,3,initial,and,160,192,32,40,40,176,180,172,180,0.9999886431581235
t12.2022.05.19,train,vocal,t12.2022.05.19,44,fights sprang up and were quickly squelched,15,N,3,medial,and,164,196,32,41,41,180,184,180,184,0.9999405158115728
t12.2022.05.19,train,vocal,t12.2022.05.19,44,fights sprang up and were quickly squelched,16,D,3,final,and,168,200,32,42,42,184,188,184,188,0.9999928707258068
t12.2022.05.19,train,vocal,t12.2022.05.19,44,fights sprang up and were quickly squelched,17,SIL,3,sil,and,172,208,36,43,44,188,196,188,196,0.8299327892807784
t12.2022.05.19,train,vocal,t12.2022.05.19,44,fights sprang up and were quickly squelched,18,W,4,initial,were,180,212,32,45,45,196,200,196,204,0.9999333883898309
t12.2022.05.19,train,vocal,t12.2022.05.19,44,fights sprang up and were quickly squelched,19,ER,4,final,were,192,228,36,48,49,208,216,204,216,0.9994726431570271
t12.2022.05.19,train,vocal,t12.2022.05.19,44,fights sprang up and were quickly squelched,20,SIL,4,sil,were,200,244,44,50,53,216,232,216,232,0.9818264365079752
t12.2022.05.19,train,vocal,t12.2022.05.19,44,fights sprang up and were quickly squelched,21,K,5,initial,quickly,216,248,32,54,54,232,236,232,236,0.9659944651661982
t12.2022.05.19,train,vocal,t12.2022.05.19,44,fights sprang up and were quickly squelched,22,W,5,medial,quickly,220,252,32,55,55,236,240,236,240,0.9995508664057033
t12.2022.05.19,train,vocal,t12.2022.05.19,44,fights sprang up and were quickly squelched,23,IH,5,medial,quickly,224,256,32,56,56,240,244,240,244,0.9919349998164552
t12.2022.05.19,train,vocal,t12.2022.05.19,44,fights sprang up and were quickly squelched,24,K,5,medial,quickly,228,264,36,57,58,244,252,244,252,0.9517634270574025
t12.2022.05.19,train,vocal,t12.2022.05.19,44,fights sprang up and were quickly squelched,25,L,5,medial,quickly,236,276,40,59,61,252,264,252,264,0.9948966426660436
t12.2022.05.19,train,vocal,t12.2022.05.19,44,fights sprang up and were quickly squelched,26,IY,5,final,quickly,248,284,36,62,63,264,272,264,272,0.9947345670905339
t12.2022.05.19,train,vocal,t12.2022.05.19,44,fights sprang up and were quickly squelched,27,SIL,5,sil,quickly,256,300,44,64,67,272,288,272,288,0.9993055815471601
t12.2022.05.19,train,vocal,t12.2022.05.19,44,fights sprang up and were quickly squelched,28,S,6,initial,squelched,272,308,36,68,69,288,296,288,296,0.9736316049288289
t12.2022.05.19,train,vocal,t12.2022.05.19,44,fights sprang up and were quickly squelched,29,K,6,medial,squelched,280,312,32,70,70,296,300,296,300,0.999162908755982
t12.2022.05.19,train,vocal,t12.2022.05.19,44,fights sprang up and were quickly squelched,30,W,6,medial,squelched,284,320,36,71,72,300,308,300,308,0.9959097741718355
t12.2022.05.19,train,vocal,t12.2022.05.19,44,fights sprang up and were quickly squelched,31,EH,6,medial,squelched,292,324,32,73,73,308,312,308,312,0.9996972558015224
t12.2022.05.19,train,vocal,t12.2022.05.19,44,fights sprang up and were quickly squelched,32,L,6,medial,squelched,296,328,32,74,74,312,316,312,316,0.9880996245605792
t12.2022.05.19,train,vocal,t12.2022.05.19,44,fights sprang up and were quickly squelched,33,CH,6,medial,squelched,300,336,36,75,76,316,324,316,324,0.941844132542081
t12.2022.05.19,train,vocal,t12.2022.05.19,44,fights sprang up and were quickly squelched,34,T,6,final,squelched,308,344,36,77,78,324,332,324,332,0.8665315198374131
t12.2022.05.19,train,vocal,t12.2022.05.19,44,fights sprang up and were quickly squelched,35,SIL,6,sil,squelched,316,364,48,79,83,332,352,332,352,0.9999768546323283
t12.2022.05.19,train,vocal,t12.2022.05.19,45,you want to avoid this at all costs,0,Y,0,initial,you,40,72,32,10,10,56,60,16,60,0.9999954895800447
t12.2022.05.19,train,vocal,t12.2022.05.19,45,you want to avoid this at all costs,1,UW,0,final,you,44,76,32,11,11,60,64,60,68,0.9999533636158814
t12.2022.05.19,train,vocal,t12.2022.05.19,45,you want to avoid this at all costs,2,SIL,0,sil,you,52,92,40,13,15,68,80,68,80,0.8789964285735826
t12.2022.05.19,train,vocal,t12.2022.05.19,45,you want to avoid this at all costs,3,W,1,initial,want,64,96,32,16,16,80,84,80,88,0.9999290882011778
t12.2022.05.19,train,vocal,t12.2022.05.19,45,you want to avoid this at all costs,4,AA,1,medial,want,72,104,32,18,18,88,92,88,92,0.998315247269878
t12.2022.05.19,train,vocal,t12.2022.05.19,45,you want to avoid this at all costs,5,N,1,medial,want,76,108,32,19,19,92,96,92,96,0.9999691835028374
t12.2022.05.19,train,vocal,t12.2022.05.19,45,you want to avoid this at all costs,6,T,1,final,want,80,116,36,20,21,96,104,96,104,0.9992528299058325
t12.2022.05.19,train,vocal,t12.2022.05.19,45,you want to avoid this at all costs,7,SIL,1,sil,want,88,128,40,22,24,104,116,104,116,0.9934035285292501
t12.2022.05.19,train,vocal,t12.2022.05.19,45,you want to avoid this at all costs,8,T,2,initial,to,100,132,32,25,25,116,120,116,124,0.9999997747671393
t12.2022.05.19,train,vocal,t12.2022.05.19,45,you want to avoid this at all costs,9,UW,2,final,to,108,140,32,27,27,124,128,124,128,0.9999962224139439
t12.2022.05.19,train,vocal,t12.2022.05.19,45,you want to avoid this at all costs,10,SIL,2,sil,to,112,152,40,28,30,128,140,128,144,0.9977312032102185
t12.2022.05.19,train,vocal,t12.2022.05.19,45,you want to avoid this at all costs,11,AH,3,initial,avoid,132,164,32,33,33,148,152,144,152,0.9995217691522377
t12.2022.05.19,train,vocal,t12.2022.05.19,45,you want to avoid this at all costs,12,V,3,medial,avoid,136,176,40,34,36,152,164,152,164,0.9571553746899436
t12.2022.05.19,train,vocal,t12.2022.05.19,45,you want to avoid this at all costs,13,OY,3,medial,avoid,148,188,40,37,39,164,176,164,176,0.8345170575591309
t12.2022.05.19,train,vocal,t12.2022.05.19,45,you want to avoid this at all costs,14,D,3,final,avoid,160,196,36,40,41,176,184,176,184,0.9999588064858067
t12.2022.05.19,train,vocal,t12.2022.05.19,45,you want to avoid this at all costs,15,SIL,3,sil,avoid,168,208,40,42,44,184,196,184,196,0.978324172766129
t12.2022.05.19,train,vocal,t12.2022.05.19,45,you want to avoid this at all costs,16,DH,4,initial,this,180,216,36,45,46,196,204,196,208,0.7588364126486653
t12.2022.05.19,train,vocal,t12.2022.05.19,45,you want to avoid this at all costs,17,IH,4,medial,this,192,224,32,48,48,208,212,208,212,0.9999975617176795
t12.2022.05.19,train,vocal,t12.2022.05.19,45,you want to avoid this at all costs,18,S,4,final,this,196,228,32,49,49,212,216,212,216,0.9999992555709862
t12.2022.05.19,train,vocal,t12.2022.05.19,45,you want to avoid this at all costs,19,SIL,4,sil,this,200,248,48,50,54,216,236,216,240,0.992365880832131
t12.2022.05.19,train,vocal,t12.2022.05.19,45,you want to avoid this at all costs,20,AE,5,initial,at,228,260,32,57,57,244,248,240,248,0.9987800859250958
t12.2022.05.19,train,vocal,t12.2022.05.19,45,you want to avoid this at all costs,21,T,5,final,at,232,264,32,58,58,248,252,248,252,0.9999769024342973
t12.2022.05.19,train,vocal,t12.2022.05.19,45,you want to avoid this at all costs,22,SIL,5,sil,at,236,280,44,59,62,252,268,252,276,0.9894107251442499
t12.2022.05.19,train,vocal,t12.2022.05.19,45,you want to avoid this at all costs,23,AO,6,initial,all,264,300,36,66,67,280,288,276,288,0.9928632609154159
t12.2022.05.19,train,vocal,t12.2022.05.19,45,you want to avoid this at all costs,24,L,6,final,all,272,304,32,68,68,288,292,288,292,0.9999375445112911
t12.2022.05.19,train,vocal,t12.2022.05.19,45,you want to avoid this at all costs,25,SIL,6,sil,all,276,328,52,69,74,292,316,292,316,0.9661139206010732
t12.2022.05.19,train,vocal,t12.2022.05.19,45,you want to avoid this at all costs,26,K,7,initial,costs,300,332,32,75,75,316,320,316,324,0.9996635941097202
t12.2022.05.19,train,vocal,t12.2022.05.19,45,you want to avoid this at all costs,27,AA,7,medial,costs,312,344,32,78,78,328,332,324,332,0.9991222714749155
t12.2022.05.19,train,vocal,t12.2022.05.19,45,you want to avoid this at all costs,28,S,7,medial,costs,316,348,32,79,79,332,336,332,336,0.9964405687366044
t12.2022.05.19,train,vocal,t12.2022.05.19,45,you want to avoid this at all costs,29,T,7,medial,costs,320,352,32,80,80,336,340,336,340,0.9967594250082541
t12.2022.05.19,train,vocal,t12.2022.05.19,45,you want to avoid this at all costs,30,S,7,final,costs,324,360,36,81,82,340,348,340,348,0.8684345389594668
t12.2022.05.19,train,vocal,t12.2022.05.19,45,you want to avoid this at all costs,31,SIL,7,sil,costs,332,372,40,83,85,348,360,348,360,0.9996955151032276
t12.2022.05.19,train,vocal,t12.2022.05.19,46,little geeing and hawing have been necessary,0,L,0,initial,little,40,72,32,10,10,56,60,16,64,0.9998377744531336
t12.2022.05.19,train,vocal,t12.2022.05.19,46,little geeing and hawing have been necessary,1,IH,0,medial,little,48,80,32,12,12,64,68,64,68,0.9993368088727226
t12.2022.05.19,train,vocal,t12.2022.05.19,46,little geeing and hawing have been necessary,2,T,0,medial,little,52,84,32,13,13,68,72,68,72,0.9999385949926433
t12.2022.05.19,train,vocal,t12.2022.05.19,46,little geeing and hawing have been necessary,3,AH,0,medial,little,56,92,36,14,15,72,80,72,80,0.9929453305897392
t12.2022.05.19,train,vocal,t12.2022.05.19,46,little geeing and hawing have been necessary,4,L,0,final,little,64,96,32,16,16,80,84,80,84,0.9996515676435556
t12.2022.05.19,train,vocal,t12.2022.05.19,46,little geeing and hawing have been necessary,5,SIL,0,sil,little,68,104,36,17,18,84,92,84,92,0.849153531941441
t12.2022.05.19,train,vocal,t12.2022.05.19,46,little geeing and hawing have been necessary,6,JH,1,initial,geeing,76,108,32,19,19,92,96,92,100,0.9998519749857684
t12.2022.05.19,train,vocal,t12.2022.05.19,46,little geeing and hawing have been necessary,7,IY,1,medial,geeing,84,116,32,21,21,100,104,100,108,0.9994679823268233
t12.2022.05.19,train,vocal,t12.2022.05.19,46,little geeing and hawing have been necessary,8,IH,1,medial,geeing,96,128,32,24,24,112,116,108,116,0.999869079844191
t12.2022.05.19,train,vocal,t12.2022.05.19,46,little geeing and hawing have been necessary,9,NG,1,final,geeing,100,136,36,25,26,116,124,116,124,0.9663782108211975
t12.2022.05.19,train,vocal,t12.2022.05.19,46,little geeing and hawing have been necessary,10,SIL,1,sil,geeing,108,144,36,27,28,124,132,124,140,0.9881754240569374
t12.2022.05.19,train,vocal,t12.2022.05.19,46,little geeing and hawing have been necessary,11,AH,2,initial,and,132,164,32,33,33,148,152,140,152,0.9999366935292086
t12.2022.05.19,train,vocal,t12.2022.05.19,46,little geeing and hawing have been necessary,12,N,2,medial,and,136,168,32,34,34,152,156,152,156,0.998840600491941
t12.2022.05.19,train,vocal,t12.2022.05.19,46,little geeing and hawing have been necessary,13,D,2,final,and,140,176,36,35,36,156,164,156,164,0.9809266181962892
t12.2022.05.19,train,vocal,t12.2022.05.19,46,little geeing and hawing have been necessary,14,SIL,2,sil,and,148,184,36,37,38,164,172,164,172,0.9882591956697524
t12.2022.05.19,train,vocal,t12.2022.05.19,46,little geeing and hawing have been necessary,15,HH,3,initial,hawing,156,188,32,39,39,172,176,172,180,0.9993598719880391
t12.2022.05.19,train,vocal,t12.2022.05.19,46,little geeing and hawing have been necessary,16,AO,3,medial,hawing,164,196,32,41,41,180,184,180,192,0.9828382557102375
t12.2022.05.19,train,vocal,t12.2022.05.19,46,little geeing and hawing have been necessary,17,IH,3,medial,hawing,180,216,36,45,46,196,204,192,204,0.9676865656538354
t12.2022.05.19,train,vocal,t12.2022.05.19,46,little geeing and hawing have been necessary,18,NG,3,final,hawing,188,224,36,47,48,204,212,204,212,0.9536634026091761
t12.2022.05.19,train,vocal,t12.2022.05.19,46,little geeing and hawing have been necessary,19,SIL,3,sil,hawing,196,248,52,49,54,212,236,212,236,0.9973890671400799
t12.2022.05.19,train,vocal,t12.2022.05.19,46,little geeing and hawing have been necessary,20,HH,4,initial,have,220,256,36,55,56,236,244,236,248,0.9997871153460812
t12.2022.05.19,train,vocal,t12.2022.05.19,46,little geeing and hawing have been necessary,21,AE,4,medial,have,232,264,32,58,58,248,252,248,252,0.9999991102964343
t12.2022.05.19,train,vocal,t12.2022.05.19,46,little geeing and hawing have been necessary,22,V,4,final,have,236,268,32,59,59,252,256,252,256,0.9999373592198918
t12.2022.05.19,train,vocal,t12.2022.05.19,46,little geeing and hawing have been necessary,23,SIL,4,sil,have,240,280,40,60,62,256,268,256,268,0.9998682225684429
t12.2022.05.19,train,vocal,t12.2022.05.19,46,little geeing and hawing have been necessary,24,B,5,initial,been,252,288,36,63,64,268,276,268,280,0.812178919705224
t12.2022.05.19,train,vocal,t12.2022.05.19,46,little geeing and hawing have been necessary,25,IH,5,medial,been,264,296,32,66,66,280,284,280,284,0.9999619745723544
t12.2022.05.19,train,vocal,t12.2022.05.19,46,little geeing and hawing have been necessary,26,N,5,final,been,268,300,32,67,67,284,288,284,288,0.9999687653821996
t12.2022.05.19,train,vocal,t12.2022.05.19,46,little geeing and hawing have been necessary,27,SIL,5,sil,been,272,316,44,68,71,288,304,288,304,0.8840578515163386
t12.2022.05.19,train,vocal,t12.2022.05.19,46,little geeing and hawing have been necessary,28,N,6,initial,necessary,288,320,32,72,72,304,308,304,312,0.9998666295323548
t12.2022.05.19,train,vocal,t12.2022.05.19,46,little geeing and hawing have been necessary,29,EH,6,medial,necessary,296,332,36,74,75,312,320,312,320,0.9567436722433867
t12.2022.05.19,train,vocal,t12.2022.05.19,46,little geeing and hawing have been necessary,30,S,6,medial,necessary,304,336,32,76,76,320,324,320,324,0.9996380561452775
t12.2022.05.19,train,vocal,t12.2022.05.19,46,little geeing and hawing have been necessary,31,AH,6,medial,necessary,308,344,36,77,78,324,332,324,332,0.931737648499017
t12.2022.05.19,train,vocal,t12.2022.05.19,46,little geeing and hawing have been necessary,32,S,6,medial,necessary,316,352,36,79,80,332,340,332,340,0.997854261122976
t12.2022.05.19,train,vocal,t12.2022.05.19,46,little geeing and hawing have been necessary,33,EH,6,medial,necessary,324,360,36,81,82,340,348,340,348,0.9356136823050656
t12.2022.05.19,train,vocal,t12.2022.05.19,46,little geeing and hawing have been necessary,34,R,6,medial,necessary,332,368,36,83,84,348,356,348,356,0.9456011121406918
t12.2022.05.19,train,vocal,t12.2022.05.19,46,little geeing and hawing have been necessary,35,IY,6,final,necessary,340,372,32,85,85,356,360,356,360,0.9978112669539307
t12.2022.05.19,train,vocal,t12.2022.05.19,46,little geeing and hawing have been necessary,36,SIL,6,sil,necessary,344,392,48,86,90,360,380,360,380,0.9998478856300886
t12.2022.05.19,train,vocal,t12.2022.05.19,47,people never live forever,0,P,0,initial,people,20,52,32,5,5,36,40,16,44,0.9998240085507298
t12.2022.05.19,train,vocal,t12.2022.05.19,47,people never live forever,1,IY,0,medial,people,28,60,32,7,7,44,48,44,48,0.9999091537276874
t12.2022.05.19,train,vocal,t12.2022.05.19,47,people never live forever,2,P,0,medial,people,32,68,36,8,9,48,56,48,56,0.8808625165881161
t12.2022.05.19,train,vocal,t12.2022.05.19,47,people never live forever,3,AH,0,medial,people,40,84,44,10,13,56,72,56,72,0.9523080852630543
t12.2022.05.19,train,vocal,t12.2022.05.19,47,people never live forever,4,L,0,final,people,56,88,32,14,14,72,76,72,76,0.9999837130967115
t12.2022.05.19,train,vocal,t12.2022.05.19,47,people never live forever,5,SIL,0,sil,people,60,100,40,15,17,76,88,76,88,0.9347369087471136
t12.2022.05.19,train,vocal,t12.2022.05.19,47,people never live forever,6,N,1,initial,never,72,104,32,18,18,88,92,88,96,0.9999570759821271
t12.2022.05.19,train,vocal,t12.2022.05.19,47,people never live forever,7,EH,1,medial,never,80,112,32,20,20,96,100,96,100,0.9998410161840139
t12.2022.05.19,train,vocal,t12.2022.05.19,47,people never live forever,8,V,1,medial,never,84,116,32,21,21,100,104,100,104,0.9999166493898575
t12.2022.05.19,train,vocal,t12.2022.05.19,47,people never live forever,9,ER,1,final,never,88,128,40,22,24,104,116,104,116,0.9982914811659994
t12.2022.05.19,train,vocal,t12.2022.05.19,47,people never live forever,10,SIL,1,sil,never,100,140,40,25,27,116,128,116,128,0.9140773117148284
t12.2022.05.19,train,vocal,t12.2022.05.19,47,people never live forever,11,L,2,initial,live,112,144,32,28,28,128,132,128,136,0.9999646205249249
t12.2022.05.19,train,vocal,t12.2022.05.19,47,people never live forever,12,AY,2,medial,live,120,152,32,30,30,136,140,136,140,0.9960663395696346
t12.2022.05.19,train,vocal,t12.2022.05.19,47,people never live forever,13,V,2,final,live,124,156,32,31,31,140,144,140,144,0.9988723741090703
t12.2022.05.19,train,vocal,t12.2022.05.19,47,people never live forever,14,SIL,2,sil,live,128,176,48,32,36,144,164,144,164,0.9876246398055537
t12.2022.05.19,train,vocal,t12.2022.05.19,47,people never live forever,15,F,3,initial,forever,148,180,32,37,37,164,168,164,172,0.999627572446649
t12.2022.05.19,train,vocal,t12.2022.05.19,47,people never live forever,16,ER,3,medial,forever,156,192,36,39,40,172,180,172,188,0.9994058338028946
t12.2022.05.19,train,vocal,t12.2022.05.19,47,people never live forever,17,EH,3,medial,forever,176,208,32,44,44,192,196,188,196,0.9996760183509259
t12.2022.05.19,train,vocal,t12.2022.05.19,47,people never live forever,18,V,3,medial,forever,180,212,32,45,45,196,200,196,200,0.9999157095999796
t12.2022.05.19,train,vocal,t12.2022.05.19,47,people never live forever,19,ER,3,final,forever,184,220,36,46,47,200,208,200,208,0.9987856715532542
t12.2022.05.19,train,vocal,t12.2022.05.19,47,people never live forever,20,SIL,3,sil,forever,192,228,36,48,49,208,216,208,216,0.965526398870245
t12.2022.05.19,train,vocal,t12.2022.05.19,48,he'd not only told me so he'd proved it,0,HH,0,initial,he'd,20,52,32,5,5,36,40,16,44,0.9952772050980413
t12.2022.05.19,train,vocal,t12.2022.05.19,48,he'd not only told me so he'd proved it,1,IY,0,medial,he'd,28,60,32,7,7,44,48,44,48,0.9999823395935364
t12.2022.05.19,train,vocal,t12.2022.05.19,48,he'd not only told me so he'd proved it,2,D,0,final,he'd,32,64,32,8,8,48,52,48,52,0.9997051254388255
t12.2022.05.19,train,vocal,t12.2022.05.19,48,he'd not only told me so he'd proved it,3,SIL,0,sil,he'd,36,76,40,9,11,52,64,52,64,0.8559599751273385
t12.2022.05.19,train,vocal,t12.2022.05.19,48,he'd not only told me so he'd proved it,4,N,1,initial,not,48,84,36,12,13,64,72,64,72,0.8554650028112354
t12.2022.05.19,train,vocal,t12.2022.05.19,48,he'd not only told me so he'd proved it,5,AA,1,medial,not,56,88,32,14,14,72,76,72,76,0.9999961058037544
t12.2022.05.19,train,vocal,t12.2022.05.19,48,he'd not only told me so he'd proved it,6,T,1,final,not,60,96,36,15,16,76,84,76,84,0.9712873060675888
t12.2022.05.19,train,vocal,t12.2022.05.19,48,he'd not only told me so he'd proved it,7,SIL,1,sil,not,68,108,40,17,19,84,96,84,100,0.9627137843043174
t12.2022.05.19,train,vocal,t12.2022.05.19,48,he'd not only told me so he'd proved it,8,OW,2,initial,only,84,116,32,21,21,100,104,100,104,0.9998566830386679
t12.2022.05.19,train,vocal,t12.2022.05.19,48,he'd not only told me so he'd proved it,9,N,2,medial,only,88,124,36,22,23,104,112,104,112,0.9354153826169558
t12.2022.05.19,train,vocal,t12.2022.05.19,48,he'd not only told me so he'd proved it,10,L,2,medial,only,96,132,36,24,25,112,120,112,120,0.9938219401016408
t12.2022.05.19,train,vocal,t12.2022.05.19,48,he'd not only told me so he'd proved it,11,IY,2,final,only,104,140,36,26,27,120,128,120,128,0.951897005319003
t12.2022.05.19,train,vocal,t12.2022.05.19,48,he'd not only told me so he'd proved it,12,SIL,2,sil,only,112,148,36,28,29,128,136,128,136,0.8135936739778802
t12.2022.05.19,train,vocal,t12.2022.05.19,48,he'd not only told me so he'd proved it,13,T,3,initial,told,120,152,32,30,30,136,140,136,144,0.9997110548914484
t12.2022.05.19,train,vocal,t12.2022.05.19,48,he'd not only told me so he'd proved it,14,OW,3,medial,told,128,160,32,32,32,144,148,144,148,0.9998905864739455
t12.2022.05.19,train,vocal,t12.2022.05.19,48,he'd not only told me so he'd proved it,15,L,3,medial,told,132,164,32,33,33,148,152,148,152,0.9998688070246867
t12.2022.05.19,train,vocal,t12.2022.05.19,48,he'd not only told me so he'd proved it,16,D,3,final,told,136,168,32,34,34,152,156,152,156,0.9998616788608159
t12.2022.05.19,train,vocal,t12.2022.05.19,48,he'd not only told me so he'd proved it,17,SIL,3,sil,told,140,176,36,35,36,156,164,156,164,0.9124168902100802
t12.2022.05.19,train,vocal,t12.2022.05.19,48,he'd not only told me so he'd proved it,18,M,4,initial,me,148,180,32,37,37,164,168,164,172,0.9982712468064815
t12.2022.05.19,train,vocal,t12.2022.05.19,48,he'd not only told me so he'd proved it,19,IY,4,final,me,156,188,32,39,39,172,176,172,180,0.9999509803110034
t12.2022.05.19,train,vocal,t12.2022.05.19,48,he'd not only told me so he'd proved it,20,SIL,4,sil,me,164,200,36,41,42,180,188,180,188,0.8478231022298583
t12.2022.05.19,train,vocal,t12.2022.05.19,48,he'd not only told me so he'd proved it,21,S,5,initial,so,172,204,32,43,43,188,192,188,196,0.9999723862768545
t12.2022.05.19,train,vocal,t12.2022.05.19,48,he'd not only told me so he'd proved it,22,OW,5,final,so,180,212,32,45,45,196,200,196,200,0.9991302266127612
t12.2022.05.19,train,vocal,t12.2022.05.19,48,he'd not only told me so he'd proved it,23,SIL,5,sil,so,184,236,52,46,51,200,224,200,224,0.9904022909633446
t12.2022.05.19,train,vocal,t12.2022.05.19,48,he'd not only told me so he'd proved it,24,HH,6,initial,he'd,208,244,36,52,53,224,232,224,236,0.9752891479279431
t12.2022.05.19,train,vocal,t12.2022.05.19,48,he'd not only told me so he'd proved it,25,IY,6,medial,he'd,220,256,36,55,56,236,244,236,244,0.9951856832374678
t12.2022.05.19,train,vocal,t12.2022.05.19,48,he'd not only told me so he'd proved it,26,D,6,final,he'd,228,260,32,57,57,244,248,244,248,0.9999516125556484
t12.2022.05.19,train,vocal,t12.2022.05.19,48,he'd not only told me so he'd proved it,27,SIL,6,sil,he'd,232,280,48,58,62,248,268,248,268,0.916407786374922
t12.2022.05.19,train,vocal,t12.2022.05.19,48,he'd not only told me so he'd proved it,28,P,7,initial,proved,252,284,32,63,63,268,272,268,272,0.9922752927380002
t12.2022.05.19,train,vocal,t12.2022.05.19,48,he'd not only told me so he'd proved it,29,R,7,medial,proved,256,292,36,64,65,272,280,272,280,0.7406725160010564
t12.2022.05.19,train,vocal,t12.2022.05.19,48,he'd not only told me so he'd proved it,30,UW,7,medial,proved,264,296,32,66,66,280,284,280,284,0.9995722168070398
t12.2022.05.19,train,vocal,t12.2022.05.19,48,he'd not only told me so he'd proved it,31,V,7,medial,proved,268,300,32,67,67,284,288,284,288,0.9993785930415192
t12.2022.05.19,train,vocal,t12.2022.05.19,48,he'd not only told me so he'd proved it,32,D,7,final,proved,272,312,40,68,70,288,300,288,300,0.8348180529299002
t12.2022.05.19,train,vocal,t12.2022.05.19,48,he'd not only told me so he'd proved it,33,SIL,7,sil,proved,284,320,36,71,72,300,308,300,312,0.9995525454354126
t12.2022.05.19,train,vocal,t12.2022.05.19,48,he'd not only told me so he'd proved it,34,IH,8,initial,it,300,332,32,75,75,316,320,312,320,0.9999979641833175
t12.2022.05.19,train,vocal,t12.2022.05.19,48,he'd not only told me so he'd proved it,35,T,8,final,it,304,336,32,76,76,320,324,320,324,0.9998859602025392
t12.2022.05.19,train,vocal,t12.2022.05.19,48,he'd not only told me so he'd proved it,36,SIL,8,sil,it,308,344,36,77,78,324,332,324,332,0.9998078504022286
t12.2022.05.19,train,vocal,t12.2022.05.19,49,there was also a dog a dingo dog,0,DH,0,initial,there,44,76,32,11,11,60,64,16,68,0.9999890162125097
t12.2022.05.19,train,vocal,t12.2022.05.19,49,there was also a dog a dingo dog,1,EH,0,medial,there,52,84,32,13,13,68,72,68,72,0.9999801065938743
t12.2022.05.19,train,vocal,t12.2022.05.19,49,there was also a dog a dingo dog,2,R,0,final,there,56,88,32,14,14,72,76,72,76,0.9999177587653632
t12.2022.05.19,train,vocal,t12.2022.05.19,49,there was also a dog a dingo dog,3,SIL,0,sil,there,60,100,40,15,17,76,88,76,88,0.9109704138078846
t12.2022.05.19,train,vocal,t12.2022.05.19,49,there was also a dog a dingo dog,4,W,1,initial,was,72,104,32,18,18,88,92,88,96,0.9999946248403941
t12.2022.05.19,train,vocal,t12.2022.05.19,49,there was also a dog a dingo dog,5,AA,1,medial,was,80,112,32,20,20,96,100,96,100,0.9999952753348089
t12.2022.05.19,train,vocal,t12.2022.05.19,49,there was also a dog a dingo dog,6,Z,1,final,was,84,120,36,21,22,100,108,100,108,0.7554802751854368
t12.2022.05.19,train,vocal,t12.2022.05.19,49,there was also a dog a dingo dog,7,SIL,1,sil,was,92,128,36,23,24,108,116,108,124,0.999668357887508
t12.2022.05.19,train,vocal,t12.2022.05.19,49,there was also a dog a dingo dog,8,AO,2,initial,also,112,144,32,28,28,128,132,124,132,0.9998771227398903
t12.2022.05.19,train,vocal,t12.2022.05.19,49,there was also a dog a dingo dog,9,L,2,medial,also,116,148,32,29,29,132,136,132,136,0.9996448139362055
t12.2022.05.19,train,vocal,t12.2022.05.19,49,there was also a dog a dingo dog,10,S,2,medial,also,120,152,32,30,30,136,140,136,140,0.9996171882802383
t12.2022.05.19,train,vocal,t12.2022.05.19,49,there was also a dog a dingo dog,11,OW,2,final,also,124,164,40,31,33,140,152,140,152,0.9441083029220394
t12.2022.05.19,train,vocal,t12.2022.05.19,49,there was also a dog a dingo dog,12,SIL,2,sil,also,136,172,36,34,35,152,160,152,164,0.99564031102315
t12.2022.05.19,train,vocal,t12.2022.05.19,49,there was also a dog a dingo dog,13,AH,3,single,a,152,184,32,38,38,168,172,164,172,0.9999963493333536
t12.2022.05.19,train,vocal,t12.2022.05.19,49,there was also a dog a dingo dog,14,SIL,3,sil,a,156,212,56,39,45,172,200,172,200,0.9701054462431824
t12.2022.05.19,train,vocal,t12.2022.05.19,49,there was also a dog a dingo dog,15,D,4,initial,dog,184,220,36,46,47,200,208,200,212,0.9665130536197495
t12.2022.05.19,train,vocal,t12.2022.05.19,49,there was also a dog a dingo dog,16,AO,4,medial,dog,200,236,36,50,51,216,224,212,224,0.7528913227419622
t12.2022.05.19,train,vocal,t12.2022.05.19,49,there was also a dog a dingo dog,17,G,4,final,dog,208,244,36,52,53,224,232,224,236,0.9987867257545969
t12.2022.05.19,train,vocal,t12.2022.05.19,49,there was also a dog a dingo dog,18,SIL,4,sil,dog,220,276,56,55,61,236,264,236,268,0.9730202057340184
t12.2022.05.19,train,vocal,t12.2022.05.19,49,there was also a dog a dingo dog,19,AH,5,single,a,256,292,36,64,65,272,280,268,280,0.9998448181649777
t12.2022.05.19,train,vocal,t12.2022.05.19,49,there was also a dog a dingo dog,20,SIL,5,sil,a,264,308,44,66,69,280,296,280,296,0.9955495389036717
t12.2022.05.19,train,vocal,t12.2022.05.19,49,there was also a dog a dingo dog,21,D,6,initial,dingo,280,312,32,70,70,296,300,296,304,0.9987003875838034
t12.2022.05.19,train,vocal,t12.2022.05.19,49,there was also a dog a dingo dog,22,IH,6,medial,dingo,288,320,32,72,72,304,308,304,308,0.9992105772595447
t12.2022.05.19,train,vocal,t12.2022.05.19,49,there was also a dog a dingo dog,23,NG,6,medial,dingo,292,324,32,73,73,308,312,308,312,0.9978092929617981
t12.2022.05.19,train,vocal,t12.2022.05.19,49,there was also a dog a dingo dog,24,G,6,medial,dingo,296,332,36,74,75,312,320,312,324,0.9978125699892475
t12.2022.05.19,train,vocal,t12.2022.05.19,49,there was also a dog a dingo dog,25,OW,6,final,dingo,308,344,36,77,78,324,332,324,332,0.9954059356707882
t12.2022.05.19,train,vocal,t12.2022.05.19,49,there was also a dog a dingo dog,26,SIL,6,sil,dingo,316,368,52,79,84,332,356,332,356,0.9990999780024148
t12.2022.05.19,train,vocal,t12.2022.05.19,49,there was also a dog a dingo dog,27,D,7,initial,dog,340,372,32,85,85,356,360,356,364,0.9998890885363985
t12.2022.05.19,train,vocal,t12.2022.05.19,49,there was also a dog a dingo dog,28,AO,7,medial,dog,352,384,32,88,88,368,372,364,372,0.9998767221197599
t12.2022.05.19,train,vocal,t12.2022.05.19,49,there was also a dog a dingo dog,29,G,7,final,dog,356,392,36,89,90,372,380,372,380,0.7591362339743118
t12.2022.05.19,train,vocal,t12.2022.05.19,49,there was also a dog a dingo dog,30,SIL,7,sil,dog,364,408,44,91,94,380,396,380,396,0.9999934730396494
t12.2022.05.19,train,vocal,t12.2022.05.19,50,this does not allow the mystery to invade us,0,DH,0,initial,this,44,76,32,11,11,60,64,16,68,0.9994473522495846
t12.2022.05.19,train,vocal,t12.2022.05.19,50,this does not allow the mystery to invade us,1,IH,0,medial,this,52,84,32,13,13,68,72,68,72,0.9999992256799808
t12.2022.05.19,train,vocal,t12.2022.05.19,50,this does not allow the mystery to invade us,2,S,0,final,this,56,88,32,14,14,72,76,72,76,0.9999924244007465
t12.2022.05.19,train,vocal,t12.2022.05.19,50,this does not allow the mystery to invade us,3,SIL,0,sil,this,60,104,44,15,18,76,92,76,92,0.9917607038897623
t12.2022.05.19,train,vocal,t12.2022.05.19,50,this does not allow the mystery to invade us,4,D,1,initial,does,76,108,32,19,19,92,96,92,100,0.9991977293105099
t12.2022.05.19,train,vocal,t12.2022.05.19,50,this does not allow the mystery to invade us,5,AH,1,medial,does,84,116,32,21,21,100,104,100,104,0.9983723912660205
t12.2022.05.19,train,vocal,t12.2022.05.19,50,this does not allow the mystery to invade us,6,Z,1,final,does,88,120,32,22,22,104,108,104,108,0.9998213903551515
t12.2022.05.19,train,vocal,t12.2022.05.19,50,this does not allow the mystery to invade us,7,SIL,1,sil,does,92,132,40,23,25,108,120,108,120,0.9866562928664946
t12.2022.05.19,train,vocal,t12.2022.05.19,50,this does not allow the mystery to invade us,8,N,2,initial,not,104,136,32,26,26,120,124,120,128,0.999976980444965
t12.2022.05.19,train,vocal,t12.2022.05.19,50,this does not allow the mystery to invade us,9,AA,2,medial,not,112,144,32,28,28,128,132,128,132,0.9999996755498701
t12.2022.05.19,train,vocal,t12.2022.05.19,50,this does not allow the mystery to invade us,10,T,2,final,not,116,148,32,29,29,132,136,132,136,0.9999994212339848
t12.2022.05.19,train,vocal,t12.2022.05.19,50,this does not allow the mystery to invade us,11,SIL,2,sil,not,120,164,44,30,33,136,152,136,156,0.9025470447023112
t12.2022.05.19,train,vocal,t12.2022.05.19,50,this does not allow the mystery to invade us,12,AH,3,initial,allow,144,176,32,36,36,160,164,156,164,0.9986536437953016
t12.2022.05.19,train,vocal,t12.2022.05.19,50,this does not allow the mystery to invade us,13,L,3,medial,allow,148,188,40,37,39,164,176,164,180,0.9377492984493857
t12.2022.05.19,train,vocal,t12.2022.05.19,50,this does not allow the mystery to invade us,14,AW,3,final,allow,164,200,36,41,42,180,188,180,188,0.8809940364943658
t12.2022.05.19,train,vocal,t12.2022.05.19,50,this does not allow the mystery to invade us,15,SIL,3,sil,allow,172,240,68,43,52,188,228,188,228,0.9998694644863741
t12.2022.05.19,train,vocal,t12.2022.05.19,50,this does not allow the mystery to invade us,16,DH,4,initial,the,212,248,36,53,54,228,236,228,236,0.9886265019281663
t12.2022.05.19,train,vocal,t12.2022.05.19,50,this does not allow the mystery to invade us,17,AH,4,final,the,220,252,32,55,55,236,240,236,240,0.9999993538195314
t12.2022.05.19,train,vocal,t12.2022.05.19,50,this does not allow the mystery to invade us,18,SIL,4,sil,the,224,268,44,56,59,240,256,240,256,0.9210967980837925
t12.2022.05.19,train,vocal,t12.2022.05.19,50,this does not allow the mystery to invade us,19,M,5,initial,mystery,240,272,32,60,60,256,260,256,264,0.9999226608904336
t12.2022.05.19,train,vocal,t12.2022.05.19,50,this does not allow the mystery to invade us,20,IH,5,medial,mystery,252,284,32,63,63,268,272,264,272,0.9972925913535153
t12.2022.05.19,train,vocal,t12.2022.05.19,50,this does not allow the mystery to invade us,21,S,5,medial,mystery,256,288,32,64,64,272,276,272,276,0.9995296188198041
t12.2022.05.19,train,vocal,t12.2022.05.19,50,this does not allow the mystery to invade us,22,T,5,medial,mystery,260,296,36,65,66,276,284,276,284,0.7671247481880703
t12.2022.05.19,train,vocal,t12.2022.05.19,50,this does not allow the mystery to invade us,23,ER,5,medial,mystery,268,304,36,67,68,284,292,284,292,0.9856873194527804
t12.2022.05.19,train,vocal,t12.2022.05.19,50,this does not allow the mystery to invade us,24,IY,5,final,mystery,276,312,36,69,70,292,300,292,300,0.9984182340997321
t12.2022.05.19,train,vocal,t12.2022.05.19,50,this does not allow the mystery to invade us,25,SIL,5,sil,mystery,284,328,44,71,74,300,316,300,316,0.9316883964757355
t12.2022.05.19,train,vocal,t12.2022.05.19,50,this does not allow the mystery to invade us,26,T,6,initial,to,300,332,32,75,75,316,320,316,324,0.99999992481824
t12.2022.05.19,train,vocal,t12.2022.05.19,50,this does not allow the mystery to invade us,27,UW,6,final,to,308,340,32,77,77,324,328,324,328,0.9999981988647422
t12.2022.05.19,train,vocal,t12.2022.05.19,50,this does not allow the mystery to invade us,28,SIL,6,sil,to,312,356,44,78,81,328,344,328,348,0.9948973259818625
t12.2022.05.19,train,vocal,t12.2022.05.19,50,this does not allow the mystery to invade us,29,IH,7,initial,invade,336,368,32,84,84,352,356,348,356,0.9993055505573998
t12.2022.05.19,train,vocal,t12.2022.05.19,50,this does not allow the mystery to invade us,30,N,7,medial,invade,340,372,32,85,85,356,360,356,360,0.999987862796283
t12.2022.05.19,train,vocal,t12.2022.05.19,50,this does not allow the mystery to invade us,31,V,7,medial,invade,344,380,36,86,87,360,368,360,372,0.9982530422144233
t12.2022.05.19,train,vocal,t12.2022.05.19,50,this does not allow the mystery to invade us,32,EY,7,medial,invade,360,392,32,90,90,376,380,372,380,0.9989563433271236
t12.2022.05.19,train,vocal,t12.2022.05.19,50,this does not allow the mystery to invade us,33,D,7,final,invade,364,400,36,91,92,380,388,380,388,0.9987868308635002
t12.2022.05.19,train,vocal,t12.2022.05.19,50,this does not allow the mystery to invade us,34,SIL,7,sil,invade,372,432,60,93,100,388,420,388,428,0.9876120282210321
t12.2022.05.19,train,vocal,t12.2022.05.19,50,this does not allow the mystery to invade us,35,AH,8,initial,us,416,448,32,104,104,432,436,428,436,0.9999956890863315
t12.2022.05.19,train,vocal,t12.2022.05.19,50,this does not allow the mystery to invade us,36,S,8,final,us,420,452,32,105,105,436,440,436,440,0.9999968108811415
t12.2022.05.19,train,vocal,t12.2022.05.19,50,this does not allow the mystery to invade us,37,SIL,8,sil,us,424,468,44,106,109,440,456,440,456,0.9714907610993029
t12.2022.05.19,train,vocal,t12.2022.05.19,51,you're having a miserable time aren't you,0,Y,0,initial,you're,32,64,32,8,8,48,52,16,56,0.9999776222112685
t12.2022.05.19,train,vocal,t12.2022.05.19,51,you're having a miserable time aren't you,1,UH,0,medial,you're,40,72,32,10,10,56,60,56,60,0.9975409450924418
t12.2022.05.19,train,vocal,t12.2022.05.19,51,you're having a miserable time aren't you,2,R,0,final,you're,44,76,32,11,11,60,64,60,64,0.9996800977102616
t12.2022.05.19,train,vocal,t12.2022.05.19,51,you're having a miserable time aren't you,3,SIL,0,sil,you're,48,84,36,12,13,64,72,64,72,0.9958818822624228
t12.2022.05.19,train,vocal,t12.2022.05.19,51,you're having a miserable time aren't you,4,HH,1,initial,having,56,92,36,14,15,72,80,72,84,0.7577940108167504
t12.2022.05.19,train,vocal,t12.2022.05.19,51,you're having a miserable time aren't you,5,AE,1,medial,having,68,100,32,17,17,84,88,84,88,0.9999581527617895
t12.2022.05.19,train,vocal,t12.2022.05.19,51,you're having a miserable time aren't you,6,V,1,medial,having,72,104,32,18,18,88,92,88,92,0.9999903256428527
t12.2022.05.19,train,vocal,t12.2022.05.19,51,you're having a miserable time aren't you,7,IH,1,medial,having,76,112,36,19,20,92,100,92,100,0.9977013533257498
t12.2022.05.19,train,vocal,t12.2022.05.19,51,you're having a miserable time aren't you,8,NG,1,final,having,84,120,36,21,22,100,108,100,108,0.9905443288704046
t12.2022.05.19,train,vocal,t12.2022.05.19,51,you're having a miserable time aren't you,9,SIL,1,sil,having,92,132,40,23,25,108,120,108,124,0.8594233931329583
t12.2022.05.19,train,vocal,t12.2022.05.19,51,you're having a miserable time aren't you,10,AH,2,single,a,112,148,36,28,29,128,136,124,136,0.750032294058648
t12.2022.05.19,train,vocal,t12.2022.05.19,51,you're having a miserable time aren't you,11,SIL,2,sil,a,120,160,40,30,32,136,148,136,148,0.9995585048556735
t12.2022.05.19,train,vocal,t12.2022.05.19,51,you're having a miserable time aren't you,12,M,3,initial,miserable,132,168,36,33,34,148,156,148,160,0.963467668584278
t12.2022.05.19,train,vocal,t12.2022.05.19,51,you're having a miserable time aren't you,13,IH,3,medial,miserable,144,176,32,36,36,160,164,160,164,0.9985017402036824
t12.2022.05.19,train,vocal,t12.2022.05.19,51,you're having a miserable time aren't you,14,Z,3,medial,miserable,148,180,32,37,37,164,168,164,168,0.9971626093659262
t12.2022.05.19,train,vocal,t12.2022.05.19,51,you're having a miserable time aren't you,15,ER,3,medial,miserable,152,184,32,38,38,168,172,168,172,0.9952558400011039
t12.2022.05.19,train,vocal,t12.2022.05.19,51,you're having a miserable time aren't you,16,AH,3,medial,miserable,156,188,32,39,39,172,176,172,176,0.933108224458931
t12.2022.05.19,train,vocal,t12.2022.05.19,51,you're having a miserable time aren't you,17,B,3,medial,miserable,160,196,36,40,41,176,184,176,184,0.8763779351464647
t12.2022.05.19,train,vocal,t12.2022.05.19,51,you're having a miserable time aren't you,18,AH,3,medial,miserable,168,204,36,42,43,184,192,184,192,0.8854350193187206
t12.2022.05.19,train,vocal,t12.2022.05.19,51,you're having a miserable time aren't you,19,L,3,final,miserable,176,208,32,44,44,192,196,192,196,0.9323828430671758
t12.2022.05.19,train,vocal,t12.2022.05.19,51,you're having a miserable time aren't you,20,SIL,3,sil,miserable,180,212,32,45,45,196,200,196,200,0.9726118011258134
t12.2022.05.19,train,vocal,t12.2022.05.19,51,you're having a miserable time aren't you,21,T,4,initial,time,184,220,36,46,47,200,208,200,212,0.962430589832292
t12.2022.05.19,train,vocal,t12.2022.05.19,51,you're having a miserable time aren't you,22,AY,4,medial,time,196,232,36,49,50,212,220,212,220,0.7658158575068448
t12.2022.05.19,train,vocal,t12.2022.05.19,51,you're having a miserable time aren't you,23,M,4,final,time,204,240,36,51,52,220,228,220,228,0.7513787959638856
t12.2022.05.19,train,vocal,t12.2022.05.19,51,you're having a miserable time aren't you,24,SIL,4,sil,time,212,256,44,53,56,228,244,228,244,0.9998179483253959
t12.2022.05.19,train,vocal,t12.2022.05.19,51,you're having a miserable time aren't you,25,AA,5,initial,aren't,228,264,36,57,58,244,252,244,252,0.974821352548726
t12.2022.05.19,train,vocal,t12.2022.05.19,51,you're having a miserable time aren't you,26,R,5,medial,aren't,236,268,32,59,59,252,256,252,256,0.9989819498099284
t12.2022.05.19,train,vocal,t12.2022.05.19,51,you're having a miserable time aren't you,27,AH,5,medial,aren't,240,272,32,60,60,256,260,256,260,0.9963532791307977
t12.2022.05.19,train,vocal,t12.2022.05.19,51,you're having a miserable time aren't you,28,N,5,medial,aren't,244,276,32,61,61,260,264,260,264,0.9989579037222922
t12.2022.05.19,train,vocal,t12.2022.05.19,51,you're having a miserable time aren't you,29,T,5,final,aren't,248,280,32,62,62,264,268,264,268,0.9999248450565107
t12.2022.05.19,train,vocal,t12.2022.05.19,51,you're having a miserable time aren't you,30,SIL,5,sil,aren't,252,296,44,63,66,268,284,268,284,0.9733243917156775
t12.2022.05.19,train,vocal,t12.2022.05.19,51,you're having a miserable time aren't you,31,Y,6,initial,you,268,304,36,67,68,284,292,284,292,0.998609642703381
t12.2022.05.19,train,vocal,t12.2022.05.19,51,you're having a miserable time aren't you,32,UW,6,final,you,276,308,32,69,69,292,296,292,296,0.999994083663888
t12.2022.05.19,train,vocal,t12.2022.05.19,51,you're having a miserable time aren't you,33,SIL,6,sil,you,280,328,48,70,74,296,316,296,316,0.9989501180726432
t12.2022.05.19,train,vocal,t12.2022.05.19,52,for a moment he felt like a thief discovered,0,F,0,initial,for,24,56,32,6,6,40,44,16,48,0.9999881854470846
t12.2022.05.19,train,vocal,t12.2022.05.19,52,for a moment he felt like a thief discovered,1,AO,0,medial,for,32,64,32,8,8,48,52,48,52,0.9999912129557856
t12.2022.05.19,train,vocal,t12.2022.05.19,52,for a moment he felt like a thief discovered,2,R,0,final,for,36,72,36,9,10,52,60,52,60,0.97604653345197
t12.2022.05.19,train,vocal,t12.2022.05.19,52,for a moment he felt like a thief discovered,3,SIL,0,sil,for,44,84,40,11,13,60,72,60,80,0.8980929831968544
t12.2022.05.19,train,vocal,t12.2022.05.19,52,for a moment he felt like a thief discovered,4,AH,1,single,a,68,100,32,17,17,84,88,80,88,0.9999940406357639
t12.2022.05.19,train,vocal,t12.2022.05.19,52,for a moment he felt like a thief discovered,5,SIL,1,sil,a,72,112,40,18,20,88,100,88,100,0.9332453922741127
t12.2022.05.19,train,vocal,t12.2022.05.19,52,for a moment he felt like a thief discovered,6,M,2,initial,moment,84,120,36,21,22,100,108,100,112,0.9942809174799445
t12.2022.05.19,train,vocal,t12.2022.05.19,52,for a moment he felt like a thief discovered,7,OW,2,medial,moment,96,128,32,24,24,112,116,112,116,0.9920531846709104
t12.2022.05.19,train,vocal,t12.2022.05.19,52,for a moment he felt like a thief discovered,8,M,2,medial,moment,100,136,36,25,26,116,124,116,124,0.9957268243365944
t12.2022.05.19,train,vocal,t12.2022.05.19,52,for a moment he felt like a thief discovered,9,AH,2,medial,moment,108,144,36,27,28,124,132,124,132,0.985447921761421
t12.2022.05.19,train,vocal,t12.2022.05.19,52,for a moment he felt like a thief discovered,10,N,2,medial,moment,116,148,32,29,29,132,136,132,136,0.9994880378585685
t12.2022.05.19,train,vocal,t12.2022.05.19,52,for a moment he felt like a thief discovered,11,T,2,final,moment,120,156,36,30,31,136,144,136,144,0.8890423733565134
t12.2022.05.19,train,vocal,t12.2022.05.19,52,for a moment he felt like a thief discovered,12,SIL,2,sil,moment,128,172,44,32,35,144,160,144,160,0.999353780215612
t12.2022.05.19,train,vocal,t12.2022.05.19,52,for a moment he felt like a thief discovered,13,HH,3,initial,he,144,180,36,36,37,160,168,160,172,0.9704768671600772
t12.2022.05.19,train,vocal,t12.2022.05.19,52,for a moment he felt like a thief discovered,14,IY,3,final,he,156,188,32,39,39,172,176,172,176,0.9999962515238284
t12.2022.05.19,train,vocal,t12.2022.05.19,52,for a moment he felt like a thief discovered,15,SIL,3,sil,he,160,204,44,40,43,176,192,176,192,0.9121446884564473
t12.2022.05.19,train,vocal,t12.2022.05.19,52,for a moment he felt like a thief discovered,16,F,4,initial,felt,176,208,32,44,44,192,196,192,200,0.9999896878388551
t12.2022.05.19,train,vocal,t12.2022.05.19,52,for a moment he felt like a thief discovered,17,EH,4,medial,felt,188,220,32,47,47,204,208,200,208,0.9962622157051757
t12.2022.05.19,train,vocal,t12.2022.05.19,52,for a moment he felt like a thief discovered,18,L,4,medial,felt,192,224,32,48,48,208,212,208,212,0.9983000637320893
t12.2022.05.19,train,vocal,t12.2022.05.19,52,for a moment he felt like a thief discovered,19,T,4,final,felt,196,228,32,49,49,212,216,212,216,0.999584298252305
t12.2022.05.19,train,vocal,t12.2022.05.19,52,for a moment he felt like a thief discovered,20,SIL,4,sil,felt,200,240,40,50,52,216,228,216,228,0.959564435395134
t12.2022.05.19,train,vocal,t12.2022.05.19,52,for a moment he felt like a thief discovered,21,L,5,initial,like,212,244,32,53,53,228,232,228,232,0.9999942200593235
t12.2022.05.19,train,vocal,t12.2022.05.19,52,for a moment he felt like a thief discovered,22,AY,5,medial,like,216,248,32,54,54,232,236,232,236,0.9999964536310659
t12.2022.05.19,train,vocal,t12.2022.05.19,52,for a moment he felt like a thief discovered,23,K,5,final,like,220,256,36,55,56,236,244,236,244,0.9649746905024987
t12.2022.05.19,train,vocal,t12.2022.05.19,52,for a moment he felt like a thief discovered,24,SIL,5,sil,like,228,272,44,57,60,244,260,244,268,0.999005208060624
t12.2022.05.19,train,vocal,t12.2022.05.19,52,for a moment he felt like a thief discovered,25,AH,6,single,a,256,288,32,64,64,272,276,268,276,0.9999267408160195
t12.2022.05.19,train,vocal,t12.2022.05.19,52,for a moment he felt like a thief discovered,26,SIL,6,sil,a,260,312,52,65,70,276,300,276,300,0.9769146711682929
t12.2022.05.19,train,vocal,t12.2022.05.19,52,for a moment he felt like a thief discovered,27,TH,7,initial,thief,284,316,32,71,71,300,304,300,308,0.9990638756019516
t12.2022.05.19,train,vocal,t12.2022.05.19,52,for a moment he felt like a thief discovered,28,IY,7,medial,thief,296,328,32,74,74,312,316,308,316,0.9996944067878707
t12.2022.05.19,train,vocal,t12.2022.05.19,52,for a moment he felt like a thief discovered,29,F,7,final,thief,300,332,32,75,75,316,320,316,324,0.9994286850735621
t12.2022.05.19,train,vocal,t12.2022.05.19,52,for a moment he felt like a thief discovered,30,SIL,7,sil,thief,308,364,56,77,83,324,352,324,352,0.9440576007877146
t12.2022.05.19,train,vocal,t12.2022.05.19,52,for a moment he felt like a thief discovered,31,D,8,initial,discovered,336,368,32,84,84,352,356,352,360,0.9999980211432807
t12.2022.05.19,train,vocal,t12.2022.05.19,52,for a moment he felt like a thief discovered,32,IH,8,medial,discovered,344,376,32,86,86,360,364,360,364,0.9999630656091898
t12.2022.05.19,train,vocal,t12.2022.05.19,52,for a moment he felt like a thief discovered,33,S,8,medial,discovered,348,380,32,87,87,364,368,364,368,0.9946817951086931
t12.2022.05.19,train,vocal,t12.2022.05.19,52,for a moment he felt like a thief discovered,34,K,8,medial,discovered,352,388,36,88,89,368,376,368,380,0.9924286577638953
t12.2022.05.19,train,vocal,t12.2022.05.19,52,for a moment he felt like a thief discovered,35,AH,8,medial,discovered,368,400,32,92,92,384,388,380,388,0.9998285681248109
t12.2022.05.19,train,vocal,t12.2022.05.19,52,for a moment he felt like a thief discovered,36,V,8,medial,discovered,372,408,36,93,94,388,396,388,396,0.9685309658781482
t12.2022.05.19,train,vocal,t12.2022.05.19,52,for a moment he felt like a thief discovered,37,ER,8,medial,discovered,380,420,40,95,97,396,408,396,408,0.9982721700825218
t12.2022.05.19,train,vocal,t12.2022.05.19,52,for a moment he felt like a thief discovered,38,D,8,final,discovered,392,428,36,98,99,408,416,408,416,0.8596553438770538
t12.2022.05.19,train,vocal,t12.2022.05.19,52,for a moment he felt like a thief discovered,39,SIL,8,sil,discovered,400,448,48,100,104,416,436,416,436,0.999796095382737
t12.2022.05.19,train,vocal,t12.2022.05.19,53,twenty-five the sheik replied,0,T,0,initial,twenty-five,24,56,32,6,6,40,44,16,44,0.998915403719993
t12.2022.05.19,train,vocal,t12.2022.05.19,53,twenty-five the sheik replied,1,W,0,medial,twenty-five,28,60,32,7,7,44,48,44,48,0.9993054723078397
t12.2022.05.19,train,vocal,t12.2022.05.19,53,twenty-five the sheik replied,2,EH,0,medial,twenty-five,32,64,32,8,8,48,52,48,52,0.99963354321332
t12.2022.05.19,train,vocal,t12.2022.05.19,53,twenty-five the sheik replied,3,N,0,medial,twenty-five,36,68,32,9,9,52,56,52,56,0.9987308876745061
t12.2022.05.19,train,vocal,t12.2022.05.19,53,twenty-five the sheik replied,4,T,0,medial,twenty-five,40,72,32,10,10,56,60,56,60,0.9972147741454543
t12.2022.05.19,train,vocal,t12.2022.05.19,53,twenty-five the sheik replied,5,IH,0,medial,twenty-five,44,80,36,11,12,60,68,60,68,0.941377509084138
t12.2022.05.19,train,vocal,t12.2022.05.19,53,twenty-five the sheik replied,6,V,0,medial,twenty-five,52,88,36,13,14,68,76,68,80,0.9790602138346407
t12.2022.05.19,train,vocal,t12.2022.05.19,53,twenty-five the sheik replied,7,AY,0,medial,twenty-five,64,100,36,16,17,80,88,80,88,0.9265607775178923
t12.2022.05.19,train,vocal,t12.2022.05.19,53,twenty-five the sheik replied,8,F,0,final,twenty-five,72,108,36,18,19,88,96,88,96,0.8451501452537875
t12.2022.05.19,train,vocal,t12.2022.05.19,53,twenty-five the sheik replied,9,SIL,0,sil,twenty-five,80,124,44,20,23,96,112,96,112,0.9972042913892687
t12.2022.05.19,train,vocal,t12.2022.05.19,53,twenty-five the sheik replied,10,DH,1,initial,the,96,128,32,24,24,112,116,112,120,0.999979630753972
t12.2022.05.19,train,vocal,t12.2022.05.19,53,twenty-five the sheik replied,11,AH,1,final,the,104,136,32,26,26,120,124,120,124,0.9999949362603825
t12.2022.05.19,train,vocal,t12.2022.05.19,53,twenty-five the sheik replied,12,SIL,1,sil,the,108,176,68,27,36,124,164,124,164,0.9323938487660666
t12.2022.05.19,train,vocal,t12.2022.05.19,53,twenty-five the sheik replied,13,SH,2,initial,sheik,148,180,32,37,37,164,168,164,172,0.9994013018750738
t12.2022.05.19,train,vocal,t12.2022.05.19,53,twenty-five the sheik replied,14,IY,2,medial,sheik,160,192,32,40,40,176,180,172,180,0.9987464450184658
t12.2022.05.19,train,vocal,t12.2022.05.19,53,twenty-five the sheik replied,15,K,2,final,sheik,164,196,32,41,41,180,184,180,184,0.9997450337240618
t12.2022.05.19,train,vocal,t12.2022.05.19,53,twenty-five the sheik replied,16,SIL,2,sil,sheik,168,216,48,42,46,184,204,184,204,0.9469325273312409
t12.2022.05.19,train,vocal,t12.2022.05.19,53,twenty-five the sheik replied,17,R,3,initial,replied,188,224,36,47,48,204,212,204,212,0.9997550737251166
t12.2022.05.19,train,vocal,t12.2022.05.19,53,twenty-five the sheik replied,18,IH,3,medial,replied,196,228,32,49,49,212,216,212,216,0.9967499855337909
t12.2022.05.19,train,vocal,t12.2022.05.19,53,twenty-five the sheik replied,19,P,3,medial,replied,200,236,36,50,51,216,224,216,224,0.9968692490182086
t12.2022.05.19,train,vocal,t12.2022.05.19,53,twenty-five the sheik replied,20,L,3,medial,replied,208,244,36,52,53,224,232,224,232,0.998186590724425
t12.2022.05.19,train,vocal,t12.2022.05.19,53,twenty-five the sheik replied,21,AY,3,medial,replied,216,252,36,54,55,232,240,232,240,0.9973354197574853
t12.2022.05.19,train,vocal,t12.2022.05.19,53,twenty-five the sheik replied,22,D,3,final,replied,224,260,36,56,57,240,248,240,248,0.9964837887839485
t12.2022.05.19,train,vocal,t12.2022.05.19,53,twenty-five the sheik replied,23,SIL,3,sil,replied,232,284,52,58,63,248,272,248,272,0.9969063766704521
t12.2022.05.19,train,vocal,t12.2022.05.19,54,he remembered a story he had read as a youth,0,HH,0,initial,he,28,64,36,7,8,44,52,16,56,0.9595076086653578
t12.2022.05.19,train,vocal,t12.2022.05.19,54,he remembered a story he had read as a youth,1,IY,0,final,he,40,72,32,10,10,56,60,56,60,0.9999859694427825
t12.2022.05.19,train,vocal,t12.2022.05.19,54,he remembered a story he had read as a youth,2,SIL,0,sil,he,44,84,40,11,13,60,72,60,72,0.9948673367956373
t12.2022.05.19,train,vocal,t12.2022.05.19,54,he remembered a story he had read as a youth,3,R,1,initial,remembered,56,92,36,14,15,72,80,72,84,0.9173684144709937
t12.2022.05.19,train,vocal,t12.2022.05.19,54,he remembered a story he had read as a youth,4,IH,1,medial,remembered,68,100,32,17,17,84,88,84,88,0.9992585091887155
t12.2022.05.19,train,vocal,t12.2022.05.19,54,he remembered a story he had read as a youth,5,M,1,medial,remembered,72,108,36,18,19,88,96,88,96,0.7441623135969367
t12.2022.05.19,train,vocal,t12.2022.05.19,54,he remembered a story he had read as a youth,6,EH,1,medial,remembered,80,112,32,20,20,96,100,96,100,0.9979679105048332
t12.2022.05.19,train,vocal,t12.2022.05.19,54,he remembered a story he had read as a youth,7,M,1,medial,remembered,84,120,36,21,22,100,108,100,108,0.9589856261389943
t12.2022.05.19,train,vocal,t12.2022.05.19,54,he remembered a story he had read as a youth,8,B,1,medial,remembered,92,128,36,23,24,108,116,108,116,0.8815403365591961
t12.2022.05.19,train,vocal,t12.2022.05.19,54,he remembered a story he had read as a youth,9,ER,1,medial,remembered,100,132,32,25,25,116,120,116,120,0.9971230890650453
t12.2022.05.19,train,vocal,t12.2022.05.19,54,he remembered a story he had read as a youth,10,D,1,final,remembered,104,140,36,26,27,120,128,120,128,0.8299168298080195
t12.2022.05.19,train,vocal,t12.2022.05.19,54,he remembered a story he had read as a youth,11,SIL,1,sil,remembered,112,152,40,28,30,128,140,128,144,0.8879155582085886
t12.2022.05.19,train,vocal,t12.2022.05.19,54,he remembered a story he had read as a youth,12,AH,2,single,a,132,168,36,33,34,148,156,144,156,0.9981791674600029
t12.2022.05.19,train,vocal,t12.2022.05.19,54,he remembered a story he had read as a youth,13,SIL,2,sil,a,140,184,44,35,38,156,172,156,172,0.9974355766996573
t12.2022.05.19,train,vocal,t12.2022.05.19,54,he remembered a story he had read as a youth,14,S,3,initial,story,156,192,36,39,40,172,180,172,180,0.9962083281178626
t12.2022.05.19,train,vocal,t12.2022.05.19,54,he remembered a story he had read as a youth,15,T,3,medial,story,164,200,36,41,42,180,188,180,188,0.9878756410393007
t12.2022.05.19,train,vocal,t12.2022.05.19,54,he remembered a story he had read as a youth,16,AO,3,medial,story,172,204,32,43,43,188,192,188,192,0.9992095930979488
t12.2022.05.19,train,vocal,t12.2022.05.19,54,he remembered a story he had read as a youth,17,R,3,medial,story,176,208,32,44,44,192,196,192,196,0.9996101356687411
t12.2022.05.19,train,vocal,t12.2022.05.19,54,he remembered a story he had read as a youth,18,IY,3,final,story,180,220,40,45,47,196,208,196,208,0.8462290943100594
t12.2022.05.19,train,vocal,t12.2022.05.19,54,he remembered a story he had read as a youth,19,SIL,3,sil,story,192,244,52,48,53,208,232,208,232,0.9962083758335291
t12.2022.05.19,train,vocal,t12.2022.05.19,54,he remembered a story he had read as a youth,20,HH,4,initial,he,216,252,36,54,55,232,240,232,244,0.8607881416311594
t12.2022.05.19,train,vocal,t12.2022.05.19,54,he remembered a story he had read as a youth,21,IY,4,final,he,228,260,32,57,57,244,248,244,248,0.999999239718262
t12.2022.05.19,train,vocal,t12.2022.05.19,54,he remembered a story he had read as a youth,22,SIL,4,sil,he,232,272,40,58,60,248,260,248,260,0.8418528413179961
t12.2022.05.19,train,vocal,t12.2022.05.19,54,he remembered a story he had read as a youth,23,HH,5,initial,had,244,284,40,61,63,260,272,260,272,0.8345993230698597
t12.2022.05.19,train,vocal,t12.2022.05.19,54,he remembered a story he had read as a youth,24,AE,5,medial,had,256,288,32,64,64,272,276,272,276,0.999067239914452
t12.2022.05.19,train,vocal,t12.2022.05.19,54,he remembered a story he had read as a youth,25,D,5,final,had,260,296,36,65,66,276,284,276,284,0.7872721531124296
t12.2022.05.19,train,vocal,t12.2022.05.19,54,he remembered a story he had read as a youth,26,SIL,5,sil,had,268,308,40,67,69,284,296,284,296,0.9906107415292672
t12.2022.05.19,train,vocal,t12.2022.05.19,54,he remembered a story he had read as a youth,27,R,6,initial,read,280,316,36,70,71,296,304,296,308,0.9657982280578428
t12.2022.05.19,train,vocal,t12.2022.05.19,54,he remembered a story he had read as a youth,28,EH,6,medial,read,292,324,32,73,73,308,312,308,312,0.9999696377126305
t12.2022.05.19,train,vocal,t12.2022.05.19,54,he remembered a story he had read as a youth,29,D,6,final,read,296,332,36,74,75,312,320,312,320,0.9800394088484384
t12.2022.05.19,train,vocal,t12.2022.05.19,54,he remembered a story he had read as a youth,30,SIL,6,sil,read,304,348,44,76,79,320,336,320,340,0.9841167039998081
t12.2022.05.19,train,vocal,t12.2022.05.19,54,he remembered a story he had read as a youth,31,AE,7,initial,as,328,360,32,82,82,344,348,340,348,0.9999890434459852
t12.2022.05.19,train,vocal,t12.2022.05.19,54,he remembered a story he had read as a youth,32,Z,7,final,as,332,364,32,83,83,348,352,348,352,0.9999956857316136
t12.2022.05.19,train,vocal,t12.2022.05.19,54,he remembered a story he had read as a youth,33,SIL,7,sil,as,336,400,64,84,92,352,388,352,396,0.9983322555329417
t12.2022.05.19,train,vocal,t12.2022.05.19,54,he remembered a story he had read as a youth,34,AH,8,single,a,384,416,32,96,96,400,404,396,404,0.9999978700064341
t12.2022.05.19,train,vocal,t12.2022.05.19,54,he remembered a story he had read as a youth,35,SIL,8,sil,a,388,440,52,97,102,404,428,404,428,0.993816739469718
t12.2022.05.19,train,vocal,t12.2022.05.19,54,he remembered a story he had read as a youth,36,Y,9,initial,youth,412,452,40,103,105,428,440,428,440,0.9804339275077906
t12.2022.05.19,train,vocal,t12.2022.05.19,54,he remembered a story he had read as a youth,37,UW,9,medial,youth,424,456,32,106,106,440,444,440,444,0.9999855332764186
t12.2022.05.19,train,vocal,t12.2022.05.19,54,he remembered a story he had read as a youth,38,TH,9,final,youth,428,468,40,107,109,444,456,444,456,0.924759357688219
t12.2022.05.19,train,vocal,t12.2022.05.19,54,he remembered a story he had read as a youth,39,SIL,9,sil,youth,440,480,40,110,112,456,468,456,468,0.9991307361760091
t12.2022.05.19,train,vocal,t12.2022.05.19,55,on these they feel they can rely,0,AA,0,initial,on,56,88,32,14,14,72,76,16,76,0.9998447888553849
t12.2022.05.19,train,vocal,t12.2022.05.19,55,on these they feel they can rely,1,N,0,final,on,60,96,36,15,16,76,84,76,84,0.9669381238801236
t12.2022.05.19,train,vocal,t12.2022.05.19,55,on these they feel they can rely,2,SIL,0,sil,on,68,112,44,17,20,84,100,84,100,0.9948308298241854
t12.2022.05.19,train,vocal,t12.2022.05.19,55,on these they feel they can rely,3,DH,1,initial,these,84,116,32,21,21,100,104,100,108,0.9999500971706313
t12.2022.05.19,train,vocal,t12.2022.05.19,55,on these they feel they can rely,4,IY,1,medial,these,92,124,32,23,23,108,112,108,112,0.9999510172899634
t12.2022.05.19,train,vocal,t12.2022.05.19,55,on these they feel they can rely,5,Z,1,final,these,96,132,36,24,25,112,120,112,120,0.93109999568819
t12.2022.05.19,train,vocal,t12.2022.05.19,55,on these they feel they can rely,6,SIL,1,sil,these,104,152,48,26,30,120,140,120,140,0.9993911768966136
t12.2022.05.19,train,vocal,t12.2022.05.19,55,on these they feel they can rely,7,DH,2,initial,they,124,156,32,31,31,140,144,140,148,0.9999931994131017
t12.2022.05.19,train,vocal,t12.2022.05.19,55,on these they feel they can rely,8,EY,2,final,they,132,164,32,33,33,148,152,148,156,0.9999965261281222
t12.2022.05.19,train,vocal,t12.2022.05.19,55,on these they feel they can rely,9,SIL,2,sil,they,140,200,60,35,42,156,188,156,188,0.9978300650516819
t12.2022.05.19,train,vocal,t12.2022.05.19,55,on these they feel they can rely,10,F,3,initial,feel,172,204,32,43,43,188,192,188,196,0.9999708264217395
t12.2022.05.19,train,vocal,t12.2022.05.19,55,on these they feel they can rely,11,IY,3,medial,feel,180,212,32,45,45,196,200,196,200,0.9997866814898252
t12.2022.05.19,train,vocal,t12.2022.05.19,55,on these they feel they can rely,12,L,3,final,feel,184,224,40,46,48,200,212,200,212,0.998841042627108
t12.2022.05.19,train,vocal,t12.2022.05.19,55,on these they feel they can rely,13,SIL,3,sil,feel,196,244,48,49,53,212,232,212,232,0.9715003135960248
t12.2022.05.19,train,vocal,t12.2022.05.19,55,on these they feel they can rely,14,DH,4,initial,they,216,248,32,54,54,232,236,232,240,0.9999970963433542
t12.2022.05.19,train,vocal,t12.2022.05.19,55,on these they feel they can rely,15,EY,4,final,they,224,256,32,56,56,240,244,240,244,0.9999945040305716
t12.2022.05.19,train,vocal,t12.2022.05.19,55,on these they feel they can rely,16,SIL,4,sil,they,228,280,52,57,62,244,268,244,268,0.9754689699460487
t12.2022.05.19,train,vocal,t12.2022.05.19,55,on these they feel they can rely,17,K,5,initial,can,252,284,32,63,63,268,272,268,276,0.9999933543546398
t12.2022.05.19,train,vocal,t12.2022.05.19,55,on these they feel they can rely,18,AE,5,medial,can,260,292,32,65,65,276,280,276,280,0.9999947963952807
t12.2022.05.19,train,vocal,t12.2022.05.19,55,on these they feel they can rely,19,N,5,final,can,264,296,32,66,66,280,284,280,284,0.9999313031743824
t12.2022.05.19,train,vocal,t12.2022.05.19,55,on these they feel they can rely,20,SIL,5,sil,can,268,328,60,67,74,284,316,284,316,0.9449051887407374
t12.2022.05.19,train,vocal,t12.2022.05.19,55,on these they feel they can rely,21,R,6,initial,rely,300,332,32,75,75,316,320,316,324,0.9999731881042883
t12.2022.05.19,train,vocal,t12.2022.05.19,55,on these they feel they can rely,22,IH,6,medial,rely,308,340,32,77,77,324,328,324,328,0.9999018234178391
t12.2022.05.19,train,vocal,t12.2022.05.19,55,on these they feel they can rely,23,L,6,medial,rely,312,348,36,78,79,328,336,328,340,0.9982575784667047
t12.2022.05.19,train,vocal,t12.2022.05.19,55,on these they feel they can rely,24,AY,6,final,rely,324,360,36,81,82,340,348,340,348,0.92970172830257
t12.2022.05.19,train,vocal,t12.2022.05.19,55,on these they feel they can rely,25,SIL,6,sil,rely,332,372,40,83,85,348,360,348,360,0.9999665717360052
t12.2022.05.19,train,vocal,t12.2022.05.19,56,the two artists exchanged autographs,0,DH,0,initial,the,60,96,36,15,16,76,84,16,84,0.9926946972590227
t12.2022.05.19,train,vocal,t12.2022.05.19,56,the two artists exchanged autographs,1,AH,0,final,the,68,100,32,17,17,84,88,84,92,0.9999988661901454
t12.2022.05.19,train,vocal,t12.2022.05.19,56,the two artists exchanged autographs,2,SIL,0,sil,the,76,116,40,19,21,92,104,92,104,0.9997581891318786
t12.2022.05.19,train,vocal,t12.2022.05.19,56,the two artists exchanged autographs,3,T,1,initial,two,88,124,36,22,23,104,112,104,112,0.9983225759784069
t12.2022.05.19,train,vocal,t12.2022.05.19,56,the two artists exchanged autographs,4,UW,1,final,two,96,132,36,24,25,112,120,112,120,0.9857561117132636
t12.2022.05.19,train,vocal,t12.2022.05.19,56,the two artists exchanged autographs,5,SIL,1,sil,two,104,144,40,26,28,120,132,120,136,0.8370126036907948
t12.2022.05.19,train,vocal,t12.2022.05.19,56,the two artists exchanged autographs,6,AA,2,initial,artists,124,156,32,31,31,140,144,136,144,0.9987710720292468
t12.2022.05.19,train,vocal,t12.2022.05.19,56,the two artists exchanged autographs,7,R,2,medial,artists,128,160,32,32,32,144,148,144,148,0.9999035360118431
t12.2022.05.19,train,vocal,t12.2022.05.19,56,the two artists exchanged autographs,8,T,2,medial,artists,132,164,32,33,33,148,152,148,152,0.9992828516458525
t12.2022.05.19,train,vocal,t12.2022.05.19,56,the two artists exchanged autographs,9,AH,2,medial,artists,136,172,36,34,35,152,160,152,160,0.9930657858458516
t12.2022.05.19,train,vocal,t12.2022.05.19,56,the two artists exchanged autographs,10,S,2,medial,artists,144,176,32,36,36,160,164,160,164,0.9946467972957693
t12.2022.05.19,train,vocal,t12.2022.05.19,56,the two artists exchanged autographs,11,T,2,medial,artists,148,188,40,37,39,164,176,164,176,0.7658894592244243
t12.2022.05.19,train,vocal,t12.2022.05.19,56,the two artists exchanged autographs,12,S,2,final,artists,160,196,36,40,41,176,184,176,184,0.9378350707757288
t12.2022.05.19,train,vocal,t12.2022.05.19,56,the two artists exchanged autographs,13,SIL,2,sil,artists,168,208,40,42,44,184,196,184,200,0.9355623353580328
t12.2022.05.19,train,vocal,t12.2022.05.19,56,the two artists exchanged autographs,14,IH,3,initial,exchanged,188,224,36,47,48,204,212,200,212,0.8371166357858046
t12.2022.05.19,train,vocal,t12.2022.05.19,56,the two artists exchanged autographs,15,K,3,medial,exchanged,196,228,32,49,49,212,216,212,216,0.9952100767414457
t12.2022.05.19,train,vocal,t12.2022.05.19,56,the two artists exchanged autographs,16,S,3,medial,exchanged,200,232,32,50,50,216,220,216,220,0.9984324767552694
t12.2022.05.19,train,vocal,t12.2022.05.19,56,the two artists exchanged autographs,17,CH,3,medial,exchanged,204,240,36,51,52,220,228,220,232,0.9784752018305554
t12.2022.05.19,train,vocal,t12.2022.05.19,56,the two artists exchanged autographs,18,EY,3,medial,exchanged,216,248,32,54,54,232,236,232,236,0.9996744011990021
t12.2022.05.19,train,vocal,t12.2022.05.19,56,the two artists exchanged autographs,19,N,3,medial,exchanged,220,252,32,55,55,236,240,236,240,0.9809059401494515
t12.2022.05.19,train,vocal,t12.2022.05.19,56,the two artists exchanged autographs,20,JH,3,medial,exchanged,224,260,36,56,57,240,248,240,248,0.9907069168759515
t12.2022.05.19,train,vocal,t12.2022.05.19,56,the two artists exchanged autographs,21,D,3,final,exchanged,232,264,32,58,58,248,252,248,252,0.9937496049702731
t12.2022.05.19,train,vocal,t12.2022.05.19,56,the two artists exchanged autographs,22,SIL,3,sil,exchanged,236,272,36,59,60,252,260,252,264,0.9955477853134966
t12.2022.05.19,train,vocal,t12.2022.05.19,56,the two artists exchanged autographs,23,AO,4,initial,autographs,252,284,32,63,63,268,272,264,272,0.9989829120729707
t12.2022.05.19,train,vocal,t12.2022.05.19,56,the two artists exchanged autographs,24,T,4,medial,autographs,256,292,36,64,65,272,280,272,280,0.9852875322839649
t12.2022.05.19,train,vocal,t12.2022.05.19,56,the two artists exchanged autographs,25,AH,4,medial,autographs,264,300,36,66,67,280,288,280,288,0.9081686550460629
t12.2022.05.19,train,vocal,t12.2022.05.19,56,the two artists exchanged autographs,26,G,4,medial,autographs,272,304,32,68,68,288,292,288,292,0.9994598100415896
t12.2022.05.19,train,vocal,t12.2022.05.19,56,the two artists exchanged autographs,27,R,4,medial,autographs,276,312,36,69,70,292,300,292,300,0.9537782771211807
t12.2022.05.19,train,vocal,t12.2022.05.19,56,the two artists exchanged autographs,28,AE,4,medial,autographs,284,316,32,71,71,300,304,300,304,0.9996059392791653
t12.2022.05.19,train,vocal,t12.2022.05.19,56,the two artists exchanged autographs,29,F,4,medial,autographs,288,320,32,72,72,304,308,304,308,0.9995489928354963
t12.2022.05.19,train,vocal,t12.2022.05.19,56,the two artists exchanged autographs,30,S,4,final,autographs,292,332,40,73,75,308,320,308,320,0.8244951303588567
t12.2022.05.19,train,vocal,t12.2022.05.19,56,the two artists exchanged autographs,31,SIL,4,sil,autographs,304,344,40,76,78,320,332,320,332,0.9992525741695449
t12.2022.05.19,train,vocal,t12.2022.05.19,57,virus infection nothing she'd scream at him,0,V,0,initial,virus,36,72,36,9,10,52,60,16,64,0.9958407291708389
t12.2022.05.19,train,vocal,t12.2022.05.19,57,virus infection nothing she'd scream at him,1,AY,0,medial,virus,48,80,32,12,12,64,68,64,68,0.998498958779308
t12.2022.05.19,train,vocal,t12.2022.05.19,57,virus infection nothing she'd scream at him,2,R,0,medial,virus,52,84,32,13,13,68,72,68,72,0.9908030580125629
t12.2022.05.19,train,vocal,t12.2022.05.19,57,virus infection nothing she'd scream at him,3,AH,0,medial,virus,56,92,36,14,15,72,80,72,80,0.9779662757157594
t12.2022.05.19,train,vocal,t12.2022.05.19,57,virus infection nothing she'd scream at him,4,S,0,final,virus,64,100,36,16,17,80,88,80,88,0.9995999201776657
t12.2022.05.19,train,vocal,t12.2022.05.19,57,virus infection nothing she'd scream at him,5,SIL,0,sil,virus,72,104,32,18,18,88,92,88,96,0.9916036595918357
t12.2022.05.19,train,vocal,t12.2022.05.19,57,virus infection nothing she'd scream at him,6,IH,1,initial,infection,84,116,32,21,21,100,104,96,104,0.9999516464903873
t12.2022.05.19,train,vocal,t12.2022.05.19,57,virus infection nothing she'd scream at him,7,N,1,medial,infection,88,120,32,22,22,104,108,104,108,0.9997783588182607
t12.2022.05.19,train,vocal,t12.2022.05.19,57,virus infection nothing she'd scream at him,8,F,1,medial,infection,92,124,32,23,23,108,112,108,116,0.9986783164982351
t12.2022.05.19,train,vocal,t12.2022.05.19,57,virus infection nothing she'd scream at him,9,EH,1,medial,infection,104,136,32,26,26,120,124,116,124,0.9989947635776943
t12.2022.05.19,train,vocal,t12.2022.05.19,57,virus infection nothing she'd scream at him,10,K,1,medial,infection,108,140,32,27,27,124,128,124,128,0.9988581941535346
t12.2022.05.19,train,vocal,t12.2022.05.19,57,virus infection nothing she'd scream at him,11,SH,1,medial,infection,112,144,32,28,28,128,132,128,132,0.9865770653863702
t12.2022.05.19,train,vocal,t12.2022.05.19,57,virus infection nothing she'd scream at him,12,AH,1,medial,infection,116,152,36,29,30,132,140,132,140,0.9527434150920386
t12.2022.05.19,train,vocal,t12.2022.05.19,57,virus infection nothing she'd scream at him,13,N,1,final,infection,124,156,32,31,31,140,144,140,144,0.9972272946385334
t12.2022.05.19,train,vocal,t12.2022.05.19,57,virus infection nothing she'd scream at him,14,SIL,1,sil,infection,128,164,36,32,33,144,152,144,152,0.8479192508970286
t12.2022.05.19,train,vocal,t12.2022.05.19,57,virus infection nothing she'd scream at him,15,N,2,initial,nothing,136,168,32,34,34,152,156,152,156,0.999819647032028
t12.2022.05.19,train,vocal,t12.2022.05.19,57,virus infection nothing she'd scream at him,16,AH,2,medial,nothing,140,172,32,35,35,156,160,156,160,0.9924616059997563
t12.2022.05.19,train,vocal,t12.2022.05.19,57,virus infection nothing she'd scream at him,17,TH,2,medial,nothing,144,180,36,36,37,160,168,160,168,0.9549897870022173
t12.2022.05.19,train,vocal,t12.2022.05.19,57,virus infection nothing she'd scream at him,18,IH,2,medial,nothing,152,188,36,38,39,168,176,168,176,0.9819486726335752
t12.2022.05.19,train,vocal,t12.2022.05.19,57,virus infection nothing she'd scream at him,19,NG,2,final,nothing,160,192,32,40,40,176,180,176,180,0.9999743851496405
t12.2022.05.19,train,vocal,t12.2022.05.19,57,virus infection nothing she'd scream at him,20,SIL,2,sil,nothing,164,212,48,41,45,180,200,180,200,0.9922258138363025
t12.2022.05.19,train,vocal,t12.2022.05.19,57,virus infection nothing she'd scream at him,21,SH,3,initial,she'd,184,216,32,46,46,200,204,200,208,0.9998371961878108
t12.2022.05.19,train,vocal,t12.2022.05.19,57,virus infection nothing she'd scream at him,22,IY,3,medial,she'd,196,228,32,49,49,212,216,208,216,0.9999969452133454
t12.2022.05.19,train,vocal,t12.2022.05.19,57,virus infection nothing she'd scream at him,23,D,3,final,she'd,200,236,36,50,51,216,224,216,224,0.9983062210885889
t12.2022.05.19,train,vocal,t12.2022.05.19,57,virus infection nothing she'd scream at him,24,SIL,3,sil,she'd,208,248,40,52,54,224,236,224,236,0.9328742129850968
t12.2022.05.19,train,vocal,t12.2022.05.19,57,virus infection nothing she'd scream at him,25,S,4,initial,scream,220,256,36,55,56,236,244,236,244,0.8243183295130903
t12.2022.05.19,train,vocal,t12.2022.05.19,57,virus infection nothing she'd scream at him,26,K,4,medial,scream,228,260,32,57,57,244,248,244,248,0.9998114685954709
t12.2022.05.19,train,vocal,t12.2022.05.19,57,virus infection nothing she'd scream at him,27,R,4,medial,scream,232,264,32,58,58,248,252,248,252,0.9996188082013986
t12.2022.05.19,train,vocal,t12.2022.05.19,57,virus infection nothing she'd scream at him,28,IY,4,medial,scream,236,268,32,59,59,252,256,252,256,0.997964853858511
t12.2022.05.19,train,vocal,t12.2022.05.19,57,virus infection nothing she'd scream at him,29,M,4,final,scream,240,272,32,60,60,256,260,256,260,0.9963120761454893
t12.2022.05.19,train,vocal,t12.2022.05.19,57,virus infection nothing she'd scream at him,30,SIL,4,sil,scream,244,284,40,61,63,260,272,260,276,0.880705793637012
t12.2022.05.19,train,vocal,t12.2022.05.19,57,virus infection nothing she'd scream at him,31,AE,5,initial,at,260,292,32,65,65,276,280,276,280,0.9999098027984199
t12.2022.05.19,train,vocal,t12.2022.05.19,57,virus infection nothing she'd scream at him,32,T,5,final,at,264,296,32,66,66,280,284,280,284,0.9993939357987484
t12.2022.05.19,train,vocal,t12.2022.05.19,57,virus infection nothing she'd scream at him,33,SIL,5,sil,at,268,340,72,67,77,284,328,284,328,0.9832479850947643
t12.2022.05.19,train,vocal,t12.2022.05.19,57,virus infection nothing she'd scream at him,34,HH,6,initial,him,312,352,40,78,80,328,340,328,340,0.7155996007988094
t12.2022.05.19,train,vocal,t12.2022.05.19,57,virus infection nothing she'd scream at him,35,IH,6,medial,him,324,360,36,81,82,340,348,340,348,0.8985245860404926
t12.2022.05.19,train,vocal,t12.2022.05.19,57,virus infection nothing she'd scream at him,36,M,6,final,him,332,364,32,83,83,348,352,348,352,0.9993326512265794
t12.2022.05.19,train,vocal,t12.2022.05.19,57,virus infection nothing she'd scream at him,37,SIL,6,sil,him,336,376,40,84,86,352,364,352,364,0.9659026503393274
t12.2022.05.19,train,vocal,t12.2022.05.19,58,later you shall know it better,0,L,0,initial,later,20,52,32,5,5,36,40,16,44,0.9984580937225086
t12.2022.05.19,train,vocal,t12.2022.05.19,58,later you shall know it better,1,EY,0,medial,later,28,60,32,7,7,44,48,44,48,0.9944218112722741
t12.2022.05.19,train,vocal,t12.2022.05.19,58,later you shall know it better,2,T,0,medial,later,32,68,36,8,9,48,56,48,56,0.7333972795208116
t12.2022.05.19,train,vocal,t12.2022.05.19,58,later you shall know it better,3,ER,0,final,later,40,76,36,10,11,56,64,56,64,0.9949430667264973
t12.2022.05.19,train,vocal,t12.2022.05.19,58,later you shall know it better,4,SIL,0,sil,later,48,88,40,12,14,64,76,64,76,0.9920877023352199
t12.2022.05.19,train,vocal,t12.2022.05.19,58,later you shall know it better,5,Y,1,initial,you,60,96,36,15,16,76,84,76,88,0.9999395478224953
t12.2022.05.19,train,vocal,t12.2022.05.19,58,later you shall know it better,6,UW,1,final,you,72,104,32,18,18,88,92,88,96,0.9999780877086473
t12.2022.05.19,train,vocal,t12.2022.05.19,58,later you shall know it better,7,SIL,1,sil,you,80,120,40,20,22,96,108,96,108,0.8584855303180344
t12.2022.05.19,train,vocal,t12.2022.05.19,58,later you shall know it better,8,SH,2,initial,shall,92,124,32,23,23,108,112,108,116,0.9998726213604131
t12.2022.05.19,train,vocal,t12.2022.05.19,58,later you shall know it better,9,AE,2,medial,shall,100,132,32,25,25,116,120,116,120,0.9990599753117246
t12.2022.05.19,train,vocal,t12.2022.05.19,58,later you shall know it better,10,L,2,final,shall,104,140,36,26,27,120,128,120,128,0.7696609357675279
t12.2022.05.19,train,vocal,t12.2022.05.19,58,later you shall know it better,11,SIL,2,sil,shall,112,156,44,28,31,128,144,128,144,0.9617050319351592
t12.2022.05.19,train,vocal,t12.2022.05.19,58,later you shall know it better,12,N,3,initial,know,128,160,32,32,32,144,148,144,152,0.9999522454456327
t12.2022.05.19,train,vocal,t12.2022.05.19,58,later you shall know it better,13,OW,3,final,know,136,168,32,34,34,152,156,152,160,0.9998962692630599
t12.2022.05.19,train,vocal,t12.2022.05.19,58,later you shall know it better,14,SIL,3,sil,know,144,200,56,36,42,160,188,160,196,0.9743542137681125
t12.2022.05.19,train,vocal,t12.2022.05.19,58,later you shall know it better,15,IH,4,initial,it,184,216,32,46,46,200,204,196,204,0.999912480128401
t12.2022.05.19,train,vocal,t12.2022.05.19,58,later you shall know it better,16,T,4,final,it,188,220,32,47,47,204,208,204,208,0.9999993977142744
t12.2022.05.19,train,vocal,t12.2022.05.19,58,later you shall know it better,17,SIL,4,sil,it,192,236,44,48,51,208,224,208,224,0.9867802408129432
t12.2022.05.19,train,vocal,t12.2022.05.19,58,later you shall know it better,18,B,5,initial,better,208,244,36,52,53,224,232,224,236,0.971289845910583
t12.2022.05.19,train,vocal,t12.2022.05.19,58,later you shall know it better,19,EH,5,medial,better,220,252,32,55,55,236,240,236,240,0.9998995393835348
t12.2022.05.19,train,vocal,t12.2022.05.19,58,later you shall know it better,20,T,5,medial,better,224,256,32,56,56,240,244,240,244,0.9998140396243936
t12.2022.05.19,train,vocal,t12.2022.05.19,58,later you shall know it better,21,ER,5,final,better,228,264,36,57,58,244,252,244,252,0.9250086213820315
t12.2022.05.19,train,vocal,t12.2022.05.19,58,later you shall know it better,22,SIL,5,sil,better,236,280,44,59,62,252,268,252,268,0.87912096877955
t12.2022.05.19,train,vocal,t12.2022.05.19,59,then we'd really have someplace to go,0,DH,0,initial,then,40,72,32,10,10,56,60,16,64,0.9999581866658369
t12.2022.05.19,train,vocal,t12.2022.05.19,59,then we'd really have someplace to go,1,EH,0,medial,then,48,80,32,12,12,64,68,64,68,0.9998173655389638
t12.2022.05.19,train,vocal,t12.2022.05.19,59,then we'd really have someplace to go,2,N,0,final,then,52,84,32,13,13,68,72,68,72,0.9999433755052535
t12.2022.05.19,train,vocal,t12.2022.05.19,59,then we'd really have someplace to go,3,SIL,0,sil,then,56,96,40,14,16,72,84,72,84,0.9669280907139238
t12.2022.05.19,train,vocal,t12.2022.05.19,59,then we'd really have someplace to go,4,W,1,initial,we'd,68,104,36,17,18,84,92,84,96,0.9061207994082362
t12.2022.05.19,train,vocal,t12.2022.05.19,59,then we'd really have someplace to go,5,IY,1,medial,we'd,80,112,32,20,20,96,100,96,100,0.9987908156129505
t12.2022.05.19,train,vocal,t12.2022.05.19,59,then we'd really have someplace to go,6,D,1,final,we'd,84,116,32,21,21,100,104,100,104,0.9999911825916026
t12.2022.05.19,train,vocal,t12.2022.05.19,59,then we'd really have someplace to go,7,SIL,1,sil,we'd,88,132,44,22,25,104,120,104,120,0.9271407537666876
t12.2022.05.19,train,vocal,t12.2022.05.19,59,then we'd really have someplace to go,8,R,2,initial,really,104,136,32,26,26,120,124,120,128,0.9999986536211338
t12.2022.05.19,train,vocal,t12.2022.05.19,59,then we'd really have someplace to go,9,IH,2,medial,really,112,144,32,28,28,128,132,128,132,0.9999784106459151
t12.2022.05.19,train,vocal,t12.2022.05.19,59,then we'd really have someplace to go,10,L,2,medial,really,116,156,40,29,31,132,144,132,144,0.8393828339907077
t12.2022.05.19,train,vocal,t12.2022.05.19,59,then we'd really have someplace to go,11,IY,2,final,really,128,164,36,32,33,144,152,144,152,0.9998230639059489
t12.2022.05.19,train,vocal,t12.2022.05.19,59,then we'd really have someplace to go,12,SIL,2,sil,really,136,192,56,34,40,152,180,152,180,0.9707574334911752
t12.2022.05.19,train,vocal,t12.2022.05.19,59,then we'd really have someplace to go,13,HH,3,initial,have,164,200,36,41,42,180,188,180,188,0.999774275696286
t12.2022.05.19,train,vocal,t12.2022.05.19,59,then we'd really have someplace to go,14,AE,3,medial,have,172,204,32,43,43,188,192,188,192,0.9999998201425256
t12.2022.05.19,train,vocal,t12.2022.05.19,59,then we'd really have someplace to go,15,V,3,final,have,176,208,32,44,44,192,196,192,196,0.9999948006498641
t12.2022.05.19,train,vocal,t12.2022.05.19,59,then we'd really have someplace to go,16,SIL,3,sil,have,180,224,44,45,48,196,212,196,212,0.9719727768639168
t12.2022.05.19,train,vocal,t12.2022.05.19,59,then we'd really have someplace to go,17,S,4,initial,someplace,196,232,36,49,50,212,220,212,224,0.8610215370213378
t12.2022.05.19,train,vocal,t12.2022.05.19,59,then we'd really have someplace to go,18,AH,4,medial,someplace,208,240,32,52,52,224,228,224,228,0.9999828212094124
t12.2022.05.19,train,vocal,t12.2022.05.19,59,then we'd really have someplace to go,19,M,4,medial,someplace,212,244,32,53,53,228,232,228,232,0.999771252949773
t12.2022.05.19,train,vocal,t12.2022.05.19,59,then we'd really have someplace to go,20,P,4,medial,someplace,216,256,40,54,56,232,244,232,244,0.9570057090325462
t12.2022.05.19,train,vocal,t12.2022.05.19,59,then we'd really have someplace to go,21,L,4,medial,someplace,228,264,36,57,58,244,252,244,252,0.9964269948785858
t12.2022.05.19,train,vocal,t12.2022.05.19,59,then we'd really have someplace to go,22,EY,4,medial,someplace,236,268,32,59,59,252,256,252,256,0.9981406181681162
t12.2022.05.19,train,vocal,t12.2022.05.19,59,then we'd really have someplace to go,23,S,4,final,someplace,240,276,36,60,61,256,264,256,264,0.7276620845325841
t12.2022.05.19,train,vocal,t12.2022.05.19,59,then we'd really have someplace to go,24,SIL,4,sil,someplace,248,328,80,62,74,264,316,264,316,0.9992643541875499
t12.2022.05.19,train,vocal,t12.2022.05.19,59,then we'd really have someplace to go,25,T,5,initial,to,300,332,32,75,75,316,320,316,324,0.999998887571169
t12.2022.05.19,train,vocal,t12.2022.05.19,59,then we'd really have someplace to go,26,UW,5,final,to,308,340,32,77,77,324,328,324,328,0.9999978478268361
t12.2022.05.19,train,vocal,t12.2022.05.19,59,then we'd really have someplace to go,27,SIL,5,sil,to,312,360,48,78,82,328,348,328,348,0.9773695831893955
t12.2022.05.19,train,vocal,t12.2022.05.19,59,then we'd really have someplace to go,28,G,6,initial,go,332,368,36,83,84,348,356,348,360,0.955012935309215
t12.2022.05.19,train,vocal,t12.2022.05.19,59,then we'd really have someplace to go,29,OW,6,final,go,344,376,32,86,86,360,364,360,364,0.9999994638326596
t12.2022.05.19,train,vocal,t12.2022.05.19,59,then we'd really have someplace to go,30,SIL,6,sil,go,348,392,44,87,90,364,380,364,380,0.9624716563184835
t12.2022.05.19,train,vocal,t12.2022.05.19,60,the side ones are a half-inch narrower,0,DH,0,initial,the,60,92,32,15,15,76,80,16,84,0.9998618874758983
t12.2022.05.19,train,vocal,t12.2022.05.19,60,the side ones are a half-inch narrower,1,AH,0,final,the,68,100,32,17,17,84,88,84,92,0.9999976344770649
t12.2022.05.19,train,vocal,t12.2022.05.19,60,the side ones are a half-inch narrower,2,SIL,0,sil,the,76,116,40,19,21,92,104,92,104,0.9998611711188202
t12.2022.05.19,train,vocal,t12.2022.05.19,60,the side ones are a half-inch narrower,3,S,1,initial,side,88,124,36,22,23,104,112,104,116,0.9618417204663259
t12.2022.05.19,train,vocal,t12.2022.05.19,60,the side ones are a half-inch narrower,4,AY,1,medial,side,104,136,32,26,26,120,124,116,124,0.9999235466990944
t12.2022.05.19,train,vocal,t12.2022.05.19,60,the side ones are a half-inch narrower,5,D,1,final,side,108,144,36,27,28,124,132,124,132,0.9935980931441452
t12.2022.05.19,train,vocal,t12.2022.05.19,60,the side ones are a half-inch narrower,6,SIL,1,sil,side,116,156,40,29,31,132,144,132,144,0.9007007344601837
t12.2022.05.19,train,vocal,t12.2022.05.19,60,the side ones are a half-inch narrower,7,W,2,initial,ones,128,160,32,32,32,144,148,144,152,0.9996881135647941
t12.2022.05.19,train,vocal,t12.2022.05.19,60,the side ones are a half-inch narrower,8,AH,2,medial,ones,140,172,32,35,35,156,160,152,160,0.9993729069305131
t12.2022.05.19,train,vocal,t12.2022.05.19,60,the side ones are a half-inch narrower,9,N,2,medial,ones,144,176,32,36,36,160,164,160,164,0.9997483113103167
t12.2022.05.19,train,vocal,t12.2022.05.19,60,the side ones are a half-inch narrower,10,Z,2,final,ones,148,184,36,37,38,164,172,164,172,0.9955723060221564
t12.2022.05.19,train,vocal,t12.2022.05.19,60,the side ones are a half-inch narrower,11,SIL,2,sil,ones,156,204,48,39,43,172,192,172,196,0.9622166839422652
t12.2022.05.19,train,vocal,t12.2022.05.19,60,the side ones are a half-inch narrower,12,AA,3,initial,are,184,216,32,46,46,200,204,196,204,0.9999888842316752
t12.2022.05.19,train,vocal,t12.2022.05.19,60,the side ones are a half-inch narrower,13,R,3,final,are,188,220,32,47,47,204,208,204,208,0.9999392737106132
t12.2022.05.19,train,vocal,t12.2022.05.19,60,the side ones are a half-inch narrower,14,SIL,3,sil,are,192,236,44,48,51,208,224,208,228,0.9977835315211765
t12.2022.05.19,train,vocal,t12.2022.05.19,60,the side ones are a half-inch narrower,15,AH,4,single,a,216,252,36,54,55,232,240,228,240,0.8495739809963427
t12.2022.05.19,train,vocal,t12.2022.05.19,60,the side ones are a half-inch narrower,16,SIL,4,sil,a,224,276,52,56,61,240,264,240,264,0.9999288234818778
t12.2022.05.19,train,vocal,t12.2022.05.19,60,the side ones are a half-inch narrower,17,HH,5,initial,half-inch,248,284,36,62,63,264,272,264,276,0.9787975531182627
t12.2022.05.19,train,vocal,t12.2022.05.19,60,the side ones are a half-inch narrower,18,AE,5,medial,half-inch,264,296,32,66,66,280,284,276,284,0.9986947738197313
t12.2022.05.19,train,vocal,t12.2022.05.19,60,the side ones are a half-inch narrower,19,F,5,medial,half-inch,268,304,36,67,68,284,292,284,296,0.8488571500319355
t12.2022.05.19,train,vocal,t12.2022.05.19,60,the side ones are a half-inch narrower,20,L,5,medial,half-inch,284,324,40,71,73,300,312,296,312,0.9571596307296093
t12.2022.05.19,train,vocal,t12.2022.05.19,60,the side ones are a half-inch narrower,21,IH,5,medial,half-inch,296,328,32,74,74,312,316,312,316,0.9979520148169945
t12.2022.05.19,train,vocal,t12.2022.05.19,60,the side ones are a half-inch narrower,22,N,5,medial,half-inch,300,332,32,75,75,316,320,316,320,0.9847459783258082
t12.2022.05.19,train,vocal,t12.2022.05.19,60,the side ones are a half-inch narrower,23,CH,5,final,half-inch,304,340,36,76,77,320,328,320,328,0.998022160869327
t12.2022.05.19,train,vocal,t12.2022.05.19,60,the side ones are a half-inch narrower,24,SIL,5,sil,half-inch,312,352,40,78,80,328,340,328,340,0.989333117322419
t12.2022.05.19,train,vocal,t12.2022.05.19,60,the side ones are a half-inch narrower,25,N,6,initial,narrower,324,360,36,81,82,340,348,340,352,0.8726645007172267
t12.2022.05.19,train,vocal,t12.2022.05.19,60,the side ones are a half-inch narrower,26,EH,6,medial,narrower,336,368,32,84,84,352,356,352,356,0.9995118828868905
t12.2022.05.19,train,vocal,t12.2022.05.19,60,the side ones are a half-inch narrower,27,R,6,medial,narrower,340,372,32,85,85,356,360,356,364,0.9995644796646629
t12.2022.05.19,train,vocal,t12.2022.05.19,60,the side ones are a half-inch narrower,28,OW,6,medial,narrower,348,384,36,87,88,364,372,364,372,0.9195692237186401
t12.2022.05.19,train,vocal,t12.2022.05.19,60,the side ones are a half-inch narrower,29,ER,6,final,narrower,356,388,32,89,89,372,376,372,376,0.9843835734821632
t12.2022.05.19,train,vocal,t12.2022.05.19,60,the side ones are a half-inch narrower,30,SIL,6,sil,narrower,360,416,56,90,96,376,404,376,404,0.9854141691807927
t12.2022.05.19,train,vocal,t12.2022.05.19,61,biblical scholars argue history,0,B,0,initial,biblical,44,76,32,11,11,60,64,16,68,0.9998260292289439
t12.2022.05.19,train,vocal,t12.2022.05.19,61,biblical scholars argue history,1,IH,0,medial,biblical,52,84,32,13,13,68,72,68,72,0.9857196144451579
t12.2022.05.19,train,vocal,t12.2022.05.19,61,biblical scholars argue history,2,B,0,medial,biblical,56,92,36,14,15,72,80,72,80,0.8639483329506654
t12.2022.05.19,train,vocal,t12.2022.05.19,61,biblical scholars argue history,3,L,0,medial,biblical,64,96,32,16,16,80,84,80,84,0.976627402770831
t12.2022.05.19,train,vocal,t12.2022.05.19,61,biblical scholars argue history,4,AH,0,medial,biblical,68,104,36,17,18,84,92,84,92,0.8291502736135556
t12.2022.05.19,train,vocal,t12.2022.05.19,61,biblical scholars argue history,5,K,0,medial,biblical,76,116,40,19,21,92,104,92,104,0.9091585620611881
t12.2022.05.19,train,vocal,t12.2022.05.19,61,biblical scholars argue history,6,AH,0,medial,biblical,88,128,40,22,24,104,116,104,116,0.887085018521999
t12.2022.05.19,train,vocal,t12.2022.05.19,61,biblical scholars argue history,7,L,0,final,biblical,100,136,36,25,26,116,124,116,124,0.9854458070207184
t12.2022.05.19,train,vocal,t12.2022.05.19,61,biblical scholars argue history,8,SIL,0,sil,biblical,108,144,36,27,28,124,132,124,132,0.8782410383225188
t12.2022.05.19,train,vocal,t12.2022.05.19,61,biblical scholars argue history,9,S,1,initial,scholars,116,152,36,29,30,132,140,132,140,0.7569229497218359
t12.2022.05.19,train,vocal,t12.2022.05.19,61,biblical scholars argue history,10,K,1,medial,scholars,124,156,32,31,31,140,144,140,148,0.9991089711952034
t12.2022.05.19,train,vocal,t12.2022.05.19,61,biblical scholars argue history,11,AA,1,medial,scholars,132,164,32,33,33,148,152,148,152,0.9947255020185752
t12.2022.05.19,train,vocal,t12.2022.05.19,61,biblical scholars argue history,12,L,1,medial,scholars,136,172,36,34,35,152,160,152,160,0.99946818812979
t12.2022.05.19,train,vocal,t12.2022.05.19,61,biblical scholars argue history,13,ER,1,medial,scholars,144,180,36,36,37,160,168,160,168,0.971260947150766
t12.2022.05.19,train,vocal,t12.2022.05.19,61,biblical scholars argue history,14,Z,1,final,scholars,152,192,40,38,40,168,180,168,180,0.9011130463571413
t12.2022.05.19,train,vocal,t12.2022.05.19,61,biblical scholars argue history,15,SIL,1,sil,scholars,164,196,32,41,41,180,184,180,188,0.9636451660371131
t12.2022.05.19,train,vocal,t12.2022.05.19,61,biblical scholars argue history,16,AA,2,initial,argue,176,208,32,44,44,192,196,188,196,0.9999039231197122
t12.2022.05.19,train,vocal,t12.2022.05.19,61,biblical scholars argue history,17,R,2,medial,argue,180,212,32,45,45,196,200,196,200,0.9980484148015533
t12.2022.05.19,train,vocal,t12.2022.05.19,61,biblical scholars argue history,18,G,2,medial,argue,184,220,36,46,47,200,208,200,208,0.8824211805411396
t12.2022.05.19,train,vocal,t12.2022.05.19,61,biblical scholars argue history,19,Y,2,medial,argue,192,228,36,48,49,208,216,208,216,0.9988107783706175
t12.2022.05.19,train,vocal,t12.2022.05.19,61,biblical scholars argue history,20,UW,2,final,argue,200,236,36,50,51,216,224,216,224,0.9794528802960651
t12.2022.05.19,train,vocal,t12.2022.05.19,61,biblical scholars argue history,21,SIL,2,sil,argue,208,264,56,52,58,224,252,224,252,0.9977626187262427
t12.2022.05.19,train,vocal,t12.2022.05.19,61,biblical scholars argue history,22,HH,3,initial,history,236,272,36,59,60,252,260,252,264,0.7659890314999889
t12.2022.05.19,train,vocal,t12.2022.05.19,61,biblical scholars argue history,23,IH,3,medial,history,248,280,32,62,62,264,268,264,268,0.9998854551849563
t12.2022.05.19,train,vocal,t12.2022.05.19,61,biblical scholars argue history,24,S,3,medial,history,252,284,32,63,63,268,272,268,272,0.9999912782723845
t12.2022.05.19,train,vocal,t12.2022.05.19,61,biblical scholars argue history,25,T,3,medial,history,256,292,36,64,65,272,280,272,280,0.974229567022557
t12.2022.05.19,train,vocal,t12.2022.05.19,61,biblical scholars argue history,26,ER,3,medial,history,264,300,36,66,67,280,288,280,288,0.9989836358739049
t12.2022.05.19,train,vocal,t12.2022.05.19,61,biblical scholars argue history,27,IY,3,final,history,272,308,36,68,69,288,296,288,296,0.9985602213891782
t12.2022.05.19,train,vocal,t12.2022.05.19,61,biblical scholars argue history,28,SIL,3,sil,history,280,324,44,70,73,296,312,296,312,0.9426842138726617
t12.2022.05.19,train,vocal,t12.2022.05.19,62,then off again rushing to keep up,0,DH,0,initial,then,24,60,36,6,7,40,48,16,48,0.8678395282558775
t12.2022.05.19,train,vocal,t12.2022.05.19,62,then off again rushing to keep up,1,EH,0,medial,then,32,64,32,8,8,48,52,48,52,0.999870666785878
t12.2022.05.19,train,vocal,t12.2022.05.19,62,then off again rushing to keep up,2,N,0,final,then,36,72,36,9,10,52,60,52,60,0.9502720098378369
t12.2022.05.19,train,vocal,t12.2022.05.19,62,then off again rushing to keep up,3,SIL,0,sil,then,44,84,40,11,13,60,72,60,76,0.9929045706392751
t12.2022.05.19,train,vocal,t12.2022.05.19,62,then off again rushing to keep up,4,AO,1,initial,off,64,96,32,16,16,80,84,76,84,0.9999655436293976
t12.2022.05.19,train,vocal,t12.2022.05.19,62,then off again rushing to keep up,5,F,1,final,off,68,100,32,17,17,84,88,84,88,0.9998008154607
t12.2022.05.19,train,vocal,t12.2022.05.19,62,then off again rushing to keep up,6,SIL,1,sil,off,72,112,40,18,20,88,100,88,100,0.7978180444746523
t12.2022.05.19,train,vocal,t12.2022.05.19,62,then off again rushing to keep up,7,AH,2,initial,again,84,120,36,21,22,100,108,100,108,0.9593133137854866
t12.2022.05.19,train,vocal,t12.2022.05.19,62,then off again rushing to keep up,8,G,2,medial,again,92,124,32,23,23,108,112,108,116,0.99969430736881
t12.2022.05.19,train,vocal,t12.2022.05.19,62,then off again rushing to keep up,9,EH,2,medial,again,100,136,36,25,26,116,124,116,124,0.9974253648190665
t12.2022.05.19,train,vocal,t12.2022.05.19,62,then off again rushing to keep up,10,N,2,final,again,108,144,36,27,28,124,132,124,132,0.9900685819805899
t12.2022.05.19,train,vocal,t12.2022.05.19,62,then off again rushing to keep up,11,SIL,2,sil,again,116,168,52,29,34,132,156,132,156,0.9979850425695304
t12.2022.05.19,train,vocal,t12.2022.05.19,62,then off again rushing to keep up,12,R,3,initial,rushing,140,172,32,35,35,156,160,156,164,0.999924509703523
t12.2022.05.19,train,vocal,t12.2022.05.19,62,then off again rushing to keep up,13,AH,3,medial,rushing,148,184,36,37,38,164,172,164,172,0.7851284471979261
t12.2022.05.19,train,vocal,t12.2022.05.19,62,then off again rushing to keep up,14,SH,3,medial,rushing,156,192,36,39,40,172,180,172,180,0.8762393916732099
t12.2022.05.19,train,vocal,t12.2022.05.19,62,then off again rushing to keep up,15,IH,3,medial,rushing,164,196,32,41,41,180,184,180,184,0.9996660730214453
t12.2022.05.19,train,vocal,t12.2022.05.19,62,then off again rushing to keep up,16,NG,3,final,rushing,168,204,36,42,43,184,192,184,192,0.9314213091360062
t12.2022.05.19,train,vocal,t12.2022.05.19,62,then off again rushing to keep up,17,SIL,3,sil,rushing,176,212,36,44,45,192,200,192,200,0.9897748676273899
t12.2022.05.19,train,vocal,t12.2022.05.19,62,then off again rushing to keep up,18,T,4,initial,to,184,216,32,46,46,200,204,200,204,0.9999915651218516
t12.2022.05.19,train,vocal,t12.2022.05.19,62,then off again rushing to keep up,19,UW,4,final,to,188,220,32,47,47,204,208,204,208,0.9999997045519471
t12.2022.05.19,train,vocal,t12.2022.05.19,62,then off again rushing to keep up,20,SIL,4,sil,to,192,236,44,48,51,208,224,208,224,0.9551332049737311
t12.2022.05.19,train,vocal,t12.2022.05.19,62,then off again rushing to keep up,21,K,5,initial,keep,208,240,32,52,52,224,228,224,232,0.9989470334321112
t12.2022.05.19,train,vocal,t12.2022.05.19,62,then off again rushing to keep up,22,IY,5,medial,keep,220,252,32,55,55,236,240,232,240,0.9998966825015491
t12.2022.05.19,train,vocal,t12.2022.05.19,62,then off again rushing to keep up,23,P,5,final,keep,224,260,36,56,57,240,248,240,248,0.929508811064407
t12.2022.05.19,train,vocal,t12.2022.05.19,62,then off again rushing to keep up,24,SIL,5,sil,keep,232,276,44,58,61,248,264,248,272,0.9946257283132979
t12.2022.05.19,train,vocal,t12.2022.05.19,62,then off again rushing to keep up,25,AH,6,initial,up,264,296,32,66,66,280,284,272,284,0.9996571593955499
t12.2022.05.19,train,vocal,t12.2022.05.19,62,then off again rushing to keep up,26,P,6,final,up,268,300,32,67,67,284,288,284,288,0.9999557055637297
t12.2022.05.19,train,vocal,t12.2022.05.19,62,then off again rushing to keep up,27,SIL,6,sil,up,272,312,40,68,70,288,300,288,300,0.9998802695035872
t12.2022.05.19,train,vocal,t12.2022.05.19,63,attaching visuals to the controllers,0,AH,0,initial,attaching,32,68,36,8,9,48,56,16,56,0.8013076047763434
t12.2022.05.19,train,vocal,t12.2022.05.19,63,attaching visuals to the controllers,1,T,0,medial,attaching,40,76,36,10,11,56,64,56,68,0.9693581661768105
t12.2022.05.19,train,vocal,t12.2022.05.19,63,attaching visuals to the controllers,2,AE,0,medial,attaching,52,84,32,13,13,68,72,68,72,0.9978855763727909
t12.2022.05.19,train,vocal,t12.2022.05.19,63,attaching visuals to the controllers,3,CH,0,medial,attaching,56,92,36,14,15,72,80,72,84,0.9986347499512491
t12.2022.05.19,train,vocal,t12.2022.05.19,63,attaching visuals to the controllers,4,IH,0,medial,attaching,68,100,32,17,17,84,88,84,88,0.9997927631081442
t12.2022.05.19,train,vocal,t12.2022.05.19,63,attaching visuals to the controllers,5,NG,0,final,attaching,72,108,36,18,19,88,96,88,96,0.959791064311786
t12.2022.05.19,train,vocal,t12.2022.05.19,63,attaching visuals to the controllers,6,SIL,0,sil,attaching,80,116,36,20,21,96,104,96,104,0.9992984425552893
t12.2022.05.19,train,vocal,t12.2022.05.19,63,attaching visuals to the controllers,7,V,1,initial,visuals,88,120,32,22,22,104,108,104,112,0.9997251258315161
t12.2022.05.19,train,vocal,t12.2022.05.19,63,attaching visuals to the controllers,8,IH,1,medial,visuals,96,128,32,24,24,112,116,112,116,0.9999405121179774
t12.2022.05.19,train,vocal,t12.2022.05.19,63,attaching visuals to the controllers,9,ZH,1,medial,visuals,100,132,32,25,25,116,120,116,124,0.997541308629112
t12.2022.05.19,train,vocal,t12.2022.05.19,63,attaching visuals to the controllers,10,W,1,medial,visuals,108,144,36,27,28,124,132,124,132,0.9989527555283662
t12.2022.05.19,train,vocal,t12.2022.05.19,63,attaching visuals to the controllers,11,AH,1,medial,visuals,116,152,36,29,30,132,140,132,140,0.8831377551808364
t12.2022.05.19,train,vocal,t12.2022.05.19,63,attaching visuals to the controllers,12,L,1,medial,visuals,124,156,32,31,31,140,144,140,144,0.9898036823800151
t12.2022.05.19,train,vocal,t12.2022.05.19,63,attaching visuals to the controllers,13,Z,1,final,visuals,128,164,36,32,33,144,152,144,152,0.97697974565462
t12.2022.05.19,train,vocal,t12.2022.05.19,63,attaching visuals to the controllers,14,SIL,1,sil,visuals,136,188,52,34,39,152,176,152,176,0.9928168343214603
t12.2022.05.19,train,vocal,t12.2022.05.19,63,attaching visuals to the controllers,15,T,2,initial,to,160,192,32,40,40,176,180,176,184,0.9999852511030295
t12.2022.05.19,train,vocal,t12.2022.05.19,63,attaching visuals to the controllers,16,UW,2,final,to,168,200,32,42,42,184,188,184,188,0.9999990288683959
t12.2022.05.19,train,vocal,t12.2022.05.19,63,attaching visuals to the controllers,17,SIL,2,sil,to,172,220,48,43,47,188,208,188,208,0.9477653491345406
t12.2022.05.19,train,vocal,t12.2022.05.19,63,attaching visuals to the controllers,18,DH,3,initial,the,192,224,32,48,48,208,212,208,212,0.9999946833482329
t12.2022.05.19,train,vocal,t12.2022.05.19,63,attaching visuals to the controllers,19,AH,3,final,the,196,232,36,49,50,212,220,212,220,0.9301181492914564
t12.2022.05.19,train,vocal,t12.2022.05.19,63,attaching visuals to the controllers,20,SIL,3,sil,the,204,248,44,51,54,220,236,220,236,0.9868457302989184
t12.2022.05.19,train,vocal,t12.2022.05.19,63,attaching visuals to the controllers,21,K,4,initial,controllers,220,252,32,55,55,236,240,236,240,0.9999609672483828
t12.2022.05.19,train,vocal,t12.2022.05.19,63,attaching visuals to the controllers,22,AH,4,medial,controllers,224,256,32,56,56,240,244,240,244,0.9964907091308562
t12.2022.05.19,train,vocal,t12.2022.05.19,63,attaching visuals to the controllers,23,N,4,medial,controllers,228,260,32,57,57,244,248,244,248,0.99957037828872
t12.2022.05.19,train,vocal,t12.2022.05.19,63,attaching visuals to the controllers,24,T,4,medial,controllers,232,264,32,58,58,248,252,248,252,0.9752981992445726
t12.2022.05.19,train,vocal,t12.2022.05.19,63,attaching visuals to the controllers,25,R,4,medial,controllers,236,272,36,59,60,252,260,252,264,0.8493756227528446
t12.2022.05.19,train,vocal,t12.2022.05.19,63,attaching visuals to the controllers,26,OW,4,medial,controllers,248,280,32,62,62,264,268,264,268,0.9788967883819524
t12.2022.05.19,train,vocal,t12.2022.05.19,63,attaching visuals to the controllers,27,L,4,medial,controllers,252,284,32,63,63,268,272,268,272,0.9985235685950253
t12.2022.05.19,train,vocal,t12.2022.05.19,63,attaching visuals to the controllers,28,ER,4,medial,controllers,256,292,36,64,65,272,280,272,280,0.9352114637988723
t12.2022.05.19,train,vocal,t12.2022.05.19,63,attaching visuals to the controllers,29,Z,4,final,controllers,264,300,36,66,67,280,288,280,288,0.9388078281072662
t12.2022.05.19,train,vocal,t12.2022.05.19,63,attaching visuals to the controllers,30,SIL,4,sil,controllers,272,320,48,68,72,288,308,288,308,0.9998824950448133
t12.2022.05.19,train,vocal,t12.2022.05.19,64,turbulent tides rose as much as fifty feet,0,T,0,initial,turbulent,72,104,32,18,18,88,92,16,96,0.997453576723193
t12.2022.05.19,train,vocal,t12.2022.05.19,64,turbulent tides rose as much as fifty feet,1,ER,0,medial,turbulent,80,116,36,20,21,96,104,96,104,0.8884332404356139
t12.2022.05.19,train,vocal,t12.2022.05.19,64,turbulent tides rose as much as fifty feet,2,B,0,medial,turbulent,88,120,32,22,22,104,108,104,108,0.9991244948725685
t12.2022.05.19,train,vocal,t12.2022.05.19,64,turbulent tides rose as much as fifty feet,3,Y,0,medial,turbulent,92,124,32,23,23,108,112,108,112,0.9986222313140788
t12.2022.05.19,train,vocal,t12.2022.05.19,64,turbulent tides rose as much as fifty feet,4,AH,0,medial,turbulent,96,128,32,24,24,112,116,112,116,0.9957567298075217
t12.2022.05.19,train,vocal,t12.2022.05.19,64,turbulent tides rose as much as fifty feet,5,L,0,medial,turbulent,100,136,36,25,26,116,124,116,124,0.7887881964230454
t12.2022.05.19,train,vocal,t12.2022.05.19,64,turbulent tides rose as much as fifty feet,6,AH,0,medial,turbulent,108,144,36,27,28,124,132,124,132,0.9978516968131834
t12.2022.05.19,train,vocal,t12.2022.05.19,64,turbulent tides rose as much as fifty feet,7,N,0,medial,turbulent,116,148,32,29,29,132,136,132,136,0.9924081410434542
t12.2022.05.19,train,vocal,t12.2022.05.19,64,turbulent tides rose as much as fifty feet,8,T,0,final,turbulent,120,156,36,30,31,136,144,136,144,0.9912434354815418
t12.2022.05.19,train,vocal,t12.2022.05.19,64,turbulent tides rose as much as fifty feet,9,SIL,0,sil,turbulent,128,164,36,32,33,144,152,144,152,0.9950861733413536
t12.2022.05.19,train,vocal,t12.2022.05.19,64,turbulent tides rose as much as fifty feet,10,T,1,initial,tides,136,168,32,34,34,152,156,152,160,0.998050479751758
t12.2022.05.19,train,vocal,t12.2022.05.19,64,turbulent tides rose as much as fifty feet,11,AY,1,medial,tides,148,180,32,37,37,164,168,160,168,0.9999962444253071
t12.2022.05.19,train,vocal,t12.2022.05.19,64,turbulent tides rose as much as fifty feet,12,D,1,medial,tides,152,188,36,38,39,168,176,168,176,0.9814272735010504
t12.2022.05.19,train,vocal,t12.2022.05.19,64,turbulent tides rose as much as fifty feet,13,Z,1,final,tides,160,196,36,40,41,176,184,176,184,0.986091848289743
t12.2022.05.19,train,vocal,t12.2022.05.19,64,turbulent tides rose as much as fifty feet,14,SIL,1,sil,tides,168,204,36,42,43,184,192,184,192,0.9708062355467686
t12.2022.05.19,train,vocal,t12.2022.05.19,64,turbulent tides rose as much as fifty feet,15,R,2,initial,rose,176,212,36,44,45,192,200,192,204,0.8002764508552886
t12.2022.05.19,train,vocal,t12.2022.05.19,64,turbulent tides rose as much as fifty feet,16,OW,2,medial,rose,188,220,32,47,47,204,208,204,208,0.9990852315430145
t12.2022.05.19,train,vocal,t12.2022.05.19,64,turbulent tides rose as much as fifty feet,17,Z,2,final,rose,192,228,36,48,49,208,216,208,216,0.9947162713968359
t12.2022.05.19,train,vocal,t12.2022.05.19,64,turbulent tides rose as much as fifty feet,18,SIL,2,sil,rose,200,236,36,50,51,216,224,216,232,0.9110200798481005
t12.2022.05.19,train,vocal,t12.2022.05.19,64,turbulent tides rose as much as fifty feet,19,AE,3,initial,as,220,252,32,55,55,236,240,232,240,0.9999809186104655
t12.2022.05.19,train,vocal,t12.2022.05.19,64,turbulent tides rose as much as fifty feet,20,Z,3,final,as,224,256,32,56,56,240,244,240,244,0.9999995801090793
t12.2022.05.19,train,vocal,t12.2022.05.19,64,turbulent tides rose as much as fifty feet,21,SIL,3,sil,as,228,280,52,57,62,244,268,244,268,0.9888891324432986
t12.2022.05.19,train,vocal,t12.2022.05.19,64,turbulent tides rose as much as fifty feet,22,M,4,initial,much,252,284,32,63,63,268,272,268,276,0.9999989579780766
t12.2022.05.19,train,vocal,t12.2022.05.19,64,turbulent tides rose as much as fifty feet,23,AH,4,medial,much,260,292,32,65,65,276,280,276,280,0.999994971515699
t12.2022.05.19,train,vocal,t12.2022.05.19,64,turbulent tides rose as much as fifty feet,24,CH,4,final,much,264,300,36,66,67,280,288,280,288,0.9677254503806915
t12.2022.05.19,train,vocal,t12.2022.05.19,64,turbulent tides rose as much as fifty feet,25,SIL,4,sil,much,272,312,40,68,70,288,300,288,304,0.9999215307790085
t12.2022.05.19,train,vocal,t12.2022.05.19,64,turbulent tides rose as much as fifty feet,26,AE,5,initial,as,292,324,32,73,73,308,312,304,312,0.9999951427575682
t12.2022.05.19,train,vocal,t12.2022.05.19,64,turbulent tides rose as much as fifty feet,27,Z,5,final,as,296,328,32,74,74,312,316,312,316,0.9999928612057865
t12.2022.05.19,train,vocal,t12.2022.05.19,64,turbulent tides rose as much as fifty feet,28,SIL,5,sil,as,300,352,52,75,80,316,340,316,340,0.991952171430475
t12.2022.05.19,train,vocal,t12.2022.05.19,64,turbulent tides rose as much as fifty feet,29,F,6,initial,fifty,324,356,32,81,81,340,344,340,348,0.9999950945258956
t12.2022.05.19,train,vocal,t12.2022.05.19,64,turbulent tides rose as much as fifty feet,30,IH,6,medial,fifty,332,368,36,83,84,348,356,348,356,0.9121054024394311
t12.2022.05.19,train,vocal,t12.2022.05.19,64,turbulent tides rose as much as fifty feet,31,F,6,medial,fifty,340,372,32,85,85,356,360,356,360,0.9998209077048255
t12.2022.05.19,train,vocal,t12.2022.05.19,64,turbulent tides rose as much as fifty feet,32,T,6,medial,fifty,344,380,36,86,87,360,368,360,368,0.9908566982861882
t12.2022.05.19,train,vocal,t12.2022.05.19,64,turbulent tides rose as much as fifty feet,33,IY,6,final,fifty,352,388,36,88,89,368,376,368,376,0.773237949319804
t12.2022.05.19,train,vocal,t12.2022.05.19,64,turbulent tides rose as much as fifty feet,34,SIL,6,sil,fifty,360,408,48,90,94,376,396,376,396,0.9882722658989753
t12.2022.05.19,train,vocal,t12.2022.05.19,64,turbulent tides rose as much as fifty feet,35,F,7,initial,feet,380,412,32,95,95,396,400,396,404,0.9999815959947919
t12.2022.05.19,train,vocal,t12.2022.05.19,64,turbulent tides rose as much as fifty feet,36,IY,7,medial,feet,392,424,32,98,98,408,412,404,412,0.9988035528060816
t12.2022.05.19,train,vocal,t12.2022.05.19,64,turbulent tides rose as much as fifty feet,37,T,7,final,feet,396,428,32,99,99,412,416,412,416,0.9999884213103398
t12.2022.05.19,train,vocal,t12.2022.05.19,64,turbulent tides rose as much as fifty feet,38,SIL,7,sil,feet,400,456,56,100,106,416,444,416,444,0.9704429963283919
t12.2022.05.19,train,vocal,t12.2022.05.19,65,she can decrease the number of temptations,0,SH,0,initial,she,52,84,32,13,13,68,72,16,72,0.9995131150299389
t12.2022.05.19,train,vocal,t12.2022.05.19,65,she can decrease the number of temptations,1,IY,0,final,she,56,88,32,14,14,72,76,72,80,0.999960750387163
t12.2022.05.19,train,vocal,t12.2022.05.19,65,she can decrease the number of temptations,2,SIL,0,sil,she,64,100,36,16,17,80,88,80,88,0.9908430134368622
t12.2022.05.19,train,vocal,t12.2022.05.19,65,she can decrease the number of temptations,3,K,1,initial,can,72,108,36,18,19,88,96,88,96,0.9937286361691904
t12.2022.05.19,train,vocal,t12.2022.05.19,65,she can decrease the number of temptations,4,AE,1,medial,can,80,112,32,20,20,96,100,96,100,0.9999833549833869
t12.2022.05.19,train,vocal,t12.2022.05.19,65,she can decrease the number of temptations,5,N,1,final,can,84,116,32,21,21,100,104,100,104,0.9999302852475023
t12.2022.05.19,train,vocal,t12.2022.05.19,65,she can decrease the number of temptations,6,SIL,1,sil,can,88,128,40,22,24,104,116,104,116,0.998825951222122
t12.2022.05.19,train,vocal,t12.2022.05.19,65,she can decrease the number of temptations,7,D,2,initial,decrease,100,132,32,25,25,116,120,116,124,0.9943674768489561
t12.2022.05.19,train,vocal,t12.2022.05.19,65,she can decrease the number of temptations,8,IH,2,medial,decrease,108,140,32,27,27,124,128,124,128,0.9994077512483721
t12.2022.05.19,train,vocal,t12.2022.05.19,65,she can decrease the number of temptations,9,K,2,medial,decrease,112,144,32,28,28,128,132,128,132,0.9909461738835393
t12.2022.05.19,train,vocal,t12.2022.05.19,65,she can decrease the number of temptations,10,R,2,medial,decrease,116,152,36,29,30,132,140,132,140,0.8548575172122396
t12.2022.05.19,train,vocal,t12.2022.05.19,65,she can decrease the number of temptations,11,IY,2,medial,decrease,124,160,36,31,32,140,148,140,148,0.9738832882716715
t12.2022.05.19,train,vocal,t12.2022.05.19,65,she can decrease the number of temptations,12,S,2,final,decrease,132,168,36,33,34,148,156,148,156,0.9636633276688229
t12.2022.05.19,train,vocal,t12.2022.05.19,65,she can decrease the number of temptations,13,SIL,2,sil,decrease,140,196,56,35,41,156,184,156,188,0.9673739282477466
t12.2022.05.19,train,vocal,t12.2022.05.19,65,she can decrease the number of temptations,14,DH,3,initial,the,176,212,36,44,45,192,200,188,200,0.9047897402496239
t12.2022.05.19,train,vocal,t12.2022.05.19,65,she can decrease the number of temptations,15,AH,3,final,the,184,216,32,46,46,200,204,200,204,0.9999989383429608
t12.2022.05.19,train,vocal,t12.2022.05.19,65,she can decrease the number of temptations,16,SIL,3,sil,the,188,232,44,47,50,204,220,204,220,0.9143886216833637
t12.2022.05.19,train,vocal,t12.2022.05.19,65,she can decrease the number of temptations,17,N,4,initial,number,204,236,32,51,51,220,224,220,228,0.9998596814307903
t12.2022.05.19,train,vocal,t12.2022.05.19,65,she can decrease the number of temptations,18,AH,4,medial,number,216,248,32,54,54,232,236,228,236,0.9998366871469354
t12.2022.05.19,train,vocal,t12.2022.05.19,65,she can decrease the number of temptations,19,M,4,medial,number,220,252,32,55,55,236,240,236,240,0.9896477703936926
t12.2022.05.19,train,vocal,t12.2022.05.19,65,she can decrease the number of temptations,20,B,4,medial,number,224,264,40,56,58,240,252,240,252,0.7526641592964074
t12.2022.05.19,train,vocal,t12.2022.05.19,65,she can decrease the number of temptations,21,ER,4,final,number,236,272,36,59,60,252,260,252,260,0.8403499311802549
t12.2022.05.19,train,vocal,t12.2022.05.19,65,she can decrease the number of temptations,22,SIL,4,sil,number,244,288,44,61,64,260,276,260,284,0.9983190008157719
t12.2022.05.19,train,vocal,t12.2022.05.19,65,she can decrease the number of temptations,23,AH,5,initial,of,272,304,32,68,68,288,292,284,292,0.9999971880899768
t12.2022.05.19,train,vocal,t12.2022.05.19,65,she can decrease the number of temptations,24,V,5,final,of,276,308,32,69,69,292,296,292,296,0.9999829992767664
t12.2022.05.19,train,vocal,t12.2022.05.19,65,she can decrease the number of temptations,25,SIL,5,sil,of,280,332,52,70,75,296,320,296,320,0.9957604782871255
t12.2022.05.19,train,vocal,t12.2022.05.19,65,she can decrease the number of temptations,26,T,6,initial,temptations,304,336,32,76,76,320,324,320,328,0.9998295240516287
t12.2022.05.19,train,vocal,t12.2022.05.19,65,she can decrease the number of temptations,27,EH,6,medial,temptations,316,348,32,79,79,332,336,328,336,0.9983310994257215
t12.2022.05.19,train,vocal,t12.2022.05.19,65,she can decrease the number of temptations,28,M,6,medial,temptations,320,356,36,80,81,336,344,336,348,0.9132708148068165
t12.2022.05.19,train,vocal,t12.2022.05.19,65,she can decrease the number of temptations,29,T,6,medial,temptations,336,372,36,84,85,352,360,348,364,0.9892708806481727
t12.2022.05.19,train,vocal,t12.2022.05.19,65,she can decrease the number of temptations,30,EY,6,medial,temptations,352,384,32,88,88,368,372,364,372,0.9996648091807635
t12.2022.05.19,train,vocal,t12.2022.05.19,65,she can decrease the number of temptations,31,SH,6,medial,temptations,356,396,40,89,91,372,384,372,384,0.854664075443133
t12.2022.05.19,train,vocal,t12.2022.05.19,65,she can decrease the number of temptations,32,AH,6,medial,temptations,368,404,36,92,93,384,392,384,392,0.999247261135906
t12.2022.05.19,train,vocal,t12.2022.05.19,65,she can decrease the number of temptations,33,N,6,medial,temptations,376,408,32,94,94,392,396,392,396,0.9999888323960836
t12.2022.05.19,train,vocal,t12.2022.05.19,65,she can decrease the number of temptations,34,Z,6,final,temptations,380,416,36,95,96,396,404,396,404,0.9953712579657684
t12.2022.05.19,train,vocal,t12.2022.05.19,65,she can decrease the number of temptations,35,SIL,6,sil,temptations,388,436,48,97,101,404,424,404,424,0.9949919077432909
t12.2022.05.19,train,vocal,t12.2022.05.19,66,merely to satisfy the author's curiosity,0,M,0,initial,merely,36,72,36,9,10,52,60,16,60,0.8769822003436043
t12.2022.05.19,train,vocal,t12.2022.05.19,66,merely to satisfy the author's curiosity,1,IH,0,medial,merely,44,76,32,11,11,60,64,60,64,0.9958904919351423
t12.2022.05.19,train,vocal,t12.2022.05.19,66,merely to satisfy the author's curiosity,2,R,0,medial,merely,48,80,32,12,12,64,68,64,68,0.9946739489032415
t12.2022.05.19,train,vocal,t12.2022.05.19,66,merely to satisfy the author's curiosity,3,L,0,medial,merely,52,92,40,13,15,68,80,68,80,0.8852325379940015
t12.2022.05.19,train,vocal,t12.2022.05.19,66,merely to satisfy the author's curiosity,4,IY,0,final,merely,64,100,36,16,17,80,88,80,88,0.8828844730056009
t12.2022.05.19,train,vocal,t12.2022.05.19,66,merely to satisfy the author's curiosity,5,SIL,0,sil,merely,72,104,32,18,18,88,92,88,92,0.9993595621963985
t12.2022.05.19,train,vocal,t12.2022.05.19,66,merely to satisfy the author's curiosity,6,T,1,initial,to,76,108,32,19,19,92,96,92,100,0.999980227372212
t12.2022.05.19,train,vocal,t12.2022.05.19,66,merely to satisfy the author's curiosity,7,UW,1,final,to,84,116,32,21,21,100,104,100,104,0.9999915799858221
t12.2022.05.19,train,vocal,t12.2022.05.19,66,merely to satisfy the author's curiosity,8,SIL,1,sil,to,88,132,44,22,25,104,120,104,120,0.9001203139726
t12.2022.05.19,train,vocal,t12.2022.05.19,66,merely to satisfy the author's curiosity,9,S,2,initial,satisfy,104,136,32,26,26,120,124,120,128,0.998723670649633
t12.2022.05.19,train,vocal,t12.2022.05.19,66,merely to satisfy the author's curiosity,10,AE,2,medial,satisfy,112,144,32,28,28,128,132,128,132,0.9958431737514186
t12.2022.05.19,train,vocal,t12.2022.05.19,66,merely to satisfy the author's curiosity,11,T,2,medial,satisfy,116,148,32,29,29,132,136,132,136,0.9962043900378227
t12.2022.05.19,train,vocal,t12.2022.05.19,66,merely to satisfy the author's curiosity,12,AH,2,medial,satisfy,120,152,32,30,30,136,140,136,140,0.9835138069816627
t12.2022.05.19,train,vocal,t12.2022.05.19,66,merely to satisfy the author's curiosity,13,S,2,medial,satisfy,124,160,36,31,32,140,148,140,148,0.818408084788853
t12.2022.05.19,train,vocal,t12.2022.05.19,66,merely to satisfy the author's curiosity,14,F,2,medial,satisfy,132,168,36,33,34,148,156,148,156,0.8205404986120601
t12.2022.05.19,train,vocal,t12.2022.05.19,66,merely to satisfy the author's curiosity,15,AY,2,final,satisfy,140,176,36,35,36,156,164,156,164,0.9785781262182226
t12.2022.05.19,train,vocal,t12.2022.05.19,66,merely to satisfy the author's curiosity,16,SIL,2,sil,satisfy,148,200,52,37,42,164,188,164,188,0.9981562350089476
t12.2022.05.19,train,vocal,t12.2022.05.19,66,merely to satisfy the author's curiosity,17,DH,3,initial,the,172,208,36,43,44,188,196,188,196,0.9949914362581812
t12.2022.05.19,train,vocal,t12.2022.05.19,66,merely to satisfy the author's curiosity,18,AH,3,final,the,180,212,32,45,45,196,200,196,200,0.99999981188212
t12.2022.05.19,train,vocal,t12.2022.05.19,66,merely to satisfy the author's curiosity,19,SIL,3,sil,the,184,224,40,46,48,200,212,200,220,0.8389317992113389
t12.2022.05.19,train,vocal,t12.2022.05.19,66,merely to satisfy the author's curiosity,20,AO,4,initial,author's,208,240,32,52,52,224,228,220,228,0.9949038441379813
t12.2022.05.19,train,vocal,t12.2022.05.19,66,merely to satisfy the author's curiosity,21,TH,4,medial,author's,212,248,36,53,54,228,236,228,236,0.998273594399181
t12.2022.05.19,train,vocal,t12.2022.05.19,66,merely to satisfy the author's curiosity,22,ER,4,medial,author's,220,260,40,55,57,236,248,236,248,0.8960936324803654
t12.2022.05.19,train,vocal,t12.2022.05.19,66,merely to satisfy the author's curiosity,23,Z,4,final,author's,232,264,32,58,58,248,252,248,252,0.9989841302853582
t12.2022.05.19,train,vocal,t12.2022.05.19,66,merely to satisfy the author's curiosity,24,SIL,4,sil,author's,236,300,64,59,67,252,288,252,288,0.9893775646325695
t12.2022.05.19,train,vocal,t12.2022.05.19,66,merely to satisfy the author's curiosity,25,K,5,initial,curiosity,272,304,32,68,68,288,292,288,292,0.999237906019947
t12.2022.05.19,train,vocal,t12.2022.05.19,66,merely to satisfy the author's curiosity,26,Y,5,medial,curiosity,276,308,32,69,69,292,296,292,296,0.999684119469219
t12.2022.05.19,train,vocal,t12.2022.05.19,66,merely to satisfy the author's curiosity,27,UH,5,medial,curiosity,280,316,36,70,71,296,304,296,304,0.8770973773099684
t12.2022.05.19,train,vocal,t12.2022.05.19,66,merely to satisfy the author's curiosity,28,R,5,medial,curiosity,288,320,32,72,72,304,308,304,308,0.998632509707722
t12.2022.05.19,train,vocal,t12.2022.05.19,66,merely to satisfy the author's curiosity,29,IY,5,medial,curiosity,292,328,36,73,74,308,316,308,324,0.974545532548823
t12.2022.05.19,train,vocal,t12.2022.05.19,66,merely to satisfy the author's curiosity,30,AA,5,medial,curiosity,312,344,32,78,78,328,332,324,332,0.9993330397467
t12.2022.05.19,train,vocal,t12.2022.05.19,66,merely to satisfy the author's curiosity,31,S,5,medial,curiosity,316,352,36,79,80,332,340,332,340,0.7545406656253244
t12.2022.05.19,train,vocal,t12.2022.05.19,66,merely to satisfy the author's curiosity,32,AH,5,medial,curiosity,324,360,36,81,82,340,348,340,348,0.9952669069927788
t12.2022.05.19,train,vocal,t12.2022.05.19,66,merely to satisfy the author's curiosity,33,T,5,medial,curiosity,332,368,36,83,84,348,356,348,356,0.9916578386070591
t12.2022.05.19,train,vocal,t12.2022.05.19,66,merely to satisfy the author's curiosity,34,IY,5,final,curiosity,340,376,36,85,86,356,364,356,364,0.8986483860964971
t12.2022.05.19,train,vocal,t12.2022.05.19,66,merely to satisfy the author's curiosity,35,SIL,5,sil,curiosity,348,392,44,87,90,364,380,364,380,0.9999909938082969
t12.2022.05.19,train,vocal,t12.2022.05.19,67,this will prevent flat falls and toe injuries,0,DH,0,initial,this,32,64,32,8,8,48,52,16,56,0.9999019765844118
t12.2022.05.19,train,vocal,t12.2022.05.19,67,this will prevent flat falls and toe injuries,1,IH,0,medial,this,40,72,32,10,10,56,60,56,60,0.9999947201947871
t12.2022.05.19,train,vocal,t12.2022.05.19,67,this will prevent flat falls and toe injuries,2,S,0,final,this,44,80,36,11,12,60,68,60,68,0.868779057691015
t12.2022.05.19,train,vocal,t12.2022.05.19,67,this will prevent flat falls and toe injuries,3,SIL,0,sil,this,52,92,40,13,15,68,80,68,80,0.8369039942866476
t12.2022.05.19,train,vocal,t12.2022.05.19,67,this will prevent flat falls and toe injuries,4,W,1,initial,will,64,96,32,16,16,80,84,80,88,0.9999896474398274
t12.2022.05.19,train,vocal,t12.2022.05.19,67,this will prevent flat falls and toe injuries,5,IH,1,medial,will,72,104,32,18,18,88,92,88,92,0.9999756591988701
t12.2022.05.19,train,vocal,t12.2022.05.19,67,this will prevent flat falls and toe injuries,6,L,1,final,will,76,112,36,19,20,92,100,92,100,0.7902316610258973
t12.2022.05.19,train,vocal,t12.2022.05.19,67,this will prevent flat falls and toe injuries,7,SIL,1,sil,will,84,124,40,21,23,100,112,100,112,0.9986308583203615
t12.2022.05.19,train,vocal,t12.2022.05.19,67,this will prevent flat falls and toe injuries,8,P,2,initial,prevent,96,128,32,24,24,112,116,112,116,0.9989636871558653
t12.2022.05.19,train,vocal,t12.2022.05.19,67,this will prevent flat falls and toe injuries,9,R,2,medial,prevent,100,132,32,25,25,116,120,116,120,0.9907910384570664
t12.2022.05.19,train,vocal,t12.2022.05.19,67,this will prevent flat falls and toe injuries,10,IH,2,medial,prevent,104,136,32,26,26,120,124,120,124,0.9963535731530826
t12.2022.05.19,train,vocal,t12.2022.05.19,67,this will prevent flat falls and toe injuries,11,V,2,medial,prevent,108,144,36,27,28,124,132,124,136,0.907543351465306
t12.2022.05.19,train,vocal,t12.2022.05.19,67,this will prevent flat falls and toe injuries,12,EH,2,medial,prevent,120,156,36,30,31,136,144,136,144,0.9902979968202331
t12.2022.05.19,train,vocal,t12.2022.05.19,67,this will prevent flat falls and toe injuries,13,N,2,medial,prevent,128,160,32,32,32,144,148,144,148,0.9999245546105011
t12.2022.05.19,train,vocal,t12.2022.05.19,67,this will prevent flat falls and toe injuries,14,T,2,final,prevent,132,168,36,33,34,148,156,148,156,0.9868849899273021
t12.2022.05.19,train,vocal,t12.2022.05.19,67,this will prevent flat falls and toe injuries,15,SIL,2,sil,prevent,140,196,56,35,41,156,184,156,184,0.991907169115552
t12.2022.05.19,train,vocal,t12.2022.05.19,67,this will prevent flat falls and toe injuries,16,F,3,initial,flat,168,200,32,42,42,184,188,184,188,0.9993180534179539
t12.2022.05.19,train,vocal,t12.2022.05.19,67,this will prevent flat falls and toe injuries,17,L,3,medial,flat,172,208,36,43,44,188,196,188,196,0.9861500175890188
t12.2022.05.19,train,vocal,t12.2022.05.19,67,this will prevent flat falls and toe injuries,18,AE,3,medial,flat,180,212,32,45,45,196,200,196,200,0.9997366409949949
t12.2022.05.19,train,vocal,t12.2022.05.19,67,this will prevent flat falls and toe injuries,19,T,3,final,flat,184,220,36,46,47,200,208,200,208,0.9969268368813154
t12.2022.05.19,train,vocal,t12.2022.05.19,67,this will prevent flat falls and toe injuries,20,SIL,3,sil,flat,192,236,44,48,51,208,224,208,224,0.9871479248073516
t12.2022.05.19,train,vocal,t12.2022.05.19,67,this will prevent flat falls and toe injuries,21,F,4,initial,falls,208,240,32,52,52,224,228,224,232,0.9996366303743012
t12.2022.05.19,train,vocal,t12.2022.05.19,67,this will prevent flat falls and toe injuries,22,AO,4,medial,falls,220,252,32,55,55,236,240,232,240,0.9994518446522401
t12.2022.05.19,train,vocal,t12.2022.05.19,67,this will prevent flat falls and toe injuries,23,L,4,medial,falls,224,256,32,56,56,240,244,240,244,0.9999358253435154
t12.2022.05.19,train,vocal,t12.2022.05.19,67,this will prevent flat falls and toe injuries,24,Z,4,final,falls,228,264,36,57,58,244,252,244,252,0.9792374552195489
t12.2022.05.19,train,vocal,t12.2022.05.19,67,this will prevent flat falls and toe injuries,25,SIL,4,sil,falls,236,272,36,59,60,252,260,252,264,0.9450555281319248
t12.2022.05.19,train,vocal,t12.2022.05.19,67,this will prevent flat falls and toe injuries,26,AH,5,initial,and,252,284,32,63,63,268,272,264,272,0.9999890917263523
t12.2022.05.19,train,vocal,t12.2022.05.19,67,this will prevent flat falls and toe injuries,27,N,5,medial,and,256,288,32,64,64,272,276,272,276,0.9999677636133696
t12.2022.05.19,train,vocal,t12.2022.05.19,67,this will prevent flat falls and toe injuries,28,D,5,final,and,260,296,36,65,66,276,284,276,284,0.9988583526270479
t12.2022.05.19,train,vocal,t12.2022.05.19,67,this will prevent flat falls and toe injuries,29,SIL,5,sil,and,268,316,48,67,71,284,304,284,304,0.9837662162870469
t12.2022.05.19,train,vocal,t12.2022.05.19,67,this will prevent flat falls and toe injuries,30,T,6,initial,toe,288,320,32,72,72,304,308,304,316,0.9988354389039793
t12.2022.05.19,train,vocal,t12.2022.05.19,67,this will prevent flat falls and toe injuries,31,OW,6,final,toe,304,336,32,76,76,320,324,316,328,0.9996325811396534
t12.2022.05.19,train,vocal,t12.2022.05.19,67,this will prevent flat falls and toe injuries,32,SIL,6,sil,toe,312,356,44,78,81,328,344,328,352,0.9952989482326727
t12.2022.05.19,train,vocal,t12.2022.05.19,67,this will prevent flat falls and toe injuries,33,IH,7,initial,injuries,340,372,32,85,85,356,360,352,360,0.9971108265564115
t12.2022.05.19,train,vocal,t12.2022.05.19,67,this will prevent flat falls and toe injuries,34,N,7,medial,injuries,344,376,32,86,86,360,364,360,364,0.9999666227697234
t12.2022.05.19,train,vocal,t12.2022.05.19,67,this will prevent flat falls and toe injuries,35,JH,7,medial,injuries,348,380,32,87,87,364,368,364,368,0.9988759677787012
t12.2022.05.19,train,vocal,t12.2022.05.19,67,this will prevent flat falls and toe injuries,36,ER,7,medial,injuries,352,392,40,88,90,368,380,368,380,0.9311622960583515
t12.2022.05.19,train,vocal,t12.2022.05.19,67,this will prevent flat falls and toe injuries,37,IY,7,medial,injuries,364,400,36,91,92,380,388,380,388,0.9838170502696122
t12.2022.05.19,train,vocal,t12.2022.05.19,67,this will prevent flat falls and toe injuries,38,Z,7,final,injuries,372,404,32,93,93,388,392,388,392,0.9988143533067634
t12.2022.05.19,train,vocal,t12.2022.05.19,67,this will prevent flat falls and toe injuries,39,SIL,7,sil,injuries,376,424,48,94,98,392,412,392,412,0.9602790740073994
t12.2022.05.19,train,vocal,t12.2022.05.19,68,a bullet she answered,0,AH,0,single,a,28,60,32,7,7,44,48,16,48,0.9998927836020117
t12.2022.05.19,train,vocal,t12.2022.05.19,68,a bullet she answered,1,SIL,0,sil,a,32,76,44,8,11,48,64,48,64,0.9487074552782826
t12.2022.05.19,train,vocal,t12.2022.05.19,68,a bullet she answered,2,B,1,initial,bullet,48,80,32,12,12,64,68,64,72,0.9999337418064693
t12.2022.05.19,train,vocal,t12.2022.05.19,68,a bullet she answered,3,UH,1,medial,bullet,56,88,32,14,14,72,76,72,76,0.9983780607406019
t12.2022.05.19,train,vocal,t12.2022.05.19,68,a bullet she answered,4,L,1,medial,bullet,60,96,36,15,16,76,84,76,84,0.9724468391713808
t12.2022.05.19,train,vocal,t12.2022.05.19,68,a bullet she answered,5,AH,1,medial,bullet,68,104,36,17,18,84,92,84,92,0.9966039243320532
t12.2022.05.19,train,vocal,t12.2022.05.19,68,a bullet she answered,6,T,1,final,bullet,76,112,36,19,20,92,100,92,100,0.9103387387073218
t12.2022.05.19,train,vocal,t12.2022.05.19,68,a bullet she answered,7,SIL,1,sil,bullet,84,124,40,21,23,100,112,100,112,0.999841759680366
t12.2022.05.19,train,vocal,t12.2022.05.19,68,a bullet she answered,8,SH,2,initial,she,96,128,32,24,24,112,116,112,120,0.9999559772617044
t12.2022.05.19,train,vocal,t12.2022.05.19,68,a bullet she answered,9,IY,2,final,she,104,136,32,26,26,120,124,120,128,0.9999991780323902
t12.2022.05.19,train,vocal,t12.2022.05.19,68,a bullet she answered,10,SIL,2,sil,she,112,152,40,28,30,128,140,128,144,0.8408464014727205
t12.2022.05.19,train,vocal,t12.2022.05.19,68,a bullet she answered,11,AE,3,initial,answered,132,164,32,33,33,148,152,144,152,0.9993162321082154
t12.2022.05.19,train,vocal,t12.2022.05.19,68,a bullet she answered,12,N,3,medial,answered,136,168,32,34,34,152,156,152,156,0.9999800913209946
t12.2022.05.19,train,vocal,t12.2022.05.19,68,a bullet she answered,13,S,3,medial,answered,140,180,40,35,37,156,168,156,168,0.8372949046504633
t12.2022.05.19,train,vocal,t12.2022.05.19,68,a bullet she answered,14,ER,3,medial,answered,152,188,36,38,39,168,176,168,176,0.8855806726818543
t12.2022.05.19,train,vocal,t12.2022.05.19,68,a bullet she answered,15,D,3,final,answered,160,192,32,40,40,176,180,176,180,0.9998988016708925
t12.2022.05.19,train,vocal,t12.2022.05.19,68,a bullet she answered,16,SIL,3,sil,answered,164,216,52,41,46,180,204,180,204,0.9825544834178298
t12.2022.05.19,train,vocal,t12.2022.05.19,69,oval face without an expression in the world,0,OW,0,initial,oval,24,56,32,6,6,40,44,16,44,0.9975034812598949
t12.2022.05.19,train,vocal,t12.2022.05.19,69,oval face without an expression in the world,1,V,0,medial,oval,28,64,36,7,8,44,52,44,52,0.9708107294361019
t12.2022.05.19,train,vocal,t12.2022.05.19,69,oval face without an expression in the world,2,AH,0,medial,oval,36,68,32,9,9,52,56,52,56,0.9985341909802365
t12.2022.05.19,train,vocal,t12.2022.05.19,69,oval face without an expression in the world,3,L,0,final,oval,40,76,36,10,11,56,64,56,64,0.9791266744582543
t12.2022.05.19,train,vocal,t12.2022.05.19,69,oval face without an expression in the world,4,SIL,0,sil,oval,48,80,32,12,12,64,68,64,68,0.9833307639605533
t12.2022.05.19,train,vocal,t12.2022.05.19,69,oval face without an expression in the world,5,F,1,initial,face,52,88,36,13,14,68,76,68,80,0.9787248577112949
t12.2022.05.19,train,vocal,t12.2022.05.19,69,oval face without an expression in the world,6,EY,1,medial,face,68,100,32,17,17,84,88,80,88,0.9980275632097254
t12.2022.05.19,train,vocal,t12.2022.05.19,69,oval face without an expression in the world,7,S,1,final,face,72,108,36,18,19,88,96,88,96,0.98910836890613
t12.2022.05.19,train,vocal,t12.2022.05.19,69,oval face without an expression in the world,8,SIL,1,sil,face,80,144,64,20,28,96,132,96,132,0.9912333148296236
t12.2022.05.19,train,vocal,t12.2022.05.19,69,oval face without an expression in the world,9,W,2,initial,without,116,148,32,29,29,132,136,132,140,0.9999911887705647
t12.2022.05.19,train,vocal,t12.2022.05.19,69,oval face without an expression in the world,10,IH,2,medial,without,124,156,32,31,31,140,144,140,144,0.9999692493459822
t12.2022.05.19,train,vocal,t12.2022.05.19,69,oval face without an expression in the world,11,TH,2,medial,without,128,164,36,32,33,144,152,144,156,0.9962085405789629
t12.2022.05.19,train,vocal,t12.2022.05.19,69,oval face without an expression in the world,12,AW,2,medial,without,144,176,32,36,36,160,164,156,164,0.9999866933519046
t12.2022.05.19,train,vocal,t12.2022.05.19,69,oval face without an expression in the world,13,T,2,final,without,148,184,36,37,38,164,172,164,172,0.9839734569365388
t12.2022.05.19,train,vocal,t12.2022.05.19,69,oval face without an expression in the world,14,SIL,2,sil,without,156,192,36,39,40,172,180,172,184,0.9956447909067316
t12.2022.05.19,train,vocal,t12.2022.05.19,69,oval face without an expression in the world,15,AE,3,initial,an,172,204,32,43,43,188,192,184,192,0.9999363616910638
t12.2022.05.19,train,vocal,t12.2022.05.19,69,oval face without an expression in the world,16,N,3,final,an,176,208,32,44,44,192,196,192,196,0.9999741920973502
t12.2022.05.19,train,vocal,t12.2022.05.19,69,oval face without an expression in the world,17,SIL,3,sil,an,180,220,40,45,47,196,208,196,212,0.9985437087772326
t12.2022.05.19,train,vocal,t12.2022.05.19,69,oval face without an expression in the world,18,IH,4,initial,expression,200,232,32,50,50,216,220,212,220,0.9891222795448774
t12.2022.05.19,train,vocal,t12.2022.05.19,69,oval face without an expression in the world,19,K,4,medial,expression,204,236,32,51,51,220,224,220,224,0.9999539138554477
t12.2022.05.19,train,vocal,t12.2022.05.19,69,oval face without an expression in the world,20,S,4,medial,expression,208,240,32,52,52,224,228,224,228,0.9999715831058752
t12.2022.05.19,train,vocal,t12.2022.05.19,69,oval face without an expression in the world,21,P,4,medial,expression,212,248,36,53,54,228,236,228,236,0.9254805859062069
t12.2022.05.19,train,vocal,t12.2022.05.19,69,oval face without an expression in the world,22,R,4,medial,expression,220,252,32,55,55,236,240,236,240,0.9949668166571465
t12.2022.05.19,train,vocal,t12.2022.05.19,69,oval face without an expression in the world,23,EH,4,medial,expression,224,256,32,56,56,240,244,240,244,0.9958104561140322
t12.2022.05.19,train,vocal,t12.2022.05.19,69,oval face without an expression in the world,24,SH,4,medial,expression,228,264,36,57,58,244,252,244,252,0.9969293185995132
t12.2022.05.19,train,vocal,t12.2022.05.19,69,oval face without an expression in the world,25,AH,4,medial,expression,236,276,40,59,61,252,264,252,264,0.8322116065482378
t12.2022.05.19,train,vocal,t12.2022.05.19,69,oval face without an expression in the world,26,N,4,final,expression,248,280,32,62,62,264,268,264,268,0.999942476890094
t12.2022.05.19,train,vocal,t12.2022.05.19,69,oval face without an expression in the world,27,SIL,4,sil,expression,252,296,44,63,66,268,284,268,288,0.9767766031250065
t12.2022.05.19,train,vocal,t12.2022.05.19,69,oval face without an expression in the world,28,IH,5,initial,in,276,308,32,69,69,292,296,288,296,0.999996611851733
t12.2022.05.19,train,vocal,t12.2022.05.19,69,oval face without an expression in the world,29,N,5,final,in,280,312,32,70,70,296,300,296,300,0.9999921617967353
t12.2022.05.19,train,vocal,t12.2022.05.19,69,oval face without an expression in the world,30,SIL,5,sil,in,284,328,44,71,74,300,316,300,316,0.9540494659564254
t12.2022.05.19,train,vocal,t12.2022.05.19,69,oval face without an expression in the world,31,DH,6,initial,the,300,332,32,75,75,316,320,316,324,0.9999988522305834
t12.2022.05.19,train,vocal,t12.2022.05.19,69,oval face without an expression in the world,32,AH,6,final,the,308,340,32,77,77,324,328,324,328,0.9999999738724727
t12.2022.05.19,train,vocal,t12.2022.05.19,69,oval face without an expression in the world,33,SIL,6,sil,the,312,360,48,78,82,328,348,328,348,0.9072027417612579
t12.2022.05.19,train,vocal,t12.2022.05.19,69,oval face without an expression in the world,34,W,7,initial,world,332,364,32,83,83,348,352,348,356,0.9998328075236136
t12.2022.05.19,train,vocal,t12.2022.05.19,69,oval face without an expression in the world,35,ER,7,medial,world,340,372,32,85,85,356,360,356,360,0.9998956544725022
t12.2022.05.19,train,vocal,t12.2022.05.19,69,oval face without an expression in the world,36,L,7,medial,world,344,380,36,86,87,360,368,360,368,0.9882633002539474
t12.2022.05.19,train,vocal,t12.2022.05.19,69,oval face without an expression in the world,37,D,7,final,world,352,388,36,88,89,368,376,368,376,0.9940227810734502
t12.2022.05.19,train,vocal,t12.2022.05.19,69,oval face without an expression in the world,38,SIL,7,sil,world,360,408,48,90,94,376,396,376,396,0.9991136070754404
t12.2022.05.19,train,vocal,t12.2022.05.19,70,suddenly she was very mysterious and dramatic,0,S,0,initial,suddenly,20,56,36,5,6,36,44,16,48,0.9894009997594387
t12.2022.05.19,train,vocal,t12.2022.05.19,70,suddenly she was very mysterious and dramatic,1,AH,0,medial,suddenly,32,64,32,8,8,48,52,48,52,0.9957293650593886
t12.2022.05.19,train,vocal,t12.2022.05.19,70,suddenly she was very mysterious and dramatic,2,D,0,medial,suddenly,36,68,32,9,9,52,56,52,56,0.9995596382187681
t12.2022.05.19,train,vocal,t12.2022.05.19,70,suddenly she was very mysterious and dramatic,3,AH,0,medial,suddenly,40,76,36,10,11,56,64,56,64,0.9800405786814317
t12.2022.05.19,train,vocal,t12.2022.05.19,70,suddenly she was very mysterious and dramatic,4,N,0,medial,suddenly,48,84,36,12,13,64,72,64,72,0.8483808329397023
t12.2022.05.19,train,vocal,t12.2022.05.19,70,suddenly she was very mysterious and dramatic,5,L,0,medial,suddenly,56,88,32,14,14,72,76,72,76,0.9998072182049311
t12.2022.05.19,train,vocal,t12.2022.05.19,70,suddenly she was very mysterious and dramatic,6,IY,0,final,suddenly,60,96,36,15,16,76,84,76,84,0.9399116610716918
t12.2022.05.19,train,vocal,t12.2022.05.19,70,suddenly she was very mysterious and dramatic,7,SIL,0,sil,suddenly,68,104,36,17,18,84,92,84,92,0.9598106108178523
t12.2022.05.19,train,vocal,t12.2022.05.19,70,suddenly she was very mysterious and dramatic,8,SH,1,initial,she,76,108,32,19,19,92,96,92,100,0.9999847623926739
t12.2022.05.19,train,vocal,t12.2022.05.19,70,suddenly she was very mysterious and dramatic,9,IY,1,final,she,84,116,32,21,21,100,104,100,108,0.9999979151158727
t12.2022.05.19,train,vocal,t12.2022.05.19,70,suddenly she was very mysterious and dramatic,10,SIL,1,sil,she,92,132,40,23,25,108,120,108,120,0.9991609507132343
t12.2022.05.19,train,vocal,t12.2022.05.19,70,suddenly she was very mysterious and dramatic,11,W,2,initial,was,104,140,36,26,27,120,128,120,132,0.9071029875903273
t12.2022.05.19,train,vocal,t12.2022.05.19,70,suddenly she was very mysterious and dramatic,12,AA,2,medial,was,116,148,32,29,29,132,136,132,136,0.999997724141472
t12.2022.05.19,train,vocal,t12.2022.05.19,70,suddenly she was very mysterious and dramatic,13,Z,2,final,was,120,152,32,30,30,136,140,136,140,0.9999903275931453
t12.2022.05.19,train,vocal,t12.2022.05.19,70,suddenly she was very mysterious and dramatic,14,SIL,2,sil,was,124,168,44,31,34,140,156,140,156,0.9849276093736674
t12.2022.05.19,train,vocal,t12.2022.05.19,70,suddenly she was very mysterious and dramatic,15,V,3,initial,very,140,172,32,35,35,156,160,156,164,0.9999985500363809
t12.2022.05.19,train,vocal,t12.2022.05.19,70,suddenly she was very mysterious and dramatic,16,EH,3,medial,very,148,180,32,37,37,164,168,164,168,0.9999979877285241
t12.2022.05.19,train,vocal,t12.2022.05.19,70,suddenly she was very mysterious and dramatic,17,R,3,medial,very,152,184,32,38,38,168,172,168,172,0.9999889458028354
t12.2022.05.19,train,vocal,t12.2022.05.19,70,suddenly she was very mysterious and dramatic,18,IY,3,final,very,156,192,36,39,40,172,180,172,180,0.9971766547226746
t12.2022.05.19,train,vocal,t12.2022.05.19,70,suddenly she was very mysterious and dramatic,19,SIL,3,sil,very,164,228,64,41,49,180,216,180,220,0.9847568077407262
t12.2022.05.19,train,vocal,t12.2022.05.19,70,suddenly she was very mysterious and dramatic,20,M,4,initial,mysterious,204,236,32,51,51,220,224,220,228,0.9999289710638638
t12.2022.05.19,train,vocal,t12.2022.05.19,70,suddenly she was very mysterious and dramatic,21,IH,4,medial,mysterious,212,244,32,53,53,228,232,228,232,0.9991699805218385
t12.2022.05.19,train,vocal,t12.2022.05.19,70,suddenly she was very mysterious and dramatic,22,S,4,medial,mysterious,216,248,32,54,54,232,236,232,236,0.997832228893824
t12.2022.05.19,train,vocal,t12.2022.05.19,70,suddenly she was very mysterious and dramatic,23,T,4,medial,mysterious,220,256,36,55,56,236,244,236,248,0.9699089027131023
t12.2022.05.19,train,vocal,t12.2022.05.19,70,suddenly she was very mysterious and dramatic,24,IH,4,medial,mysterious,232,264,32,58,58,248,252,248,252,0.9994481450742674
t12.2022.05.19,train,vocal,t12.2022.05.19,70,suddenly she was very mysterious and dramatic,25,R,4,medial,mysterious,236,268,32,59,59,252,256,252,256,0.9976004294824444
t12.2022.05.19,train,vocal,t12.2022.05.19,70,suddenly she was very mysterious and dramatic,26,IY,4,medial,mysterious,240,276,36,60,61,256,264,256,264,0.985587150225435
t12.2022.05.19,train,vocal,t12.2022.05.19,70,suddenly she was very mysterious and dramatic,27,AH,4,medial,mysterious,248,284,36,62,63,264,272,264,272,0.8585419221094164
t12.2022.05.19,train,vocal,t12.2022.05.19,70,suddenly she was very mysterious and dramatic,28,S,4,final,mysterious,256,292,36,64,65,272,280,272,280,0.9461273526693721
t12.2022.05.19,train,vocal,t12.2022.05.19,70,suddenly she was very mysterious and dramatic,29,SIL,4,sil,mysterious,264,300,36,66,67,280,288,280,292,0.9962632913123269
t12.2022.05.19,train,vocal,t12.2022.05.19,70,suddenly she was very mysterious and dramatic,30,AH,5,initial,and,280,312,32,70,70,296,300,292,300,0.9999998097452076
t12.2022.05.19,train,vocal,t12.2022.05.19,70,suddenly she was very mysterious and dramatic,31,N,5,medial,and,284,316,32,71,71,300,304,300,304,0.9999964508445198
t12.2022.05.19,train,vocal,t12.2022.05.19,70,suddenly she was very mysterious and dramatic,32,D,5,final,and,288,324,36,72,73,304,312,304,312,0.9986436879144798
t12.2022.05.19,train,vocal,t12.2022.05.19,70,suddenly she was very mysterious and dramatic,33,SIL,5,sil,and,296,356,60,74,81,312,344,312,356,0.9987840037855453
t12.2022.05.19,train,vocal,t12.2022.05.19,70,suddenly she was very mysterious and dramatic,34,D,6,initial,dramatic,348,380,32,87,87,364,368,356,368,0.9915867233428894
t12.2022.05.19,train,vocal,t12.2022.05.19,70,suddenly she was very mysterious and dramatic,35,R,6,medial,dramatic,352,384,32,88,88,368,372,368,372,0.9989235921198867
t12.2022.05.19,train,vocal,t12.2022.05.19,70,suddenly she was very mysterious and dramatic,36,AH,6,medial,dramatic,356,388,32,89,89,372,376,372,376,0.9901973481893716
t12.2022.05.19,train,vocal,t12.2022.05.19,70,suddenly she was very mysterious and dramatic,37,M,6,medial,dramatic,360,400,40,90,92,376,388,376,392,0.8801161428051679
t12.2022.05.19,train,vocal,t12.2022.05.19,70,suddenly she was very mysterious and dramatic,38,AE,6,medial,dramatic,376,412,36,94,95,392,400,392,400,0.9969109810509617
t12.2022.05.19,train,vocal,t12.2022.05.19,70,suddenly she was very mysterious and dramatic,39,T,6,medial,dramatic,384,416,32,96,96,400,404,400,404,0.9997280585230575
t12.2022.05.19,train,vocal,t12.2022.05.19,70,suddenly she was very mysterious and dramatic,40,IH,6,medial,dramatic,388,424,36,97,98,404,412,404,412,0.9868252376969455
t12.2022.05.19,train,vocal,t12.2022.05.19,70,suddenly she was very mysterious and dramatic,41,K,6,final,dramatic,396,428,32,99,99,412,416,412,416,0.9998731458012767
t12.2022.05.19,train,vocal,t12.2022.05.19,70,suddenly she was very mysterious and dramatic,42,SIL,6,sil,dramatic,400,440,40,100,102,416,428,416,428,0.9969687248884643
t12.2022.05.19,train,vocal,t12.2022.05.19,71,bring me the firecrackers,0,B,0,initial,bring,56,92,36,14,15,72,80,16,80,0.984382880155416
t12.2022.05.19,train,vocal,t12.2022.05.19,71,bring me the firecrackers,1,R,0,medial,bring,64,96,32,16,16,80,84,80,84,0.9985333985238168
t12.2022.05.19,train,vocal,t12.2022.05.19,71,bring me the firecrackers,2,IH,0,medial,bring,68,100,32,17,17,84,88,84,88,0.9956961238282097
t12.2022.05.19,train,vocal,t12.2022.05.19,71,bring me the firecrackers,3,NG,0,final,bring,72,108,36,18,19,88,96,88,96,0.929679249810077
t12.2022.05.19,train,vocal,t12.2022.05.19,71,bring me the firecrackers,4,SIL,0,sil,bring,80,124,44,20,23,96,112,96,112,0.9946253468263004
t12.2022.05.19,train,vocal,t12.2022.05.19,71,bring me the firecrackers,5,M,1,initial,me,96,132,36,24,25,112,120,112,124,0.9556412678365453
t12.2022.05.19,train,vocal,t12.2022.05.19,71,bring me the firecrackers,6,IY,1,final,me,108,140,32,27,27,124,128,124,128,0.9995554344224374
t12.2022.05.19,train,vocal,t12.2022.05.19,71,bring me the firecrackers,7,SIL,1,sil,me,112,156,44,28,31,128,144,128,144,0.9473778185093596
t12.2022.05.19,train,vocal,t12.2022.05.19,71,bring me the firecrackers,8,DH,2,initial,the,128,164,36,32,33,144,152,144,152,0.9684249478128328
t12.2022.05.19,train,vocal,t12.2022.05.19,71,bring me the firecrackers,9,AH,2,final,the,136,172,36,34,35,152,160,152,160,0.7918785536108499
t12.2022.05.19,train,vocal,t12.2022.05.19,71,bring me the firecrackers,10,SIL,2,sil,the,144,200,56,36,42,160,188,160,188,0.9988971101545124
t12.2022.05.19,train,vocal,t12.2022.05.19,71,bring me the firecrackers,11,F,3,initial,firecrackers,172,204,32,43,43,188,192,188,196,0.9995503960823933
t12.2022.05.19,train,vocal,t12.2022.05.19,71,bring me the firecrackers,12,AY,3,medial,firecrackers,180,216,36,45,46,196,204,196,204,0.794648744737816
t12.2022.05.19,train,vocal,t12.2022.05.19,71,bring me the firecrackers,13,ER,3,medial,firecrackers,188,224,36,47,48,204,212,204,212,0.985832539672661
t12.2022.05.19,train,vocal,t12.2022.05.19,71,bring me the firecrackers,14,K,3,medial,firecrackers,196,232,36,49,50,212,220,212,220,0.9418530128763876
t12.2022.05.19,train,vocal,t12.2022.05.19,71,bring me the firecrackers,15,R,3,medial,firecrackers,204,240,36,51,52,220,228,220,228,0.9617272181514511
t12.2022.05.19,train,vocal,t12.2022.05.19,71,bring me the firecrackers,16,AE,3,medial,firecrackers,212,244,32,53,53,228,232,228,232,0.999787519042677
t12.2022.05.19,train,vocal,t12.2022.05.19,71,bring me the firecrackers,17,K,3,medial,firecrackers,216,252,36,54,55,232,240,232,240,0.9887687761813273
t12.2022.05.19,train,vocal,t12.2022.05.19,71,bring me the firecrackers,18,ER,3,medial,firecrackers,224,260,36,56,57,240,248,240,248,0.9038482236432401
t12.2022.05.19,train,vocal,t12.2022.05.19,71,bring me the firecrackers,19,Z,3,final,firecrackers,232,268,36,58,59,248,256,248,256,0.9783973758773113
t12.2022.05.19,train,vocal,t12.2022.05.19,71,bring me the firecrackers,20,SIL,3,sil,firecrackers,240,276,36,60,61,256,264,256,264,0.9991945664168993
t12.2022.05.19,train,vocal,t12.2022.05.19,72,it's illegal to postdate a check,0,IH,0,initial,it's,56,88,32,14,14,72,76,16,76,0.9999997308795876
t12.2022.05.19,train,vocal,t12.2022.05.19,72,it's illegal to postdate a check,1,T,0,medial,it's,60,92,32,15,15,76,80,76,80,0.9999912618957305
t12.2022.05.19,train,vocal,t12.2022.05.19,72,it's illegal to postdate a check,2,S,0,final,it's,64,100,36,16,17,80,88,80,88,0.9754795675466033
t12.2022.05.19,train,vocal,t12.2022.05.19,72,it's illegal to postdate a check,3,SIL,0,sil,it's,72,108,36,18,19,88,96,88,100,0.9997689756801189
t12.2022.05.19,train,vocal,t12.2022.05.19,72,it's illegal to postdate a check,4,IH,1,initial,illegal,88,120,32,22,22,104,108,100,108,0.9993031101976867
t12.2022.05.19,train,vocal,t12.2022.05.19,72,it's illegal to postdate a check,5,L,1,medial,illegal,92,124,32,23,23,108,112,108,112,0.9978770603809146
t12.2022.05.19,train,vocal,t12.2022.05.19,72,it's illegal to postdate a check,6,IY,1,medial,illegal,96,136,40,24,26,112,124,112,124,0.7855844742060055
t12.2022.05.19,train,vocal,t12.2022.05.19,72,it's illegal to postdate a check,7,G,1,medial,illegal,108,144,36,27,28,124,132,124,132,0.9857527143237994
t12.2022.05.19,train,vocal,t12.2022.05.19,72,it's illegal to postdate a check,8,AH,1,medial,illegal,116,152,36,29,30,132,140,132,140,0.9388659535991288
t12.2022.05.19,train,vocal,t12.2022.05.19,72,it's illegal to postdate a check,9,L,1,final,illegal,124,160,36,31,32,140,148,140,148,0.8597580177980888
t12.2022.05.19,train,vocal,t12.2022.05.19,72,it's illegal to postdate a check,10,SIL,1,sil,illegal,132,172,40,33,35,148,160,148,160,0.9991825229615118
t12.2022.05.19,train,vocal,t12.2022.05.19,72,it's illegal to postdate a check,11,T,2,initial,to,144,176,32,36,36,160,164,160,168,0.9999144284125587
t12.2022.05.19,train,vocal,t12.2022.05.19,72,it's illegal to postdate a check,12,UW,2,final,to,152,184,32,38,38,168,172,168,172,0.9999850656357249
t12.2022.05.19,train,vocal,t12.2022.05.19,72,it's illegal to postdate a check,13,SIL,2,sil,to,156,220,64,39,47,172,208,172,208,0.9928515713485607
t12.2022.05.19,train,vocal,t12.2022.05.19,72,it's illegal to postdate a check,14,P,3,initial,postdate,192,224,32,48,48,208,212,208,216,0.9998570596687818
t12.2022.05.19,train,vocal,t12.2022.05.19,72,it's illegal to postdate a check,15,OW,3,medial,postdate,204,236,32,51,51,220,224,216,224,0.9986619562092124
t12.2022.05.19,train,vocal,t12.2022.05.19,72,it's illegal to postdate a check,16,S,3,medial,postdate,208,240,32,52,52,224,228,224,228,0.9991801346889746
t12.2022.05.19,train,vocal,t12.2022.05.19,72,it's illegal to postdate a check,17,T,3,medial,postdate,212,248,36,53,54,228,236,228,236,0.901417595322958
t12.2022.05.19,train,vocal,t12.2022.05.19,72,it's illegal to postdate a check,18,D,3,medial,postdate,220,256,36,55,56,236,244,236,248,0.9931321776728776
t12.2022.05.19,train,vocal,t12.2022.05.19,72,it's illegal to postdate a check,19,EY,3,medial,postdate,236,268,32,59,59,252,256,248,256,0.9997768947669845
t12.2022.05.19,train,vocal,t12.2022.05.19,72,it's illegal to postdate a check,20,T,3,final,postdate,240,276,36,60,61,256,264,256,264,0.9515240204879285
t12.2022.05.19,train,vocal,t12.2022.05.19,72,it's illegal to postdate a check,21,SIL,3,sil,postdate,248,296,48,62,66,264,284,264,288,0.944063928537161
t12.2022.05.19,train,vocal,t12.2022.05.19,72,it's illegal to postdate a check,22,AH,4,single,a,276,308,32,69,69,292,296,288,296,0.9999911593615013
t12.2022.05.19,train,vocal,t12.2022.05.19,72,it's illegal to postdate a check,23,SIL,4,sil,a,280,332,52,70,75,296,320,296,320,0.9356859681002377
t12.2022.05.19,train,vocal,t12.2022.05.19,72,it's illegal to postdate a check,24,CH,5,initial,check,304,336,32,76,76,320,324,320,328,0.9991746209166957
t12.2022.05.19,train,vocal,t12.2022.05.19,72,it's illegal to postdate a check,25,EH,5,medial,check,312,344,32,78,78,328,332,328,332,0.9910248251950518
t12.2022.05.19,train,vocal,t12.2022.05.19,72,it's illegal to postdate a check,26,K,5,final,check,316,348,32,79,79,332,336,332,336,0.9924126529978152
t12.2022.05.19,train,vocal,t12.2022.05.19,72,it's illegal to postdate a check,27,SIL,5,sil,check,320,372,52,80,85,336,360,336,360,0.9845032790048028
t12.2022.05.19,train,vocal,t12.2022.05.19,73,what explains this uni-directional paralysis,0,W,0,initial,what,56,92,36,14,15,72,80,16,80,0.9629931601981345
t12.2022.05.19,train,vocal,t12.2022.05.19,73,what explains this uni-directional paralysis,1,AH,0,medial,what,64,96,32,16,16,80,84,80,84,0.9999770771679409
t12.2022.05.19,train,vocal,t12.2022.05.19,73,what explains this uni-directional paralysis,2,T,0,final,what,68,104,36,17,18,84,92,84,92,0.9934860672356707
t12.2022.05.19,train,vocal,t12.2022.05.19,73,what explains this uni-directional paralysis,3,SIL,0,sil,what,76,108,32,19,19,92,96,92,100,0.9989588880190795
t12.2022.05.19,train,vocal,t12.2022.05.19,73,what explains this uni-directional paralysis,4,IH,1,initial,explains,88,120,32,22,22,104,108,100,108,0.9997943830092876
t12.2022.05.19,train,vocal,t12.2022.05.19,73,what explains this uni-directional paralysis,5,K,1,medial,explains,92,124,32,23,23,108,112,108,112,0.9997369884148769
t12.2022.05.19,train,vocal,t12.2022.05.19,73,what explains this uni-directional paralysis,6,S,1,medial,explains,96,132,36,24,25,112,120,112,120,0.9932853253838393
t12.2022.05.19,train,vocal,t12.2022.05.19,73,what explains this uni-directional paralysis,7,P,1,medial,explains,104,140,36,26,27,120,128,120,128,0.9979868319928795
t12.2022.05.19,train,vocal,t12.2022.05.19,73,what explains this uni-directional paralysis,8,L,1,medial,explains,112,148,36,28,29,128,136,128,136,0.9957712195971045
t12.2022.05.19,train,vocal,t12.2022.05.19,73,what explains this uni-directional paralysis,9,EY,1,medial,explains,120,152,32,30,30,136,140,136,140,0.9997103447199731
t12.2022.05.19,train,vocal,t12.2022.05.19,73,what explains this uni-directional paralysis,10,N,1,medial,explains,124,160,36,31,32,140,148,140,148,0.9869229138798659
t12.2022.05.19,train,vocal,t12.2022.05.19,73,what explains this uni-directional paralysis,11,Z,1,final,explains,132,168,36,33,34,148,156,148,156,0.99731240764609
t12.2022.05.19,train,vocal,t12.2022.05.19,73,what explains this uni-directional paralysis,12,SIL,1,sil,explains,140,184,44,35,38,156,172,156,172,0.9659054987901079
t12.2022.05.19,train,vocal,t12.2022.05.19,73,what explains this uni-directional paralysis,13,DH,2,initial,this,156,188,32,39,39,172,176,172,180,0.9999443634790288
t12.2022.05.19,train,vocal,t12.2022.05.19,73,what explains this uni-directional paralysis,14,IH,2,medial,this,164,196,32,41,41,180,184,180,184,0.9999930535503138
t12.2022.05.19,train,vocal,t12.2022.05.19,73,what explains this uni-directional paralysis,15,S,2,final,this,168,200,32,42,42,184,188,184,188,0.9999996321541446
t12.2022.05.19,train,vocal,t12.2022.05.19,73,what explains this uni-directional paralysis,16,SIL,2,sil,this,172,212,40,43,45,188,200,188,204,0.9923600821622837
t12.2022.05.19,train,vocal,t12.2022.05.19,73,what explains this uni-directional paralysis,17,AH,3,initial,uni-directional,192,224,32,48,48,208,212,204,212,0.9955411758076075
t12.2022.05.19,train,vocal,t12.2022.05.19,73,what explains this uni-directional paralysis,18,N,3,medial,uni-directional,196,232,36,49,50,212,220,212,228,0.9815908154377393
t12.2022.05.19,train,vocal,t12.2022.05.19,73,what explains this uni-directional paralysis,19,IH,3,medial,uni-directional,220,256,36,55,56,236,244,228,244,0.9548654177367581
t12.2022.05.19,train,vocal,t12.2022.05.19,73,what explains this uni-directional paralysis,20,D,3,medial,uni-directional,228,260,32,57,57,244,248,244,248,0.9987003223258639
t12.2022.05.19,train,vocal,t12.2022.05.19,73,what explains this uni-directional paralysis,21,IY,3,medial,uni-directional,232,264,32,58,58,248,252,248,252,0.9620142392753667
t12.2022.05.19,train,vocal,t12.2022.05.19,73,what explains this uni-directional paralysis,22,R,3,medial,uni-directional,236,272,36,59,60,252,260,252,260,0.9440879992155398
t12.2022.05.19,train,vocal,t12.2022.05.19,73,what explains this uni-directional paralysis,23,EH,3,medial,uni-directional,244,276,32,61,61,260,264,260,264,0.9990063650348034
t12.2022.05.19,train,vocal,t12.2022.05.19,73,what explains this uni-directional paralysis,24,K,3,medial,uni-directional,248,280,32,62,62,264,268,264,268,0.9990547585465409
t12.2022.05.19,train,vocal,t12.2022.05.19,73,what explains this uni-directional paralysis,25,SH,3,medial,uni-directional,252,284,32,63,63,268,272,268,272,0.9946999452331274
t12.2022.05.19,train,vocal,t12.2022.05.19,73,what explains this uni-directional paralysis,26,AH,3,medial,uni-directional,256,288,32,64,64,272,276,272,276,0.9914873722451693
t12.2022.05.19,train,vocal,t12.2022.05.19,73,what explains this uni-directional paralysis,27,N,3,medial,uni-directional,260,300,40,65,67,276,288,276,288,0.9585584787646223
t12.2022.05.19,train,vocal,t12.2022.05.19,73,what explains this uni-directional paralysis,28,AH,3,medial,uni-directional,272,308,36,68,69,288,296,288,296,0.8838939872594547
t12.2022.05.19,train,vocal,t12.2022.05.19,73,what explains this uni-directional paralysis,29,L,3,final,uni-directional,280,312,32,70,70,296,300,296,300,0.999908843335255
t12.2022.05.19,train,vocal,t12.2022.05.19,73,what explains this uni-directional paralysis,30,SIL,3,sil,uni-directional,284,328,44,71,74,300,316,300,316,0.9552389314842025
t12.2022.05.19,train,vocal,t12.2022.05.19,73,what explains this uni-directional paralysis,31,P,4,initial,paralysis,300,332,32,75,75,316,320,316,324,0.9995867811551579
t12.2022.05.19,train,vocal,t12.2022.05.19,73,what explains this uni-directional paralysis,32,ER,4,medial,paralysis,308,344,36,77,78,324,332,324,336,0.9404461905416407
t12.2022.05.19,train,vocal,t12.2022.05.19,73,what explains this uni-directional paralysis,33,AE,4,medial,paralysis,324,360,36,81,82,340,348,336,348,0.9908521000172896
t12.2022.05.19,train,vocal,t12.2022.05.19,73,what explains this uni-directional paralysis,34,L,4,medial,paralysis,332,368,36,83,84,348,356,348,356,0.9817572953569065
t12.2022.05.19,train,vocal,t12.2022.05.19,73,what explains this uni-directional paralysis,35,AH,4,medial,paralysis,340,380,40,85,87,356,368,356,368,0.9805261896629718
t12.2022.05.19,train,vocal,t12.2022.05.19,73,what explains this uni-directional paralysis,36,S,4,medial,paralysis,352,388,36,88,89,368,376,368,376,0.742465345882545
t12.2022.05.19,train,vocal,t12.2022.05.19,73,what explains this uni-directional paralysis,37,AH,4,medial,paralysis,360,396,36,90,91,376,384,376,384,0.9766865063449355
t12.2022.05.19,train,vocal,t12.2022.05.19,73,what explains this uni-directional paralysis,38,S,4,final,paralysis,368,408,40,92,94,384,396,384,396,0.8695812079320593
t12.2022.05.19,train,vocal,t12.2022.05.19,73,what explains this uni-directional paralysis,39,SIL,4,sil,paralysis,380,416,36,95,96,396,404,396,404,0.9976444806110825
t12.2022.05.19,train,vocal,t12.2022.05.19,74,here's a brief visual tour of the disaster,0,HH,0,initial,here's,56,88,32,14,14,72,76,16,80,0.999668621230499
t12.2022.05.19,train,vocal,t12.2022.05.19,74,here's a brief visual tour of the disaster,1,IH,0,medial,here's,64,96,32,16,16,80,84,80,84,0.9989004039540686
t12.2022.05.19,train,vocal,t12.2022.05.19,74,here's a brief visual tour of the disaster,2,R,0,medial,here's,68,100,32,17,17,84,88,84,88,0.9988272465923486
t12.2022.05.19,train,vocal,t12.2022.05.19,74,here's a brief visual tour of the disaster,3,Z,0,final,here's,72,104,32,18,18,88,92,88,92,0.9980798293849238
t12.2022.05.19,train,vocal,t12.2022.05.19,74,here's a brief visual tour of the disaster,4,SIL,0,sil,here's,76,112,36,19,20,92,100,92,104,0.9935572901511462
t12.2022.05.19,train,vocal,t12.2022.05.19,74,here's a brief visual tour of the disaster,5,AH,1,single,a,92,124,32,23,23,108,112,104,112,0.9999917217560872
t12.2022.05.19,train,vocal,t12.2022.05.19,74,here's a brief visual tour of the disaster,6,SIL,1,sil,a,96,144,48,24,28,112,132,112,132,0.9519442538457616
t12.2022.05.19,train,vocal,t12.2022.05.19,74,here's a brief visual tour of the disaster,7,B,2,initial,brief,116,148,32,29,29,132,136,132,136,0.999826732849177
t12.2022.05.19,train,vocal,t12.2022.05.19,74,here's a brief visual tour of the disaster,8,R,2,medial,brief,120,156,36,30,31,136,144,136,144,0.9823933356442447
t12.2022.05.19,train,vocal,t12.2022.05.19,74,here's a brief visual tour of the disaster,9,IY,2,medial,brief,128,164,36,32,33,144,152,144,152,0.993429872495661
t12.2022.05.19,train,vocal,t12.2022.05.19,74,here's a brief visual tour of the disaster,10,F,2,final,brief,136,168,32,34,34,152,156,152,160,0.9983511795285507
t12.2022.05.19,train,vocal,t12.2022.05.19,74,here's a brief visual tour of the disaster,11,SIL,2,sil,brief,144,192,48,36,40,160,180,160,180,0.9985170194623201
t12.2022.05.19,train,vocal,t12.2022.05.19,74,here's a brief visual tour of the disaster,12,V,3,initial,visual,164,196,32,41,41,180,184,180,188,0.9999731531720283
t12.2022.05.19,train,vocal,t12.2022.05.19,74,here's a brief visual tour of the disaster,13,IH,3,medial,visual,172,204,32,43,43,188,192,188,192,0.9997090780679846
t12.2022.05.19,train,vocal,t12.2022.05.19,74,here's a brief visual tour of the disaster,14,ZH,3,medial,visual,176,208,32,44,44,192,196,192,196,0.999498636250969
t12.2022.05.19,train,vocal,t12.2022.05.19,74,here's a brief visual tour of the disaster,15,AH,3,medial,visual,180,212,32,45,45,196,200,196,200,0.9837311950387159
t12.2022.05.19,train,vocal,t12.2022.05.19,74,here's a brief visual tour of the disaster,16,W,3,medial,visual,184,220,36,46,47,200,208,200,208,0.9922805187783721
t12.2022.05.19,train,vocal,t12.2022.05.19,74,here's a brief visual tour of the disaster,17,AH,3,medial,visual,192,228,36,48,49,208,216,208,216,0.9551962849312997
t12.2022.05.19,train,vocal,t12.2022.05.19,74,here's a brief visual tour of the disaster,18,L,3,final,visual,200,232,32,50,50,216,220,216,220,0.9992681841398312
t12.2022.05.19,train,vocal,t12.2022.05.19,74,here's a brief visual tour of the disaster,19,SIL,3,sil,visual,204,244,40,51,53,220,232,220,232,0.8898372186736848
t12.2022.05.19,train,vocal,t12.2022.05.19,74,here's a brief visual tour of the disaster,20,T,4,initial,tour,216,248,32,54,54,232,236,232,240,0.9977620307288515
t12.2022.05.19,train,vocal,t12.2022.05.19,74,here's a brief visual tour of the disaster,21,UH,4,medial,tour,224,256,32,56,56,240,244,240,244,0.9997927641583442
t12.2022.05.19,train,vocal,t12.2022.05.19,74,here's a brief visual tour of the disaster,22,R,4,final,tour,228,260,32,57,57,244,248,244,248,0.9998169441829964
t12.2022.05.19,train,vocal,t12.2022.05.19,74,here's a brief visual tour of the disaster,23,SIL,4,sil,tour,232,276,44,58,61,248,264,248,268,0.8878660811036059
t12.2022.05.19,train,vocal,t12.2022.05.19,74,here's a brief visual tour of the disaster,24,AH,5,initial,of,256,288,32,64,64,272,276,268,276,0.999982819609948
t12.2022.05.19,train,vocal,t12.2022.05.19,74,here's a brief visual tour of the disaster,25,V,5,final,of,260,296,36,65,66,276,284,276,284,0.9934456242601735
t12.2022.05.19,train,vocal,t12.2022.05.19,74,here's a brief visual tour of the disaster,26,SIL,5,sil,of,268,312,44,67,70,284,300,284,300,0.9984697869159883
t12.2022.05.19,train,vocal,t12.2022.05.19,74,here's a brief visual tour of the disaster,27,DH,6,initial,the,284,320,36,71,72,300,308,300,312,0.9989836018848568
t12.2022.05.19,train,vocal,t12.2022.05.19,74,here's a brief visual tour of the disaster,28,AH,6,final,the,296,328,32,74,74,312,316,312,320,0.9999995764328888
t12.2022.05.19,train,vocal,t12.2022.05.19,74,here's a brief visual tour of the disaster,29,SIL,6,sil,the,304,356,52,76,81,320,344,320,344,0.999744573717932
t12.2022.05.19,train,vocal,t12.2022.05.19,74,here's a brief visual tour of the disaster,30,D,7,initial,disaster,328,360,32,82,82,344,348,344,352,0.9999803877170035
t12.2022.05.19,train,vocal,t12.2022.05.19,74,here's a brief visual tour of the disaster,31,IH,7,medial,disaster,336,372,36,84,85,352,360,352,360,0.8741413479828868
t12.2022.05.19,train,vocal,t12.2022.05.19,74,here's a brief visual tour of the disaster,32,Z,7,medial,disaster,344,376,32,86,86,360,364,360,372,0.9989519876129609
t12.2022.05.19,train,vocal,t12.2022.05.19,74,here's a brief visual tour of the disaster,33,AE,7,medial,disaster,360,392,32,90,90,376,380,372,380,0.9983687561644267
t12.2022.05.19,train,vocal,t12.2022.05.19,74,here's a brief visual tour of the disaster,34,S,7,medial,disaster,364,396,32,91,91,380,384,380,384,0.998074863013265
t12.2022.05.19,train,vocal,t12.2022.05.19,74,here's a brief visual tour of the disaster,35,T,7,medial,disaster,368,408,40,92,94,384,396,384,396,0.9363757746997274
t12.2022.05.19,train,vocal,t12.2022.05.19,74,here's a brief visual tour of the disaster,36,ER,7,final,disaster,380,416,36,95,96,396,404,396,404,0.9958096439257751
t12.2022.05.19,train,vocal,t12.2022.05.19,74,here's a brief visual tour of the disaster,37,SIL,7,sil,disaster,388,448,60,97,104,404,436,404,436,0.9778450507406726
t12.2022.05.19,train,vocal,t12.2022.05.19,75,tragedy presumes such a configuration,0,T,0,initial,tragedy,24,56,32,6,6,40,44,16,44,0.9923237460483604
t12.2022.05.19,train,vocal,t12.2022.05.19,75,tragedy presumes such a configuration,1,R,0,medial,tragedy,28,60,32,7,7,44,48,44,48,0.9994709487021551
t12.2022.05.19,train,vocal,t12.2022.05.19,75,tragedy presumes such a configuration,2,AE,0,medial,tragedy,32,64,32,8,8,48,52,48,52,0.997139256266838
t12.2022.05.19,train,vocal,t12.2022.05.19,75,tragedy presumes such a configuration,3,JH,0,medial,tragedy,36,68,32,9,9,52,56,52,56,0.9975933101383032
t12.2022.05.19,train,vocal,t12.2022.05.19,75,tragedy presumes such a configuration,4,AH,0,medial,tragedy,40,76,36,10,11,56,64,56,64,0.9099967484948959
t12.2022.05.19,train,vocal,t12.2022.05.19,75,tragedy presumes such a configuration,5,D,0,medial,tragedy,48,84,36,12,13,64,72,64,72,0.9535363266317008
t12.2022.05.19,train,vocal,t12.2022.05.19,75,tragedy presumes such a configuration,6,IY,0,final,tragedy,56,92,36,14,15,72,80,72,80,0.9587451567679142
t12.2022.05.19,train,vocal,t12.2022.05.19,75,tragedy presumes such a configuration,7,SIL,0,sil,tragedy,64,100,36,16,17,80,88,80,88,0.9741190806964807
t12.2022.05.19,train,vocal,t12.2022.05.19,75,tragedy presumes such a configuration,8,P,1,initial,presumes,72,104,32,18,18,88,92,88,92,0.9962096129582997
t12.2022.05.19,train,vocal,t12.2022.05.19,75,tragedy presumes such a configuration,9,R,1,medial,presumes,76,108,32,19,19,92,96,92,96,0.9975024884583198
t12.2022.05.19,train,vocal,t12.2022.05.19,75,tragedy presumes such a configuration,10,AH,1,medial,presumes,80,112,32,20,20,96,100,96,100,0.9993683561542975
t12.2022.05.19,train,vocal,t12.2022.05.19,75,tragedy presumes such a configuration,11,Z,1,medial,presumes,84,120,36,21,22,100,108,100,108,0.9218478145046571
t12.2022.05.19,train,vocal,t12.2022.05.19,75,tragedy presumes such a configuration,12,UW,1,medial,presumes,92,128,36,23,24,108,116,108,116,0.9865183727134608
t12.2022.05.19,train,vocal,t12.2022.05.19,75,tragedy presumes such a configuration,13,M,1,medial,presumes,100,136,36,25,26,116,124,116,124,0.9052939623583076
t12.2022.05.19,train,vocal,t12.2022.05.19,75,tragedy presumes such a configuration,14,Z,1,final,presumes,108,148,40,27,29,124,136,124,136,0.9328499290895037
t12.2022.05.19,train,vocal,t12.2022.05.19,75,tragedy presumes such a configuration,15,SIL,1,sil,presumes,120,180,60,30,37,136,168,136,168,0.9674154349357731
t12.2022.05.19,train,vocal,t12.2022.05.19,75,tragedy presumes such a configuration,16,S,2,initial,such,152,184,32,38,38,168,172,168,176,0.9994757041087434
t12.2022.05.19,train,vocal,t12.2022.05.19,75,tragedy presumes such a configuration,17,AH,2,medial,such,160,192,32,40,40,176,180,176,180,0.9999445260024986
t12.2022.05.19,train,vocal,t12.2022.05.19,75,tragedy presumes such a configuration,18,CH,2,final,such,164,200,36,41,42,180,188,180,188,0.9957499363125044
t12.2022.05.19,train,vocal,t12.2022.05.19,75,tragedy presumes such a configuration,19,SIL,2,sil,such,172,212,40,43,45,188,200,188,204,0.9934920738076395
t12.2022.05.19,train,vocal,t12.2022.05.19,75,tragedy presumes such a configuration,20,AH,3,single,a,192,224,32,48,48,208,212,204,212,0.9999984730728639
t12.2022.05.19,train,vocal,t12.2022.05.19,75,tragedy presumes such a configuration,21,SIL,3,sil,a,196,240,44,49,52,212,228,212,228,0.9866014048744083
t12.2022.05.19,train,vocal,t12.2022.05.19,75,tragedy presumes such a configuration,22,K,4,initial,configuration,212,244,32,53,53,228,232,228,236,0.9999862483467546
t12.2022.05.19,train,vocal,t12.2022.05.19,75,tragedy presumes such a configuration,23,AH,4,medial,configuration,220,252,32,55,55,236,240,236,240,0.9996678806463214
t12.2022.05.19,train,vocal,t12.2022.05.19,75,tragedy presumes such a configuration,24,N,4,medial,configuration,224,256,32,56,56,240,244,240,244,0.9999138858549993
t12.2022.05.19,train,vocal,t12.2022.05.19,75,tragedy presumes such a configuration,25,F,4,medial,configuration,228,264,36,57,58,244,252,244,256,0.9648678511348978
t12.2022.05.19,train,vocal,t12.2022.05.19,75,tragedy presumes such a configuration,26,IH,4,medial,configuration,240,272,32,60,60,256,260,256,260,0.998572397898975
t12.2022.05.19,train,vocal,t12.2022.05.19,75,tragedy presumes such a configuration,27,G,4,medial,configuration,244,276,32,61,61,260,264,260,264,0.9980731786450041
t12.2022.05.19,train,vocal,t12.2022.05.19,75,tragedy presumes such a configuration,28,Y,4,medial,configuration,248,280,32,62,62,264,268,264,268,0.9992377920139712
t12.2022.05.19,train,vocal,t12.2022.05.19,75,tragedy presumes such a configuration,29,ER,4,medial,configuration,252,288,36,63,64,268,276,268,276,0.9902212003569107
t12.2022.05.19,train,vocal,t12.2022.05.19,75,tragedy presumes such a configuration,30,EY,4,medial,configuration,260,296,36,65,66,276,284,276,284,0.9953547406980667
t12.2022.05.19,train,vocal,t12.2022.05.19,75,tragedy presumes such a configuration,31,SH,4,medial,configuration,268,304,36,67,68,284,292,284,292,0.8570656051953984
t12.2022.05.19,train,vocal,t12.2022.05.19,75,tragedy presumes such a configuration,32,AH,4,medial,configuration,276,312,36,69,70,292,300,292,300,0.9998519404360808
t12.2022.05.19,train,vocal,t12.2022.05.19,75,tragedy presumes such a configuration,33,N,4,final,configuration,284,320,36,71,72,300,308,300,308,0.9978091472547392
t12.2022.05.19,train,vocal,t12.2022.05.19,75,tragedy presumes such a configuration,34,SIL,4,sil,configuration,292,340,48,73,77,308,328,308,328,0.9912905844524008
t12.2022.05.19,train,vocal,t12.2022.05.19,76,the body was heavier than he had anticipated,0,DH,0,initial,the,48,80,32,12,12,64,68,16,72,0.9999923947292617
t12.2022.05.19,train,vocal,t12.2022.05.19,76,the body was heavier than he had anticipated,1,AH,0,final,the,56,88,32,14,14,72,76,72,76,0.9999995520342164
t12.2022.05.19,train,vocal,t12.2022.05.19,76,the body was heavier than he had anticipated,2,SIL,0,sil,the,60,104,44,15,18,76,92,76,92,0.9279586580563539
t12.2022.05.19,train,vocal,t12.2022.05.19,76,the body was heavier than he had anticipated,3,B,1,initial,body,76,108,32,19,19,92,96,92,100,0.999990132595583
t12.2022.05.19,train,vocal,t12.2022.05.19,76,the body was heavier than he had anticipated,4,AA,1,medial,body,88,120,32,22,22,104,108,100,108,0.988202394070167
t12.2022.05.19,train,vocal,t12.2022.05.19,76,the body was heavier than he had anticipated,5,D,1,medial,body,92,124,32,23,23,108,112,108,116,0.9993158837090964
t12.2022.05.19,train,vocal,t12.2022.05.19,76,the body was heavier than he had anticipated,6,IY,1,final,body,100,132,32,25,25,116,120,116,120,0.9997459391432696
t12.2022.05.19,train,vocal,t12.2022.05.19,76,the body was heavier than he had anticipated,7,SIL,1,sil,body,104,148,44,26,29,120,136,120,136,0.9066634415224869
t12.2022.05.19,train,vocal,t12.2022.05.19,76,the body was heavier than he had anticipated,8,W,2,initial,was,120,152,32,30,30,136,140,136,144,0.9999723686317684
t12.2022.05.19,train,vocal,t12.2022.05.19,76,the body was heavier than he had anticipated,9,AA,2,medial,was,128,160,32,32,32,144,148,144,148,0.999999116267589
t12.2022.05.19,train,vocal,t12.2022.05.19,76,the body was heavier than he had anticipated,10,Z,2,final,was,132,164,32,33,33,148,152,148,152,0.9999799045049037
t12.2022.05.19,train,vocal,t12.2022.05.19,76,the body was heavier than he had anticipated,11,SIL,2,sil,was,136,204,68,34,43,152,192,152,192,0.9967194892551635
t12.2022.05.19,train,vocal,t12.2022.05.19,76,the body was heavier than he had anticipated,12,HH,3,initial,heavier,176,208,32,44,44,192,196,192,200,0.9994283045443754
t12.2022.05.19,train,vocal,t12.2022.05.19,76,the body was heavier than he had anticipated,13,EH,3,medial,heavier,184,216,32,46,46,200,204,200,204,0.9994910570039056
t12.2022.05.19,train,vocal,t12.2022.05.19,76,the body was heavier than he had anticipated,14,V,3,medial,heavier,188,224,36,47,48,204,212,204,216,0.8062734958937363
t12.2022.05.19,train,vocal,t12.2022.05.19,76,the body was heavier than he had anticipated,15,IY,3,medial,heavier,200,232,32,50,50,216,220,216,220,0.9967803838520507
t12.2022.05.19,train,vocal,t12.2022.05.19,76,the body was heavier than he had anticipated,16,ER,3,final,heavier,204,240,36,51,52,220,228,220,228,0.8345318191359132
t12.2022.05.19,train,vocal,t12.2022.05.19,76,the body was heavier than he had anticipated,17,SIL,3,sil,heavier,212,268,56,53,59,228,256,228,256,0.9882818207220353
t12.2022.05.19,train,vocal,t12.2022.05.19,76,the body was heavier than he had anticipated,18,DH,4,initial,than,240,272,32,60,60,256,260,256,264,0.9999811125367991
t12.2022.05.19,train,vocal,t12.2022.05.19,76,the body was heavier than he had anticipated,19,AE,4,medial,than,248,280,32,62,62,264,268,264,268,0.9996137070800382
t12.2022.05.19,train,vocal,t12.2022.05.19,76,the body was heavier than he had anticipated,20,N,4,final,than,252,284,32,63,63,268,272,268,272,0.999995744379897
t12.2022.05.19,train,vocal,t12.2022.05.19,76,the body was heavier than he had anticipated,21,SIL,4,sil,than,256,304,48,64,68,272,292,272,292,0.8963380161581945
t12.2022.05.19,train,vocal,t12.2022.05.19,76,the body was heavier than he had anticipated,22,HH,5,initial,he,276,312,36,69,70,292,300,292,304,0.99488730762968
t12.2022.05.19,train,vocal,t12.2022.05.19,76,the body was heavier than he had anticipated,23,IY,5,final,he,288,320,32,72,72,304,308,304,308,0.999995700241651
t12.2022.05.19,train,vocal,t12.2022.05.19,76,the body was heavier than he had anticipated,24,SIL,5,sil,he,292,340,48,73,77,308,328,308,328,0.9920069973485545
t12.2022.05.19,train,vocal,t12.2022.05.19,76,the body was heavier than he had anticipated,25,HH,6,initial,had,312,352,40,78,80,328,340,328,344,0.8651052579656108
t12.2022.05.19,train,vocal,t12.2022.05.19,76,the body was heavier than he had anticipated,26,AE,6,medial,had,328,360,32,82,82,344,348,344,348,0.9999747714642329
t12.2022.05.19,train,vocal,t12.2022.05.19,76,the body was heavier than he had anticipated,27,D,6,final,had,332,364,32,83,83,348,352,348,352,0.9999995004646307
t12.2022.05.19,train,vocal,t12.2022.05.19,76,the body was heavier than he had anticipated,28,SIL,6,sil,had,336,380,44,84,87,352,368,352,376,0.9390242438603698
t12.2022.05.19,train,vocal,t12.2022.05.19,76,the body was heavier than he had anticipated,29,AE,7,initial,anticipated,364,396,32,91,91,380,384,376,384,0.9993088119528489
t12.2022.05.19,train,vocal,t12.2022.05.19,76,the body was heavier than he had anticipated,30,N,7,medial,anticipated,368,400,32,92,92,384,388,384,388,0.9994309925839223
t12.2022.05.19,train,vocal,t12.2022.05.19,76,the body was heavier than he had anticipated,31,T,7,medial,anticipated,372,408,36,93,94,388,396,388,400,0.9853051830187007
t12.2022.05.19,train,vocal,t12.2022.05.19,76,the body was heavier than he had anticipated,32,IH,7,medial,anticipated,384,416,32,96,96,400,404,400,404,0.998762377249926
t12.2022.05.19,train,vocal,t12.2022.05.19,76,the body was heavier than he had anticipated,33,S,7,medial,anticipated,388,420,32,97,97,404,408,404,408,0.9917855038622088
t12.2022.05.19,train,vocal,t12.2022.05.19,76,the body was heavier than he had anticipated,34,AH,7,medial,anticipated,392,428,36,98,99,408,416,408,416,0.8889990325360742
t12.2022.05.19,train,vocal,t12.2022.05.19,76,the body was heavier than he had anticipated,35,P,7,medial,anticipated,400,436,36,100,101,416,424,416,428,0.9131295648667122
t12.2022.05.19,train,vocal,t12.2022.05.19,76,the body was heavier than he had anticipated,36,EY,7,medial,anticipated,412,444,32,103,103,428,432,428,432,0.9971701263990117
t12.2022.05.19,train,vocal,t12.2022.05.19,76,the body was heavier than he had anticipated,37,T,7,medial,anticipated,416,448,32,104,104,432,436,432,436,0.9990377774607858
t12.2022.05.19,train,vocal,t12.2022.05.19,76,the body was heavier than he had anticipated,38,AH,7,medial,anticipated,420,456,36,105,106,436,444,436,444,0.8177582149018399
t12.2022.05.19,train,vocal,t12.2022.05.19,76,the body was heavier than he had anticipated,39,D,7,final,anticipated,428,460,32,107,107,444,448,444,448,0.9997570066081383
t12.2022.05.19,train,vocal,t12.2022.05.19,76,the body was heavier than he had anticipated,40,SIL,7,sil,anticipated,432,468,36,108,109,448,456,448,456,0.9965119954721833
t12.2022.05.19,train,vocal,t12.2022.05.19,77,maybe today'll be a good-news day,0,M,0,initial,maybe,16,52,36,4,5,32,40,16,44,0.767710919219275
t12.2022.05.19,train,vocal,t12.2022.05.19,77,maybe today'll be a good-news day,1,EY,0,medial,maybe,28,60,32,7,7,44,48,44,48,0.9996935055195172
t12.2022.05.19,train,vocal,t12.2022.05.19,77,maybe today'll be a good-news day,2,B,0,medial,maybe,32,68,36,8,9,48,56,48,56,0.9439760121867729
t12.2022.05.19,train,vocal,t12.2022.05.19,77,maybe today'll be a good-news day,3,IY,0,final,maybe,40,76,36,10,11,56,64,56,64,0.9964640991175222
t12.2022.05.19,train,vocal,t12.2022.05.19,77,maybe today'll be a good-news day,4,SIL,0,sil,maybe,48,80,32,12,12,64,68,64,68,0.9996858130237704
t12.2022.05.19,train,vocal,t12.2022.05.19,77,maybe today'll be a good-news day,5,T,1,initial,today'll,52,88,36,13,14,68,76,68,80,0.9273677112293088
t12.2022.05.19,train,vocal,t12.2022.05.19,77,maybe today'll be a good-news day,6,AH,1,medial,today'll,64,96,32,16,16,80,84,80,84,0.9989554635316706
t12.2022.05.19,train,vocal,t12.2022.05.19,77,maybe today'll be a good-news day,7,D,1,medial,today'll,68,100,32,17,17,84,88,84,100,0.6728625169245993
t12.2022.05.19,train,vocal,t12.2022.05.19,77,maybe today'll be a good-news day,8,EY,1,medial,today'll,92,128,36,23,24,108,116,100,116,0.9482595288227121
t12.2022.05.19,train,vocal,t12.2022.05.19,77,maybe today'll be a good-news day,9,L,1,final,today'll,100,140,40,25,27,116,128,116,128,0.896787103152759
t12.2022.05.19,train,vocal,t12.2022.05.19,77,maybe today'll be a good-news day,10,SIL,1,sil,today'll,112,156,44,28,31,128,144,128,144,0.9958893826557143
t12.2022.05.19,train,vocal,t12.2022.05.19,77,maybe today'll be a good-news day,11,B,2,initial,be,128,160,32,32,32,144,148,144,152,0.9998491024820325
t12.2022.05.19,train,vocal,t12.2022.05.19,77,maybe today'll be a good-news day,12,IY,2,final,be,136,168,32,34,34,152,156,152,160,0.9998935829720347
t12.2022.05.19,train,vocal,t12.2022.05.19,77,maybe today'll be a good-news day,13,SIL,2,sil,be,144,184,40,36,38,160,172,160,176,0.9558464458797964
t12.2022.05.19,train,vocal,t12.2022.05.19,77,maybe today'll be a good-news day,14,AH,3,single,a,160,192,32,40,40,176,180,176,180,0.9999814678279968
t12.2022.05.19,train,vocal,t12.2022.05.19,77,maybe today'll be a good-news day,15,SIL,3,sil,a,164,216,52,41,46,180,204,180,204,0.9576672553149278
t12.2022.05.19,train,vocal,t12.2022.05.19,77,maybe today'll be a good-news day,16,G,4,initial,good-news,188,220,32,47,47,204,208,204,212,0.9997998475355498
t12.2022.05.19,train,vocal,t12.2022.05.19,77,maybe today'll be a good-news day,17,UH,4,medial,good-news,196,228,32,49,49,212,216,212,216,0.9998616206095099
t12.2022.05.19,train,vocal,t12.2022.05.19,77,maybe today'll be a good-news day,18,D,4,medial,good-news,200,236,36,50,51,216,224,216,228,0.9938586684592805
t12.2022.05.19,train,vocal,t12.2022.05.19,77,maybe today'll be a good-news day,19,N,4,medial,good-news,216,252,36,54,55,232,240,228,248,0.9575491698579635
t12.2022.05.19,train,vocal,t12.2022.05.19,77,maybe today'll be a good-news day,20,W,4,medial,good-news,236,272,36,59,60,252,260,248,260,0.997331203727596
t12.2022.05.19,train,vocal,t12.2022.05.19,77,maybe today'll be a good-news day,21,EH,4,medial,good-news,244,280,36,61,62,260,268,260,268,0.9295027165229249
t12.2022.05.19,train,vocal,t12.2022.05.19,77,maybe today'll be a good-news day,22,Z,4,final,good-news,252,288,36,63,64,268,276,268,276,0.9290504853321109
t12.2022.05.19,train,vocal,t12.2022.05.19,77,maybe today'll be a good-news day,23,SIL,4,sil,good-news,260,316,56,65,71,276,304,276,304,0.9995788576097945
t12.2022.05.19,train,vocal,t12.2022.05.19,77,maybe today'll be a good-news day,24,D,5,initial,day,288,320,32,72,72,304,308,304,312,0.9999872569477042
t12.2022.05.19,train,vocal,t12.2022.05.19,77,maybe today'll be a good-news day,25,EY,5,final,day,300,332,32,75,75,316,320,312,324,0.9999510310903634
t12.2022.05.19,train,vocal,t12.2022.05.19,77,maybe today'll be a good-news day,26,SIL,5,sil,day,308,380,72,77,87,324,368,324,380,0.9934501008535239
t12.2022.05.19,train,vocal,t12.2022.05.19,78,there's no chance now of all of us getting away,0,DH,0,initial,there's,48,80,32,12,12,64,68,16,72,0.9999561779330192
t12.2022.05.19,train,vocal,t12.2022.05.19,78,there's no chance now of all of us getting away,1,EH,0,medial,there's,56,88,32,14,14,72,76,72,76,0.9998846658464772
t12.2022.05.19,train,vocal,t12.2022.05.19,78,there's no chance now of all of us getting away,2,R,0,medial,there's,60,92,32,15,15,76,80,76,80,0.9999362448334058
t12.2022.05.19,train,vocal,t12.2022.05.19,78,there's no chance now of all of us getting away,3,Z,0,final,there's,64,100,36,16,17,80,88,80,88,0.9939604321803537
t12.2022.05.19,train,vocal,t12.2022.05.19,78,there's no chance now of all of us getting away,4,SIL,0,sil,there's,72,112,40,18,20,88,100,88,100,0.8595070412179581
t12.2022.05.19,train,vocal,t12.2022.05.19,78,there's no chance now of all of us getting away,5,N,1,initial,no,84,116,32,21,21,100,104,100,104,0.999909833872641
t12.2022.05.19,train,vocal,t12.2022.05.19,78,there's no chance now of all of us getting away,6,OW,1,final,no,88,120,32,22,22,104,108,104,112,0.9982396207160543
t12.2022.05.19,train,vocal,t12.2022.05.19,78,there's no chance now of all of us getting away,7,SIL,1,sil,no,96,136,40,24,26,112,124,112,124,0.9936115256411705
t12.2022.05.19,train,vocal,t12.2022.05.19,78,there's no chance now of all of us getting away,8,CH,2,initial,chance,108,144,36,27,28,124,132,124,136,0.9965781900880317
t12.2022.05.19,train,vocal,t12.2022.05.19,78,there's no chance now of all of us getting away,9,AE,2,medial,chance,120,152,32,30,30,136,140,136,140,0.9976834342042513
t12.2022.05.19,train,vocal,t12.2022.05.19,78,there's no chance now of all of us getting away,10,N,2,medial,chance,124,156,32,31,31,140,144,140,144,0.9999278128965136
t12.2022.05.19,train,vocal,t12.2022.05.19,78,there's no chance now of all of us getting away,11,S,2,final,chance,128,164,36,32,33,144,152,144,152,0.9641016089907174
t12.2022.05.19,train,vocal,t12.2022.05.19,78,there's no chance now of all of us getting away,12,SIL,2,sil,chance,136,184,48,34,38,152,172,152,172,0.9693020614905399
t12.2022.05.19,train,vocal,t12.2022.05.19,78,there's no chance now of all of us getting away,13,N,3,initial,now,156,192,36,39,40,172,180,172,184,0.9889951557052696
t12.2022.05.19,train,vocal,t12.2022.05.19,78,there's no chance now of all of us getting away,14,AW,3,final,now,168,200,32,42,42,184,188,184,188,0.9999699402566417
t12.2022.05.19,train,vocal,t12.2022.05.19,78,there's no chance now of all of us getting away,15,SIL,3,sil,now,172,216,44,43,46,188,204,188,208,0.9576538417337115
t12.2022.05.19,train,vocal,t12.2022.05.19,78,there's no chance now of all of us getting away,16,AH,4,initial,of,196,228,32,49,49,212,216,208,216,0.9999990653313208
t12.2022.05.19,train,vocal,t12.2022.05.19,78,there's no chance now of all of us getting away,17,V,4,final,of,200,232,32,50,50,216,220,216,220,0.9996467045196165
t12.2022.05.19,train,vocal,t12.2022.05.19,78,there's no chance now of all of us getting away,18,SIL,4,sil,of,204,248,44,51,54,220,236,220,244,0.9988538615289091
t12.2022.05.19,train,vocal,t12.2022.05.19,78,there's no chance now of all of us getting away,19,AO,5,initial,all,232,264,32,58,58,248,252,244,252,0.9999667586730883
t12.2022.05.19,train,vocal,t12.2022.05.19,78,there's no chance now of all of us getting away,20,L,5,final,all,236,268,32,59,59,252,256,252,256,0.9999305779317966
t12.2022.05.19,train,vocal,t12.2022.05.19,78,there's no chance now of all of us getting away,21,SIL,5,sil,all,240,280,40,60,62,256,268,256,272,0.873947594537376
t12.2022.05.19,train,vocal,t12.2022.05.19,78,there's no chance now of all of us getting away,22,AH,6,initial,of,260,296,36,65,66,276,284,272,284,0.9014160932172521
t12.2022.05.19,train,vocal,t12.2022.05.19,78,there's no chance now of all of us getting away,23,V,6,final,of,268,300,32,67,67,284,288,284,288,0.9999689250145499
t12.2022.05.19,train,vocal,t12.2022.05.19,78,there's no chance now of all of us getting away,24,SIL,6,sil,of,272,340,68,68,77,288,328,288,336,0.9942591450382834
t12.2022.05.19,train,vocal,t12.2022.05.19,78,there's no chance now of all of us getting away,25,AH,7,initial,us,324,356,32,81,81,340,344,336,344,0.9999920549978056
t12.2022.05.19,train,vocal,t12.2022.05.19,78,there's no chance now of all of us getting away,26,S,7,final,us,328,360,32,82,82,344,348,344,348,0.9999775637348225
t12.2022.05.19,train,vocal,t12.2022.05.19,78,there's no chance now of all of us getting away,27,SIL,7,sil,us,332,376,44,83,86,348,364,348,364,0.9988075586875065
t12.2022.05.19,train,vocal,t12.2022.05.19,78,there's no chance now of all of us getting away,28,G,8,initial,getting,348,380,32,87,87,364,368,364,372,0.9999265789321975
t12.2022.05.19,train,vocal,t12.2022.05.19,78,there's no chance now of all of us getting away,29,EH,8,medial,getting,356,392,36,89,90,372,380,372,380,0.7948596165950506
t12.2022.05.19,train,vocal,t12.2022.05.19,78,there's no chance now of all of us getting away,30,T,8,medial,getting,364,396,32,91,91,380,384,380,384,0.996789444187464
t12.2022.05.19,train,vocal,t12.2022.05.19,78,there's no chance now of all of us getting away,31,IH,8,medial,getting,368,404,36,92,93,384,392,384,392,0.9977850115935756
t12.2022.05.19,train,vocal,t12.2022.05.19,78,there's no chance now of all of us getting away,32,NG,8,final,getting,376,408,32,94,94,392,396,392,396,0.9999826841332077
t12.2022.05.19,train,vocal,t12.2022.05.19,78,there's no chance now of all of us getting away,33,SIL,8,sil,getting,380,420,40,95,97,396,408,396,412,0.908265318920876
t12.2022.05.19,train,vocal,t12.2022.05.19,78,there's no chance now of all of us getting away,34,AH,9,initial,away,400,432,32,100,100,416,420,412,420,0.9999781150443838
t12.2022.05.19,train,vocal,t12.2022.05.19,78,there's no chance now of all of us getting away,35,W,9,medial,away,404,444,40,101,103,420,432,420,432,0.8994261703703873
t12.2022.05.19,train,vocal,t12.2022.05.19,78,there's no chance now of all of us getting away,36,EY,9,final,away,416,452,36,104,105,432,440,432,440,0.9029970302605133
t12.2022.05.19,train,vocal,t12.2022.05.19,78,there's no chance now of all of us getting away,37,SIL,9,sil,away,424,460,36,106,107,440,448,440,448,0.9999824555286944
t12.2022.05.19,train,vocal,t12.2022.05.19,79,now here is truly a marvel,0,N,0,initial,now,16,52,36,4,5,32,40,16,44,0.9093523216489428
t12.2022.05.19,train,vocal,t12.2022.05.19,79,now here is truly a marvel,1,AW,0,final,now,28,60,32,7,7,44,48,44,52,0.9999226632701491
t12.2022.05.19,train,vocal,t12.2022.05.19,79,now here is truly a marvel,2,SIL,0,sil,now,36,84,48,9,13,52,72,52,72,0.9991838407448237
t12.2022.05.19,train,vocal,t12.2022.05.19,79,now here is truly a marvel,3,HH,1,initial,here,56,92,36,14,15,72,80,72,84,0.9882454067081381
t12.2022.05.19,train,vocal,t12.2022.05.19,79,now here is truly a marvel,4,IY,1,medial,here,68,100,32,17,17,84,88,84,88,0.999927687348219
t12.2022.05.19,train,vocal,t12.2022.05.19,79,now here is truly a marvel,5,R,1,final,here,72,104,32,18,18,88,92,88,92,0.9999534344422422
t12.2022.05.19,train,vocal,t12.2022.05.19,79,now here is truly a marvel,6,SIL,1,sil,here,76,120,44,19,22,92,108,92,112,0.995572495946287
t12.2022.05.19,train,vocal,t12.2022.05.19,79,now here is truly a marvel,7,IH,2,initial,is,100,132,32,25,25,116,120,112,120,0.9999526643844358
t12.2022.05.19,train,vocal,t12.2022.05.19,79,now here is truly a marvel,8,Z,2,final,is,104,136,32,26,26,120,124,120,124,0.9999928424369801
t12.2022.05.19,train,vocal,t12.2022.05.19,79,now here is truly a marvel,9,SIL,2,sil,is,108,156,48,27,31,124,144,124,144,0.9973980246032635
t12.2022.05.19,train,vocal,t12.2022.05.19,79,now here is truly a marvel,10,T,3,initial,truly,128,160,32,32,32,144,148,144,148,0.9915006546839396
t12.2022.05.19,train,vocal,t12.2022.05.19,79,now here is truly a marvel,11,R,3,medial,truly,132,164,32,33,33,148,152,148,152,0.9991173930747439
t12.2022.05.19,train,vocal,t12.2022.05.19,79,now here is truly a marvel,12,UW,3,medial,truly,136,168,32,34,34,152,156,152,156,0.9998377511425062
t12.2022.05.19,train,vocal,t12.2022.05.19,79,now here is truly a marvel,13,L,3,medial,truly,140,180,40,35,37,156,168,156,168,0.9937190036401122
t12.2022.05.19,train,vocal,t12.2022.05.19,79,now here is truly a marvel,14,IY,3,final,truly,152,192,40,38,40,168,180,168,180,0.9251702854031748
t12.2022.05.19,train,vocal,t12.2022.05.19,79,now here is truly a marvel,15,SIL,3,sil,truly,164,220,56,41,47,180,208,180,216,0.9982343853019026
t12.2022.05.19,train,vocal,t12.2022.05.19,79,now here is truly a marvel,16,AH,4,single,a,204,236,32,51,51,220,224,216,224,0.9999967249415849
t12.2022.05.19,train,vocal,t12.2022.05.19,79,now here is truly a marvel,17,SIL,4,sil,a,208,252,44,52,55,224,240,224,244,0.9813604277805461
t12.2022.05.19,train,vocal,t12.2022.05.19,79,now here is truly a marvel,18,M,5,initial,marvel,228,264,36,57,58,244,252,244,256,0.8560800831912037
t12.2022.05.19,train,vocal,t12.2022.05.19,79,now here is truly a marvel,19,AA,5,medial,marvel,240,272,32,60,60,256,260,256,260,0.9750669256503087
t12.2022.05.19,train,vocal,t12.2022.05.19,79,now here is truly a marvel,20,R,5,medial,marvel,244,280,36,61,62,260,268,260,268,0.9408299934706335
t12.2022.05.19,train,vocal,t12.2022.05.19,79,now here is truly a marvel,21,V,5,medial,marvel,252,284,32,63,63,268,272,268,272,0.9462140114637874
t12.2022.05.19,train,vocal,t12.2022.05.19,79,now here is truly a marvel,22,AH,5,medial,marvel,256,288,32,64,64,272,276,272,276,0.9999781120914848
t12.2022.05.19,train,vocal,t12.2022.05.19,79,now here is truly a marvel,23,L,5,final,marvel,260,296,36,65,66,276,284,276,284,0.9664008055936506
t12.2022.05.19,train,vocal,t12.2022.05.19,79,now here is truly a marvel,24,SIL,5,sil,marvel,268,316,48,67,71,284,304,284,304,0.9999820438092948
t12.2022.05.19,train,vocal,t12.2022.05.19,80,twelve o'clock level,0,T,0,initial,twelve,12,44,32,3,3,28,32,16,32,0.9952519328595235
t12.2022.05.19,train,vocal,t12.2022.05.19,80,twelve o'clock level,1,W,0,medial,twelve,16,52,36,4,5,32,40,32,40,0.969435615171296
t12.2022.05.19,train,vocal,t12.2022.05.19,80,twelve o'clock level,2,EH,0,medial,twelve,24,60,36,6,7,40,48,40,48,0.8256408366389362
t12.2022.05.19,train,vocal,t12.2022.05.19,80,twelve o'clock level,3,L,0,medial,twelve,32,64,32,8,8,48,52,48,52,0.9992060996073309
t12.2022.05.19,train,vocal,t12.2022.05.19,80,twelve o'clock level,4,V,0,final,twelve,36,76,40,9,11,52,64,52,64,0.8521958671234514
t12.2022.05.19,train,vocal,t12.2022.05.19,80,twelve o'clock level,5,SIL,0,sil,twelve,48,84,36,12,13,64,72,64,80,0.9998585925868935
t12.2022.05.19,train,vocal,t12.2022.05.19,80,twelve o'clock level,6,AH,1,initial,o'clock,72,104,32,18,18,88,92,80,92,0.9996033503322139
t12.2022.05.19,train,vocal,t12.2022.05.19,80,twelve o'clock level,7,K,1,medial,o'clock,76,112,36,19,20,92,100,92,100,0.9974710522713335
t12.2022.05.19,train,vocal,t12.2022.05.19,80,twelve o'clock level,8,L,1,medial,o'clock,84,120,36,21,22,100,108,100,112,0.9939397047373736
t12.2022.05.19,train,vocal,t12.2022.05.19,80,twelve o'clock level,9,AA,1,medial,o'clock,96,128,32,24,24,112,116,112,116,0.999409451483598
t12.2022.05.19,train,vocal,t12.2022.05.19,80,twelve o'clock level,10,K,1,final,o'clock,100,136,36,25,26,116,124,116,124,0.8748149891125079
t12.2022.05.19,train,vocal,t12.2022.05.19,80,twelve o'clock level,11,SIL,1,sil,o'clock,108,148,40,27,29,124,136,124,136,0.9153627784813706
t12.2022.05.19,train,vocal,t12.2022.05.19,80,twelve o'clock level,12,L,2,initial,level,120,156,36,30,31,136,144,136,148,0.9971181506804283
t12.2022.05.19,train,vocal,t12.2022.05.19,80,twelve o'clock level,13,EH,2,medial,level,132,164,32,33,33,148,152,148,152,0.9976170777901413
t12.2022.05.19,train,vocal,t12.2022.05.19,80,twelve o'clock level,14,V,2,medial,level,136,172,36,34,35,152,160,152,160,0.6907291286620322
t12.2022.05.19,train,vocal,t12.2022.05.19,80,twelve o'clock level,15,AH,2,medial,level,144,180,36,36,37,160,168,160,168,0.9997303220216205
t12.2022.05.19,train,vocal,t12.2022.05.19,80,twelve o'clock level,16,L,2,final,level,152,188,36,38,39,168,176,168,176,0.9054179952543757
t12.2022.05.19,train,vocal,t12.2022.05.19,80,twelve o'clock level,17,SIL,2,sil,level,160,212,52,40,45,176,200,176,200,0.9999976738231314
t12.2022.05.19,train,vocal,t12.2022.05.19,81,object  a village crossroads,0,AA,0,initial,object,16,48,32,4,4,32,36,16,36,0.9948604282070762
t12.2022.05.19,train,vocal,t12.2022.05.19,81,object  a village crossroads,1,B,0,medial,object,20,56,36,5,6,36,44,36,44,0.9951124517162699
t12.2022.05.19,train,vocal,t12.2022.05.19,81,object  a village crossroads,2,JH,0,medial,object,28,68,40,7,9,44,56,44,60,0.8832324326351785
t12.2022.05.19,train,vocal,t12.2022.05.19,81,object  a village crossroads,3,EH,0,medial,object,44,76,32,11,11,60,64,60,64,0.9996511365084373
t12.2022.05.19,train,vocal,t12.2022.05.19,81,object  a village crossroads,4,K,0,medial,object,48,80,32,12,12,64,68,64,68,0.9998134817851005
t12.2022.05.19,train,vocal,t12.2022.05.19,81,object  a village crossroads,5,T,0,final,object,52,88,36,13,14,68,76,68,76,0.988534493783146
t12.2022.05.19,train,vocal,t12.2022.05.19,81,object  a village crossroads,6,SIL,0,sil,object,60,116,56,15,21,76,104,76,120,0.9990228424006028
t12.2022.05.19,train,vocal,t12.2022.05.19,81,object  a village crossroads,7,AH,1,single,a,116,152,36,29,30,132,140,120,140,0.8984695160762073
t12.2022.05.19,train,vocal,t12.2022.05.19,81,object  a village crossroads,8,SIL,1,sil,a,124,164,40,31,33,140,152,140,152,0.9989039951025487
t12.2022.05.19,train,vocal,t12.2022.05.19,81,object  a village crossroads,9,V,2,initial,village,136,168,32,34,34,152,156,152,160,0.9997765586844669
t12.2022.05.19,train,vocal,t12.2022.05.19,81,object  a village crossroads,10,IH,2,medial,village,144,176,32,36,36,160,164,160,164,0.9993434108342165
t12.2022.05.19,train,vocal,t12.2022.05.19,81,object  a village crossroads,11,L,2,medial,village,148,188,40,37,39,164,176,164,176,0.8764872388432462
t12.2022.05.19,train,vocal,t12.2022.05.19,81,object  a village crossroads,12,AH,2,medial,village,160,196,36,40,41,176,184,176,184,0.9590893054178896
t12.2022.05.19,train,vocal,t12.2022.05.19,81,object  a village crossroads,13,JH,2,final,village,168,204,36,42,43,184,192,184,192,0.9963264684037638
t12.2022.05.19,train,vocal,t12.2022.05.19,81,object  a village crossroads,14,SIL,2,sil,village,176,216,40,44,46,192,204,192,204,0.9949407219968486
t12.2022.05.19,train,vocal,t12.2022.05.19,81,object  a village crossroads,15,K,3,initial,crossroads,188,220,32,47,47,204,208,204,208,0.9995467145264267
t12.2022.05.19,train,vocal,t12.2022.05.19,81,object  a village crossroads,16,R,3,medial,crossroads,192,228,36,48,49,208,216,208,216,0.9863858338265453
t12.2022.05.19,train,vocal,t12.2022.05.19,81,object  a village crossroads,17,AO,3,medial,crossroads,200,232,32,50,50,216,220,216,220,0.997119519082016
t12.2022.05.19,train,vocal,t12.2022.05.19,81,object  a village crossroads,18,S,3,medial,crossroads,204,240,36,51,52,220,228,220,228,0.9170498359892405
t12.2022.05.19,train,vocal,t12.2022.05.19,81,object  a village crossroads,19,R,3,medial,crossroads,212,252,40,53,55,228,240,228,240,0.8664281054677664
t12.2022.05.19,train,vocal,t12.2022.05.19,81,object  a village crossroads,20,OW,3,medial,crossroads,224,256,32,56,56,240,244,240,244,0.9994924642173478
t12.2022.05.19,train,vocal,t12.2022.05.19,81,object  a village crossroads,21,D,3,medial,crossroads,228,264,36,57,58,244,252,244,252,0.830685852387618
t12.2022.05.19,train,vocal,t12.2022.05.19,81,object  a village crossroads,22,Z,3,final,crossroads,236,268,32,59,59,252,256,252,256,0.9974445413893162
t12.2022.05.19,train,vocal,t12.2022.05.19,81,object  a village crossroads,23,SIL,3,sil,crossroads,240,284,44,60,63,256,272,256,272,0.9306585805923714
t12.2022.05.19,train,vocal,t12.2022.05.19,82,he scowled at her flowers,0,HH,0,initial,he,32,68,36,8,9,48,56,16,56,0.9997916415578486
t12.2022.05.19,train,vocal,t12.2022.05.19,82,he scowled at her flowers,1,IY,0,final,he,40,76,36,10,11,56,64,56,68,0.7641603410445446
t12.2022.05.19,train,vocal,t12.2022.05.19,82,he scowled at her flowers,2,SIL,0,sil,he,52,88,36,13,14,68,76,68,76,0.995989039967049
t12.2022.05.19,train,vocal,t12.2022.05.19,82,he scowled at her flowers,3,S,1,initial,scowled,60,92,32,15,15,76,80,76,80,0.9985492008815151
t12.2022.05.19,train,vocal,t12.2022.05.19,82,he scowled at her flowers,4,K,1,medial,scowled,64,96,32,16,16,80,84,80,88,0.999237464368033
t12.2022.05.19,train,vocal,t12.2022.05.19,82,he scowled at her flowers,5,AW,1,medial,scowled,76,108,32,19,19,92,96,88,96,0.9984024201297691
t12.2022.05.19,train,vocal,t12.2022.05.19,82,he scowled at her flowers,6,L,1,medial,scowled,80,116,36,20,21,96,104,96,104,0.9868894241114525
t12.2022.05.19,train,vocal,t12.2022.05.19,82,he scowled at her flowers,7,D,1,final,scowled,88,128,40,22,24,104,116,104,116,0.9560447109810335
t12.2022.05.19,train,vocal,t12.2022.05.19,82,he scowled at her flowers,8,SIL,1,sil,scowled,100,136,36,25,26,116,124,116,128,0.9979003649994005
t12.2022.05.19,train,vocal,t12.2022.05.19,82,he scowled at her flowers,9,AE,2,initial,at,116,148,32,29,29,132,136,128,136,0.9995060378920341
t12.2022.05.19,train,vocal,t12.2022.05.19,82,he scowled at her flowers,10,T,2,final,at,120,152,32,30,30,136,140,136,140,0.9994841108328963
t12.2022.05.19,train,vocal,t12.2022.05.19,82,he scowled at her flowers,11,SIL,2,sil,at,124,172,48,31,35,140,160,140,160,0.9859000549835908
t12.2022.05.19,train,vocal,t12.2022.05.19,82,he scowled at her flowers,12,HH,3,initial,her,144,176,32,36,36,160,164,160,168,0.999992781651642
t12.2022.05.19,train,vocal,t12.2022.05.19,82,he scowled at her flowers,13,ER,3,final,her,152,188,36,38,39,168,176,168,176,0.9994961467768211
t12.2022.05.19,train,vocal,t12.2022.05.19,82,he scowled at her flowers,14,SIL,3,sil,her,160,204,44,40,43,176,192,176,192,0.9872493049103913
t12.2022.05.19,train,vocal,t12.2022.05.19,82,he scowled at her flowers,15,F,4,initial,flowers,176,208,32,44,44,192,196,192,196,0.9999684445382409
t12.2022.05.19,train,vocal,t12.2022.05.19,82,he scowled at her flowers,16,L,4,medial,flowers,180,216,36,45,46,196,204,196,208,0.9656215064810785
t12.2022.05.19,train,vocal,t12.2022.05.19,82,he scowled at her flowers,17,AW,4,medial,flowers,192,228,36,48,49,208,216,208,216,0.9588202989078234
t12.2022.05.19,train,vocal,t12.2022.05.19,82,he scowled at her flowers,18,ER,4,medial,flowers,200,236,36,50,51,216,224,216,224,0.999138324497426
t12.2022.05.19,train,vocal,t12.2022.05.19,82,he scowled at her flowers,19,Z,4,final,flowers,208,244,36,52,53,224,232,224,232,0.9991094575223882
t12.2022.05.19,train,vocal,t12.2022.05.19,82,he scowled at her flowers,20,SIL,4,sil,flowers,216,252,36,54,55,232,240,232,240,0.987811293734663
t12.2022.05.19,train,vocal,t12.2022.05.19,83,the humor of the situation can be imagined,0,DH,0,initial,the,40,72,32,10,10,56,60,16,60,0.9999681737210061
t12.2022.05.19,train,vocal,t12.2022.05.19,83,the humor of the situation can be imagined,1,AH,0,final,the,44,80,36,11,12,60,68,60,68,0.951914955504453
t12.2022.05.19,train,vocal,t12.2022.05.19,83,the humor of the situation can be imagined,2,SIL,0,sil,the,52,92,40,13,15,68,80,68,80,0.870972066526363
t12.2022.05.19,train,vocal,t12.2022.05.19,83,the humor of the situation can be imagined,3,HH,1,initial,humor,64,96,32,16,16,80,84,80,84,0.9972392666033733
t12.2022.05.19,train,vocal,t12.2022.05.19,83,the humor of the situation can be imagined,4,Y,1,medial,humor,68,100,32,17,17,84,88,84,88,0.9984925823152104
t12.2022.05.19,train,vocal,t12.2022.05.19,83,the humor of the situation can be imagined,5,UW,1,medial,humor,72,104,32,18,18,88,92,88,92,0.996793184350312
t12.2022.05.19,train,vocal,t12.2022.05.19,83,the humor of the situation can be imagined,6,M,1,medial,humor,76,116,40,19,21,92,104,92,104,0.8899570341766433
t12.2022.05.19,train,vocal,t12.2022.05.19,83,the humor of the situation can be imagined,7,ER,1,final,humor,88,124,36,22,23,104,112,104,112,0.9974836907124913
t12.2022.05.19,train,vocal,t12.2022.05.19,83,the humor of the situation can be imagined,8,SIL,1,sil,humor,96,132,36,24,25,112,120,112,124,0.9764187759584758
t12.2022.05.19,train,vocal,t12.2022.05.19,83,the humor of the situation can be imagined,9,AH,2,initial,of,112,144,32,28,28,128,132,124,132,0.9999997852624419
t12.2022.05.19,train,vocal,t12.2022.05.19,83,the humor of the situation can be imagined,10,V,2,final,of,116,148,32,29,29,132,136,132,136,0.9999993987377966
t12.2022.05.19,train,vocal,t12.2022.05.19,83,the humor of the situation can be imagined,11,SIL,2,sil,of,120,168,48,30,34,136,156,136,156,0.96020252567523
t12.2022.05.19,train,vocal,t12.2022.05.19,83,the humor of the situation can be imagined,12,DH,3,initial,the,140,172,32,35,35,156,160,156,164,0.9998996277049513
t12.2022.05.19,train,vocal,t12.2022.05.19,83,the humor of the situation can be imagined,13,AH,3,final,the,148,184,36,37,38,164,172,164,172,0.8260248186459841
t12.2022.05.19,train,vocal,t12.2022.05.19,83,the humor of the situation can be imagined,14,SIL,3,sil,the,156,200,44,39,42,172,188,172,188,0.9998199758953472
t12.2022.05.19,train,vocal,t12.2022.05.19,83,the humor of the situation can be imagined,15,S,4,initial,situation,172,208,36,43,44,188,196,188,200,0.8590184362481501
t12.2022.05.19,train,vocal,t12.2022.05.19,83,the humor of the situation can be imagined,16,IH,4,medial,situation,184,216,32,46,46,200,204,200,204,0.9993040100872072
t12.2022.05.19,train,vocal,t12.2022.05.19,83,the humor of the situation can be imagined,17,CH,4,medial,situation,188,220,32,47,47,204,208,204,208,0.9998720388703741
t12.2022.05.19,train,vocal,t12.2022.05.19,83,the humor of the situation can be imagined,18,UW,4,medial,situation,192,232,40,48,50,208,220,208,220,0.80285286031023
t12.2022.05.19,train,vocal,t12.2022.05.19,83,the humor of the situation can be imagined,19,EY,4,medial,situation,204,236,32,51,51,220,224,220,224,0.9985436331027919
t12.2022.05.19,train,vocal,t12.2022.05.19,83,the humor of the situation can be imagined,20,SH,4,medial,situation,208,244,36,52,53,224,232,224,232,0.9824504822790587
t12.2022.05.19,train,vocal,t12.2022.05.19,83,the humor of the situation can be imagined,21,AH,4,medial,situation,216,248,32,54,54,232,236,232,236,0.9999531305454137
t12.2022.05.19,train,vocal,t12.2022.05.19,83,the humor of the situation can be imagined,22,N,4,final,situation,220,256,36,55,56,236,244,236,244,0.8290093584380347
t12.2022.05.19,train,vocal,t12.2022.05.19,83,the humor of the situation can be imagined,23,SIL,4,sil,situation,228,264,36,57,58,244,252,244,252,0.9935095954058784
t12.2022.05.19,train,vocal,t12.2022.05.19,83,the humor of the situation can be imagined,24,K,5,initial,can,236,268,32,59,59,252,256,252,260,0.9998980279975703
t12.2022.05.19,train,vocal,t12.2022.05.19,83,the humor of the situation can be imagined,25,AE,5,medial,can,244,276,32,61,61,260,264,260,264,0.9999825145653315
t12.2022.05.19,train,vocal,t12.2022.05.19,83,the humor of the situation can be imagined,26,N,5,final,can,248,280,32,62,62,264,268,264,268,0.9999987889300733
t12.2022.05.19,train,vocal,t12.2022.05.19,83,the humor of the situation can be imagined,27,SIL,5,sil,can,252,292,40,63,65,268,280,268,280,0.9969268536058297
t12.2022.05.19,train,vocal,t12.2022.05.19,83,the humor of the situation can be imagined,28,B,6,initial,be,264,296,32,66,66,280,284,280,288,0.9999937530105759
t12.2022.05.19,train,vocal,t12.2022.05.19,83,the humor of the situation can be imagined,29,IY,6,final,be,272,308,36,68,69,288,296,288,296,0.8115330838642979
t12.2022.05.19,train,vocal,t12.2022.05.19,83,the humor of the situation can be imagined,30,SIL,6,sil,be,280,324,44,70,73,296,312,296,316,0.953054616028116
t12.2022.05.19,train,vocal,t12.2022.05.19,83,the humor of the situation can be imagined,31,IH,7,initial,imagined,304,336,32,76,76,320,324,316,324,0.9995599724079303
t12.2022.05.19,train,vocal,t12.2022.05.19,83,the humor of the situation can be imagined,32,M,7,medial,imagined,308,344,36,77,78,324,332,324,336,0.9986225714831725
t12.2022.05.19,train,vocal,t12.2022.05.19,83,the humor of the situation can be imagined,33,AE,7,medial,imagined,320,352,32,80,80,336,340,336,340,0.9980755030099578
t12.2022.05.19,train,vocal,t12.2022.05.19,83,the humor of the situation can be imagined,34,JH,7,medial,imagined,324,360,36,81,82,340,348,340,348,0.9799557809811534
t12.2022.05.19,train,vocal,t12.2022.05.19,83,the humor of the situation can be imagined,35,AH,7,medial,imagined,332,364,32,83,83,348,352,348,352,0.9996261222578261
t12.2022.05.19,train,vocal,t12.2022.05.19,83,the humor of the situation can be imagined,36,N,7,medial,imagined,336,368,32,84,84,352,356,352,356,0.999166267854109
t12.2022.05.19,train,vocal,t12.2022.05.19,83,the humor of the situation can be imagined,37,D,7,final,imagined,340,376,36,85,86,356,364,356,364,0.8192740704345225
t12.2022.05.19,train,vocal,t12.2022.05.19,83,the humor of the situation can be imagined,38,SIL,7,sil,imagined,348,380,32,87,87,364,368,364,368,0.9996404654612201
t12.2022.05.19,train,vocal,t12.2022.05.19,84,he snatched at it savagely,0,HH,0,initial,he,48,84,36,12,13,64,72,16,76,0.9997652983858185
t12.2022.05.19,train,vocal,t12.2022.05.19,84,he snatched at it savagely,1,IY,0,final,he,60,92,32,15,15,76,80,76,80,0.9999984330183217
t12.2022.05.19,train,vocal,t12.2022.05.19,84,he snatched at it savagely,2,SIL,0,sil,he,64,104,40,16,18,80,92,80,92,0.8809171327650391
t12.2022.05.19,train,vocal,t12.2022.05.19,84,he snatched at it savagely,3,S,1,initial,snatched,76,108,32,19,19,92,96,92,96,0.9994294840127836
t12.2022.05.19,train,vocal,t12.2022.05.19,84,he snatched at it savagely,4,N,1,medial,snatched,80,116,36,20,21,96,104,96,108,0.9811163720611382
t12.2022.05.19,train,vocal,t12.2022.05.19,84,he snatched at it savagely,5,AE,1,medial,snatched,96,128,32,24,24,112,116,108,116,0.9952533018587362
t12.2022.05.19,train,vocal,t12.2022.05.19,84,he snatched at it savagely,6,CH,1,medial,snatched,100,132,32,25,25,116,120,116,120,0.9963339126141818
t12.2022.05.19,train,vocal,t12.2022.05.19,84,he snatched at it savagely,7,T,1,final,snatched,104,140,36,26,27,120,128,120,128,0.9510806041556026
t12.2022.05.19,train,vocal,t12.2022.05.19,84,he snatched at it savagely,8,SIL,1,sil,snatched,112,148,36,28,29,128,136,128,140,0.9998918959183452
t12.2022.05.19,train,vocal,t12.2022.05.19,84,he snatched at it savagely,9,AE,2,initial,at,128,160,32,32,32,144,148,140,148,0.9997278497012401
t12.2022.05.19,train,vocal,t12.2022.05.19,84,he snatched at it savagely,10,T,2,final,at,132,164,32,33,33,148,152,148,152,0.9999610762946756
t12.2022.05.19,train,vocal,t12.2022.05.19,84,he snatched at it savagely,11,SIL,2,sil,at,136,176,40,34,36,152,164,152,168,0.999642715428231
t12.2022.05.19,train,vocal,t12.2022.05.19,84,he snatched at it savagely,12,IH,3,initial,it,156,188,32,39,39,172,176,168,176,0.9999550189745274
t12.2022.05.19,train,vocal,t12.2022.05.19,84,he snatched at it savagely,13,T,3,final,it,160,192,32,40,40,176,180,176,180,0.9999956582240612
t12.2022.05.19,train,vocal,t12.2022.05.19,84,he snatched at it savagely,14,SIL,3,sil,it,164,208,44,41,44,180,196,180,196,0.9996894318186659
t12.2022.05.19,train,vocal,t12.2022.05.19,84,he snatched at it savagely,15,S,4,initial,savagely,180,216,36,45,46,196,204,196,212,0.9322135859079759
t12.2022.05.19,train,vocal,t12.2022.05.19,84,he snatched at it savagely,16,AE,4,medial,savagely,200,232,32,50,50,216,220,212,220,0.9992401118961585
t12.2022.05.19,train,vocal,t12.2022.05.19,84,he snatched at it savagely,17,V,4,medial,savagely,204,236,32,51,51,220,224,220,228,0.9970272757537936
t12.2022.05.19,train,vocal,t12.2022.05.19,84,he snatched at it savagely,18,IH,4,medial,savagely,216,248,32,54,54,232,236,228,236,0.9992215644554259
t12.2022.05.19,train,vocal,t12.2022.05.19,84,he snatched at it savagely,19,JH,4,medial,savagely,220,256,36,55,56,236,244,236,244,0.9655033615661431
t12.2022.05.19,train,vocal,t12.2022.05.19,84,he snatched at it savagely,20,L,4,medial,savagely,228,264,36,57,58,244,252,244,252,0.9985629102044233
t12.2022.05.19,train,vocal,t12.2022.05.19,84,he snatched at it savagely,21,IY,4,final,savagely,236,272,36,59,60,252,260,252,260,0.9924706884400301
t12.2022.05.19,train,vocal,t12.2022.05.19,84,he snatched at it savagely,22,SIL,4,sil,savagely,244,288,44,61,64,260,276,260,276,0.9998626358262941
t12.2022.05.19,train,vocal,t12.2022.05.19,85,are you a fan of the horror genre in general,0,AA,0,initial,are,44,76,32,11,11,60,64,16,64,0.9998148390907311
t12.2022.05.19,train,vocal,t12.2022.05.19,85,are you a fan of the horror genre in general,1,R,0,final,are,48,80,32,12,12,64,68,64,68,0.9999812503261566
t12.2022.05.19,train,vocal,t12.2022.05.19,85,are you a fan of the horror genre in general,2,SIL,0,sil,are,52,88,36,13,14,68,76,68,76,0.9997084030439802
t12.2022.05.19,train,vocal,t12.2022.05.19,85,are you a fan of the horror genre in general,3,Y,1,initial,you,60,96,36,15,16,76,84,76,88,0.9735669314060078
t12.2022.05.19,train,vocal,t12.2022.05.19,85,are you a fan of the horror genre in general,4,UW,1,final,you,72,104,32,18,18,88,92,88,92,0.9999500284232543
t12.2022.05.19,train,vocal,t12.2022.05.19,85,are you a fan of the horror genre in general,5,SIL,1,sil,you,76,116,40,19,21,92,104,92,104,0.807259926573078
t12.2022.05.19,train,vocal,t12.2022.05.19,85,are you a fan of the horror genre in general,6,AH,2,single,a,88,124,36,22,23,104,112,104,112,0.9992790838955369
t12.2022.05.19,train,vocal,t12.2022.05.19,85,are you a fan of the horror genre in general,7,SIL,2,sil,a,96,132,36,24,25,112,120,112,120,0.9354216406741384
t12.2022.05.19,train,vocal,t12.2022.05.19,85,are you a fan of the horror genre in general,8,F,3,initial,fan,104,140,36,26,27,120,128,120,132,0.8487836832812224
t12.2022.05.19,train,vocal,t12.2022.05.19,85,are you a fan of the horror genre in general,9,AE,3,medial,fan,116,148,32,29,29,132,136,132,136,0.9990941187110123
t12.2022.05.19,train,vocal,t12.2022.05.19,85,are you a fan of the horror genre in general,10,N,3,final,fan,120,156,36,30,31,136,144,136,144,0.9935926585190006
t12.2022.05.19,train,vocal,t12.2022.05.19,85,are you a fan of the horror genre in general,11,SIL,3,sil,fan,128,184,56,32,38,144,172,144,176,0.9942062680953007
t12.2022.05.19,train,vocal,t12.2022.05.19,85,are you a fan of the horror genre in general,12,AH,4,initial,of,164,196,32,41,41,180,184,176,184,0.9999993827302431
t12.2022.05.19,train,vocal,t12.2022.05.19,85,are you a fan of the horror genre in general,13,V,4,final,of,168,200,32,42,42,184,188,184,188,0.9999812309220255
t12.2022.05.19,train,vocal,t12.2022.05.19,85,are you a fan of the horror genre in general,14,SIL,4,sil,of,172,212,40,43,45,188,200,188,200,0.9996741734610682
t12.2022.05.19,train,vocal,t12.2022.05.19,85,are you a fan of the horror genre in general,15,DH,5,initial,the,184,220,36,46,47,200,208,200,212,0.9966165461521721
t12.2022.05.19,train,vocal,t12.2022.05.19,85,are you a fan of the horror genre in general,16,AH,5,final,the,196,232,36,49,50,212,220,212,220,0.7575890566631516
t12.2022.05.19,train,vocal,t12.2022.05.19,85,are you a fan of the horror genre in general,17,SIL,5,sil,the,204,244,40,51,53,220,232,220,232,0.9368026538224847
t12.2022.05.19,train,vocal,t12.2022.05.19,85,are you a fan of the horror genre in general,18,HH,6,initial,horror,216,248,32,54,54,232,236,232,240,0.9995862223251226
t12.2022.05.19,train,vocal,t12.2022.05.19,85,are you a fan of the horror genre in general,19,AO,6,medial,horror,224,256,32,56,56,240,244,240,244,0.9938168553934109
t12.2022.05.19,train,vocal,t12.2022.05.19,85,are you a fan of the horror genre in general,20,R,6,medial,horror,228,260,32,57,57,244,248,244,248,0.9113936539893794
t12.2022.05.19,train,vocal,t12.2022.05.19,85,are you a fan of the horror genre in general,21,ER,6,final,horror,232,272,40,58,60,248,260,248,260,0.8572421983592763
t12.2022.05.19,train,vocal,t12.2022.05.19,85,are you a fan of the horror genre in general,22,SIL,6,sil,horror,244,284,40,61,63,260,272,260,272,0.9664090820262602
t12.2022.05.19,train,vocal,t12.2022.05.19,85,are you a fan of the horror genre in general,23,ZH,7,initial,genre,256,288,32,64,64,272,276,272,280,0.9980826824660958
t12.2022.05.19,train,vocal,t12.2022.05.19,85,are you a fan of the horror genre in general,24,AA,7,medial,genre,264,296,32,66,66,280,284,280,284,0.9996816152004029
t12.2022.05.19,train,vocal,t12.2022.05.19,85,are you a fan of the horror genre in general,25,N,7,medial,genre,268,308,40,67,69,284,296,284,296,0.816363134732882
t12.2022.05.19,train,vocal,t12.2022.05.19,85,are you a fan of the horror genre in general,26,R,7,medial,genre,280,320,40,70,72,296,308,296,308,0.8774682601778133
t12.2022.05.19,train,vocal,t12.2022.05.19,85,are you a fan of the horror genre in general,27,AH,7,final,genre,292,324,32,73,73,308,312,308,316,0.9999708350212043
t12.2022.05.19,train,vocal,t12.2022.05.19,85,are you a fan of the horror genre in general,28,SIL,7,sil,genre,300,360,60,75,82,316,348,316,356,0.9961199499761437
t12.2022.05.19,train,vocal,t12.2022.05.19,85,are you a fan of the horror genre in general,29,IH,8,initial,in,344,376,32,86,86,360,364,356,364,0.9999818511806096
t12.2022.05.19,train,vocal,t12.2022.05.19,85,are you a fan of the horror genre in general,30,N,8,final,in,348,380,32,87,87,364,368,364,368,0.9999992647005584
t12.2022.05.19,train,vocal,t12.2022.05.19,85,are you a fan of the horror genre in general,31,SIL,8,sil,in,352,396,44,88,91,368,384,368,384,0.9839097385165053
t12.2022.05.19,train,vocal,t12.2022.05.19,85,are you a fan of the horror genre in general,32,JH,9,initial,general,368,400,32,92,92,384,388,384,392,0.9998988419873405
t12.2022.05.19,train,vocal,t12.2022.05.19,85,are you a fan of the horror genre in general,33,EH,9,medial,general,376,408,32,94,94,392,396,392,396,0.9995396427086994
t12.2022.05.19,train,vocal,t12.2022.05.19,85,are you a fan of the horror genre in general,34,N,9,medial,general,380,412,32,95,95,396,400,396,400,0.999838478115496
t12.2022.05.19,train,vocal,t12.2022.05.19,85,are you a fan of the horror genre in general,35,ER,9,medial,general,384,424,40,96,98,400,412,400,412,0.9206476686055814
t12.2022.05.19,train,vocal,t12.2022.05.19,85,are you a fan of the horror genre in general,36,AH,9,medial,general,396,432,36,99,100,412,420,412,420,0.8692878028385121
t12.2022.05.19,train,vocal,t12.2022.05.19,85,are you a fan of the horror genre in general,37,L,9,final,general,404,440,36,101,102,420,428,420,428,0.9792622839064049
t12.2022.05.19,train,vocal,t12.2022.05.19,85,are you a fan of the horror genre in general,38,SIL,9,sil,general,412,448,36,103,104,428,436,428,436,0.9996941275206268
t12.2022.05.19,train,vocal,t12.2022.05.19,86,he was full of heavy family reminiscence,0,HH,0,initial,he,52,84,32,13,13,68,72,16,76,0.9999946016869731
t12.2022.05.19,train,vocal,t12.2022.05.19,86,he was full of heavy family reminiscence,1,IY,0,final,he,60,92,32,15,15,76,80,76,80,0.9999937551602852
t12.2022.05.19,train,vocal,t12.2022.05.19,86,he was full of heavy family reminiscence,2,SIL,0,sil,he,64,104,40,16,18,80,92,80,92,0.9685764723345834
t12.2022.05.19,train,vocal,t12.2022.05.19,86,he was full of heavy family reminiscence,3,W,1,initial,was,76,112,36,19,20,92,100,92,100,0.8859032928576552
t12.2022.05.19,train,vocal,t12.2022.05.19,86,he was full of heavy family reminiscence,4,AA,1,medial,was,84,116,32,21,21,100,104,100,104,0.99999838299669
t12.2022.05.19,train,vocal,t12.2022.05.19,86,he was full of heavy family reminiscence,5,Z,1,final,was,88,120,32,22,22,104,108,104,108,0.9999258407910999
t12.2022.05.19,train,vocal,t12.2022.05.19,86,he was full of heavy family reminiscence,6,SIL,1,sil,was,92,136,44,23,26,108,124,108,124,0.9918211819471486
t12.2022.05.19,train,vocal,t12.2022.05.19,86,he was full of heavy family reminiscence,7,F,2,initial,full,108,140,32,27,27,124,128,124,132,0.9998102315013373
t12.2022.05.19,train,vocal,t12.2022.05.19,86,he was full of heavy family reminiscence,8,UH,2,medial,full,116,148,32,29,29,132,136,132,136,0.9999217904250233
t12.2022.05.19,train,vocal,t12.2022.05.19,86,he was full of heavy family reminiscence,9,L,2,final,full,120,156,36,30,31,136,144,136,144,0.9878449458760163
t12.2022.05.19,train,vocal,t12.2022.05.19,86,he was full of heavy family reminiscence,10,SIL,2,sil,full,128,168,40,32,34,144,156,144,160,0.9701635366761976
t12.2022.05.19,train,vocal,t12.2022.05.19,86,he was full of heavy family reminiscence,11,AH,3,initial,of,148,180,32,37,37,164,168,160,168,0.9999985250997618
t12.2022.05.19,train,vocal,t12.2022.05.19,86,he was full of heavy family reminiscence,12,V,3,final,of,152,184,32,38,38,168,172,168,172,0.9999931465699669
t12.2022.05.19,train,vocal,t12.2022.05.19,86,he was full of heavy family reminiscence,13,SIL,3,sil,of,156,216,60,39,46,172,204,172,204,0.9658069420476647
t12.2022.05.19,train,vocal,t12.2022.05.19,86,he was full of heavy family reminiscence,14,HH,4,initial,heavy,188,220,32,47,47,204,208,204,212,0.9952750410488402
t12.2022.05.19,train,vocal,t12.2022.05.19,86,he was full of heavy family reminiscence,15,EH,4,medial,heavy,196,228,32,49,49,212,216,212,216,0.9998100700174408
t12.2022.05.19,train,vocal,t12.2022.05.19,86,he was full of heavy family reminiscence,16,V,4,medial,heavy,200,232,32,50,50,216,220,216,224,0.9998796782512914
t12.2022.05.19,train,vocal,t12.2022.05.19,86,he was full of heavy family reminiscence,17,IY,4,final,heavy,208,248,40,52,54,224,236,224,236,0.9450624097465044
t12.2022.05.19,train,vocal,t12.2022.05.19,86,he was full of heavy family reminiscence,18,SIL,4,sil,heavy,220,260,40,55,57,236,248,236,248,0.9932435061274165
t12.2022.05.19,train,vocal,t12.2022.05.19,86,he was full of heavy family reminiscence,19,F,5,initial,family,232,264,32,58,58,248,252,248,256,0.9999250995256302
t12.2022.05.19,train,vocal,t12.2022.05.19,86,he was full of heavy family reminiscence,20,AE,5,medial,family,240,272,32,60,60,256,260,256,260,0.9999577399548525
t12.2022.05.19,train,vocal,t12.2022.05.19,86,he was full of heavy family reminiscence,21,M,5,medial,family,244,276,32,61,61,260,264,260,264,0.9986122914070722
t12.2022.05.19,train,vocal,t12.2022.05.19,86,he was full of heavy family reminiscence,22,AH,5,medial,family,248,284,36,62,63,264,272,264,272,0.9976852462411784
t12.2022.05.19,train,vocal,t12.2022.05.19,86,he was full of heavy family reminiscence,23,L,5,medial,family,256,292,36,64,65,272,280,272,280,0.9954111261821299
t12.2022.05.19,train,vocal,t12.2022.05.19,86,he was full of heavy family reminiscence,24,IY,5,final,family,264,300,36,66,67,280,288,280,288,0.7791905515639326
t12.2022.05.19,train,vocal,t12.2022.05.19,86,he was full of heavy family reminiscence,25,SIL,5,sil,family,272,320,48,68,72,288,308,288,320,0.9985203482883023
t12.2022.05.19,train,vocal,t12.2022.05.19,86,he was full of heavy family reminiscence,26,R,6,initial,reminiscence,312,348,36,78,79,328,336,320,336,0.8127186322081701
t12.2022.05.19,train,vocal,t12.2022.05.19,86,he was full of heavy family reminiscence,27,EH,6,medial,reminiscence,320,352,32,80,80,336,340,336,340,0.9930912121313697
t12.2022.05.19,train,vocal,t12.2022.05.19,86,he was full of heavy family reminiscence,28,M,6,medial,reminiscence,324,360,36,81,82,340,348,340,348,0.9127035383538744
t12.2022.05.19,train,vocal,t12.2022.05.19,86,he was full of heavy family reminiscence,29,AH,6,medial,reminiscence,332,364,32,83,83,348,352,348,352,0.9954750142064029
t12.2022.05.19,train,vocal,t12.2022.05.19,86,he was full of heavy family reminiscence,30,N,6,medial,reminiscence,336,376,40,84,86,352,364,352,368,0.9190669936334502
t12.2022.05.19,train,vocal,t12.2022.05.19,86,he was full of heavy family reminiscence,31,IH,6,medial,reminiscence,352,384,32,88,88,368,372,368,372,0.9997544969671895
t12.2022.05.19,train,vocal,t12.2022.05.19,86,he was full of heavy family reminiscence,32,S,6,medial,reminiscence,356,392,36,89,90,372,380,372,380,0.6904447230313284
t12.2022.05.19,train,vocal,t12.2022.05.19,86,he was full of heavy family reminiscence,33,AH,6,medial,reminiscence,364,396,32,91,91,380,384,380,384,0.9998391845493632
t12.2022.05.19,train,vocal,t12.2022.05.19,86,he was full of heavy family reminiscence,34,N,6,medial,reminiscence,368,404,36,92,93,384,392,384,392,0.8786434140170452
t12.2022.05.19,train,vocal,t12.2022.05.19,86,he was full of heavy family reminiscence,35,S,6,final,reminiscence,376,416,40,94,96,392,404,392,404,0.9157472185604574
t12.2022.05.19,train,vocal,t12.2022.05.19,86,he was full of heavy family reminiscence,36,SIL,6,sil,reminiscence,388,436,48,97,101,404,424,404,424,0.9921878510772005
t12.2022.05.19,train,vocal,t12.2022.05.19,87,industry interest in safety goes even farther,0,IH,0,initial,industry,48,80,32,12,12,64,68,16,68,0.9869651237831626
t12.2022.05.19,train,vocal,t12.2022.05.19,87,industry interest in safety goes even farther,1,N,0,medial,industry,52,84,32,13,13,68,72,68,72,0.9999669779413305
t12.2022.05.19,train,vocal,t12.2022.05.19,87,industry interest in safety goes even farther,2,D,0,medial,industry,56,92,36,14,15,72,80,72,80,0.8215938149956332
t12.2022.05.19,train,vocal,t12.2022.05.19,87,industry interest in safety goes even farther,3,AH,0,medial,industry,64,96,32,16,16,80,84,80,84,0.997730364909795
t12.2022.05.19,train,vocal,t12.2022.05.19,87,industry interest in safety goes even farther,4,S,0,medial,industry,68,104,36,17,18,84,92,84,92,0.9276116946193429
t12.2022.05.19,train,vocal,t12.2022.05.19,87,industry interest in safety goes even farther,5,T,0,medial,industry,76,108,32,19,19,92,96,92,96,0.9892602709730621
t12.2022.05.19,train,vocal,t12.2022.05.19,87,industry interest in safety goes even farther,6,R,0,medial,industry,80,116,36,20,21,96,104,96,104,0.9496080535571827
t12.2022.05.19,train,vocal,t12.2022.05.19,87,industry interest in safety goes even farther,7,IY,0,final,industry,88,120,32,22,22,104,108,104,108,0.9702251185629707
t12.2022.05.19,train,vocal,t12.2022.05.19,87,industry interest in safety goes even farther,8,SIL,0,sil,industry,92,128,36,23,24,108,116,108,120,0.9979363214331862
t12.2022.05.19,train,vocal,t12.2022.05.19,87,industry interest in safety goes even farther,9,IH,1,initial,interest,108,140,32,27,27,124,128,120,128,0.9998911532493256
t12.2022.05.19,train,vocal,t12.2022.05.19,87,industry interest in safety goes even farther,10,N,1,medial,interest,112,144,32,28,28,128,132,128,132,0.9999830005517898
t12.2022.05.19,train,vocal,t12.2022.05.19,87,industry interest in safety goes even farther,11,T,1,medial,interest,116,148,32,29,29,132,136,132,136,0.9996476537790353
t12.2022.05.19,train,vocal,t12.2022.05.19,87,industry interest in safety goes even farther,12,R,1,medial,interest,120,152,32,30,30,136,140,136,140,0.9999464958399548
t12.2022.05.19,train,vocal,t12.2022.05.19,87,industry interest in safety goes even farther,13,AH,1,medial,interest,124,156,32,31,31,140,144,140,144,0.9987597751939143
t12.2022.05.19,train,vocal,t12.2022.05.19,87,industry interest in safety goes even farther,14,S,1,medial,interest,128,164,36,32,33,144,152,144,152,0.8748775821338384
t12.2022.05.19,train,vocal,t12.2022.05.19,87,industry interest in safety goes even farther,15,T,1,final,interest,136,172,36,34,35,152,160,152,160,0.9576402096202532
t12.2022.05.19,train,vocal,t12.2022.05.19,87,industry interest in safety goes even farther,16,SIL,1,sil,interest,144,176,32,36,36,160,164,160,168,0.9999810707503923
t12.2022.05.19,train,vocal,t12.2022.05.19,87,industry interest in safety goes even farther,17,IH,2,initial,in,156,188,32,39,39,172,176,168,176,0.9999913080609324
t12.2022.05.19,train,vocal,t12.2022.05.19,87,industry interest in safety goes even farther,18,N,2,final,in,160,192,32,40,40,176,180,176,180,0.9999787077064383
t12.2022.05.19,train,vocal,t12.2022.05.19,87,industry interest in safety goes even farther,19,SIL,2,sil,in,164,212,48,41,45,180,200,180,200,0.9484492161119092
t12.2022.05.19,train,vocal,t12.2022.05.19,87,industry interest in safety goes even farther,20,S,3,initial,safety,184,216,32,46,46,200,204,200,208,0.9985322159241351
t12.2022.05.19,train,vocal,t12.2022.05.19,87,industry interest in safety goes even farther,21,EY,3,medial,safety,196,228,32,49,49,212,216,208,216,0.9971207152321079
t12.2022.05.19,train,vocal,t12.2022.05.19,87,industry interest in safety goes even farther,22,F,3,medial,safety,200,232,32,50,50,216,220,216,220,0.9994532490970018
t12.2022.05.19,train,vocal,t12.2022.05.19,87,industry interest in safety goes even farther,23,T,3,medial,safety,204,244,40,51,53,220,232,220,232,0.8738219495855638
t12.2022.05.19,train,vocal,t12.2022.05.19,87,industry interest in safety goes even farther,24,IY,3,final,safety,216,252,36,54,55,232,240,232,240,0.9301742217279859
t12.2022.05.19,train,vocal,t12.2022.05.19,87,industry interest in safety goes even farther,25,SIL,3,sil,safety,224,264,40,56,58,240,252,240,252,0.9776644273836924
t12.2022.05.19,train,vocal,t12.2022.05.19,87,industry interest in safety goes even farther,26,G,4,initial,goes,236,268,32,59,59,252,256,252,260,0.9999325795226004
t12.2022.05.19,train,vocal,t12.2022.05.19,87,industry interest in safety goes even farther,27,OW,4,medial,goes,244,276,32,61,61,260,264,260,264,0.9999465436664142
t12.2022.05.19,train,vocal,t12.2022.05.19,87,industry interest in safety goes even farther,28,Z,4,final,goes,248,284,36,62,63,264,272,264,272,0.9547217117259286
t12.2022.05.19,train,vocal,t12.2022.05.19,87,industry interest in safety goes even farther,29,SIL,4,sil,goes,256,292,36,64,65,272,280,272,284,0.9940787454165094
t12.2022.05.19,train,vocal,t12.2022.05.19,87,industry interest in safety goes even farther,30,IY,5,initial,even,268,300,32,67,67,284,288,284,288,0.9999947682053235
t12.2022.05.19,train,vocal,t12.2022.05.19,87,industry interest in safety goes even farther,31,V,5,medial,even,272,304,32,68,68,288,292,288,292,0.999618147028369
t12.2022.05.19,train,vocal,t12.2022.05.19,87,industry interest in safety goes even farther,32,IH,5,medial,even,276,320,44,69,72,292,308,292,308,0.8437715789524489
t12.2022.05.19,train,vocal,t12.2022.05.19,87,industry interest in safety goes even farther,33,N,5,final,even,292,324,32,73,73,308,312,308,312,0.9941464661973982
t12.2022.05.19,train,vocal,t12.2022.05.19,87,industry interest in safety goes even farther,34,SIL,5,sil,even,296,340,44,74,77,312,328,312,328,0.915159621289892
t12.2022.05.19,train,vocal,t12.2022.05.19,87,industry interest in safety goes even farther,35,F,6,initial,farther,312,344,32,78,78,328,332,328,336,0.9996097603080611
t12.2022.05.19,train,vocal,t12.2022.05.19,87,industry interest in safety goes even farther,36,AA,6,medial,farther,324,356,32,81,81,340,344,336,344,0.9992543643680475
t12.2022.05.19,train,vocal,t12.2022.05.19,87,industry interest in safety goes even farther,37,R,6,medial,farther,328,360,32,82,82,344,348,344,348,0.9973070968344863
t12.2022.05.19,train,vocal,t12.2022.05.19,87,industry interest in safety goes even farther,38,DH,6,medial,farther,332,364,32,83,83,348,352,348,352,0.9996810071587652
t12.2022.05.19,train,vocal,t12.2022.05.19,87,industry interest in safety goes even farther,39,ER,6,final,farther,336,372,36,84,85,352,360,352,360,0.9841170247617821
t12.2022.05.19,train,vocal,t12.2022.05.19,87,industry interest in safety goes even farther,40,SIL,6,sil,farther,344,396,52,86,91,360,384,360,384,0.9993307371807507
t12.2022.05.19,train,vocal,t12.2022.05.19,88,so would radar picket ships,0,S,0,initial,so,48,84,36,12,13,64,72,16,76,0.780463707891712
t12.2022.05.19,train,vocal,t12.2022.05.19,88,so would radar picket ships,1,OW,0,final,so,60,92,32,15,15,76,80,76,84,0.999990009132366
t12.2022.05.19,train,vocal,t12.2022.05.19,88,so would radar picket ships,2,SIL,0,sil,so,68,108,40,17,19,84,96,84,96,0.9984799738198357
t12.2022.05.19,train,vocal,t12.2022.05.19,88,so would radar picket ships,3,W,1,initial,would,80,112,32,20,20,96,100,96,104,0.9999971748155548
t12.2022.05.19,train,vocal,t12.2022.05.19,88,so would radar picket ships,4,UH,1,medial,would,88,120,32,22,22,104,108,104,108,0.999993550311028
t12.2022.05.19,train,vocal,t12.2022.05.19,88,so would radar picket ships,5,D,1,final,would,92,128,36,23,24,108,116,108,116,0.9289612487207761
t12.2022.05.19,train,vocal,t12.2022.05.19,88,so would radar picket ships,6,SIL,1,sil,would,100,136,36,25,26,116,124,116,124,0.9617745723386083
t12.2022.05.19,train,vocal,t12.2022.05.19,88,so would radar picket ships,7,R,2,initial,radar,108,140,32,27,27,124,128,124,132,0.9995411511016
t12.2022.05.19,train,vocal,t12.2022.05.19,88,so would radar picket ships,8,EY,2,medial,radar,120,152,32,30,30,136,140,132,140,0.9925277280758704
t12.2022.05.19,train,vocal,t12.2022.05.19,88,so would radar picket ships,9,D,2,medial,radar,124,156,32,31,31,140,144,140,148,0.998157492252535
t12.2022.05.19,train,vocal,t12.2022.05.19,88,so would radar picket ships,10,AA,2,medial,radar,132,168,36,33,34,148,156,148,156,0.9553018476681966
t12.2022.05.19,train,vocal,t12.2022.05.19,88,so would radar picket ships,11,R,2,final,radar,140,176,36,35,36,156,164,156,164,0.9944428469774823
t12.2022.05.19,train,vocal,t12.2022.05.19,88,so would radar picket ships,12,SIL,2,sil,radar,148,204,56,37,43,164,192,164,192,0.9489955055933287
t12.2022.05.19,train,vocal,t12.2022.05.19,88,so would radar picket ships,13,P,3,initial,picket,176,208,32,44,44,192,196,192,200,0.9997296135727148
t12.2022.05.19,train,vocal,t12.2022.05.19,88,so would radar picket ships,14,IH,3,medial,picket,188,220,32,47,47,204,208,200,208,0.9971901171417296
t12.2022.05.19,train,vocal,t12.2022.05.19,88,so would radar picket ships,15,K,3,medial,picket,192,224,32,48,48,208,212,208,216,0.9997050405287916
t12.2022.05.19,train,vocal,t12.2022.05.19,88,so would radar picket ships,16,AH,3,medial,picket,204,236,32,51,51,220,224,216,224,0.9962434187239583
t12.2022.05.19,train,vocal,t12.2022.05.19,88,so would radar picket ships,17,T,3,final,picket,208,244,36,52,53,224,232,224,232,0.9922861294443425
t12.2022.05.19,train,vocal,t12.2022.05.19,88,so would radar picket ships,18,SIL,3,sil,picket,216,268,52,54,59,232,256,232,256,0.9995856919301408
t12.2022.05.19,train,vocal,t12.2022.05.19,88,so would radar picket ships,19,SH,4,initial,ships,240,272,32,60,60,256,260,256,268,0.9907782104885878
t12.2022.05.19,train,vocal,t12.2022.05.19,88,so would radar picket ships,20,IH,4,medial,ships,256,288,32,64,64,272,276,268,276,0.9993859573793232
t12.2022.05.19,train,vocal,t12.2022.05.19,88,so would radar picket ships,21,P,4,medial,ships,260,292,32,65,65,276,280,276,280,0.9998684431340884
t12.2022.05.19,train,vocal,t12.2022.05.19,88,so would radar picket ships,22,S,4,final,ships,264,304,40,66,68,280,292,280,292,0.9073944090725231
t12.2022.05.19,train,vocal,t12.2022.05.19,88,so would radar picket ships,23,SIL,4,sil,ships,276,324,48,69,73,292,312,292,312,0.9999705578545784
t12.2022.05.19,train,vocal,t12.2022.05.19,89,is it anything like cooked-over oatmeal,0,IH,0,initial,is,48,80,32,12,12,64,68,16,68,0.9999446915232703
t12.2022.05.19,train,vocal,t12.2022.05.19,89,is it anything like cooked-over oatmeal,1,Z,0,final,is,52,84,32,13,13,68,72,68,72,0.9980006750027007
t12.2022.05.19,train,vocal,t12.2022.05.19,89,is it anything like cooked-over oatmeal,2,SIL,0,sil,is,56,100,44,14,17,72,88,72,92,0.9892489341623577
t12.2022.05.19,train,vocal,t12.2022.05.19,89,is it anything like cooked-over oatmeal,3,IH,1,initial,it,76,108,32,19,19,92,96,92,96,0.9999998539188524
t12.2022.05.19,train,vocal,t12.2022.05.19,89,is it anything like cooked-over oatmeal,4,T,1,final,it,80,112,32,20,20,96,100,96,100,0.9999976692763468
t12.2022.05.19,train,vocal,t12.2022.05.19,89,is it anything like cooked-over oatmeal,5,SIL,1,sil,it,84,124,40,21,23,100,112,100,116,0.9982982320286714
t12.2022.05.19,train,vocal,t12.2022.05.19,89,is it anything like cooked-over oatmeal,6,EH,2,initial,anything,104,136,32,26,26,120,124,116,124,0.9993296900545336
t12.2022.05.19,train,vocal,t12.2022.05.19,89,is it anything like cooked-over oatmeal,7,N,2,medial,anything,108,140,32,27,27,124,128,124,128,0.9999457174198555
t12.2022.05.19,train,vocal,t12.2022.05.19,89,is it anything like cooked-over oatmeal,8,IY,2,medial,anything,112,148,36,28,29,128,136,128,136,0.9638003701167148
t12.2022.05.19,train,vocal,t12.2022.05.19,89,is it anything like cooked-over oatmeal,9,TH,2,medial,anything,120,152,32,30,30,136,140,136,140,0.9997656852706728
t12.2022.05.19,train,vocal,t12.2022.05.19,89,is it anything like cooked-over oatmeal,10,IH,2,medial,anything,124,160,36,31,32,140,148,140,148,0.9513780334963573
t12.2022.05.19,train,vocal,t12.2022.05.19,89,is it anything like cooked-over oatmeal,11,NG,2,final,anything,132,164,32,33,33,148,152,148,152,0.998046809691417
t12.2022.05.19,train,vocal,t12.2022.05.19,89,is it anything like cooked-over oatmeal,12,SIL,2,sil,anything,136,180,44,34,37,152,168,152,168,0.8768066368918281
t12.2022.05.19,train,vocal,t12.2022.05.19,89,is it anything like cooked-over oatmeal,13,L,3,initial,like,152,184,32,38,38,168,172,168,176,0.9999998659558533
t12.2022.05.19,train,vocal,t12.2022.05.19,89,is it anything like cooked-over oatmeal,14,AY,3,medial,like,160,192,32,40,40,176,180,176,180,0.9999992849902494
t12.2022.05.19,train,vocal,t12.2022.05.19,89,is it anything like cooked-over oatmeal,15,K,3,final,like,164,200,36,41,42,180,188,180,188,0.8704955892522267
t12.2022.05.19,train,vocal,t12.2022.05.19,89,is it anything like cooked-over oatmeal,16,SIL,3,sil,like,172,224,52,43,48,188,212,188,212,0.999948221818535
t12.2022.05.19,train,vocal,t12.2022.05.19,89,is it anything like cooked-over oatmeal,17,K,4,initial,cooked-over,196,228,32,49,49,212,216,212,220,0.9965092020709646
t12.2022.05.19,train,vocal,t12.2022.05.19,89,is it anything like cooked-over oatmeal,18,UH,4,medial,cooked-over,208,240,32,52,52,224,228,220,228,0.9978660378498222
t12.2022.05.19,train,vocal,t12.2022.05.19,89,is it anything like cooked-over oatmeal,19,K,4,medial,cooked-over,212,248,36,53,54,228,236,228,248,0.9994786588401304
t12.2022.05.19,train,vocal,t12.2022.05.19,89,is it anything like cooked-over oatmeal,20,OW,4,medial,cooked-over,240,272,32,60,60,256,260,248,260,0.999304647448272
t12.2022.05.19,train,vocal,t12.2022.05.19,89,is it anything like cooked-over oatmeal,21,V,4,medial,cooked-over,244,276,32,61,61,260,264,260,264,0.9660637964653714
t12.2022.05.19,train,vocal,t12.2022.05.19,89,is it anything like cooked-over oatmeal,22,D,4,medial,cooked-over,248,280,32,62,62,264,268,264,268,0.9991508949280552
t12.2022.05.19,train,vocal,t12.2022.05.19,89,is it anything like cooked-over oatmeal,23,ER,4,final,cooked-over,252,288,36,63,64,268,276,268,276,0.9305277360742936
t12.2022.05.19,train,vocal,t12.2022.05.19,89,is it anything like cooked-over oatmeal,24,SIL,4,sil,cooked-over,260,300,40,65,67,276,288,276,296,0.9994937553940296
t12.2022.05.19,train,vocal,t12.2022.05.19,89,is it anything like cooked-over oatmeal,25,OW,5,initial,oatmeal,284,316,32,71,71,300,304,296,304,0.99938004065871
t12.2022.05.19,train,vocal,t12.2022.05.19,89,is it anything like cooked-over oatmeal,26,T,5,medial,oatmeal,288,324,36,72,73,304,312,304,312,0.9994451544522126
t12.2022.05.19,train,vocal,t12.2022.05.19,89,is it anything like cooked-over oatmeal,27,M,5,medial,oatmeal,296,332,36,74,75,312,320,312,324,0.9964159690615864
t12.2022.05.19,train,vocal,t12.2022.05.19,89,is it anything like cooked-over oatmeal,28,IY,5,medial,oatmeal,308,344,36,77,78,324,332,324,332,0.7706011257573342
t12.2022.05.19,train,vocal,t12.2022.05.19,89,is it anything like cooked-over oatmeal,29,L,5,final,oatmeal,316,352,36,79,80,332,340,332,340,0.9941124316609493
t12.2022.05.19,train,vocal,t12.2022.05.19,89,is it anything like cooked-over oatmeal,30,SIL,5,sil,oatmeal,324,372,48,81,85,340,360,340,360,0.9985212899344162
t12.2022.05.19,train,vocal,t12.2022.05.19,90,stimulating discussions keep students' attention,0,S,0,initial,,24,60,36,6,7,40,48,16,48,0.7589801034019984
t12.2022.05.19,train,vocal,t12.2022.05.19,90,stimulating discussions keep students' attention,1,T,0,medial,,32,68,36,8,9,48,56,48,60,0.855701231671198
t12.2022.05.19,train,vocal,t12.2022.05.19,90,stimulating discussions keep students' attention,2,IH,0,medial,,44,76,32,11,11,60,64,60,64,0.9873927264291193
t12.2022.05.19,train,vocal,t12.2022.05.19,90,stimulating discussions keep students' attention,3,M,0,medial,,48,80,32,12,12,64,68,64,68,0.9982999454272463
t12.2022.05.19,train,vocal,t12.2022.05.19,90,stimulating discussions keep students' attention,4,Y,0,medial,,52,84,32,13,13,68,72,68,72,0.9966826339196277
t12.2022.05.19,train,vocal,t12.2022.05.19,90,stimulating discussions keep students' attention,5,AH,0,medial,,56,88,32,14,14,72,76,72,76,0.9729791881465667
t12.2022.05.19,train,vocal,t12.2022.05.19,90,stimulating discussions keep students' attention,6,L,0,medial,,60,96,36,15,16,76,84,76,84,0.8253997124315133
t12.2022.05.19,train,vocal,t12.2022.05.19,90,stimulating discussions keep students' attention,7,EY,0,medial,,68,104,36,17,18,84,92,84,92,0.9649727712556382
t12.2022.05.19,train,vocal,t12.2022.05.19,90,stimulating discussions keep students' attention,8,T,0,medial,,76,108,32,19,19,92,96,92,96,0.9989588337292699
t12.2022.05.19,train,vocal,t12.2022.05.19,90,stimulating discussions keep students' attention,9,IH,0,medial,,80,116,36,20,21,96,104,96,104,0.9281694494759023
t12.2022.05.19,train,vocal,t12.2022.05.19,90,stimulating discussions keep students' attention,10,NG,0,final,,88,120,32,22,22,104,108,104,108,0.999746072578877
t12.2022.05.19,train,vocal,t12.2022.05.19,90,stimulating discussions keep students' attention,11,SIL,0,sil,,92,132,40,23,25,108,120,108,120,0.9986090893637604
t12.2022.05.19,train,vocal,t12.2022.05.19,90,stimulating discussions keep students' attention,12,D,1,initial,,104,136,32,26,26,120,124,120,128,0.999455091940915
t12.2022.05.19,train,vocal,t12.2022.05.19,90,stimulating discussions keep students' attention,13,IH,1,medial,,112,144,32,28,28,128,132,128,132,0.999852460740482
t12.2022.05.19,train,vocal,t12.2022.05.19,90,stimulating discussions keep students' attention,14,S,1,medial,,116,148,32,29,29,132,136,132,136,0.9985874317489624
t12.2022.05.19,train,vocal,t12.2022.05.19,90,stimulating discussions keep students' attention,15,K,1,medial,,120,156,36,30,31,136,144,136,144,0.7817477128335254
t12.2022.05.19,train,vocal,t12.2022.05.19,90,stimulating discussions keep students' attention,16,AH,1,medial,,128,160,32,32,32,144,148,144,148,0.9973503374545751
t12.2022.05.19,train,vocal,t12.2022.05.19,90,stimulating discussions keep students' attention,17,SH,1,medial,,132,168,36,33,34,148,156,148,156,0.9621968773143906
t12.2022.05.19,train,vocal,t12.2022.05.19,90,stimulating discussions keep students' attention,18,AH,1,medial,,140,176,36,35,36,156,164,156,164,0.9996295121844465
t12.2022.05.19,train,vocal,t12.2022.05.19,90,stimulating discussions keep students' attention,19,N,1,medial,,148,180,32,37,37,164,168,164,168,0.999912511830385
t12.2022.05.19,train,vocal,t12.2022.05.19,90,stimulating discussions keep students' attention,20,Z,1,final,,152,188,36,38,39,168,176,168,176,0.9756131393913922
t12.2022.05.19,train,vocal,t12.2022.05.19,90,stimulating discussions keep students' attention,21,SIL,1,sil,,160,204,44,40,43,176,192,176,192,0.9994124461735184
t12.2022.05.19,train,vocal,t12.2022.05.19,90,stimulating discussions keep students' attention,22,K,2,initial,,176,208,32,44,44,192,196,192,200,0.9984920453891459
t12.2022.05.19,train,vocal,t12.2022.05.19,90,stimulating discussions keep students' attention,23,IY,2,medial,,184,216,32,46,46,200,204,200,204,0.9997617346007329
t12.2022.05.19,train,vocal,t12.2022.05.19,90,stimulating discussions keep students' attention,24,P,2,final,,188,220,32,47,47,204,208,204,208,0.9999555616268745
t12.2022.05.19,train,vocal,t12.2022.05.19,90,stimulating discussions keep students' attention,25,SIL,2,sil,,192,232,40,48,50,208,220,208,220,0.7423492264634098
t12.2022.05.19,train,vocal,t12.2022.05.19,90,stimulating discussions keep students' attention,26,S,3,initial,,204,236,32,51,51,220,224,220,224,0.9954883535162401
t12.2022.05.19,train,vocal,t12.2022.05.19,90,stimulating discussions keep students' attention,27,T,3,medial,,208,244,36,52,53,224,232,224,232,0.7384757724158317
t12.2022.05.19,train,vocal,t12.2022.05.19,90,stimulating discussions keep students' attention,28,UW,3,medial,,216,248,32,54,54,232,236,232,236,0.9954409704846492
t12.2022.05.19,train,vocal,t12.2022.05.19,90,stimulating discussions keep students' attention,29,D,3,medial,,220,252,32,55,55,236,240,236,240,0.9998749483982442
t12.2022.05.19,train,vocal,t12.2022.05.19,90,stimulating discussions keep students' attention,30,AH,3,medial,,224,260,36,56,57,240,248,240,248,0.8319658660982538
t12.2022.05.19,train,vocal,t12.2022.05.19,90,stimulating discussions keep students' attention,31,N,3,medial,,232,264,32,58,58,248,252,248,252,0.9958397971328224
t12.2022.05.19,train,vocal,t12.2022.05.19,90,stimulating discussions keep students' attention,32,T,3,medial,,236,268,32,59,59,252,256,252,256,0.9805924779691763
t12.2022.05.19,train,vocal,t12.2022.05.19,90,stimulating discussions keep students' attention,33,S,3,final,,240,272,32,60,60,256,260,256,260,0.9671022525659992
t12.2022.05.19,train,vocal,t12.2022.05.19,90,stimulating discussions keep students' attention,34,SIL,3,sil,,244,276,32,61,61,260,264,260,268,0.05900212670574828
t12.2022.05.19,train,vocal,t12.2022.05.19,90,stimulating discussions keep students' attention,35,SIL,4,sil,,252,284,32,63,63,268,272,268,276,0.3619119374609458
t12.2022.05.19,train,vocal,t12.2022.05.19,90,stimulating discussions keep students' attention,36,AH,5,initial,,264,300,36,66,67,280,288,276,288,0.821400716519693
t12.2022.05.19,train,vocal,t12.2022.05.19,90,stimulating discussions keep students' attention,37,T,5,medial,,272,308,36,68,69,288,296,288,300,0.9917061148990827
t12.2022.05.19,train,vocal,t12.2022.05.19,90,stimulating discussions keep students' attention,38,EH,5,medial,,288,320,32,72,72,304,308,300,308,0.9997765144090808
t12.2022.05.19,train,vocal,t12.2022.05.19,90,stimulating discussions keep students' attention,39,N,5,medial,,292,324,32,73,73,308,312,308,312,0.9997282576732927
t12.2022.05.19,train,vocal,t12.2022.05.19,90,stimulating discussions keep students' attention,40,SH,5,medial,,296,328,32,74,74,312,316,312,320,0.9977584882130022
t12.2022.05.19,train,vocal,t12.2022.05.19,90,stimulating discussions keep students' attention,41,AH,5,medial,,304,336,32,76,76,320,324,320,324,0.999998024493137
t12.2022.05.19,train,vocal,t12.2022.05.19,90,stimulating discussions keep students' attention,42,N,5,final,,308,344,36,77,78,324,332,324,332,0.9910257203091857
t12.2022.05.19,train,vocal,t12.2022.05.19,90,stimulating discussions keep students' attention,43,SIL,5,sil,,316,372,56,79,85,332,360,332,360,0.9941914945303166
t12.2022.05.19,train,vocal,t12.2022.05.19,91,those lovely whorls he chortled,0,DH,0,initial,those,32,64,32,8,8,48,52,16,56,0.9997465047733084
t12.2022.05.19,train,vocal,t12.2022.05.19,91,those lovely whorls he chortled,1,OW,0,medial,those,40,72,32,10,10,56,60,56,60,0.9999607732919343
t12.2022.05.19,train,vocal,t12.2022.05.19,91,those lovely whorls he chortled,2,Z,0,final,those,44,80,36,11,12,60,68,60,68,0.9996405311794618
t12.2022.05.19,train,vocal,t12.2022.05.19,91,those lovely whorls he chortled,3,SIL,0,sil,those,52,88,36,13,14,68,76,68,76,0.9976604858031592
t12.2022.05.19,train,vocal,t12.2022.05.19,91,those lovely whorls he chortled,4,L,1,initial,lovely,60,92,32,15,15,76,80,76,84,0.9997277632891779
t12.2022.05.19,train,vocal,t12.2022.05.19,91,those lovely whorls he chortled,5,AH,1,medial,lovely,68,100,32,17,17,84,88,84,88,0.9982794751989935
t12.2022.05.19,train,vocal,t12.2022.05.19,91,those lovely whorls he chortled,6,V,1,medial,lovely,72,112,40,18,20,88,100,88,100,0.9904790868457143
t12.2022.05.19,train,vocal,t12.2022.05.19,91,those lovely whorls he chortled,7,L,1,medial,lovely,84,120,36,21,22,100,108,100,108,0.9880882485828126
t12.2022.05.19,train,vocal,t12.2022.05.19,91,those lovely whorls he chortled,8,IY,1,final,lovely,92,128,36,23,24,108,116,108,116,0.8025559745523902
t12.2022.05.19,train,vocal,t12.2022.05.19,91,those lovely whorls he chortled,9,SIL,1,sil,lovely,100,136,36,25,26,116,124,116,124,0.9965908938980382
t12.2022.05.19,train,vocal,t12.2022.05.19,91,those lovely whorls he chortled,10,W,2,initial,whorls,108,140,32,27,27,124,128,124,132,0.999492373906449
t12.2022.05.19,train,vocal,t12.2022.05.19,91,those lovely whorls he chortled,11,ER,2,medial,whorls,116,152,36,29,30,132,140,132,140,0.9921726566535722
t12.2022.05.19,train,vocal,t12.2022.05.19,91,those lovely whorls he chortled,12,L,2,medial,whorls,124,160,36,31,32,140,148,140,148,0.9994657502492954
t12.2022.05.19,train,vocal,t12.2022.05.19,91,those lovely whorls he chortled,13,Z,2,final,whorls,132,168,36,33,34,148,156,148,156,0.9960611796664887
t12.2022.05.19,train,vocal,t12.2022.05.19,91,those lovely whorls he chortled,14,SIL,2,sil,whorls,140,196,56,35,41,156,184,156,184,0.9671687399456185
t12.2022.05.19,train,vocal,t12.2022.05.19,91,those lovely whorls he chortled,15,HH,3,initial,he,168,204,36,42,43,184,192,184,192,0.9992022772485678
t12.2022.05.19,train,vocal,t12.2022.05.19,91,those lovely whorls he chortled,16,IY,3,final,he,176,212,36,44,45,192,200,192,200,0.9900564784859793
t12.2022.05.19,train,vocal,t12.2022.05.19,91,those lovely whorls he chortled,17,SIL,3,sil,he,184,228,44,46,49,200,216,200,216,0.9983951699362601
t12.2022.05.19,train,vocal,t12.2022.05.19,91,those lovely whorls he chortled,18,CH,4,initial,chortled,200,232,32,50,50,216,220,216,224,0.9988234301610708
t12.2022.05.19,train,vocal,t12.2022.05.19,91,those lovely whorls he chortled,19,AO,4,medial,chortled,212,244,32,53,53,228,232,224,232,0.9971989870152096
t12.2022.05.19,train,vocal,t12.2022.05.19,91,those lovely whorls he chortled,20,R,4,medial,chortled,216,248,32,54,54,232,236,232,236,0.9996589817149728
t12.2022.05.19,train,vocal,t12.2022.05.19,91,those lovely whorls he chortled,21,T,4,medial,chortled,220,256,36,55,56,236,244,236,244,0.732600477057008
t12.2022.05.19,train,vocal,t12.2022.05.19,91,those lovely whorls he chortled,22,AH,4,medial,chortled,228,264,36,57,58,244,252,244,252,0.9422057503488142
t12.2022.05.19,train,vocal,t12.2022.05.19,91,those lovely whorls he chortled,23,L,4,medial,chortled,236,268,32,59,59,252,256,252,256,0.9994614112281007
t12.2022.05.19,train,vocal,t12.2022.05.19,91,those lovely whorls he chortled,24,D,4,final,chortled,240,276,36,60,61,256,264,256,264,0.9172234470658229
t12.2022.05.19,train,vocal,t12.2022.05.19,91,those lovely whorls he chortled,25,SIL,4,sil,chortled,248,304,56,62,68,264,292,264,292,0.9999969934374322
t12.2022.05.19,train,vocal,t12.2022.05.19,92,he swung in through his own wide gateway,0,HH,0,initial,he,44,80,36,11,12,60,68,16,72,0.9875434607724427
t12.2022.05.19,train,vocal,t12.2022.05.19,92,he swung in through his own wide gateway,1,IY,0,final,he,56,88,32,14,14,72,76,72,80,0.9997511396274161
t12.2022.05.19,train,vocal,t12.2022.05.19,92,he swung in through his own wide gateway,2,SIL,0,sil,he,64,100,36,16,17,80,88,80,88,0.7955991098713069
t12.2022.05.19,train,vocal,t12.2022.05.19,92,he swung in through his own wide gateway,3,S,1,initial,swung,72,104,32,18,18,88,92,88,92,0.9997666150494844
t12.2022.05.19,train,vocal,t12.2022.05.19,92,he swung in through his own wide gateway,4,W,1,medial,swung,76,112,36,19,20,92,100,92,100,0.9821820290391952
t12.2022.05.19,train,vocal,t12.2022.05.19,92,he swung in through his own wide gateway,5,AH,1,medial,swung,84,116,32,21,21,100,104,100,104,0.9993517109197297
t12.2022.05.19,train,vocal,t12.2022.05.19,92,he swung in through his own wide gateway,6,NG,1,final,swung,88,124,36,22,23,104,112,104,112,0.999337535164661
t12.2022.05.19,train,vocal,t12.2022.05.19,92,he swung in through his own wide gateway,7,SIL,1,sil,swung,96,160,64,24,32,112,148,112,156,0.9994408123710864
t12.2022.05.19,train,vocal,t12.2022.05.19,92,he swung in through his own wide gateway,8,IH,2,initial,in,148,180,32,37,37,164,168,156,168,0.9999940646044119
t12.2022.05.19,train,vocal,t12.2022.05.19,92,he swung in through his own wide gateway,9,N,2,final,in,152,184,32,38,38,168,172,168,172,0.9999977889935057
t12.2022.05.19,train,vocal,t12.2022.05.19,92,he swung in through his own wide gateway,10,SIL,2,sil,in,156,204,48,39,43,172,192,172,192,0.9698803954716798
t12.2022.05.19,train,vocal,t12.2022.05.19,92,he swung in through his own wide gateway,11,TH,3,initial,through,176,212,36,44,45,192,200,192,200,0.7526973104411372
t12.2022.05.19,train,vocal,t12.2022.05.19,92,he swung in through his own wide gateway,12,R,3,medial,through,184,216,32,46,46,200,204,200,204,0.9999927493435423
t12.2022.05.19,train,vocal,t12.2022.05.19,92,he swung in through his own wide gateway,13,UW,3,final,through,188,224,36,47,48,204,212,204,216,0.8071649685657523
t12.2022.05.19,train,vocal,t12.2022.05.19,92,he swung in through his own wide gateway,14,SIL,3,sil,through,200,244,44,50,53,216,232,216,232,0.9936405818067542
t12.2022.05.19,train,vocal,t12.2022.05.19,92,he swung in through his own wide gateway,15,HH,4,initial,his,216,248,32,54,54,232,236,232,240,0.9997578221932618
t12.2022.05.19,train,vocal,t12.2022.05.19,92,he swung in through his own wide gateway,16,IH,4,medial,his,224,256,32,56,56,240,244,240,244,0.9999657731075633
t12.2022.05.19,train,vocal,t12.2022.05.19,92,he swung in through his own wide gateway,17,Z,4,final,his,228,264,36,57,58,244,252,244,252,0.9296788314400577
t12.2022.05.19,train,vocal,t12.2022.05.19,92,he swung in through his own wide gateway,18,SIL,4,sil,his,236,272,36,59,60,252,260,252,264,0.9979632299449455
t12.2022.05.19,train,vocal,t12.2022.05.19,92,he swung in through his own wide gateway,19,OW,5,initial,own,252,284,32,63,63,268,272,264,272,0.9998865777319779
t12.2022.05.19,train,vocal,t12.2022.05.19,92,he swung in through his own wide gateway,20,N,5,final,own,256,292,36,64,65,272,280,272,280,0.9768152651468083
t12.2022.05.19,train,vocal,t12.2022.05.19,92,he swung in through his own wide gateway,21,SIL,5,sil,own,264,316,52,66,71,280,304,280,304,0.9340955472981297
t12.2022.05.19,train,vocal,t12.2022.05.19,92,he swung in through his own wide gateway,22,W,6,initial,wide,288,320,32,72,72,304,308,304,316,0.999074002077106
t12.2022.05.19,train,vocal,t12.2022.05.19,92,he swung in through his own wide gateway,23,AY,6,medial,wide,304,336,32,76,76,320,324,316,328,0.999884555755527
t12.2022.05.19,train,vocal,t12.2022.05.19,92,he swung in through his own wide gateway,24,D,6,final,wide,312,348,36,78,79,328,336,328,336,0.9268751812219471
t12.2022.05.19,train,vocal,t12.2022.05.19,92,he swung in through his own wide gateway,25,SIL,6,sil,wide,320,360,40,80,82,336,348,336,348,0.9649194408511512
t12.2022.05.19,train,vocal,t12.2022.05.19,92,he swung in through his own wide gateway,26,G,7,initial,gateway,332,364,32,83,83,348,352,348,356,0.9998273579679623
t12.2022.05.19,train,vocal,t12.2022.05.19,92,he swung in through his own wide gateway,27,EY,7,medial,gateway,340,372,32,85,85,356,360,356,360,0.991563300782951
t12.2022.05.19,train,vocal,t12.2022.05.19,92,he swung in through his own wide gateway,28,T,7,medial,gateway,344,380,36,86,87,360,368,360,372,0.9302122506884447
t12.2022.05.19,train,vocal,t12.2022.05.19,92,he swung in through his own wide gateway,29,W,7,medial,gateway,356,392,36,89,90,372,380,372,384,0.9992400061652097
t12.2022.05.19,train,vocal,t12.2022.05.19,92,he swung in through his own wide gateway,30,EY,7,final,gateway,368,400,32,92,92,384,388,384,388,0.9999217922348285
t12.2022.05.19,train,vocal,t12.2022.05.19,92,he swung in through his own wide gateway,31,SIL,7,sil,gateway,372,432,60,93,100,388,420,388,420,0.9694892702262865
t12.2022.05.19,train,vocal,t12.2022.05.19,93,so he understood her panic,0,S,0,initial,so,28,64,36,7,8,44,52,16,56,0.9060663917341369
t12.2022.05.19,train,vocal,t12.2022.05.19,93,so he understood her panic,1,OW,0,final,so,40,72,32,10,10,56,60,56,64,0.9999962521346784
t12.2022.05.19,train,vocal,t12.2022.05.19,93,so he understood her panic,2,SIL,0,sil,so,48,120,72,12,22,64,108,64,108,0.9992435362045804
t12.2022.05.19,train,vocal,t12.2022.05.19,93,so he understood her panic,3,HH,1,initial,he,92,128,36,23,24,108,116,108,120,0.8410904308979146
t12.2022.05.19,train,vocal,t12.2022.05.19,93,so he understood her panic,4,IY,1,final,he,104,136,32,26,26,120,124,120,124,0.9999985343142335
t12.2022.05.19,train,vocal,t12.2022.05.19,93,so he understood her panic,5,SIL,1,sil,he,108,152,44,27,30,124,140,124,144,0.9520140450662908
t12.2022.05.19,train,vocal,t12.2022.05.19,93,so he understood her panic,6,AH,2,initial,understood,132,164,32,33,33,148,152,144,152,0.9995735356673405
t12.2022.05.19,train,vocal,t12.2022.05.19,93,so he understood her panic,7,N,2,medial,understood,136,168,32,34,34,152,156,152,156,0.9985784942017781
t12.2022.05.19,train,vocal,t12.2022.05.19,93,so he understood her panic,8,D,2,medial,understood,140,172,32,35,35,156,160,156,160,0.9987632376488687
t12.2022.05.19,train,vocal,t12.2022.05.19,93,so he understood her panic,9,ER,2,medial,understood,144,180,36,36,37,160,168,160,168,0.9931800354952425
t12.2022.05.19,train,vocal,t12.2022.05.19,93,so he understood her panic,10,S,2,medial,understood,152,192,40,38,40,168,180,168,180,0.8921399905681694
t12.2022.05.19,train,vocal,t12.2022.05.19,93,so he understood her panic,11,T,2,medial,understood,164,196,32,41,41,180,184,180,184,0.9980810825171376
t12.2022.05.19,train,vocal,t12.2022.05.19,93,so he understood her panic,12,UH,2,medial,understood,168,204,36,42,43,184,192,184,192,0.9709484056271969
t12.2022.05.19,train,vocal,t12.2022.05.19,93,so he understood her panic,13,D,2,final,understood,176,216,40,44,46,192,204,192,204,0.997757920358734
t12.2022.05.19,train,vocal,t12.2022.05.19,93,so he understood her panic,14,SIL,2,sil,understood,188,240,52,47,52,204,228,204,228,0.933894324537992
t12.2022.05.19,train,vocal,t12.2022.05.19,93,so he understood her panic,15,HH,3,initial,her,212,248,36,53,54,228,236,228,240,0.9987495915855641
t12.2022.05.19,train,vocal,t12.2022.05.19,93,so he understood her panic,16,ER,3,final,her,224,260,36,56,57,240,248,240,248,0.999455368331309
t12.2022.05.19,train,vocal,t12.2022.05.19,93,so he understood her panic,17,SIL,3,sil,her,232,276,44,58,61,248,264,248,264,0.9980531580980517
t12.2022.05.19,train,vocal,t12.2022.05.19,93,so he understood her panic,18,P,4,initial,panic,248,280,32,62,62,264,268,264,272,0.9996948112111534
t12.2022.05.19,train,vocal,t12.2022.05.19,93,so he understood her panic,19,AE,4,medial,panic,260,292,32,65,65,276,280,272,280,0.998778935294599
t12.2022.05.19,train,vocal,t12.2022.05.19,93,so he understood her panic,20,N,4,medial,panic,264,300,36,66,67,280,288,280,288,0.8084574065637197
t12.2022.05.19,train,vocal,t12.2022.05.19,93,so he understood her panic,21,IH,4,medial,panic,272,304,32,68,68,288,292,288,292,0.9999599982990023
t12.2022.05.19,train,vocal,t12.2022.05.19,93,so he understood her panic,22,K,4,final,panic,276,312,36,69,70,292,300,292,300,0.8732705742275524
t12.2022.05.19,train,vocal,t12.2022.05.19,93,so he understood her panic,23,SIL,4,sil,panic,284,328,44,71,74,300,316,300,316,0.9986201501497057
t12.2022.05.19,train,vocal,t12.2022.05.19,94,me he said merrily,0,M,0,initial,me,40,76,36,10,11,56,64,16,68,0.9437550118075732
t12.2022.05.19,train,vocal,t12.2022.05.19,94,me he said merrily,1,IY,0,final,me,56,88,32,14,14,72,76,68,80,0.9973991312688012
t12.2022.05.19,train,vocal,t12.2022.05.19,94,me he said merrily,2,SIL,0,sil,me,64,120,56,16,22,80,108,80,108,0.9989463887854181
t12.2022.05.19,train,vocal,t12.2022.05.19,94,me he said merrily,3,HH,1,initial,he,92,128,36,23,24,108,116,108,120,0.9871349953670643
t12.2022.05.19,train,vocal,t12.2022.05.19,94,me he said merrily,4,IY,1,final,he,104,136,32,26,26,120,124,120,124,0.9999966385462165
t12.2022.05.19,train,vocal,t12.2022.05.19,94,me he said merrily,5,SIL,1,sil,he,108,148,40,27,29,124,136,124,136,0.9412834834222025
t12.2022.05.19,train,vocal,t12.2022.05.19,94,me he said merrily,6,S,2,initial,said,120,156,36,30,31,136,144,136,148,0.9497012068835105
t12.2022.05.19,train,vocal,t12.2022.05.19,94,me he said merrily,7,EH,2,medial,said,132,164,32,33,33,148,152,148,152,0.9999938098572897
t12.2022.05.19,train,vocal,t12.2022.05.19,94,me he said merrily,8,D,2,final,said,136,172,36,34,35,152,160,152,160,0.9999613471209907
t12.2022.05.19,train,vocal,t12.2022.05.19,94,me he said merrily,9,SIL,2,sil,said,144,188,44,36,39,160,176,160,176,0.970760232425549
t12.2022.05.19,train,vocal,t12.2022.05.19,94,me he said merrily,10,M,3,initial,merrily,160,192,32,40,40,176,180,176,184,0.9987920665712596
t12.2022.05.19,train,vocal,t12.2022.05.19,94,me he said merrily,11,EH,3,medial,merrily,168,200,32,42,42,184,188,184,188,0.9987735013097906
t12.2022.05.19,train,vocal,t12.2022.05.19,94,me he said merrily,12,R,3,medial,merrily,172,204,32,43,43,188,192,188,192,0.9998654720070953
t12.2022.05.19,train,vocal,t12.2022.05.19,94,me he said merrily,13,AH,3,medial,merrily,176,216,40,44,46,192,204,192,204,0.6887363392603479
t12.2022.05.19,train,vocal,t12.2022.05.19,94,me he said merrily,14,L,3,medial,merrily,188,220,32,47,47,204,208,204,208,0.999577397753018
t12.2022.05.19,train,vocal,t12.2022.05.19,94,me he said merrily,15,IY,3,final,merrily,192,228,36,48,49,208,216,208,216,0.9991198192818731
t12.2022.05.19,train,vocal,t12.2022.05.19,94,me he said merrily,16,SIL,3,sil,merrily,200,252,52,50,55,216,240,216,240,0.9996244221252563
t12.2022.05.19,train,vocal,t12.2022.05.19,95,how on earth do you manage it,0,HH,0,initial,how,12,48,36,3,4,28,36,16,40,0.8441232009945889
t12.2022.05.19,train,vocal,t12.2022.05.19,95,how on earth do you manage it,1,AW,0,final,how,24,56,32,6,6,40,44,40,48,0.999934867298172
t12.2022.05.19,train,vocal,t12.2022.05.19,95,how on earth do you manage it,2,SIL,0,sil,how,32,72,40,8,10,48,60,48,64,0.9851710985539377
t12.2022.05.19,train,vocal,t12.2022.05.19,95,how on earth do you manage it,3,AA,1,initial,on,52,84,32,13,13,68,72,64,72,0.9999450971518171
t12.2022.05.19,train,vocal,t12.2022.05.19,95,how on earth do you manage it,4,N,1,final,on,56,88,32,14,14,72,76,72,76,0.9999790220049234
t12.2022.05.19,train,vocal,t12.2022.05.19,95,how on earth do you manage it,5,SIL,1,sil,on,60,100,40,15,17,76,88,76,92,0.9939317218012685
t12.2022.05.19,train,vocal,t12.2022.05.19,95,how on earth do you manage it,6,ER,2,initial,earth,80,112,32,20,20,96,100,92,100,0.9987466782918963
t12.2022.05.19,train,vocal,t12.2022.05.19,95,how on earth do you manage it,7,TH,2,final,earth,84,124,40,21,23,100,112,100,112,0.9426188168489301
t12.2022.05.19,train,vocal,t12.2022.05.19,95,how on earth do you manage it,8,SIL,2,sil,earth,96,136,40,24,26,112,124,112,124,0.9961808328009981
t12.2022.05.19,train,vocal,t12.2022.05.19,95,how on earth do you manage it,9,D,3,initial,do,108,144,36,27,28,124,132,124,132,0.8717778802743195
t12.2022.05.19,train,vocal,t12.2022.05.19,95,how on earth do you manage it,10,UW,3,final,do,116,152,36,29,30,132,140,132,140,0.9987862602050998
t12.2022.05.19,train,vocal,t12.2022.05.19,95,how on earth do you manage it,11,SIL,3,sil,do,124,172,48,31,35,140,160,140,160,0.9968898259134427
t12.2022.05.19,train,vocal,t12.2022.05.19,95,how on earth do you manage it,12,Y,4,initial,you,144,180,36,36,37,160,168,160,168,0.9233549193309236
t12.2022.05.19,train,vocal,t12.2022.05.19,95,how on earth do you manage it,13,UW,4,final,you,152,184,32,38,38,168,172,168,172,0.9999958722599184
t12.2022.05.19,train,vocal,t12.2022.05.19,95,how on earth do you manage it,14,SIL,4,sil,you,156,208,52,39,44,172,196,172,196,0.946985533032826
t12.2022.05.19,train,vocal,t12.2022.05.19,95,how on earth do you manage it,15,M,5,initial,manage,180,212,32,45,45,196,200,196,204,0.9999957042018371
t12.2022.05.19,train,vocal,t12.2022.05.19,95,how on earth do you manage it,16,AE,5,medial,manage,192,224,32,48,48,208,212,204,212,0.9999129570625991
t12.2022.05.19,train,vocal,t12.2022.05.19,95,how on earth do you manage it,17,N,5,medial,manage,196,228,32,49,49,212,216,212,220,0.9999265056033423
t12.2022.05.19,train,vocal,t12.2022.05.19,95,how on earth do you manage it,18,AH,5,medial,manage,208,244,36,52,53,224,232,220,232,0.840785578264321
t12.2022.05.19,train,vocal,t12.2022.05.19,95,how on earth do you manage it,19,JH,5,final,manage,216,252,36,54,55,232,240,232,240,0.9928849867078511
t12.2022.05.19,train,vocal,t12.2022.05.19,95,how on earth do you manage it,20,SIL,5,sil,manage,224,268,44,56,59,240,256,240,260,0.9950558443812456
t12.2022.05.19,train,vocal,t12.2022.05.19,95,how on earth do you manage it,21,IH,6,initial,it,244,276,32,61,61,260,264,260,264,0.9999943601894707
t12.2022.05.19,train,vocal,t12.2022.05.19,95,how on earth do you manage it,22,T,6,final,it,248,280,32,62,62,264,268,264,268,0.9999321279287817
t12.2022.05.19,train,vocal,t12.2022.05.19,95,how on earth do you manage it,23,SIL,6,sil,it,252,296,44,63,66,268,284,268,284,0.9996845934080536
t12.2022.05.19,train,vocal,t12.2022.05.19,96,at the end of the day the choice is yours,0,AE,0,initial,at,56,88,32,14,14,72,76,16,76,0.9999297751785349
t12.2022.05.19,train,vocal,t12.2022.05.19,96,at the end of the day the choice is yours,1,T,0,final,at,60,92,32,15,15,76,80,76,80,0.9999938035461581
t12.2022.05.19,train,vocal,t12.2022.05.19,96,at the end of the day the choice is yours,2,SIL,0,sil,at,64,104,40,16,18,80,92,80,92,0.9343785597745988
t12.2022.05.19,train,vocal,t12.2022.05.19,96,at the end of the day the choice is yours,3,DH,1,initial,the,76,112,36,19,20,92,100,92,100,0.9996644318569103
t12.2022.05.19,train,vocal,t12.2022.05.19,96,at the end of the day the choice is yours,4,AH,1,final,the,84,116,32,21,21,100,104,100,108,0.999995002983392
t12.2022.05.19,train,vocal,t12.2022.05.19,96,at the end of the day the choice is yours,5,SIL,1,sil,the,92,128,36,23,24,108,116,108,120,0.9806193317982617
t12.2022.05.19,train,vocal,t12.2022.05.19,96,at the end of the day the choice is yours,6,EH,2,initial,end,108,140,32,27,27,124,128,120,128,0.9997105264976988
t12.2022.05.19,train,vocal,t12.2022.05.19,96,at the end of the day the choice is yours,7,N,2,medial,end,112,144,32,28,28,128,132,128,132,0.9999512831852133
t12.2022.05.19,train,vocal,t12.2022.05.19,96,at the end of the day the choice is yours,8,D,2,final,end,116,152,36,29,30,132,140,132,140,0.9942772816193444
t12.2022.05.19,train,vocal,t12.2022.05.19,96,at the end of the day the choice is yours,9,SIL,2,sil,end,124,164,40,31,33,140,152,140,156,0.9375072171496449
t12.2022.05.19,train,vocal,t12.2022.05.19,96,at the end of the day the choice is yours,10,AH,3,initial,of,144,176,32,36,36,160,164,156,164,0.9999961751949089
t12.2022.05.19,train,vocal,t12.2022.05.19,96,at the end of the day the choice is yours,11,V,3,final,of,148,180,32,37,37,164,168,164,168,0.9999858997115374
t12.2022.05.19,train,vocal,t12.2022.05.19,96,at the end of the day the choice is yours,12,SIL,3,sil,of,152,200,48,38,42,168,188,168,188,0.9371735326560898
t12.2022.05.19,train,vocal,t12.2022.05.19,96,at the end of the day the choice is yours,13,DH,4,initial,the,172,204,32,43,43,188,192,188,196,0.9999774964028912
t12.2022.05.19,train,vocal,t12.2022.05.19,96,at the end of the day the choice is yours,14,AH,4,final,the,180,216,36,45,46,196,204,196,204,0.7952628766060241
t12.2022.05.19,train,vocal,t12.2022.05.19,96,at the end of the day the choice is yours,15,SIL,4,sil,the,188,232,44,47,50,204,220,204,220,0.9998298806950182
t12.2022.05.19,train,vocal,t12.2022.05.19,96,at the end of the day the choice is yours,16,D,5,initial,day,204,236,32,51,51,220,224,220,228,0.9997654025683869
t12.2022.05.19,train,vocal,t12.2022.05.19,96,at the end of the day the choice is yours,17,EY,5,final,day,216,248,32,54,54,232,236,228,240,0.9999464014895882
t12.2022.05.19,train,vocal,t12.2022.05.19,96,at the end of the day the choice is yours,18,SIL,5,sil,day,224,284,60,56,63,240,272,240,272,0.9671253625141415
t12.2022.05.19,train,vocal,t12.2022.05.19,96,at the end of the day the choice is yours,19,DH,6,initial,the,256,288,32,64,64,272,276,272,280,0.9999850591221389
t12.2022.05.19,train,vocal,t12.2022.05.19,96,at the end of the day the choice is yours,20,AH,6,final,the,264,300,36,66,67,280,288,280,288,0.745036113133341
t12.2022.05.19,train,vocal,t12.2022.05.19,96,at the end of the day the choice is yours,21,SIL,6,sil,the,272,316,44,68,71,288,304,288,304,0.9930332658448825
t12.2022.05.19,train,vocal,t12.2022.05.19,96,at the end of the day the choice is yours,22,CH,7,initial,choice,288,320,32,72,72,304,308,304,312,0.9999876709960185
t12.2022.05.19,train,vocal,t12.2022.05.19,96,at the end of the day the choice is yours,23,OY,7,medial,choice,300,332,32,75,75,316,320,312,320,0.9999943223117526
t12.2022.05.19,train,vocal,t12.2022.05.19,96,at the end of the day the choice is yours,24,S,7,final,choice,304,340,36,76,77,320,328,320,328,0.9982565061237769
t12.2022.05.19,train,vocal,t12.2022.05.19,96,at the end of the day the choice is yours,25,SIL,7,sil,choice,312,352,40,78,80,328,340,328,344,0.9883803782880695
t12.2022.05.19,train,vocal,t12.2022.05.19,96,at the end of the day the choice is yours,26,IH,8,initial,is,332,364,32,83,83,348,352,344,352,0.9999971138899763
t12.2022.05.19,train,vocal,t12.2022.05.19,96,at the end of the day the choice is yours,27,Z,8,final,is,336,368,32,84,84,352,356,352,356,0.9999778243132047
t12.2022.05.19,train,vocal,t12.2022.05.19,96,at the end of the day the choice is yours,28,SIL,8,sil,is,340,392,52,85,90,356,380,356,380,0.9923952755904959
t12.2022.05.19,train,vocal,t12.2022.05.19,96,at the end of the day the choice is yours,29,Y,9,initial,yours,364,400,36,91,92,380,388,380,392,0.8469206983439146
t12.2022.05.19,train,vocal,t12.2022.05.19,96,at the end of the day the choice is yours,30,UH,9,medial,yours,376,408,32,94,94,392,396,392,396,0.9981456626617249
t12.2022.05.19,train,vocal,t12.2022.05.19,96,at the end of the day the choice is yours,31,R,9,medial,yours,380,412,32,95,95,396,400,396,400,0.9981758125374459
t12.2022.05.19,train,vocal,t12.2022.05.19,96,at the end of the day the choice is yours,32,Z,9,final,yours,384,420,36,96,97,400,408,400,408,0.7864196510450701
t12.2022.05.19,train,vocal,t12.2022.05.19,96,at the end of the day the choice is yours,33,SIL,9,sil,yours,392,444,52,98,103,408,432,408,432,0.9993964019599438
t12.2022.05.19,train,vocal,t12.2022.05.19,97,put the butcher block table in the garage,0,P,0,initial,put,56,88,32,14,14,72,76,16,80,0.9979767731270143
t12.2022.05.19,train,vocal,t12.2022.05.19,97,put the butcher block table in the garage,1,UH,0,medial,put,64,96,32,16,16,80,84,80,84,0.9997370905091705
t12.2022.05.19,train,vocal,t12.2022.05.19,97,put the butcher block table in the garage,2,T,0,final,put,68,104,36,17,18,84,92,84,92,0.9993016792070151
t12.2022.05.19,train,vocal,t12.2022.05.19,97,put the butcher block table in the garage,3,SIL,0,sil,put,76,120,44,19,22,92,108,92,108,0.9955585241542764
t12.2022.05.19,train,vocal,t12.2022.05.19,97,put the butcher block table in the garage,4,DH,1,initial,the,92,124,32,23,23,108,112,108,116,0.9999975417967449
t12.2022.05.19,train,vocal,t12.2022.05.19,97,put the butcher block table in the garage,5,AH,1,final,the,100,136,36,25,26,116,124,116,124,0.9237446242855618
t12.2022.05.19,train,vocal,t12.2022.05.19,97,put the butcher block table in the garage,6,SIL,1,sil,the,108,152,44,27,30,124,140,124,140,0.9993090084986789
t12.2022.05.19,train,vocal,t12.2022.05.19,97,put the butcher block table in the garage,7,B,2,initial,butcher,124,156,32,31,31,140,144,140,148,0.999883421684971
t12.2022.05.19,train,vocal,t12.2022.05.19,97,put the butcher block table in the garage,8,UH,2,medial,butcher,132,164,32,33,33,148,152,148,152,0.9993545043391067
t12.2022.05.19,train,vocal,t12.2022.05.19,97,put the butcher block table in the garage,9,CH,2,medial,butcher,136,172,36,34,35,152,160,152,164,0.9985856768898858
t12.2022.05.19,train,vocal,t12.2022.05.19,97,put the butcher block table in the garage,10,ER,2,final,butcher,148,184,36,37,38,164,172,164,172,0.9921626647346113
t12.2022.05.19,train,vocal,t12.2022.05.19,97,put the butcher block table in the garage,11,SIL,2,sil,butcher,156,200,44,39,42,172,188,172,188,0.9579260584536449
t12.2022.05.19,train,vocal,t12.2022.05.19,97,put the butcher block table in the garage,12,B,3,initial,block,172,204,32,43,43,188,192,188,192,0.9946179512377071
t12.2022.05.19,train,vocal,t12.2022.05.19,97,put the butcher block table in the garage,13,L,3,medial,block,176,216,40,44,46,192,204,192,204,0.8898147353578215
t12.2022.05.19,train,vocal,t12.2022.05.19,97,put the butcher block table in the garage,14,AA,3,medial,block,188,220,32,47,47,204,208,204,208,0.9940440966506766
t12.2022.05.19,train,vocal,t12.2022.05.19,97,put the butcher block table in the garage,15,K,3,final,block,192,228,36,48,49,208,216,208,216,0.8689403435993298
t12.2022.05.19,train,vocal,t12.2022.05.19,97,put the butcher block table in the garage,16,SIL,3,sil,block,200,240,40,50,52,216,228,216,228,0.9650672583284475
t12.2022.05.19,train,vocal,t12.2022.05.19,97,put the butcher block table in the garage,17,T,4,initial,table,212,244,32,53,53,228,232,228,236,0.9981347393211278
t12.2022.05.19,train,vocal,t12.2022.05.19,97,put the butcher block table in the garage,18,EY,4,medial,table,224,256,32,56,56,240,244,236,244,0.9984844121845355
t12.2022.05.19,train,vocal,t12.2022.05.19,97,put the butcher block table in the garage,19,B,4,medial,table,228,260,32,57,57,244,248,244,248,0.9993073731612926
t12.2022.05.19,train,vocal,t12.2022.05.19,97,put the butcher block table in the garage,20,AH,4,medial,table,232,268,36,58,59,248,256,248,256,0.9940526346341573
t12.2022.05.19,train,vocal,t12.2022.05.19,97,put the butcher block table in the garage,21,L,4,final,table,240,276,36,60,61,256,264,256,264,0.9552590825429257
t12.2022.05.19,train,vocal,t12.2022.05.19,97,put the butcher block table in the garage,22,SIL,4,sil,table,248,284,36,62,63,264,272,264,276,0.9774058275798088
t12.2022.05.19,train,vocal,t12.2022.05.19,97,put the butcher block table in the garage,23,IH,5,initial,in,264,296,32,66,66,280,284,276,284,0.9999966004138823
t12.2022.05.19,train,vocal,t12.2022.05.19,97,put the butcher block table in the garage,24,N,5,final,in,268,300,32,67,67,284,288,284,288,0.9999913218752569
t12.2022.05.19,train,vocal,t12.2022.05.19,97,put the butcher block table in the garage,25,SIL,5,sil,in,272,324,52,68,73,288,312,288,312,0.9426361793004993
t12.2022.05.19,train,vocal,t12.2022.05.19,97,put the butcher block table in the garage,26,DH,6,initial,the,296,328,32,74,74,312,316,312,320,0.9999968075796442
t12.2022.05.19,train,vocal,t12.2022.05.19,97,put the butcher block table in the garage,27,AH,6,final,the,304,340,36,76,77,320,328,320,328,0.9406262473336666
t12.2022.05.19,train,vocal,t12.2022.05.19,97,put the butcher block table in the garage,28,SIL,6,sil,the,312,364,52,78,83,328,352,328,352,0.99977584749126
t12.2022.05.19,train,vocal,t12.2022.05.19,97,put the butcher block table in the garage,29,G,7,initial,garage,336,368,32,84,84,352,356,352,360,0.9992725792220774
t12.2022.05.19,train,vocal,t12.2022.05.19,97,put the butcher block table in the garage,30,ER,7,medial,garage,344,384,40,86,88,360,372,360,376,0.8923600410890108
t12.2022.05.19,train,vocal,t12.2022.05.19,97,put the butcher block table in the garage,31,AA,7,medial,garage,360,400,40,90,92,376,388,376,388,0.9387179889933419
t12.2022.05.19,train,vocal,t12.2022.05.19,97,put the butcher block table in the garage,32,ZH,7,final,garage,372,408,36,93,94,388,396,388,396,0.9998852023300546
t12.2022.05.19,train,vocal,t12.2022.05.19,97,put the butcher block table in the garage,33,SIL,7,sil,garage,380,424,44,95,98,396,412,396,412,0.9799235119207446
t12.2022.05.19,train,vocal,t12.2022.05.19,98,honey he whispered,0,HH,0,initial,honey,20,56,36,5,6,36,44,16,44,0.854096198035664
t12.2022.05.19,train,vocal,t12.2022.05.19,98,honey he whispered,1,AH,0,medial,honey,28,60,32,7,7,44,48,44,48,0.9969021185407262
t12.2022.05.19,train,vocal,t12.2022.05.19,98,honey he whispered,2,N,0,medial,honey,32,72,40,8,10,48,60,48,60,0.9008197230389033
t12.2022.05.19,train,vocal,t12.2022.05.19,98,honey he whispered,3,IY,0,final,honey,44,80,36,11,12,60,68,60,68,0.998817672287859
t12.2022.05.19,train,vocal,t12.2022.05.19,98,honey he whispered,4,SIL,0,sil,honey,52,88,36,13,14,68,76,68,76,0.8379865914670366
t12.2022.05.19,train,vocal,t12.2022.05.19,98,honey he whispered,5,HH,1,initial,he,60,96,36,15,16,76,84,76,88,0.976772828500634
t12.2022.05.19,train,vocal,t12.2022.05.19,98,honey he whispered,6,IY,1,final,he,72,104,32,18,18,88,92,88,92,0.9999994601618946
t12.2022.05.19,train,vocal,t12.2022.05.19,98,honey he whispered,7,SIL,1,sil,he,76,124,48,19,23,92,112,92,112,0.9130896355420907
t12.2022.05.19,train,vocal,t12.2022.05.19,98,honey he whispered,8,W,2,initial,whispered,96,128,32,24,24,112,116,112,120,0.9999376965976671
t12.2022.05.19,train,vocal,t12.2022.05.19,98,honey he whispered,9,IH,2,medial,whispered,108,140,32,27,27,124,128,120,128,0.996370105844305
t12.2022.05.19,train,vocal,t12.2022.05.19,98,honey he whispered,10,S,2,medial,whispered,112,144,32,28,28,128,132,128,132,0.9989779144091009
t12.2022.05.19,train,vocal,t12.2022.05.19,98,honey he whispered,11,P,2,medial,whispered,116,156,40,29,31,132,144,132,148,0.8867456645431558
t12.2022.05.19,train,vocal,t12.2022.05.19,98,honey he whispered,12,ER,2,medial,whispered,132,164,32,33,33,148,152,148,152,0.999928142459242
t12.2022.05.19,train,vocal,t12.2022.05.19,98,honey he whispered,13,D,2,final,whispered,136,172,36,34,35,152,160,152,160,0.8736778361959576
t12.2022.05.19,train,vocal,t12.2022.05.19,98,honey he whispered,14,SIL,2,sil,whispered,144,196,52,36,41,160,184,160,184,0.9617328048947972
t12.2022.05.19,train,vocal,t12.2022.05.19,99,how's your luck honey,0,HH,0,initial,how's,16,52,36,4,5,32,40,16,44,0.8478474790098773
t12.2022.05.19,train,vocal,t12.2022.05.19,99,how's your luck honey,1,AW,0,medial,how's,28,60,32,7,7,44,48,44,48,0.9999152965429047
t12.2022.05.19,train,vocal,t12.2022.05.19,99,how's your luck honey,2,Z,0,final,how's,32,64,32,8,8,48,52,48,52,0.9834457984052969
t12.2022.05.19,train,vocal,t12.2022.05.19,99,how's your luck honey,3,SIL,0,sil,how's,36,76,40,9,11,52,64,52,64,0.874092246202073
t12.2022.05.19,train,vocal,t12.2022.05.19,99,how's your luck honey,4,Y,1,initial,your,48,84,36,12,13,64,72,64,72,0.9970086491070907
t12.2022.05.19,train,vocal,t12.2022.05.19,99,how's your luck honey,5,AO,1,medial,your,56,88,32,14,14,72,76,72,76,0.9998377558375621
t12.2022.05.19,train,vocal,t12.2022.05.19,99,how's your luck honey,6,R,1,final,your,60,92,32,15,15,76,80,76,80,0.9999686663697397
t12.2022.05.19,train,vocal,t12.2022.05.19,99,how's your luck honey,7,SIL,1,sil,your,64,108,44,16,19,80,96,80,96,0.9971735710768929
t12.2022.05.19,train,vocal,t12.2022.05.19,99,how's your luck honey,8,L,2,initial,luck,80,116,36,20,21,96,104,96,108,0.8041765715949629
t12.2022.05.19,train,vocal,t12.2022.05.19,99,how's your luck honey,9,AH,2,medial,luck,92,124,32,23,23,108,112,108,112,0.9967028536998298
t12.2022.05.19,train,vocal,t12.2022.05.19,99,how's your luck honey,10,K,2,final,luck,96,132,36,24,25,112,120,112,120,0.7015653745310881
t12.2022.05.19,train,vocal,t12.2022.05.19,99,how's your luck honey,11,SIL,2,sil,luck,104,172,68,26,35,120,160,120,160,0.9994494650019273
t12.2022.05.19,train,vocal,t12.2022.05.19,99,how's your luck honey,12,HH,3,initial,honey,144,180,36,36,37,160,168,160,172,0.98053096247679
t12.2022.05.19,train,vocal,t12.2022.05.19,99,how's your luck honey,13,AH,3,medial,honey,156,188,32,39,39,172,176,172,176,0.9994116270027696
t12.2022.05.19,train,vocal,t12.2022.05.19,99,how's your luck honey,14,N,3,medial,honey,160,196,36,40,41,176,184,176,188,0.9993295699976271
t12.2022.05.19,train,vocal,t12.2022.05.19,99,how's your luck honey,15,IY,3,final,honey,172,208,36,43,44,188,196,188,196,0.9338957553664229
t12.2022.05.19,train,vocal,t12.2022.05.19,99,how's your luck honey,16,SIL,3,sil,honey,180,240,60,45,52,196,228,196,228,0.9999976938831913
t12.2022.05.19,train,vocal,t12.2022.05.19,100,how do oysters make pearls,0,HH,0,initial,how,12,48,36,3,4,28,36,16,40,0.8786829022384324
t12.2022.05.19,train,vocal,t12.2022.05.19,100,how do oysters make pearls,1,AW,0,final,how,24,56,32,6,6,40,44,40,48,0.9999670900276015
t12.2022.05.19,train,vocal,t12.2022.05.19,100,how do oysters make pearls,2,SIL,0,sil,how,32,76,44,8,11,48,64,48,64,0.9963804756499122
t12.2022.05.19,train,vocal,t12.2022.05.19,100,how do oysters make pearls,3,D,1,initial,do,48,84,36,12,13,64,72,64,76,0.9862540653572565
t12.2022.05.19,train,vocal,t12.2022.05.19,100,how do oysters make pearls,4,UW,1,final,do,60,92,32,15,15,76,80,76,80,0.999633888403234
t12.2022.05.19,train,vocal,t12.2022.05.19,100,how do oysters make pearls,5,SIL,1,sil,do,64,104,40,16,18,80,92,80,100,0.9966164242733955
t12.2022.05.19,train,vocal,t12.2022.05.19,100,how do oysters make pearls,6,OY,2,initial,oysters,88,120,32,22,22,104,108,100,108,0.9988523279861014
t12.2022.05.19,train,vocal,t12.2022.05.19,100,how do oysters make pearls,7,S,2,medial,oysters,92,124,32,23,23,108,112,108,112,0.9992368820585583
t12.2022.05.19,train,vocal,t12.2022.05.19,100,how do oysters make pearls,8,T,2,medial,oysters,96,132,36,24,25,112,120,112,120,0.985172173462618
t12.2022.05.19,train,vocal,t12.2022.05.19,100,how do oysters make pearls,9,ER,2,medial,oysters,104,140,36,26,27,120,128,120,128,0.9850701156732774
t12.2022.05.19,train,vocal,t12.2022.05.19,100,how do oysters make pearls,10,Z,2,final,oysters,112,148,36,28,29,128,136,128,136,0.7685942887622782
t12.2022.05.19,train,vocal,t12.2022.05.19,100,how do oysters make pearls,11,SIL,2,sil,oysters,120,164,44,30,33,136,152,136,152,0.9987876039661167
t12.2022.05.19,train,vocal,t12.2022.05.19,100,how do oysters make pearls,12,M,3,initial,make,136,172,36,34,35,152,160,152,164,0.9708712251792755
t12.2022.05.19,train,vocal,t12.2022.05.19,100,how do oysters make pearls,13,EY,3,medial,make,152,184,32,38,38,168,172,164,172,0.9989719431312547
t12.2022.05.19,train,vocal,t12.2022.05.19,100,how do oysters make pearls,14,K,3,final,make,156,192,36,39,40,172,180,172,180,0.777393488358129
t12.2022.05.19,train,vocal,t12.2022.05.19,100,how do oysters make pearls,15,SIL,3,sil,make,164,204,40,41,43,180,192,180,192,0.9998105968248604
t12.2022.05.19,train,vocal,t12.2022.05.19,100,how do oysters make pearls,16,P,4,initial,pearls,176,212,36,44,45,192,200,192,204,0.9318343455174489
t12.2022.05.19,train,vocal,t12.2022.05.19,100,how do oysters make pearls,17,ER,4,medial,pearls,192,224,32,48,48,208,212,204,212,0.9989804796035756
t12.2022.05.19,train,vocal,t12.2022.05.19,100,how do oysters make pearls,18,L,4,medial,pearls,196,232,36,49,50,212,220,212,220,0.9992529636547067
t12.2022.05.19,train,vocal,t12.2022.05.19,100,how do oysters make pearls,19,Z,4,final,pearls,204,240,36,51,52,220,228,220,228,0.8518700030136414
t12.2022.05.19,train,vocal,t12.2022.05.19,100,how do oysters make pearls,20,SIL,4,sil,pearls,212,252,40,53,55,228,240,228,240,0.9998501997859935
t12.2022.05.19,train,vocal,t12.2022.05.19,101,cows givin' no milk were knowed as strippers,0,K,0,initial,,16,48,32,4,4,32,36,16,44,0.9987949622868593
t12.2022.05.19,train,vocal,t12.2022.05.19,101,cows givin' no milk were knowed as strippers,1,AW,0,medial,,32,64,32,8,8,48,52,44,52,0.9995362734170621
t12.2022.05.19,train,vocal,t12.2022.05.19,101,cows givin' no milk were knowed as strippers,2,Z,0,final,,36,72,36,9,10,52,60,52,60,0.9954585254434115
t12.2022.05.19,train,vocal,t12.2022.05.19,101,cows givin' no milk were knowed as strippers,3,SIL,0,sil,,44,84,40,11,13,60,72,60,72,0.9687383204366847
t12.2022.05.19,train,vocal,t12.2022.05.19,101,cows givin' no milk were knowed as strippers,4,G,1,initial,,56,88,32,14,14,72,76,72,80,0.9997143992221882
t12.2022.05.19,train,vocal,t12.2022.05.19,101,cows givin' no milk were knowed as strippers,5,IH,1,medial,,64,96,32,16,16,80,84,80,84,0.9992637121206167
t12.2022.05.19,train,vocal,t12.2022.05.19,101,cows givin' no milk were knowed as strippers,6,V,1,medial,,68,100,32,17,17,84,88,84,88,0.999850056352278
t12.2022.05.19,train,vocal,t12.2022.05.19,101,cows givin' no milk were knowed as strippers,7,IH,1,medial,,72,108,36,18,19,88,96,88,96,0.7335086462862948
t12.2022.05.19,train,vocal,t12.2022.05.19,101,cows givin' no milk were knowed as strippers,8,N,1,final,,80,116,36,20,21,96,104,96,104,0.9261579711676137
t12.2022.05.19,train,vocal,t12.2022.05.19,101,cows givin' no milk were knowed as strippers,9,SIL,1,sil,,88,120,32,22,22,104,108,104,112,0.5869779562954943
t12.2022.05.19,train,vocal,t12.2022.05.19,101,cows givin' no milk were knowed as strippers,10,SIL,2,sil,,96,128,32,24,24,112,116,112,116,0.7708334822570824
t12.2022.05.19,train,vocal,t12.2022.05.19,101,cows givin' no milk were knowed as strippers,11,N,3,initial,,100,136,36,25,26,116,124,116,124,0.9975269083781177
t12.2022.05.19,train,vocal,t12.2022.05.19,101,cows givin' no milk were knowed as strippers,12,OW,3,final,,108,140,32,27,27,124,128,124,132,0.9999412018204994
t12.2022.05.19,train,vocal,t12.2022.05.19,101,cows givin' no milk were knowed as strippers,13,SIL,3,sil,,116,156,40,29,31,132,144,132,148,0.9838877200296988
t12.2022.05.19,train,vocal,t12.2022.05.19,101,cows givin' no milk were knowed as strippers,14,M,4,initial,,132,164,32,33,33,148,152,148,156,0.9998985991862187
t12.2022.05.19,train,vocal,t12.2022.05.19,101,cows givin' no milk were knowed as strippers,15,IH,4,medial,,144,176,32,36,36,160,164,156,164,0.9997884934379621
t12.2022.05.19,train,vocal,t12.2022.05.19,101,cows givin' no milk were knowed as strippers,16,L,4,medial,,148,180,32,37,37,164,168,164,168,0.9998880868778337
t12.2022.05.19,train,vocal,t12.2022.05.19,101,cows givin' no milk were knowed as strippers,17,K,4,final,,152,188,36,38,39,168,176,168,176,0.976855179551064
t12.2022.05.19,train,vocal,t12.2022.05.19,101,cows givin' no milk were knowed as strippers,18,SIL,4,sil,,160,212,52,40,45,176,200,176,200,0.9873769417351391
t12.2022.05.19,train,vocal,t12.2022.05.19,101,cows givin' no milk were knowed as strippers,19,W,5,initial,,184,216,32,46,46,200,204,200,208,0.9999684327841606
t12.2022.05.19,train,vocal,t12.2022.05.19,101,cows givin' no milk were knowed as strippers,20,ER,5,final,,192,224,32,48,48,208,212,208,212,0.9988127523108453
t12.2022.05.19,train,vocal,t12.2022.05.19,101,cows givin' no milk were knowed as strippers,21,SIL,5,sil,,196,240,44,49,52,212,228,212,228,0.8553525108793024
t12.2022.05.19,train,vocal,t12.2022.05.19,101,cows givin' no milk were knowed as strippers,22,N,6,initial,,212,244,32,53,53,228,232,228,236,0.9975022519479184
t12.2022.05.19,train,vocal,t12.2022.05.19,101,cows givin' no milk were knowed as strippers,23,OW,6,medial,,220,252,32,55,55,236,240,236,240,0.9988759353844465
t12.2022.05.19,train,vocal,t12.2022.05.19,101,cows givin' no milk were knowed as strippers,24,D,6,final,,224,256,32,56,56,240,244,240,244,0.9991602424583818
t12.2022.05.19,train,vocal,t12.2022.05.19,101,cows givin' no milk were knowed as strippers,25,SIL,6,sil,,228,272,44,57,60,244,260,244,264,0.9158369505970179
t12.2022.05.19,train,vocal,t12.2022.05.19,101,cows givin' no milk were knowed as strippers,26,AE,7,initial,,252,284,32,63,63,268,272,264,272,0.9999962279753081
t12.2022.05.19,train,vocal,t12.2022.05.19,101,cows givin' no milk were knowed as strippers,27,Z,7,final,,256,288,32,64,64,272,276,272,276,0.9999649933500857
t12.2022.05.19,train,vocal,t12.2022.05.19,101,cows givin' no milk were knowed as strippers,28,SIL,7,sil,,260,304,44,65,68,276,292,276,292,0.9966505021202103
t12.2022.05.19,train,vocal,t12.2022.05.19,101,cows givin' no milk were knowed as strippers,29,S,8,initial,,276,308,32,69,69,292,296,292,296,0.9958486203886349
t12.2022.05.19,train,vocal,t12.2022.05.19,101,cows givin' no milk were knowed as strippers,30,T,8,medial,,280,312,32,70,70,296,300,296,300,0.9935810409764653
t12.2022.05.19,train,vocal,t12.2022.05.19,101,cows givin' no milk were knowed as strippers,31,R,8,medial,,284,320,36,71,72,300,308,300,312,0.7595573574745722
t12.2022.05.19,train,vocal,t12.2022.05.19,101,cows givin' no milk were knowed as strippers,32,IH,8,medial,,296,328,32,74,74,312,316,312,316,0.9980957733060026
t12.2022.05.19,train,vocal,t12.2022.05.19,101,cows givin' no milk were knowed as strippers,33,P,8,medial,,300,336,36,75,76,316,324,316,328,0.9100870855914239
t12.2022.05.19,train,vocal,t12.2022.05.19,101,cows givin' no milk were knowed as strippers,34,ER,8,medial,,312,348,36,78,79,328,336,328,336,0.9900147204070749
t12.2022.05.19,train,vocal,t12.2022.05.19,101,cows givin' no milk were knowed as strippers,35,Z,8,final,,320,352,32,80,80,336,340,336,340,0.9994640109274394
t12.2022.05.19,train,vocal,t12.2022.05.19,101,cows givin' no milk were knowed as strippers,36,SIL,8,sil,,324,376,52,81,86,340,364,340,364,0.9927330080155613
t12.2022.05.19,train,vocal,t12.2022.05.19,102,he kissed her also and with deep tenderness,0,HH,0,initial,he,20,56,36,5,6,36,44,16,48,0.8685199810355262
t12.2022.05.19,train,vocal,t12.2022.05.19,102,he kissed her also and with deep tenderness,1,IY,0,final,he,36,68,32,9,9,52,56,48,56,0.9999944339433605
t12.2022.05.19,train,vocal,t12.2022.05.19,102,he kissed her also and with deep tenderness,2,SIL,0,sil,he,40,84,44,10,13,56,72,56,72,0.8506990911434446
t12.2022.05.19,train,vocal,t12.2022.05.19,102,he kissed her also and with deep tenderness,3,K,1,initial,kissed,56,88,32,14,14,72,76,72,80,0.9980561798408277
t12.2022.05.19,train,vocal,t12.2022.05.19,102,he kissed her also and with deep tenderness,4,IH,1,medial,kissed,64,96,32,16,16,80,84,80,84,0.9986442400685707
t12.2022.05.19,train,vocal,t12.2022.05.19,102,he kissed her also and with deep tenderness,5,S,1,medial,kissed,68,100,32,17,17,84,88,84,88,0.9994018491271199
t12.2022.05.19,train,vocal,t12.2022.05.19,102,he kissed her also and with deep tenderness,6,T,1,final,kissed,72,108,36,18,19,88,96,88,96,0.9344228061037112
t12.2022.05.19,train,vocal,t12.2022.05.19,102,he kissed her also and with deep tenderness,7,SIL,1,sil,kissed,80,120,40,20,22,96,108,96,108,0.9980168439767517
t12.2022.05.19,train,vocal,t12.2022.05.19,102,he kissed her also and with deep tenderness,8,HH,2,initial,her,92,124,32,23,23,108,112,108,116,0.999992017929106
t12.2022.05.19,train,vocal,t12.2022.05.19,102,he kissed her also and with deep tenderness,9,ER,2,final,her,100,136,36,25,26,116,124,116,124,0.9993937229126382
t12.2022.05.19,train,vocal,t12.2022.05.19,102,he kissed her also and with deep tenderness,10,SIL,2,sil,her,108,156,48,27,31,124,144,124,152,0.9837753169216598
t12.2022.05.19,train,vocal,t12.2022.05.19,102,he kissed her also and with deep tenderness,11,AO,3,initial,also,140,172,32,35,35,156,160,152,160,0.9999717396292838
t12.2022.05.19,train,vocal,t12.2022.05.19,102,he kissed her also and with deep tenderness,12,L,3,medial,also,144,176,32,36,36,160,164,160,164,0.9999795019208144
t12.2022.05.19,train,vocal,t12.2022.05.19,102,he kissed her also and with deep tenderness,13,S,3,medial,also,148,188,40,37,39,164,176,164,176,0.9339937230531058
t12.2022.05.19,train,vocal,t12.2022.05.19,102,he kissed her also and with deep tenderness,14,OW,3,final,also,160,196,36,40,41,176,184,176,184,0.9992690220463082
t12.2022.05.19,train,vocal,t12.2022.05.19,102,he kissed her also and with deep tenderness,15,SIL,3,sil,also,168,220,52,42,47,184,208,184,212,0.9794133760873605
t12.2022.05.19,train,vocal,t12.2022.05.19,102,he kissed her also and with deep tenderness,16,AH,4,initial,and,200,236,36,50,51,216,224,212,224,0.9305261715334227
t12.2022.05.19,train,vocal,t12.2022.05.19,102,he kissed her also and with deep tenderness,17,N,4,medial,and,208,240,32,52,52,224,228,224,228,0.9998945329424512
t12.2022.05.19,train,vocal,t12.2022.05.19,102,he kissed her also and with deep tenderness,18,D,4,final,and,212,248,36,53,54,228,236,228,236,0.9300309733003276
t12.2022.05.19,train,vocal,t12.2022.05.19,102,he kissed her also and with deep tenderness,19,SIL,4,sil,and,220,256,36,55,56,236,244,236,244,0.978298830816706
t12.2022.05.19,train,vocal,t12.2022.05.19,102,he kissed her also and with deep tenderness,20,W,5,initial,with,228,260,32,57,57,244,248,244,252,0.9999985002703201
t12.2022.05.19,train,vocal,t12.2022.05.19,102,he kissed her also and with deep tenderness,21,IH,5,medial,with,236,268,32,59,59,252,256,252,256,0.9996827692574866
t12.2022.05.19,train,vocal,t12.2022.05.19,102,he kissed her also and with deep tenderness,22,DH,5,final,with,240,272,32,60,60,256,260,256,260,0.999794760716092
t12.2022.05.19,train,vocal,t12.2022.05.19,102,he kissed her also and with deep tenderness,23,SIL,5,sil,with,244,288,44,61,64,260,276,260,276,0.9978609486361011
t12.2022.05.19,train,vocal,t12.2022.05.19,102,he kissed her also and with deep tenderness,24,D,6,initial,deep,260,292,32,65,65,276,280,276,284,0.9988925256510155
t12.2022.05.19,train,vocal,t12.2022.05.19,102,he kissed her also and with deep tenderness,25,IY,6,medial,deep,268,304,36,67,68,284,292,284,292,0.7563906040130262
t12.2022.05.19,train,vocal,t12.2022.05.19,102,he kissed her also and with deep tenderness,26,P,6,final,deep,276,308,32,69,69,292,296,292,296,0.9998743757132244
t12.2022.05.19,train,vocal,t12.2022.05.19,102,he kissed her also and with deep tenderness,27,SIL,6,sil,deep,280,328,48,70,74,296,316,296,316,0.9317225913054076
t12.2022.05.19,train,vocal,t12.2022.05.19,102,he kissed her also and with deep tenderness,28,T,7,initial,tenderness,300,336,36,75,76,316,324,316,328,0.970989928315219
t12.2022.05.19,train,vocal,t12.2022.05.19,102,he kissed her also and with deep tenderness,29,EH,7,medial,tenderness,312,344,32,78,78,328,332,328,332,0.9993893607808593
t12.2022.05.19,train,vocal,t12.2022.05.19,102,he kissed her also and with deep tenderness,30,N,7,medial,tenderness,316,348,32,79,79,332,336,332,336,0.9868363081837955
t12.2022.05.19,train,vocal,t12.2022.05.19,102,he kissed her also and with deep tenderness,31,D,7,medial,tenderness,320,352,32,80,80,336,340,336,340,0.9995680746564298
t12.2022.05.19,train,vocal,t12.2022.05.19,102,he kissed her also and with deep tenderness,32,ER,7,medial,tenderness,324,364,40,81,83,340,352,340,352,0.8244349882767841
t12.2022.05.19,train,vocal,t12.2022.05.19,102,he kissed her also and with deep tenderness,33,N,7,medial,tenderness,336,372,36,84,85,352,360,352,360,0.9904153914174956
t12.2022.05.19,train,vocal,t12.2022.05.19,102,he kissed her also and with deep tenderness,34,AH,7,medial,tenderness,344,376,32,86,86,360,364,360,364,0.9992429497964902
t12.2022.05.19,train,vocal,t12.2022.05.19,102,he kissed her also and with deep tenderness,35,S,7,final,tenderness,348,380,32,87,87,364,368,364,368,0.9998901623386252
t12.2022.05.19,train,vocal,t12.2022.05.19,102,he kissed her also and with deep tenderness,36,SIL,7,sil,tenderness,352,388,36,88,89,368,376,368,376,0.828356074940146
t12.2022.05.19,train,vocal,t12.2022.05.19,103,thomas thinks a larger clamp solves the problem,0,T,0,initial,thomas,20,52,32,5,5,36,40,16,44,0.9973083477277507
t12.2022.05.19,train,vocal,t12.2022.05.19,103,thomas thinks a larger clamp solves the problem,1,AA,0,medial,thomas,32,64,32,8,8,48,52,44,52,0.9946551454478179
t12.2022.05.19,train,vocal,t12.2022.05.19,103,thomas thinks a larger clamp solves the problem,2,M,0,medial,thomas,36,80,44,9,12,52,68,52,68,0.921274490307629
t12.2022.05.19,train,vocal,t12.2022.05.19,103,thomas thinks a larger clamp solves the problem,3,AH,0,medial,thomas,52,84,32,13,13,68,72,68,72,0.9996390665036536
t12.2022.05.19,train,vocal,t12.2022.05.19,103,thomas thinks a larger clamp solves the problem,4,S,0,final,thomas,56,92,36,14,15,72,80,72,80,0.9751441066248856
t12.2022.05.19,train,vocal,t12.2022.05.19,103,thomas thinks a larger clamp solves the problem,5,SIL,0,sil,thomas,64,104,40,16,18,80,92,80,92,0.8415076468321536
t12.2022.05.19,train,vocal,t12.2022.05.19,103,thomas thinks a larger clamp solves the problem,6,TH,1,initial,thinks,76,108,32,19,19,92,96,92,100,0.9999796628198777
t12.2022.05.19,train,vocal,t12.2022.05.19,103,thomas thinks a larger clamp solves the problem,7,IH,1,medial,thinks,84,116,32,21,21,100,104,100,104,0.9996457718742029
t12.2022.05.19,train,vocal,t12.2022.05.19,103,thomas thinks a larger clamp solves the problem,8,NG,1,medial,thinks,88,120,32,22,22,104,108,104,108,0.9999936238050755
t12.2022.05.19,train,vocal,t12.2022.05.19,103,thomas thinks a larger clamp solves the problem,9,K,1,medial,thinks,92,124,32,23,23,108,112,108,112,0.9880782098383655
t12.2022.05.19,train,vocal,t12.2022.05.19,103,thomas thinks a larger clamp solves the problem,10,S,1,final,thinks,96,128,32,24,24,112,116,112,116,0.9805920522809489
t12.2022.05.19,train,vocal,t12.2022.05.19,103,thomas thinks a larger clamp solves the problem,11,SIL,1,sil,thinks,100,136,36,25,26,116,124,116,128,0.9835271303190769
t12.2022.05.19,train,vocal,t12.2022.05.19,103,thomas thinks a larger clamp solves the problem,12,AH,2,single,a,116,148,32,29,29,132,136,128,136,0.9999993859842444
t12.2022.05.19,train,vocal,t12.2022.05.19,103,thomas thinks a larger clamp solves the problem,13,SIL,2,sil,a,120,164,44,30,33,136,152,136,152,0.9535778976657042
t12.2022.05.19,train,vocal,t12.2022.05.19,103,thomas thinks a larger clamp solves the problem,14,L,3,initial,larger,136,168,32,34,34,152,156,152,160,0.9999871164015339
t12.2022.05.19,train,vocal,t12.2022.05.19,103,thomas thinks a larger clamp solves the problem,15,AA,3,medial,larger,144,176,32,36,36,160,164,160,164,0.9998919020194479
t12.2022.05.19,train,vocal,t12.2022.05.19,103,thomas thinks a larger clamp solves the problem,16,R,3,medial,larger,148,180,32,37,37,164,168,164,168,0.992990389849774
t12.2022.05.19,train,vocal,t12.2022.05.19,103,thomas thinks a larger clamp solves the problem,17,JH,3,medial,larger,152,188,36,38,39,168,176,168,176,0.9674589063314907
t12.2022.05.19,train,vocal,t12.2022.05.19,103,thomas thinks a larger clamp solves the problem,18,ER,3,final,larger,160,196,36,40,41,176,184,176,184,0.979310057007357
t12.2022.05.19,train,vocal,t12.2022.05.19,103,thomas thinks a larger clamp solves the problem,19,SIL,3,sil,larger,168,236,68,42,51,184,224,184,224,0.9984976250678386
t12.2022.05.19,train,vocal,t12.2022.05.19,103,thomas thinks a larger clamp solves the problem,20,K,4,initial,clamp,208,240,32,52,52,224,228,224,228,0.9991353889615591
t12.2022.05.19,train,vocal,t12.2022.05.19,103,thomas thinks a larger clamp solves the problem,21,L,4,medial,clamp,212,248,36,53,54,228,236,228,240,0.9613090320369
t12.2022.05.19,train,vocal,t12.2022.05.19,103,thomas thinks a larger clamp solves the problem,22,AE,4,medial,clamp,224,256,32,56,56,240,244,240,244,0.9992768491329387
t12.2022.05.19,train,vocal,t12.2022.05.19,103,thomas thinks a larger clamp solves the problem,23,M,4,medial,clamp,228,260,32,57,57,244,248,244,248,0.9980431419290844
t12.2022.05.19,train,vocal,t12.2022.05.19,103,thomas thinks a larger clamp solves the problem,24,P,4,final,clamp,232,268,36,58,59,248,256,248,256,0.9829710813634243
t12.2022.05.19,train,vocal,t12.2022.05.19,103,thomas thinks a larger clamp solves the problem,25,SIL,4,sil,clamp,240,288,48,60,64,256,276,256,276,0.9229206174519848
t12.2022.05.19,train,vocal,t12.2022.05.19,103,thomas thinks a larger clamp solves the problem,26,S,5,initial,solves,260,296,36,65,66,276,284,276,288,0.9882882525022632
t12.2022.05.19,train,vocal,t12.2022.05.19,103,thomas thinks a larger clamp solves the problem,27,AA,5,medial,solves,272,304,32,68,68,288,292,288,292,0.9996408851513688
t12.2022.05.19,train,vocal,t12.2022.05.19,103,thomas thinks a larger clamp solves the problem,28,L,5,medial,solves,276,308,32,69,69,292,296,292,296,0.9990490087074867
t12.2022.05.19,train,vocal,t12.2022.05.19,103,thomas thinks a larger clamp solves the problem,29,V,5,medial,solves,280,312,32,70,70,296,300,296,300,0.9909726716901223
t12.2022.05.19,train,vocal,t12.2022.05.19,103,thomas thinks a larger clamp solves the problem,30,Z,5,final,solves,284,320,36,71,72,300,308,300,308,0.7832559889381653
t12.2022.05.19,train,vocal,t12.2022.05.19,103,thomas thinks a larger clamp solves the problem,31,SIL,5,sil,solves,292,328,36,73,74,308,316,308,316,0.9725970211116772
t12.2022.05.19,train,vocal,t12.2022.05.19,103,thomas thinks a larger clamp solves the problem,32,DH,6,initial,the,300,332,32,75,75,316,320,316,320,0.9999993294583531
t12.2022.05.19,train,vocal,t12.2022.05.19,103,thomas thinks a larger clamp solves the problem,33,AH,6,final,the,304,340,36,76,77,320,328,320,328,0.9543424657084041
t12.2022.05.19,train,vocal,t12.2022.05.19,103,thomas thinks a larger clamp solves the problem,34,SIL,6,sil,the,312,352,40,78,80,328,340,328,340,0.9987015488296359
t12.2022.05.19,train,vocal,t12.2022.05.19,103,thomas thinks a larger clamp solves the problem,35,P,7,initial,problem,324,356,32,81,81,340,344,340,344,0.9998508463727035
t12.2022.05.19,train,vocal,t12.2022.05.19,103,thomas thinks a larger clamp solves the problem,36,R,7,medial,problem,328,364,36,82,83,344,352,344,352,0.9925625033423797
t12.2022.05.19,train,vocal,t12.2022.05.19,103,thomas thinks a larger clamp solves the problem,37,AA,7,medial,problem,336,368,32,84,84,352,356,352,356,0.9999068452816096
t12.2022.05.19,train,vocal,t12.2022.05.19,103,thomas thinks a larger clamp solves the problem,38,B,7,medial,problem,340,372,32,85,85,356,360,356,360,0.9999527741897946
t12.2022.05.19,train,vocal,t12.2022.05.19,103,thomas thinks a larger clamp solves the problem,39,L,7,medial,problem,344,376,32,86,86,360,364,360,364,0.9999281218738009
t12.2022.05.19,train,vocal,t12.2022.05.19,103,thomas thinks a larger clamp solves the problem,40,AH,7,medial,problem,348,384,36,87,88,364,372,364,372,0.8535862422862309
t12.2022.05.19,train,vocal,t12.2022.05.19,103,thomas thinks a larger clamp solves the problem,41,M,7,final,problem,356,392,36,89,90,372,380,372,380,0.9722190745671981
t12.2022.05.19,train,vocal,t12.2022.05.19,103,thomas thinks a larger clamp solves the problem,42,SIL,7,sil,problem,364,400,36,91,92,380,388,380,388,0.9996491272371907
t12.2022.05.19,train,vocal,t12.2022.05.19,104,the red pills are a vitamin-and-iron compound,0,DH,0,initial,the,32,64,32,8,8,48,52,16,56,0.9999871160595912
t12.2022.05.19,train,vocal,t12.2022.05.19,104,the red pills are a vitamin-and-iron compound,1,AH,0,final,the,40,72,32,10,10,56,60,56,64,0.9999994120269919
t12.2022.05.19,train,vocal,t12.2022.05.19,104,the red pills are a vitamin-and-iron compound,2,SIL,0,sil,the,48,88,40,12,14,64,76,64,76,0.994982956806604
t12.2022.05.19,train,vocal,t12.2022.05.19,104,the red pills are a vitamin-and-iron compound,3,R,1,initial,red,60,96,36,15,16,76,84,76,84,0.9191779500551289
t12.2022.05.19,train,vocal,t12.2022.05.19,104,the red pills are a vitamin-and-iron compound,4,EH,1,medial,red,68,100,32,17,17,84,88,84,88,0.9994131046682744
t12.2022.05.19,train,vocal,t12.2022.05.19,104,the red pills are a vitamin-and-iron compound,5,D,1,final,red,72,108,36,18,19,88,96,88,96,0.922249317395254
t12.2022.05.19,train,vocal,t12.2022.05.19,104,the red pills are a vitamin-and-iron compound,6,SIL,1,sil,red,80,120,40,20,22,96,108,96,108,0.9918996132631418
t12.2022.05.19,train,vocal,t12.2022.05.19,104,the red pills are a vitamin-and-iron compound,7,P,2,initial,pills,92,128,36,23,24,108,116,108,120,0.9658158483888408
t12.2022.05.19,train,vocal,t12.2022.05.19,104,the red pills are a vitamin-and-iron compound,8,IH,2,medial,pills,104,136,32,26,26,120,124,120,124,0.9955764591537668
t12.2022.05.19,train,vocal,t12.2022.05.19,104,the red pills are a vitamin-and-iron compound,9,L,2,medial,pills,108,144,36,27,28,124,132,124,132,0.9970930999631424
t12.2022.05.19,train,vocal,t12.2022.05.19,104,the red pills are a vitamin-and-iron compound,10,Z,2,final,pills,116,156,40,29,31,132,144,132,144,0.8640976155701424
t12.2022.05.19,train,vocal,t12.2022.05.19,104,the red pills are a vitamin-and-iron compound,11,SIL,2,sil,pills,128,160,32,32,32,144,148,144,156,0.9873925579934021
t12.2022.05.19,train,vocal,t12.2022.05.19,104,the red pills are a vitamin-and-iron compound,12,AA,3,initial,are,144,176,32,36,36,160,164,156,164,0.9999974364977885
t12.2022.05.19,train,vocal,t12.2022.05.19,104,the red pills are a vitamin-and-iron compound,13,R,3,final,are,148,180,32,37,37,164,168,164,168,0.9999537364568246
t12.2022.05.19,train,vocal,t12.2022.05.19,104,the red pills are a vitamin-and-iron compound,14,SIL,3,sil,are,152,204,52,38,43,168,192,168,196,0.9927468395345121
t12.2022.05.19,train,vocal,t12.2022.05.19,104,the red pills are a vitamin-and-iron compound,15,AH,4,single,a,184,216,32,46,46,200,204,196,204,0.9999990906851084
t12.2022.05.19,train,vocal,t12.2022.05.19,104,the red pills are a vitamin-and-iron compound,16,SIL,4,sil,a,188,232,44,47,50,204,220,204,220,0.9034624137499041
t12.2022.05.19,train,vocal,t12.2022.05.19,104,the red pills are a vitamin-and-iron compound,17,V,5,initial,vitamin-and-iron,204,236,32,51,51,220,224,220,228,0.9986954224889737
t12.2022.05.19,train,vocal,t12.2022.05.19,104,the red pills are a vitamin-and-iron compound,18,IH,5,medial,vitamin-and-iron,212,244,32,53,53,228,232,228,232,0.9962381199739669
t12.2022.05.19,train,vocal,t12.2022.05.19,104,the red pills are a vitamin-and-iron compound,19,T,5,medial,vitamin-and-iron,216,252,36,54,55,232,240,232,244,0.9871901080335824
t12.2022.05.19,train,vocal,t12.2022.05.19,104,the red pills are a vitamin-and-iron compound,20,AH,5,medial,vitamin-and-iron,228,260,32,57,57,244,248,244,248,0.9945220144625962
t12.2022.05.19,train,vocal,t12.2022.05.19,104,the red pills are a vitamin-and-iron compound,21,M,5,medial,vitamin-and-iron,232,284,52,58,63,248,272,248,284,0.9019568672823265
t12.2022.05.19,train,vocal,t12.2022.05.19,104,the red pills are a vitamin-and-iron compound,22,AH,5,medial,vitamin-and-iron,276,308,32,69,69,292,296,284,296,0.9998861258452306
t12.2022.05.19,train,vocal,t12.2022.05.19,104,the red pills are a vitamin-and-iron compound,23,N,5,medial,vitamin-and-iron,280,312,32,70,70,296,300,296,300,0.999506648255752
t12.2022.05.19,train,vocal,t12.2022.05.19,104,the red pills are a vitamin-and-iron compound,24,D,5,medial,vitamin-and-iron,284,320,36,71,72,300,308,300,316,0.7689930963742557
t12.2022.05.19,train,vocal,t12.2022.05.19,104,the red pills are a vitamin-and-iron compound,25,EH,5,medial,vitamin-and-iron,304,336,32,76,76,320,324,316,324,0.999372198078615
t12.2022.05.19,train,vocal,t12.2022.05.19,104,the red pills are a vitamin-and-iron compound,26,R,5,medial,vitamin-and-iron,308,344,36,77,78,324,332,324,332,0.9262322577410671
t12.2022.05.19,train,vocal,t12.2022.05.19,104,the red pills are a vitamin-and-iron compound,27,N,5,medial,vitamin-and-iron,316,348,32,79,79,332,336,332,336,0.8946897636125437
t12.2022.05.19,train,vocal,t12.2022.05.19,104,the red pills are a vitamin-and-iron compound,28,AH,5,medial,vitamin-and-iron,320,360,40,80,82,336,348,336,348,0.9355293763032767
t12.2022.05.19,train,vocal,t12.2022.05.19,104,the red pills are a vitamin-and-iron compound,29,N,5,final,vitamin-and-iron,332,368,36,83,84,348,356,348,356,0.9359409073540665
t12.2022.05.19,train,vocal,t12.2022.05.19,104,the red pills are a vitamin-and-iron compound,30,SIL,5,sil,vitamin-and-iron,340,392,52,85,90,356,380,356,380,0.9899033203887629
t12.2022.05.19,train,vocal,t12.2022.05.19,104,the red pills are a vitamin-and-iron compound,31,K,6,initial,compound,364,396,32,91,91,380,384,380,388,0.9997280591526788
t12.2022.05.19,train,vocal,t12.2022.05.19,104,the red pills are a vitamin-and-iron compound,32,AA,6,medial,compound,372,408,36,93,94,388,396,388,396,0.9965779937855908
t12.2022.05.19,train,vocal,t12.2022.05.19,104,the red pills are a vitamin-and-iron compound,33,M,6,medial,compound,380,412,32,95,95,396,400,396,400,0.9981981748957521
t12.2022.05.19,train,vocal,t12.2022.05.19,104,the red pills are a vitamin-and-iron compound,34,P,6,medial,compound,384,416,32,96,96,400,404,400,408,0.9996330121181014
t12.2022.05.19,train,vocal,t12.2022.05.19,104,the red pills are a vitamin-and-iron compound,35,AW,6,medial,compound,396,428,32,99,99,412,416,408,416,0.9990985842357922
t12.2022.05.19,train,vocal,t12.2022.05.19,104,the red pills are a vitamin-and-iron compound,36,N,6,medial,compound,400,432,32,100,100,416,420,416,420,0.9944032598260125
t12.2022.05.19,train,vocal,t12.2022.05.19,104,the red pills are a vitamin-and-iron compound,37,D,6,final,compound,404,436,32,101,101,420,424,420,424,0.9944342257725711
t12.2022.05.19,train,vocal,t12.2022.05.19,104,the red pills are a vitamin-and-iron compound,38,SIL,6,sil,compound,408,440,32,102,102,424,428,424,428,0.9949356040800547
t12.2022.05.19,train,vocal,t12.2022.05.19,105,weakness in leadership,0,W,0,initial,weakness,36,68,32,9,9,52,56,16,60,0.9956006834180402
t12.2022.05.19,train,vocal,t12.2022.05.19,105,weakness in leadership,1,IY,0,medial,weakness,44,76,32,11,11,60,64,60,64,0.9951281759827744
t12.2022.05.19,train,vocal,t12.2022.05.19,105,weakness in leadership,2,K,0,medial,weakness,48,80,32,12,12,64,68,64,68,0.9963124247799882
t12.2022.05.19,train,vocal,t12.2022.05.19,105,weakness in leadership,3,N,0,medial,weakness,52,88,36,13,14,68,76,68,76,0.741100304767884
t12.2022.05.19,train,vocal,t12.2022.05.19,105,weakness in leadership,4,AH,0,medial,weakness,60,92,32,15,15,76,80,76,80,0.9943209044102433
t12.2022.05.19,train,vocal,t12.2022.05.19,105,weakness in leadership,5,S,0,final,weakness,64,100,36,16,17,80,88,80,88,0.9701871844895931
t12.2022.05.19,train,vocal,t12.2022.05.19,105,weakness in leadership,6,SIL,0,sil,weakness,72,108,36,18,19,88,96,88,100,0.8071788566550783
t12.2022.05.19,train,vocal,t12.2022.05.19,105,weakness in leadership,7,IH,1,initial,in,84,116,32,21,21,100,104,100,104,0.9999544642447654
t12.2022.05.19,train,vocal,t12.2022.05.19,105,weakness in leadership,8,N,1,final,in,88,120,32,22,22,104,108,104,108,0.9999923652646676
t12.2022.05.19,train,vocal,t12.2022.05.19,105,weakness in leadership,9,SIL,1,sil,in,92,132,40,23,25,108,120,108,120,0.9941168297432341
t12.2022.05.19,train,vocal,t12.2022.05.19,105,weakness in leadership,10,L,2,initial,leadership,104,136,32,26,26,120,124,120,128,0.9999365407319349
t12.2022.05.19,train,vocal,t12.2022.05.19,105,weakness in leadership,11,IY,2,medial,leadership,112,144,32,28,28,128,132,128,132,0.9954615206600433
t12.2022.05.19,train,vocal,t12.2022.05.19,105,weakness in leadership,12,D,2,medial,leadership,116,148,32,29,29,132,136,132,140,0.9981005400021652
t12.2022.05.19,train,vocal,t12.2022.05.19,105,weakness in leadership,13,ER,2,medial,leadership,124,160,36,31,32,140,148,140,148,0.9934883275545501
t12.2022.05.19,train,vocal,t12.2022.05.19,105,weakness in leadership,14,SH,2,medial,leadership,132,168,36,33,34,148,156,148,156,0.9973788932895558
t12.2022.05.19,train,vocal,t12.2022.05.19,105,weakness in leadership,15,IH,2,medial,leadership,140,176,36,35,36,156,164,156,164,0.7893476202011129
t12.2022.05.19,train,vocal,t12.2022.05.19,105,weakness in leadership,16,P,2,final,leadership,148,180,32,37,37,164,168,164,168,0.9999630847526227
t12.2022.05.19,train,vocal,t12.2022.05.19,105,weakness in leadership,17,SIL,2,sil,leadership,152,196,44,38,41,168,184,168,184,0.9949846203648236
t12.2022.05.19,train,vocal,t12.2022.05.19,106,they had chosen this night purposely,0,DH,0,initial,they,44,76,32,11,11,60,64,16,68,0.9999776142945115
t12.2022.05.19,train,vocal,t12.2022.05.19,106,they had chosen this night purposely,1,EY,0,final,they,52,84,32,13,13,68,72,68,76,0.9999993520547845
t12.2022.05.19,train,vocal,t12.2022.05.19,106,they had chosen this night purposely,2,SIL,0,sil,they,60,96,36,15,16,76,84,76,84,0.9999532080419851
t12.2022.05.19,train,vocal,t12.2022.05.19,106,they had chosen this night purposely,3,HH,1,initial,had,68,104,36,17,18,84,92,84,92,0.9844015303797748
t12.2022.05.19,train,vocal,t12.2022.05.19,106,they had chosen this night purposely,4,AE,1,medial,had,76,108,32,19,19,92,96,92,96,0.9999968345920599
t12.2022.05.19,train,vocal,t12.2022.05.19,106,they had chosen this night purposely,5,D,1,final,had,80,112,32,20,20,96,100,96,100,0.9999998509637706
t12.2022.05.19,train,vocal,t12.2022.05.19,106,they had chosen this night purposely,6,SIL,1,sil,had,84,128,44,21,24,100,116,100,116,0.91507265146347
t12.2022.05.19,train,vocal,t12.2022.05.19,106,they had chosen this night purposely,7,CH,2,initial,chosen,100,132,32,25,25,116,120,116,124,0.9988872834480488
t12.2022.05.19,train,vocal,t12.2022.05.19,106,they had chosen this night purposely,8,OW,2,medial,chosen,108,140,32,27,27,124,128,124,128,0.9997136158228443
t12.2022.05.19,train,vocal,t12.2022.05.19,106,they had chosen this night purposely,9,Z,2,medial,chosen,112,144,32,28,28,128,132,128,136,0.9978558688346862
t12.2022.05.19,train,vocal,t12.2022.05.19,106,they had chosen this night purposely,10,AH,2,medial,chosen,120,152,32,30,30,136,140,136,140,0.9995485758550138
t12.2022.05.19,train,vocal,t12.2022.05.19,106,they had chosen this night purposely,11,N,2,final,chosen,124,160,36,31,32,140,148,140,148,0.9960695966968133
t12.2022.05.19,train,vocal,t12.2022.05.19,106,they had chosen this night purposely,12,SIL,2,sil,chosen,132,176,44,33,36,148,164,148,164,0.9962573303944596
t12.2022.05.19,train,vocal,t12.2022.05.19,106,they had chosen this night purposely,13,DH,3,initial,this,148,184,36,37,38,164,172,164,176,0.7610844392273666
t12.2022.05.19,train,vocal,t12.2022.05.19,106,they had chosen this night purposely,14,IH,3,medial,this,160,192,32,40,40,176,180,176,180,0.9999964208018658
t12.2022.05.19,train,vocal,t12.2022.05.19,106,they had chosen this night purposely,15,S,3,final,this,164,196,32,41,41,180,184,180,184,0.9999995315310287
t12.2022.05.19,train,vocal,t12.2022.05.19,106,they had chosen this night purposely,16,SIL,3,sil,this,168,212,44,42,45,184,200,184,200,0.9236530572397008
t12.2022.05.19,train,vocal,t12.2022.05.19,106,they had chosen this night purposely,17,N,4,initial,night,184,216,32,46,46,200,204,200,208,0.9999937662723493
t12.2022.05.19,train,vocal,t12.2022.05.19,106,they had chosen this night purposely,18,AY,4,medial,night,192,228,36,48,49,208,216,208,216,0.998114613270004
t12.2022.05.19,train,vocal,t12.2022.05.19,106,they had chosen this night purposely,19,T,4,final,night,200,232,32,50,50,216,220,216,220,0.9999635296668842
t12.2022.05.19,train,vocal,t12.2022.05.19,106,they had chosen this night purposely,20,SIL,4,sil,night,204,268,64,51,59,220,256,220,256,0.9661194019662028
t12.2022.05.19,train,vocal,t12.2022.05.19,106,they had chosen this night purposely,21,P,5,initial,purposely,240,272,32,60,60,256,260,256,264,0.9999927880692129
t12.2022.05.19,train,vocal,t12.2022.05.19,106,they had chosen this night purposely,22,ER,5,medial,purposely,248,280,32,62,62,264,268,264,268,0.9997906238218303
t12.2022.05.19,train,vocal,t12.2022.05.19,106,they had chosen this night purposely,23,P,5,medial,purposely,252,284,32,63,63,268,272,268,280,0.993526661123532
t12.2022.05.19,train,vocal,t12.2022.05.19,106,they had chosen this night purposely,24,AH,5,medial,purposely,268,300,32,67,67,284,288,280,288,0.9987068720851127
t12.2022.05.19,train,vocal,t12.2022.05.19,106,they had chosen this night purposely,25,S,5,medial,purposely,272,308,36,68,69,288,296,288,296,0.9905575977879032
t12.2022.05.19,train,vocal,t12.2022.05.19,106,they had chosen this night purposely,26,L,5,medial,purposely,280,316,36,70,71,296,304,296,304,0.995158012798775
t12.2022.05.19,train,vocal,t12.2022.05.19,106,they had chosen this night purposely,27,IY,5,final,purposely,288,320,32,72,72,304,308,304,308,0.9963197314263557
t12.2022.05.19,train,vocal,t12.2022.05.19,106,they had chosen this night purposely,28,SIL,5,sil,purposely,292,328,36,73,74,308,316,308,316,0.995911789266359
t12.2022.05.19,train,vocal,t12.2022.05.19,107,the fog prevented them from arriving on time,0,DH,0,initial,the,20,56,36,5,6,36,44,16,44,0.9907689724702657
t12.2022.05.19,train,vocal,t12.2022.05.19,107,the fog prevented them from arriving on time,1,AH,0,final,the,28,64,36,7,8,44,52,44,52,0.849201009417281
t12.2022.05.19,train,vocal,t12.2022.05.19,107,the fog prevented them from arriving on time,2,SIL,0,sil,the,36,80,44,9,12,52,68,52,68,0.9966257396398024
t12.2022.05.19,train,vocal,t12.2022.05.19,107,the fog prevented them from arriving on time,3,F,1,initial,fog,52,84,32,13,13,68,72,68,80,0.9999280147745275
t12.2022.05.19,train,vocal,t12.2022.05.19,107,the fog prevented them from arriving on time,4,AA,1,medial,fog,68,100,32,17,17,84,88,80,88,0.9959298346158745
t12.2022.05.19,train,vocal,t12.2022.05.19,107,the fog prevented them from arriving on time,5,G,1,final,fog,72,108,36,18,19,88,96,88,100,0.9998616122825514
t12.2022.05.19,train,vocal,t12.2022.05.19,107,the fog prevented them from arriving on time,6,SIL,1,sil,fog,84,136,52,21,26,100,124,100,124,0.928832881563245
t12.2022.05.19,train,vocal,t12.2022.05.19,107,the fog prevented them from arriving on time,7,P,2,initial,prevented,108,140,32,27,27,124,128,124,128,0.9976559785849618
t12.2022.05.19,train,vocal,t12.2022.05.19,107,the fog prevented them from arriving on time,8,R,2,medial,prevented,112,144,32,28,28,128,132,128,132,0.9992026774505455
t12.2022.05.19,train,vocal,t12.2022.05.19,107,the fog prevented them from arriving on time,9,IH,2,medial,prevented,116,148,32,29,29,132,136,132,136,0.9977925465987132
t12.2022.05.19,train,vocal,t12.2022.05.19,107,the fog prevented them from arriving on time,10,V,2,medial,prevented,120,152,32,30,30,136,140,136,144,0.9996499343739909
t12.2022.05.19,train,vocal,t12.2022.05.19,107,the fog prevented them from arriving on time,11,EH,2,medial,prevented,128,164,36,32,33,144,152,144,152,0.998512168186992
t12.2022.05.19,train,vocal,t12.2022.05.19,107,the fog prevented them from arriving on time,12,N,2,medial,prevented,136,168,32,34,34,152,156,152,156,0.9951872458937445
t12.2022.05.19,train,vocal,t12.2022.05.19,107,the fog prevented them from arriving on time,13,T,2,medial,prevented,140,172,32,35,35,156,160,156,160,0.9984772596462052
t12.2022.05.19,train,vocal,t12.2022.05.19,107,the fog prevented them from arriving on time,14,IH,2,medial,prevented,144,180,36,36,37,160,168,160,168,0.9296059921506752
t12.2022.05.19,train,vocal,t12.2022.05.19,107,the fog prevented them from arriving on time,15,D,2,final,prevented,152,188,36,38,39,168,176,168,176,0.8914358584971609
t12.2022.05.19,train,vocal,t12.2022.05.19,107,the fog prevented them from arriving on time,16,SIL,2,sil,prevented,160,192,32,40,40,176,180,176,180,0.9973569680216341
t12.2022.05.19,train,vocal,t12.2022.05.19,107,the fog prevented them from arriving on time,17,DH,3,initial,them,164,200,36,41,42,180,188,180,188,0.9914577907174913
t12.2022.05.19,train,vocal,t12.2022.05.19,107,the fog prevented them from arriving on time,18,EH,3,medial,them,172,208,36,43,44,188,196,188,196,0.9988465931129605
t12.2022.05.19,train,vocal,t12.2022.05.19,107,the fog prevented them from arriving on time,19,M,3,final,them,180,212,32,45,45,196,200,196,200,0.9999981288309486
t12.2022.05.19,train,vocal,t12.2022.05.19,107,the fog prevented them from arriving on time,20,SIL,3,sil,them,184,240,56,46,52,200,228,200,228,0.9960125795757077
t12.2022.05.19,train,vocal,t12.2022.05.19,107,the fog prevented them from arriving on time,21,F,4,initial,from,212,248,36,53,54,228,236,228,236,0.9940200385075377
t12.2022.05.19,train,vocal,t12.2022.05.19,107,the fog prevented them from arriving on time,22,R,4,medial,from,220,252,32,55,55,236,240,236,240,0.9999949070396001
t12.2022.05.19,train,vocal,t12.2022.05.19,107,the fog prevented them from arriving on time,23,AH,4,medial,from,224,256,32,56,56,240,244,240,244,0.9999628350266349
t12.2022.05.19,train,vocal,t12.2022.05.19,107,the fog prevented them from arriving on time,24,M,4,final,from,228,260,32,57,57,244,248,244,248,0.9999662792927841
t12.2022.05.19,train,vocal,t12.2022.05.19,107,the fog prevented them from arriving on time,25,SIL,4,sil,from,232,272,40,58,60,248,260,248,264,0.9841733873078118
t12.2022.05.19,train,vocal,t12.2022.05.19,107,the fog prevented them from arriving on time,26,ER,5,initial,arriving,252,288,36,63,64,268,276,264,276,0.9256181458128689
t12.2022.05.19,train,vocal,t12.2022.05.19,107,the fog prevented them from arriving on time,27,AY,5,medial,arriving,260,300,40,65,67,276,288,276,288,0.9286639695680626
t12.2022.05.19,train,vocal,t12.2022.05.19,107,the fog prevented them from arriving on time,28,V,5,medial,arriving,272,304,32,68,68,288,292,288,292,0.9716832658125013
t12.2022.05.19,train,vocal,t12.2022.05.19,107,the fog prevented them from arriving on time,29,IH,5,medial,arriving,276,312,36,69,70,292,300,292,300,0.9384736185294373
t12.2022.05.19,train,vocal,t12.2022.05.19,107,the fog prevented them from arriving on time,30,NG,5,final,arriving,284,320,36,71,72,300,308,300,308,0.9110661355866279
t12.2022.05.19,train,vocal,t12.2022.05.19,107,the fog prevented them from arriving on time,31,SIL,5,sil,arriving,292,328,36,73,74,308,316,308,320,0.995965531357905
t12.2022.05.19,train,vocal,t12.2022.05.19,107,the fog prevented them from arriving on time,32,AA,6,initial,on,308,340,32,77,77,324,328,320,328,0.9999974656208597
t12.2022.05.19,train,vocal,t12.2022.05.19,107,the fog prevented them from arriving on time,33,N,6,final,on,312,348,36,78,79,328,336,328,336,0.7697737255301584
t12.2022.05.19,train,vocal,t12.2022.05.19,107,the fog prevented them from arriving on time,34,SIL,6,sil,on,320,364,44,80,83,336,352,336,352,0.9979670226470154
t12.2022.05.19,train,vocal,t12.2022.05.19,107,the fog prevented them from arriving on time,35,T,7,initial,time,336,372,36,84,85,352,360,352,360,0.8656818741005133
t12.2022.05.19,train,vocal,t12.2022.05.19,107,the fog prevented them from arriving on time,36,AY,7,medial,time,344,380,36,86,87,360,368,360,368,0.905120997278116
t12.2022.05.19,train,vocal,t12.2022.05.19,107,the fog prevented them from arriving on time,37,M,7,final,time,352,384,32,88,88,368,372,368,372,0.9996965062435997
t12.2022.05.19,train,vocal,t12.2022.05.19,107,the fog prevented them from arriving on time,38,SIL,7,sil,time,356,412,56,89,95,372,400,372,400,0.9978940658203141
t12.2022.05.19,train,vocal,t12.2022.05.19,108,suppose what's-his-name got a sunburn,0,S,0,initial,suppose,36,72,36,9,10,52,60,16,64,0.8044145511050427
t12.2022.05.19,train,vocal,t12.2022.05.19,108,suppose what's-his-name got a sunburn,1,AH,0,medial,suppose,48,80,32,12,12,64,68,64,68,0.9989953020672387
t12.2022.05.19,train,vocal,t12.2022.05.19,108,suppose what's-his-name got a sunburn,2,P,0,medial,suppose,52,92,40,13,15,68,80,68,96,0.7608046846434907
t12.2022.05.19,train,vocal,t12.2022.05.19,108,suppose what's-his-name got a sunburn,3,OW,0,medial,suppose,96,128,32,24,24,112,116,96,120,0.9981506758238124
t12.2022.05.19,train,vocal,t12.2022.05.19,108,suppose what's-his-name got a sunburn,4,Z,0,final,suppose,104,144,40,26,28,120,132,120,132,0.9305539015566334
t12.2022.05.19,train,vocal,t12.2022.05.19,108,suppose what's-his-name got a sunburn,5,SIL,0,sil,suppose,116,152,36,29,30,132,140,132,140,0.9886449344978174
t12.2022.05.19,train,vocal,t12.2022.05.19,108,suppose what's-his-name got a sunburn,6,HH,1,initial,what's-his-name,124,156,32,31,31,140,144,140,144,0.9973475759881755
t12.2022.05.19,train,vocal,t12.2022.05.19,108,suppose what's-his-name got a sunburn,7,AH,1,medial,what's-his-name,128,164,36,32,33,144,152,144,152,0.9784974224126992
t12.2022.05.19,train,vocal,t12.2022.05.19,108,suppose what's-his-name got a sunburn,8,CH,1,medial,what's-his-name,136,168,32,34,34,152,156,152,156,0.9927754941373815
t12.2022.05.19,train,vocal,t12.2022.05.19,108,suppose what's-his-name got a sunburn,9,AH,1,medial,what's-his-name,140,172,32,35,35,156,160,156,160,0.9917015920412571
t12.2022.05.19,train,vocal,t12.2022.05.19,108,suppose what's-his-name got a sunburn,10,S,1,medial,what's-his-name,144,180,36,36,37,160,168,160,168,0.795049388569708
t12.2022.05.19,train,vocal,t12.2022.05.19,108,suppose what's-his-name got a sunburn,11,N,1,medial,what's-his-name,152,184,32,38,38,168,172,168,172,0.9246872400014259
t12.2022.05.19,train,vocal,t12.2022.05.19,108,suppose what's-his-name got a sunburn,12,AY,1,medial,what's-his-name,156,188,32,39,39,172,176,172,176,0.9989733515354408
t12.2022.05.19,train,vocal,t12.2022.05.19,108,suppose what's-his-name got a sunburn,13,M,1,final,what's-his-name,160,196,36,40,41,176,184,176,184,0.989025488941206
t12.2022.05.19,train,vocal,t12.2022.05.19,108,suppose what's-his-name got a sunburn,14,SIL,1,sil,what's-his-name,168,228,60,42,49,184,216,184,216,0.9735011442703199
t12.2022.05.19,train,vocal,t12.2022.05.19,108,suppose what's-his-name got a sunburn,15,G,2,initial,got,200,232,32,50,50,216,220,216,224,0.9999818259268762
t12.2022.05.19,train,vocal,t12.2022.05.19,108,suppose what's-his-name got a sunburn,16,AA,2,medial,got,208,240,32,52,52,224,228,224,228,0.9999711777277632
t12.2022.05.19,train,vocal,t12.2022.05.19,108,suppose what's-his-name got a sunburn,17,T,2,final,got,212,244,32,53,53,228,232,228,232,0.9999988319336551
t12.2022.05.19,train,vocal,t12.2022.05.19,108,suppose what's-his-name got a sunburn,18,SIL,2,sil,got,216,256,40,54,56,232,244,232,248,0.9449860072283872
t12.2022.05.19,train,vocal,t12.2022.05.19,108,suppose what's-his-name got a sunburn,19,AH,3,single,a,236,268,32,59,59,252,256,248,256,0.9999975635891152
t12.2022.05.19,train,vocal,t12.2022.05.19,108,suppose what's-his-name got a sunburn,20,SIL,3,sil,a,240,280,40,60,62,256,268,256,268,0.957517537976571
t12.2022.05.19,train,vocal,t12.2022.05.19,108,suppose what's-his-name got a sunburn,21,S,4,initial,sunburn,252,292,40,63,65,268,280,268,284,0.8405936048846274
t12.2022.05.19,train,vocal,t12.2022.05.19,108,suppose what's-his-name got a sunburn,22,AH,4,medial,sunburn,268,300,32,67,67,284,288,284,288,0.9992885647127024
t12.2022.05.19,train,vocal,t12.2022.05.19,108,suppose what's-his-name got a sunburn,23,N,4,medial,sunburn,272,304,32,68,68,288,292,288,292,0.9994536352423806
t12.2022.05.19,train,vocal,t12.2022.05.19,108,suppose what's-his-name got a sunburn,24,B,4,medial,sunburn,276,312,36,69,70,292,300,292,300,0.9899844650222556
t12.2022.05.19,train,vocal,t12.2022.05.19,108,suppose what's-his-name got a sunburn,25,ER,4,medial,sunburn,284,320,36,71,72,300,308,300,308,0.9983379594327424
t12.2022.05.19,train,vocal,t12.2022.05.19,108,suppose what's-his-name got a sunburn,26,N,4,final,sunburn,292,324,32,73,73,308,312,308,312,0.9998989666076481
t12.2022.05.19,train,vocal,t12.2022.05.19,108,suppose what's-his-name got a sunburn,27,SIL,4,sil,sunburn,296,336,40,74,76,312,324,312,324,0.9990153784267563
t12.2022.05.19,train,vocal,t12.2022.05.19,109,it all seemed rather hopeless,0,IH,0,initial,it,36,68,32,9,9,52,56,16,56,0.9999798755682401
t12.2022.05.19,train,vocal,t12.2022.05.19,109,it all seemed rather hopeless,1,T,0,final,it,40,72,32,10,10,56,60,56,60,0.9999944394368748
t12.2022.05.19,train,vocal,t12.2022.05.19,109,it all seemed rather hopeless,2,SIL,0,sil,it,44,92,48,11,15,60,80,60,84,0.9185524496341346
t12.2022.05.19,train,vocal,t12.2022.05.19,109,it all seemed rather hopeless,3,AO,1,initial,all,72,104,32,18,18,88,92,84,92,0.9989603402502317
t12.2022.05.19,train,vocal,t12.2022.05.19,109,it all seemed rather hopeless,4,L,1,final,all,76,112,36,19,20,92,100,92,100,0.9963812241808947
t12.2022.05.19,train,vocal,t12.2022.05.19,109,it all seemed rather hopeless,5,SIL,1,sil,all,84,128,44,21,24,100,116,100,116,0.867098724786354
t12.2022.05.19,train,vocal,t12.2022.05.19,109,it all seemed rather hopeless,6,S,2,initial,seemed,100,136,36,25,26,116,124,116,128,0.8914889238887262
t12.2022.05.19,train,vocal,t12.2022.05.19,109,it all seemed rather hopeless,7,IY,2,medial,seemed,112,144,32,28,28,128,132,128,132,0.9981049115876625
t12.2022.05.19,train,vocal,t12.2022.05.19,109,it all seemed rather hopeless,8,M,2,medial,seemed,116,148,32,29,29,132,136,132,136,0.9994762994144293
t12.2022.05.19,train,vocal,t12.2022.05.19,109,it all seemed rather hopeless,9,D,2,final,seemed,120,156,36,30,31,136,144,136,144,0.9374804107250194
t12.2022.05.19,train,vocal,t12.2022.05.19,109,it all seemed rather hopeless,10,SIL,2,sil,seemed,128,168,40,32,34,144,156,144,156,0.9897841766080647
t12.2022.05.19,train,vocal,t12.2022.05.19,109,it all seemed rather hopeless,11,R,3,initial,rather,140,172,32,35,35,156,160,156,164,0.9990295488456307
t12.2022.05.19,train,vocal,t12.2022.05.19,109,it all seemed rather hopeless,12,AE,3,medial,rather,148,180,32,37,37,164,168,164,168,0.9983996571582131
t12.2022.05.19,train,vocal,t12.2022.05.19,109,it all seemed rather hopeless,13,DH,3,medial,rather,152,188,36,38,39,168,176,168,176,0.9956871570159526
t12.2022.05.19,train,vocal,t12.2022.05.19,109,it all seemed rather hopeless,14,ER,3,final,rather,160,204,44,40,43,176,192,176,192,0.8872370734644687
t12.2022.05.19,train,vocal,t12.2022.05.19,109,it all seemed rather hopeless,15,SIL,3,sil,rather,176,232,56,44,50,192,220,192,220,0.973141194483542
t12.2022.05.19,train,vocal,t12.2022.05.19,109,it all seemed rather hopeless,16,HH,4,initial,hopeless,204,240,36,51,52,220,228,220,232,0.876674341126423
t12.2022.05.19,train,vocal,t12.2022.05.19,109,it all seemed rather hopeless,17,OW,4,medial,hopeless,220,252,32,55,55,236,240,232,240,0.9967047682399092
t12.2022.05.19,train,vocal,t12.2022.05.19,109,it all seemed rather hopeless,18,P,4,medial,hopeless,224,260,36,56,57,240,248,240,248,0.9974828026854998
t12.2022.05.19,train,vocal,t12.2022.05.19,109,it all seemed rather hopeless,19,L,4,medial,hopeless,232,264,32,58,58,248,252,248,252,0.9995535974647595
t12.2022.05.19,train,vocal,t12.2022.05.19,109,it all seemed rather hopeless,20,AH,4,medial,hopeless,236,272,36,59,60,252,260,252,260,0.9944998561615652
t12.2022.05.19,train,vocal,t12.2022.05.19,109,it all seemed rather hopeless,21,S,4,final,hopeless,244,276,32,61,61,260,264,260,264,0.999695642990833
t12.2022.05.19,train,vocal,t12.2022.05.19,109,it all seemed rather hopeless,22,SIL,4,sil,hopeless,248,292,44,62,65,264,280,264,280,0.9978784265947586
t12.2022.05.19,train,vocal,t12.2022.05.19,110,he advised immediate hospitalization,0,HH,0,initial,he,68,100,32,17,17,84,88,16,92,0.9999685185998254
t12.2022.05.19,train,vocal,t12.2022.05.19,110,he advised immediate hospitalization,1,IY,0,final,he,76,108,32,19,19,92,96,92,96,0.999989466897079
t12.2022.05.19,train,vocal,t12.2022.05.19,110,he advised immediate hospitalization,2,SIL,0,sil,he,80,120,40,20,22,96,108,96,112,0.9144934882091863
t12.2022.05.19,train,vocal,t12.2022.05.19,110,he advised immediate hospitalization,3,AE,1,initial,advised,100,132,32,25,25,116,120,112,120,0.9985310877334007
t12.2022.05.19,train,vocal,t12.2022.05.19,110,he advised immediate hospitalization,4,D,1,medial,advised,104,136,32,26,26,120,124,120,124,0.9997058977790036
t12.2022.05.19,train,vocal,t12.2022.05.19,110,he advised immediate hospitalization,5,V,1,medial,advised,108,140,32,27,27,124,128,124,132,0.9997972877820609
t12.2022.05.19,train,vocal,t12.2022.05.19,110,he advised immediate hospitalization,6,AY,1,medial,advised,120,152,32,30,30,136,140,132,140,0.9996868658817843
t12.2022.05.19,train,vocal,t12.2022.05.19,110,he advised immediate hospitalization,7,Z,1,medial,advised,124,156,32,31,31,140,144,140,144,0.9990403334414755
t12.2022.05.19,train,vocal,t12.2022.05.19,110,he advised immediate hospitalization,8,D,1,final,advised,128,164,36,32,33,144,152,144,152,0.8094805337460638
t12.2022.05.19,train,vocal,t12.2022.05.19,110,he advised immediate hospitalization,9,SIL,1,sil,advised,136,188,52,34,39,152,176,152,184,0.9262108384725187
t12.2022.05.19,train,vocal,t12.2022.05.19,110,he advised immediate hospitalization,10,IH,2,initial,immediate,172,204,32,43,43,188,192,184,192,0.9983649122852261
t12.2022.05.19,train,vocal,t12.2022.05.19,110,he advised immediate hospitalization,11,M,2,medial,immediate,176,216,40,44,46,192,204,192,208,0.9406320976224715
t12.2022.05.19,train,vocal,t12.2022.05.19,110,he advised immediate hospitalization,12,IY,2,medial,immediate,192,224,32,48,48,208,212,208,212,0.9985077732227833
t12.2022.05.19,train,vocal,t12.2022.05.19,110,he advised immediate hospitalization,13,D,2,medial,immediate,196,228,32,49,49,212,216,212,216,0.9991305125277012
t12.2022.05.19,train,vocal,t12.2022.05.19,110,he advised immediate hospitalization,14,IY,2,medial,immediate,200,232,32,50,50,216,220,216,220,0.9985095312012388
t12.2022.05.19,train,vocal,t12.2022.05.19,110,he advised immediate hospitalization,15,AH,2,medial,immediate,204,240,36,51,52,220,228,220,228,0.8638355762403325
t12.2022.05.19,train,vocal,t12.2022.05.19,110,he advised immediate hospitalization,16,T,2,final,immediate,212,248,36,53,54,228,236,228,236,0.9521352832765815
t12.2022.05.19,train,vocal,t12.2022.05.19,110,he advised immediate hospitalization,17,SIL,2,sil,immediate,220,260,40,55,57,236,248,236,248,0.9998197842193782
t12.2022.05.19,train,vocal,t12.2022.05.19,110,he advised immediate hospitalization,18,HH,3,initial,hospitalization,232,268,36,58,59,248,256,248,260,0.9954439995120894
t12.2022.05.19,train,vocal,t12.2022.05.19,110,he advised immediate hospitalization,19,AA,3,medial,hospitalization,244,276,32,61,61,260,264,260,264,0.9987124425449158
t12.2022.05.19,train,vocal,t12.2022.05.19,110,he advised immediate hospitalization,20,S,3,medial,hospitalization,248,284,36,62,63,264,272,264,272,0.9272072061432993
t12.2022.05.19,train,vocal,t12.2022.05.19,110,he advised immediate hospitalization,21,P,3,medial,hospitalization,256,288,32,64,64,272,276,272,280,0.9971709814432823
t12.2022.05.19,train,vocal,t12.2022.05.19,110,he advised immediate hospitalization,22,IH,3,medial,hospitalization,268,300,32,67,67,284,288,280,288,0.9990357681244035
t12.2022.05.19,train,vocal,t12.2022.05.19,110,he advised immediate hospitalization,23,T,3,medial,hospitalization,272,308,36,68,69,288,296,288,296,0.7470645595393115
t12.2022.05.19,train,vocal,t12.2022.05.19,110,he advised immediate hospitalization,24,AH,3,medial,hospitalization,280,316,36,70,71,296,304,296,304,0.8112347597455085
t12.2022.05.19,train,vocal,t12.2022.05.19,110,he advised immediate hospitalization,25,L,3,medial,hospitalization,288,324,36,72,73,304,312,304,312,0.8370902354460223
t12.2022.05.19,train,vocal,t12.2022.05.19,110,he advised immediate hospitalization,26,AH,3,medial,hospitalization,296,332,36,74,75,312,320,312,320,0.9729486423634321
t12.2022.05.19,train,vocal,t12.2022.05.19,110,he advised immediate hospitalization,27,Z,3,medial,hospitalization,304,344,40,76,78,320,332,320,332,0.9035729865384948
t12.2022.05.19,train,vocal,t12.2022.05.19,110,he advised immediate hospitalization,28,EY,3,medial,hospitalization,316,352,36,79,80,332,340,332,340,0.9989945340876567
t12.2022.05.19,train,vocal,t12.2022.05.19,110,he advised immediate hospitalization,29,SH,3,medial,hospitalization,324,360,36,81,82,340,348,340,348,0.912301675896946
t12.2022.05.19,train,vocal,t12.2022.05.19,110,he advised immediate hospitalization,30,AH,3,medial,hospitalization,332,368,36,83,84,348,356,348,356,0.9998852429919254
t12.2022.05.19,train,vocal,t12.2022.05.19,110,he advised immediate hospitalization,31,N,3,final,hospitalization,340,372,32,85,85,356,360,356,360,0.9999938839236356
t12.2022.05.19,train,vocal,t12.2022.05.19,110,he advised immediate hospitalization,32,SIL,3,sil,hospitalization,344,388,44,86,89,360,376,360,376,0.9334941504237229
t12.2022.05.19,train,vocal,t12.2022.05.19,111,oh no not again he said aloud,0,OW,0,single,oh,24,56,32,6,6,40,44,16,48,0.9971295055693528
t12.2022.05.19,train,vocal,t12.2022.05.19,111,oh no not again he said aloud,1,SIL,0,sil,oh,32,72,40,8,10,48,60,48,60,0.919818037455966
t12.2022.05.19,train,vocal,t12.2022.05.19,111,oh no not again he said aloud,2,N,1,initial,no,44,76,32,11,11,60,64,60,68,0.9999497192955474
t12.2022.05.19,train,vocal,t12.2022.05.19,111,oh no not again he said aloud,3,OW,1,final,no,52,84,32,13,13,68,72,68,76,0.999975618753366
t12.2022.05.19,train,vocal,t12.2022.05.19,111,oh no not again he said aloud,4,SIL,1,sil,no,60,108,48,15,19,76,96,76,96,0.9999721281067379
t12.2022.05.19,train,vocal,t12.2022.05.19,111,oh no not again he said aloud,5,N,2,initial,not,80,112,32,20,20,96,100,96,104,0.9999697571919776
t12.2022.05.19,train,vocal,t12.2022.05.19,111,oh no not again he said aloud,6,AA,2,medial,not,88,120,32,22,22,104,108,104,108,0.999995717906667
t12.2022.05.19,train,vocal,t12.2022.05.19,111,oh no not again he said aloud,7,T,2,final,not,92,124,32,23,23,108,112,108,112,0.9999965363951844
t12.2022.05.19,train,vocal,t12.2022.05.19,111,oh no not again he said aloud,8,SIL,2,sil,not,96,132,36,24,25,112,120,112,120,0.8268093869928841
t12.2022.05.19,train,vocal,t12.2022.05.19,111,oh no not again he said aloud,9,AH,3,initial,again,104,136,32,26,26,120,124,120,124,0.9985823357107017
t12.2022.05.19,train,vocal,t12.2022.05.19,111,oh no not again he said aloud,10,G,3,medial,again,108,144,36,27,28,124,132,124,136,0.7617665364062305
t12.2022.05.19,train,vocal,t12.2022.05.19,111,oh no not again he said aloud,11,EH,3,medial,again,120,152,32,30,30,136,140,136,140,0.9998753796333447
t12.2022.05.19,train,vocal,t12.2022.05.19,111,oh no not again he said aloud,12,N,3,final,again,124,160,36,31,32,140,148,140,148,0.9989543209425282
t12.2022.05.19,train,vocal,t12.2022.05.19,111,oh no not again he said aloud,13,SIL,3,sil,again,132,188,56,33,39,148,176,148,176,0.9961428473035558
t12.2022.05.19,train,vocal,t12.2022.05.19,111,oh no not again he said aloud,14,HH,4,initial,he,160,196,36,40,41,176,184,176,188,0.8649648543826762
t12.2022.05.19,train,vocal,t12.2022.05.19,111,oh no not again he said aloud,15,IY,4,final,he,172,204,32,43,43,188,192,188,192,0.9999886324855746
t12.2022.05.19,train,vocal,t12.2022.05.19,111,oh no not again he said aloud,16,SIL,4,sil,he,176,216,40,44,46,192,204,192,204,0.8107167013970541
t12.2022.05.19,train,vocal,t12.2022.05.19,111,oh no not again he said aloud,17,S,5,initial,said,188,220,32,47,47,204,208,204,212,0.9999185083913441
t12.2022.05.19,train,vocal,t12.2022.05.19,111,oh no not again he said aloud,18,EH,5,medial,said,196,228,32,49,49,212,216,212,216,0.9999671686953728
t12.2022.05.19,train,vocal,t12.2022.05.19,111,oh no not again he said aloud,19,D,5,final,said,200,236,36,50,51,216,224,216,224,0.9873701994702611
t12.2022.05.19,train,vocal,t12.2022.05.19,111,oh no not again he said aloud,20,SIL,5,sil,said,208,248,40,52,54,224,236,224,240,0.9700298516491218
t12.2022.05.19,train,vocal,t12.2022.05.19,111,oh no not again he said aloud,21,AH,6,initial,aloud,228,260,32,57,57,244,248,240,248,0.9997923540190027
t12.2022.05.19,train,vocal,t12.2022.05.19,111,oh no not again he said aloud,22,L,6,medial,aloud,232,268,36,58,59,248,256,248,260,0.9976600028746009
t12.2022.05.19,train,vocal,t12.2022.05.19,111,oh no not again he said aloud,23,AW,6,medial,aloud,244,280,36,61,62,260,268,260,268,0.7457374142487665
t12.2022.05.19,train,vocal,t12.2022.05.19,111,oh no not again he said aloud,24,D,6,final,aloud,252,288,36,63,64,268,276,268,276,0.9014887994475375
t12.2022.05.19,train,vocal,t12.2022.05.19,111,oh no not again he said aloud,25,SIL,6,sil,aloud,260,304,44,65,68,276,292,276,292,0.9999978559095604
t12.2022.05.19,train,vocal,t12.2022.05.19,112,but that explanation is only partly true,0,B,0,initial,but,80,116,36,20,21,96,104,16,104,0.8689782422132033
t12.2022.05.19,train,vocal,t12.2022.05.19,112,but that explanation is only partly true,1,AH,0,medial,but,88,120,32,22,22,104,108,104,108,0.9999775926552257
t12.2022.05.19,train,vocal,t12.2022.05.19,112,but that explanation is only partly true,2,T,0,final,but,92,124,32,23,23,108,112,108,112,0.9999934636255665
t12.2022.05.19,train,vocal,t12.2022.05.19,112,but that explanation is only partly true,3,SIL,0,sil,but,96,136,40,24,26,112,124,112,124,0.9920112007277636
t12.2022.05.19,train,vocal,t12.2022.05.19,112,but that explanation is only partly true,4,DH,1,initial,that,108,140,32,27,27,124,128,124,132,0.999992840547407
t12.2022.05.19,train,vocal,t12.2022.05.19,112,but that explanation is only partly true,5,AE,1,medial,that,116,148,32,29,29,132,136,132,136,0.9999999201257109
t12.2022.05.19,train,vocal,t12.2022.05.19,112,but that explanation is only partly true,6,T,1,final,that,120,152,32,30,30,136,140,136,140,0.9999950231597508
t12.2022.05.19,train,vocal,t12.2022.05.19,112,but that explanation is only partly true,7,SIL,1,sil,that,124,164,40,31,33,140,152,140,156,0.9997956318885439
t12.2022.05.19,train,vocal,t12.2022.05.19,112,but that explanation is only partly true,8,EH,2,initial,explanation,144,176,32,36,36,160,164,156,164,0.9979821173890842
t12.2022.05.19,train,vocal,t12.2022.05.19,112,but that explanation is only partly true,9,K,2,medial,explanation,148,180,32,37,37,164,168,164,168,0.9989458603250312
t12.2022.05.19,train,vocal,t12.2022.05.19,112,but that explanation is only partly true,10,S,2,medial,explanation,152,184,32,38,38,168,172,168,172,0.999303841893703
t12.2022.05.19,train,vocal,t12.2022.05.19,112,but that explanation is only partly true,11,P,2,medial,explanation,156,192,36,39,40,172,180,172,180,0.9367720416857852
t12.2022.05.19,train,vocal,t12.2022.05.19,112,but that explanation is only partly true,12,L,2,medial,explanation,164,196,32,41,41,180,184,180,184,0.9982787717946431
t12.2022.05.19,train,vocal,t12.2022.05.19,112,but that explanation is only partly true,13,AH,2,medial,explanation,168,200,32,42,42,184,188,184,188,0.9829044328829862
t12.2022.05.19,train,vocal,t12.2022.05.19,112,but that explanation is only partly true,14,N,2,medial,explanation,172,208,36,43,44,188,196,188,196,0.9916337862087228
t12.2022.05.19,train,vocal,t12.2022.05.19,112,but that explanation is only partly true,15,EY,2,medial,explanation,180,220,40,45,47,196,208,196,208,0.9372680063785476
t12.2022.05.19,train,vocal,t12.2022.05.19,112,but that explanation is only partly true,16,SH,2,medial,explanation,192,228,36,48,49,208,216,208,216,0.9343239770321101
t12.2022.05.19,train,vocal,t12.2022.05.19,112,but that explanation is only partly true,17,AH,2,medial,explanation,200,232,32,50,50,216,220,216,220,0.9998946853390719
t12.2022.05.19,train,vocal,t12.2022.05.19,112,but that explanation is only partly true,18,N,2,final,explanation,204,240,36,51,52,220,228,220,228,0.9930458824033739
t12.2022.05.19,train,vocal,t12.2022.05.19,112,but that explanation is only partly true,19,SIL,2,sil,explanation,212,244,32,53,53,228,232,228,236,0.9999976001031213
t12.2022.05.19,train,vocal,t12.2022.05.19,112,but that explanation is only partly true,20,IH,3,initial,is,224,256,32,56,56,240,244,236,244,0.9999688701485104
t12.2022.05.19,train,vocal,t12.2022.05.19,112,but that explanation is only partly true,21,Z,3,final,is,228,260,32,57,57,244,248,244,248,0.9999984391199951
t12.2022.05.19,train,vocal,t12.2022.05.19,112,but that explanation is only partly true,22,SIL,3,sil,is,232,272,40,58,60,248,260,248,264,0.9710702358934817
t12.2022.05.19,train,vocal,t12.2022.05.19,112,but that explanation is only partly true,23,OW,4,initial,only,252,284,32,63,63,268,272,264,272,0.9999971126468907
t12.2022.05.19,train,vocal,t12.2022.05.19,112,but that explanation is only partly true,24,N,4,medial,only,256,292,36,64,65,272,280,272,280,0.8660412813760942
t12.2022.05.19,train,vocal,t12.2022.05.19,112,but that explanation is only partly true,25,L,4,medial,only,264,296,32,66,66,280,284,280,284,0.9994033970191046
t12.2022.05.19,train,vocal,t12.2022.05.19,112,but that explanation is only partly true,26,IY,4,final,only,268,304,36,67,68,284,292,284,292,0.9697860569308288
t12.2022.05.19,train,vocal,t12.2022.05.19,112,but that explanation is only partly true,27,SIL,4,sil,only,276,316,40,69,71,292,304,292,304,0.8291165898923754
t12.2022.05.19,train,vocal,t12.2022.05.19,112,but that explanation is only partly true,28,P,5,initial,partly,288,320,32,72,72,304,308,304,312,0.9999511116350658
t12.2022.05.19,train,vocal,t12.2022.05.19,112,but that explanation is only partly true,29,AA,5,medial,partly,296,328,32,74,74,312,316,312,316,0.9851363964516697
t12.2022.05.19,train,vocal,t12.2022.05.19,112,but that explanation is only partly true,30,R,5,medial,partly,300,336,36,75,76,316,324,316,324,0.8477822713597738
t12.2022.05.19,train,vocal,t12.2022.05.19,112,but that explanation is only partly true,31,T,5,medial,partly,308,340,32,77,77,324,328,324,328,0.9993795445170255
t12.2022.05.19,train,vocal,t12.2022.05.19,112,but that explanation is only partly true,32,L,5,medial,partly,312,352,40,78,80,328,340,328,340,0.9484897125984985
t12.2022.05.19,train,vocal,t12.2022.05.19,112,but that explanation is only partly true,33,IY,5,final,partly,324,360,36,81,82,340,348,340,348,0.9976803299432064
t12.2022.05.19,train,vocal,t12.2022.05.19,112,but that explanation is only partly true,34,SIL,5,sil,partly,332,376,44,83,86,348,364,348,364,0.9920173988347841
t12.2022.05.19,train,vocal,t12.2022.05.19,112,but that explanation is only partly true,35,T,6,initial,true,348,380,32,87,87,364,368,364,368,0.9998978502476785
t12.2022.05.19,train,vocal,t12.2022.05.19,112,but that explanation is only partly true,36,R,6,medial,true,352,384,32,88,88,368,372,368,372,0.9999265593952179
t12.2022.05.19,train,vocal,t12.2022.05.19,112,but that explanation is only partly true,37,UW,6,final,true,356,388,32,89,89,372,376,372,376,0.9997822721037034
t12.2022.05.19,train,vocal,t12.2022.05.19,112,but that explanation is only partly true,38,SIL,6,sil,true,360,408,48,90,94,376,396,376,396,0.9286396126536092
t12.2022.05.19,train,vocal,t12.2022.05.19,113,this is especially true for knitted fabrics,0,DH,0,initial,this,16,48,32,4,4,32,36,16,40,0.9999157453740983
t12.2022.05.19,train,vocal,t12.2022.05.19,113,this is especially true for knitted fabrics,1,IH,0,medial,this,24,56,32,6,6,40,44,40,44,0.9999980680317818
t12.2022.05.19,train,vocal,t12.2022.05.19,113,this is especially true for knitted fabrics,2,S,0,final,this,28,60,32,7,7,44,48,44,48,0.9999833460864387
t12.2022.05.19,train,vocal,t12.2022.05.19,113,this is especially true for knitted fabrics,3,SIL,0,sil,this,32,76,44,8,11,48,64,48,72,0.9631588253493278
t12.2022.05.19,train,vocal,t12.2022.05.19,113,this is especially true for knitted fabrics,4,IH,1,initial,is,60,92,32,15,15,76,80,72,80,0.9999971749825483
t12.2022.05.19,train,vocal,t12.2022.05.19,113,this is especially true for knitted fabrics,5,Z,1,final,is,64,96,32,16,16,80,84,80,84,0.9999989603609395
t12.2022.05.19,train,vocal,t12.2022.05.19,113,this is especially true for knitted fabrics,6,SIL,1,sil,is,68,112,44,17,20,84,100,84,104,0.9259819395826663
t12.2022.05.19,train,vocal,t12.2022.05.19,113,this is especially true for knitted fabrics,7,AH,2,initial,especially,92,124,32,23,23,108,112,104,112,0.9851343727316672
t12.2022.05.19,train,vocal,t12.2022.05.19,113,this is especially true for knitted fabrics,8,S,2,medial,especially,96,132,36,24,25,112,120,112,120,0.9824715140433397
t12.2022.05.19,train,vocal,t12.2022.05.19,113,this is especially true for knitted fabrics,9,P,2,medial,especially,104,140,36,26,27,120,128,120,132,0.9737766757126802
t12.2022.05.19,train,vocal,t12.2022.05.19,113,this is especially true for knitted fabrics,10,EH,2,medial,especially,116,152,36,29,30,132,140,132,140,0.7624180138664665
t12.2022.05.19,train,vocal,t12.2022.05.19,113,this is especially true for knitted fabrics,11,SH,2,medial,especially,124,156,32,31,31,140,144,140,148,0.999943177331473
t12.2022.05.19,train,vocal,t12.2022.05.19,113,this is especially true for knitted fabrics,12,L,2,medial,especially,132,176,44,33,36,148,164,148,164,0.9222336778367479
t12.2022.05.19,train,vocal,t12.2022.05.19,113,this is especially true for knitted fabrics,13,IY,2,final,especially,148,180,32,37,37,164,168,164,168,0.9999132087088624
t12.2022.05.19,train,vocal,t12.2022.05.19,113,this is especially true for knitted fabrics,14,SIL,2,sil,especially,152,188,36,38,39,168,176,168,176,0.782031193811687
t12.2022.05.19,train,vocal,t12.2022.05.19,113,this is especially true for knitted fabrics,15,T,3,initial,true,160,196,36,40,41,176,184,176,184,0.8452378634405613
t12.2022.05.19,train,vocal,t12.2022.05.19,113,this is especially true for knitted fabrics,16,R,3,medial,true,168,200,32,42,42,184,188,184,188,0.9993617586839459
t12.2022.05.19,train,vocal,t12.2022.05.19,113,this is especially true for knitted fabrics,17,UW,3,final,true,172,204,32,43,43,188,192,188,196,0.9998701947035514
t12.2022.05.19,train,vocal,t12.2022.05.19,113,this is especially true for knitted fabrics,18,SIL,3,sil,true,180,224,44,45,48,196,212,196,212,0.9996694446414469
t12.2022.05.19,train,vocal,t12.2022.05.19,113,this is especially true for knitted fabrics,19,F,4,initial,for,196,232,36,49,50,212,220,212,220,0.9444390065576459
t12.2022.05.19,train,vocal,t12.2022.05.19,113,this is especially true for knitted fabrics,20,AO,4,medial,for,204,236,32,51,51,220,224,220,224,0.9999999481522257
t12.2022.05.19,train,vocal,t12.2022.05.19,113,this is especially true for knitted fabrics,21,R,4,final,for,208,240,32,52,52,224,228,224,228,0.9999805158569566
t12.2022.05.19,train,vocal,t12.2022.05.19,113,this is especially true for knitted fabrics,22,SIL,4,sil,for,212,252,40,53,55,228,240,228,240,0.9161559382695582
t12.2022.05.19,train,vocal,t12.2022.05.19,113,this is especially true for knitted fabrics,23,N,5,initial,knitted,224,256,32,56,56,240,244,240,244,0.9994344592983775
t12.2022.05.19,train,vocal,t12.2022.05.19,113,this is especially true for knitted fabrics,24,IH,5,medial,knitted,228,260,32,57,57,244,248,244,248,0.998748991723856
t12.2022.05.19,train,vocal,t12.2022.05.19,113,this is especially true for knitted fabrics,25,T,5,medial,knitted,232,264,32,58,58,248,252,248,256,0.9980410919390988
t12.2022.05.19,train,vocal,t12.2022.05.19,113,this is especially true for knitted fabrics,26,AH,5,medial,knitted,244,276,32,61,61,260,264,256,264,0.992751149339957
t12.2022.05.19,train,vocal,t12.2022.05.19,113,this is especially true for knitted fabrics,27,D,5,final,knitted,248,284,36,62,63,264,272,264,272,0.7709186123792211
t12.2022.05.19,train,vocal,t12.2022.05.19,113,this is especially true for knitted fabrics,28,SIL,5,sil,knitted,256,308,52,64,69,272,296,272,296,0.9330657648405069
t12.2022.05.19,train,vocal,t12.2022.05.19,113,this is especially true for knitted fabrics,29,F,6,initial,fabrics,280,316,36,70,71,296,304,296,312,0.9104946677632673
t12.2022.05.19,train,vocal,t12.2022.05.19,113,this is especially true for knitted fabrics,30,AE,6,medial,fabrics,300,332,32,75,75,316,320,312,320,0.9987538887886609
t12.2022.05.19,train,vocal,t12.2022.05.19,113,this is especially true for knitted fabrics,31,B,6,medial,fabrics,304,340,36,76,77,320,328,320,328,0.9700598311716773
t12.2022.05.19,train,vocal,t12.2022.05.19,113,this is especially true for knitted fabrics,32,R,6,medial,fabrics,312,352,40,78,80,328,340,328,340,0.8677263470016464
t12.2022.05.19,train,vocal,t12.2022.05.19,113,this is especially true for knitted fabrics,33,IH,6,medial,fabrics,324,356,32,81,81,340,344,340,344,0.9993920278618993
t12.2022.05.19,train,vocal,t12.2022.05.19,113,this is especially true for knitted fabrics,34,K,6,medial,fabrics,328,360,32,82,82,344,348,344,348,0.9999217013116961
t12.2022.05.19,train,vocal,t12.2022.05.19,113,this is especially true for knitted fabrics,35,S,6,final,fabrics,332,368,36,83,84,348,356,348,356,0.9966338677398584
t12.2022.05.19,train,vocal,t12.2022.05.19,113,this is especially true for knitted fabrics,36,SIL,6,sil,fabrics,340,376,36,85,86,356,364,356,364,0.9818773282498919
t12.2022.05.19,train,vocal,t12.2022.05.19,114,he travelled all over the world,0,HH,0,initial,he,56,92,36,14,15,72,80,16,80,0.9728444524677199
t12.2022.05.19,train,vocal,t12.2022.05.19,114,he travelled all over the world,1,IY,0,final,he,64,96,32,16,16,80,84,80,84,0.9999977060714519
t12.2022.05.19,train,vocal,t12.2022.05.19,114,he travelled all over the world,2,SIL,0,sil,he,68,112,44,17,20,84,100,84,100,0.8651830806421359
t12.2022.05.19,train,vocal,t12.2022.05.19,114,he travelled all over the world,3,T,1,initial,travelled,84,116,32,21,21,100,104,100,104,0.9988742125989493
t12.2022.05.19,train,vocal,t12.2022.05.19,114,he travelled all over the world,4,R,1,medial,travelled,88,124,36,22,23,104,112,104,112,0.9866920455600365
t12.2022.05.19,train,vocal,t12.2022.05.19,114,he travelled all over the world,5,AE,1,medial,travelled,96,128,32,24,24,112,116,112,116,0.9996537449988816
t12.2022.05.19,train,vocal,t12.2022.05.19,114,he travelled all over the world,6,V,1,medial,travelled,100,132,32,25,25,116,120,116,120,0.9987178339819062
t12.2022.05.19,train,vocal,t12.2022.05.19,114,he travelled all over the world,7,AH,1,medial,travelled,104,140,36,26,27,120,128,120,128,0.9883530629307361
t12.2022.05.19,train,vocal,t12.2022.05.19,114,he travelled all over the world,8,L,1,medial,travelled,112,148,36,28,29,128,136,128,136,0.9280063299319598
t12.2022.05.19,train,vocal,t12.2022.05.19,114,he travelled all over the world,9,D,1,final,travelled,120,156,36,30,31,136,144,136,144,0.9979280128996335
t12.2022.05.19,train,vocal,t12.2022.05.19,114,he travelled all over the world,10,SIL,1,sil,travelled,128,164,36,32,33,144,152,144,156,0.9979823497880123
t12.2022.05.19,train,vocal,t12.2022.05.19,114,he travelled all over the world,11,AO,2,initial,all,140,172,32,35,35,156,160,156,160,0.9999813468687982
t12.2022.05.19,train,vocal,t12.2022.05.19,114,he travelled all over the world,12,L,2,final,all,144,180,36,36,37,160,168,160,168,0.7958963839322324
t12.2022.05.19,train,vocal,t12.2022.05.19,114,he travelled all over the world,13,SIL,2,sil,all,152,188,36,38,39,168,176,168,180,0.999748432002441
t12.2022.05.19,train,vocal,t12.2022.05.19,114,he travelled all over the world,14,OW,3,initial,over,168,200,32,42,42,184,188,180,188,0.9999082722324989
t12.2022.05.19,train,vocal,t12.2022.05.19,114,he travelled all over the world,15,V,3,medial,over,172,204,32,43,43,188,192,188,192,0.9999607867164073
t12.2022.05.19,train,vocal,t12.2022.05.19,114,he travelled all over the world,16,ER,3,final,over,176,216,40,44,46,192,204,192,204,0.9594955855660885
t12.2022.05.19,train,vocal,t12.2022.05.19,114,he travelled all over the world,17,SIL,3,sil,over,188,256,68,47,56,204,244,204,244,0.972625403438283
t12.2022.05.19,train,vocal,t12.2022.05.19,114,he travelled all over the world,18,DH,4,initial,the,228,264,36,57,58,244,252,244,256,0.8014708498965766
t12.2022.05.19,train,vocal,t12.2022.05.19,114,he travelled all over the world,19,AH,4,final,the,240,272,32,60,60,256,260,256,264,0.9999996978860455
t12.2022.05.19,train,vocal,t12.2022.05.19,114,he travelled all over the world,20,SIL,4,sil,the,248,292,44,62,65,264,280,264,280,0.9993231883713106
t12.2022.05.19,train,vocal,t12.2022.05.19,114,he travelled all over the world,21,W,5,initial,world,264,296,32,66,66,280,284,280,288,0.9996315800395735
t12.2022.05.19,train,vocal,t12.2022.05.19,114,he travelled all over the world,22,ER,5,medial,world,276,308,32,69,69,292,296,288,296,0.9998243136100584
t12.2022.05.19,train,vocal,t12.2022.05.19,114,he travelled all over the world,23,L,5,medial,world,280,316,36,70,71,296,304,296,304,0.8794039365151401
t12.2022.05.19,train,vocal,t12.2022.05.19,114,he travelled all over the world,24,D,5,final,world,288,320,32,72,72,304,308,304,308,0.9999593478108665
t12.2022.05.19,train,vocal,t12.2022.05.19,114,he travelled all over the world,25,SIL,5,sil,world,292,332,40,73,75,308,320,308,320,0.8923773380354841
t12.2022.05.19,train,vocal,t12.2022.05.19,115,the tale he thought would become less gay,0,DH,0,initial,the,44,76,32,11,11,60,64,16,64,0.9999851891872478
t12.2022.05.19,train,vocal,t12.2022.05.19,115,the tale he thought would become less gay,1,AH,0,final,the,48,84,36,12,13,64,72,64,72,0.7745680552608831
t12.2022.05.19,train,vocal,t12.2022.05.19,115,the tale he thought would become less gay,2,SIL,0,sil,the,56,96,40,14,16,72,84,72,84,0.8867179942767128
t12.2022.05.19,train,vocal,t12.2022.05.19,115,the tale he thought would become less gay,3,T,1,initial,tale,68,104,36,17,18,84,92,84,96,0.890662095964152
t12.2022.05.19,train,vocal,t12.2022.05.19,115,the tale he thought would become less gay,4,EY,1,medial,tale,80,112,32,20,20,96,100,96,100,0.9998581901424902
t12.2022.05.19,train,vocal,t12.2022.05.19,115,the tale he thought would become less gay,5,L,1,final,tale,84,124,40,21,23,100,112,100,112,0.9357199949215781
t12.2022.05.19,train,vocal,t12.2022.05.19,115,the tale he thought would become less gay,6,SIL,1,sil,tale,96,160,64,24,32,112,148,112,148,0.9526098583424994
t12.2022.05.19,train,vocal,t12.2022.05.19,115,the tale he thought would become less gay,7,HH,2,initial,he,132,164,32,33,33,148,152,148,156,0.9998613796571497
t12.2022.05.19,train,vocal,t12.2022.05.19,115,the tale he thought would become less gay,8,IY,2,final,he,140,172,32,35,35,156,160,156,160,0.99999889760231
t12.2022.05.19,train,vocal,t12.2022.05.19,115,the tale he thought would become less gay,9,SIL,2,sil,he,144,188,44,36,39,160,176,160,176,0.9467603035961365
t12.2022.05.19,train,vocal,t12.2022.05.19,115,the tale he thought would become less gay,10,TH,3,initial,thought,160,196,36,40,41,176,184,176,184,0.9767339198345438
t12.2022.05.19,train,vocal,t12.2022.05.19,115,the tale he thought would become less gay,11,AO,3,medial,thought,168,200,32,42,42,184,188,184,188,0.9999800677942045
t12.2022.05.19,train,vocal,t12.2022.05.19,115,the tale he thought would become less gay,12,T,3,final,thought,172,208,36,43,44,188,196,188,196,0.9929159646655232
t12.2022.05.19,train,vocal,t12.2022.05.19,115,the tale he thought would become less gay,13,SIL,3,sil,thought,180,240,60,45,52,196,228,196,228,0.9843810325285728
t12.2022.05.19,train,vocal,t12.2022.05.19,115,the tale he thought would become less gay,14,W,4,initial,would,212,244,32,53,53,228,232,228,236,0.9999966343747119
t12.2022.05.19,train,vocal,t12.2022.05.19,115,the tale he thought would become less gay,15,UH,4,medial,would,220,252,32,55,55,236,240,236,240,0.9999956375765442
t12.2022.05.19,train,vocal,t12.2022.05.19,115,the tale he thought would become less gay,16,D,4,final,would,224,256,32,56,56,240,244,240,244,0.9998804541465909
t12.2022.05.19,train,vocal,t12.2022.05.19,115,the tale he thought would become less gay,17,SIL,4,sil,would,228,268,40,57,59,244,256,244,256,0.9201677078406911
t12.2022.05.19,train,vocal,t12.2022.05.19,115,the tale he thought would become less gay,18,B,5,initial,become,240,276,36,60,61,256,264,256,268,0.9991028534797173
t12.2022.05.19,train,vocal,t12.2022.05.19,115,the tale he thought would become less gay,19,IH,5,medial,become,252,284,32,63,63,268,272,268,272,0.9999369442810331
t12.2022.05.19,train,vocal,t12.2022.05.19,115,the tale he thought would become less gay,20,K,5,medial,become,256,292,36,64,65,272,280,272,280,0.7649518462477107
t12.2022.05.19,train,vocal,t12.2022.05.19,115,the tale he thought would become less gay,21,AH,5,medial,become,264,296,32,66,66,280,284,280,284,0.999904073054807
t12.2022.05.19,train,vocal,t12.2022.05.19,115,the tale he thought would become less gay,22,M,5,final,become,268,304,36,67,68,284,292,284,292,0.7971437332489281
t12.2022.05.19,train,vocal,t12.2022.05.19,115,the tale he thought would become less gay,23,SIL,5,sil,become,276,316,40,69,71,292,304,292,304,0.9713068507244706
t12.2022.05.19,train,vocal,t12.2022.05.19,115,the tale he thought would become less gay,24,L,6,initial,less,288,324,36,72,73,304,312,304,312,0.9972924641303946
t12.2022.05.19,train,vocal,t12.2022.05.19,115,the tale he thought would become less gay,25,EH,6,medial,less,296,332,36,74,75,312,320,312,320,0.9912748556604261
t12.2022.05.19,train,vocal,t12.2022.05.19,115,the tale he thought would become less gay,26,S,6,final,less,304,336,32,76,76,320,324,320,324,0.9998219477658343
t12.2022.05.19,train,vocal,t12.2022.05.19,115,the tale he thought would become less gay,27,SIL,6,sil,less,308,352,44,77,80,324,340,324,340,0.8668999617263469
t12.2022.05.19,train,vocal,t12.2022.05.19,115,the tale he thought would become less gay,28,G,7,initial,gay,324,356,32,81,81,340,344,340,344,0.9918273983953677
t12.2022.05.19,train,vocal,t12.2022.05.19,115,the tale he thought would become less gay,29,EY,7,final,gay,328,360,32,82,82,344,348,344,348,0.991679076276825
t12.2022.05.19,train,vocal,t12.2022.05.19,115,the tale he thought would become less gay,30,SIL,7,sil,gay,332,388,56,83,89,348,376,348,376,0.9301119869292405
t12.2022.05.19,train,vocal,t12.2022.05.19,116,let's not wait for it to get to that point,0,L,0,initial,let's,40,72,32,10,10,56,60,16,60,0.9992249792955711
t12.2022.05.19,train,vocal,t12.2022.05.19,116,let's not wait for it to get to that point,1,EH,0,medial,let's,44,76,32,11,11,60,64,60,64,0.9999570129972625
t12.2022.05.19,train,vocal,t12.2022.05.19,116,let's not wait for it to get to that point,2,T,0,medial,let's,48,80,32,12,12,64,68,64,68,0.9994525261982664
t12.2022.05.19,train,vocal,t12.2022.05.19,116,let's not wait for it to get to that point,3,S,0,final,let's,52,88,36,13,14,68,76,68,76,0.7731198015487011
t12.2022.05.19,train,vocal,t12.2022.05.19,116,let's not wait for it to get to that point,4,SIL,0,sil,let's,60,96,36,15,16,76,84,76,84,0.9921155300539609
t12.2022.05.19,train,vocal,t12.2022.05.19,116,let's not wait for it to get to that point,5,N,1,initial,not,68,100,32,17,17,84,88,84,88,0.9999855611273821
t12.2022.05.19,train,vocal,t12.2022.05.19,116,let's not wait for it to get to that point,6,AA,1,medial,not,72,104,32,18,18,88,92,88,92,0.9999992701885635
t12.2022.05.19,train,vocal,t12.2022.05.19,116,let's not wait for it to get to that point,7,T,1,final,not,76,112,36,19,20,92,100,92,100,0.9973743075097302
t12.2022.05.19,train,vocal,t12.2022.05.19,116,let's not wait for it to get to that point,8,SIL,1,sil,not,84,124,40,21,23,100,112,100,112,0.9981392734795458
t12.2022.05.19,train,vocal,t12.2022.05.19,116,let's not wait for it to get to that point,9,W,2,initial,wait,96,128,32,24,24,112,116,112,120,0.9974123404445009
t12.2022.05.19,train,vocal,t12.2022.05.19,116,let's not wait for it to get to that point,10,EY,2,medial,wait,104,136,32,26,26,120,124,120,124,0.9946715550003451
t12.2022.05.19,train,vocal,t12.2022.05.19,116,let's not wait for it to get to that point,11,T,2,final,wait,108,144,36,27,28,124,132,124,132,0.9498273754532021
t12.2022.05.19,train,vocal,t12.2022.05.19,116,let's not wait for it to get to that point,12,SIL,2,sil,wait,116,156,40,29,31,132,144,132,144,0.999475398680112
t12.2022.05.19,train,vocal,t12.2022.05.19,116,let's not wait for it to get to that point,13,F,3,initial,for,128,164,36,32,33,144,152,144,152,0.992689763113867
t12.2022.05.19,train,vocal,t12.2022.05.19,116,let's not wait for it to get to that point,14,AO,3,medial,for,136,172,36,34,35,152,160,152,160,0.9397629954950192
t12.2022.05.19,train,vocal,t12.2022.05.19,116,let's not wait for it to get to that point,15,R,3,final,for,144,176,32,36,36,160,164,160,164,0.9999959911856406
t12.2022.05.19,train,vocal,t12.2022.05.19,116,let's not wait for it to get to that point,16,SIL,3,sil,for,148,184,36,37,38,164,172,164,176,0.9983927775025843
t12.2022.05.19,train,vocal,t12.2022.05.19,116,let's not wait for it to get to that point,17,IH,4,initial,it,160,196,36,40,41,176,184,176,184,0.7794336934664237
t12.2022.05.19,train,vocal,t12.2022.05.19,116,let's not wait for it to get to that point,18,T,4,final,it,168,200,32,42,42,184,188,184,188,0.9999729342677489
t12.2022.05.19,train,vocal,t12.2022.05.19,116,let's not wait for it to get to that point,19,SIL,4,sil,it,172,212,40,43,45,188,200,188,200,0.994678859417454
t12.2022.05.19,train,vocal,t12.2022.05.19,116,let's not wait for it to get to that point,20,T,5,initial,to,184,216,32,46,46,200,204,200,204,0.9999984016484061
t12.2022.05.19,train,vocal,t12.2022.05.19,116,let's not wait for it to get to that point,21,UW,5,final,to,188,220,32,47,47,204,208,204,208,0.9999629723944798
t12.2022.05.19,train,vocal,t12.2022.05.19,116,let's not wait for it to get to that point,22,SIL,5,sil,to,192,232,40,48,50,208,220,208,220,0.9773236445825053
t12.2022.05.19,train,vocal,t12.2022.05.19,116,let's not wait for it to get to that point,23,G,6,initial,get,204,240,36,51,52,220,228,220,232,0.9787443303369254
t12.2022.05.19,train,vocal,t12.2022.05.19,116,let's not wait for it to get to that point,24,EH,6,medial,get,216,248,32,54,54,232,236,232,236,0.9999796243637087
t12.2022.05.19,train,vocal,t12.2022.05.19,116,let's not wait for it to get to that point,25,T,6,final,get,220,252,32,55,55,236,240,236,240,0.99989704247598
t12.2022.05.19,train,vocal,t12.2022.05.19,116,let's not wait for it to get to that point,26,SIL,6,sil,get,224,268,44,56,59,240,256,240,256,0.9992624332220048
t12.2022.05.19,train,vocal,t12.2022.05.19,116,let's not wait for it to get to that point,27,T,7,initial,to,240,272,32,60,60,256,260,256,264,0.9999993989507514
t12.2022.05.19,train,vocal,t12.2022.05.19,116,let's not wait for it to get to that point,28,UW,7,final,to,248,280,32,62,62,264,268,264,268,0.9999970486767675
t12.2022.05.19,train,vocal,t12.2022.05.19,116,let's not wait for it to get to that point,29,SIL,7,sil,to,252,296,44,63,66,268,284,268,284,0.9959925951406428
t12.2022.05.19,train,vocal,t12.2022.05.19,116,let's not wait for it to get to that point,30,DH,8,initial,that,268,304,36,67,68,284,292,284,296,0.9962122151417043
t12.2022.05.19,train,vocal,t12.2022.05.19,116,let's not wait for it to get to that point,31,AE,8,medial,that,280,312,32,70,70,296,300,296,300,0.999998960998072
t12.2022.05.19,train,vocal,t12.2022.05.19,116,let's not wait for it to get to that point,32,T,8,final,that,284,316,32,71,71,300,304,300,304,0.9999847377643809
t12.2022.05.19,train,vocal,t12.2022.05.19,116,let's not wait for it to get to that point,33,SIL,8,sil,that,288,344,56,72,78,304,332,304,332,0.9798789529713199
t12.2022.05.19,train,vocal,t12.2022.05.19,116,let's not wait for it to get to that point,34,P,9,initial,point,316,348,32,79,79,332,336,332,336,0.9994468616635723
t12.2022.05.19,train,vocal,t12.2022.05.19,116,let's not wait for it to get to that point,35,OY,9,medial,point,320,352,32,80,80,336,340,336,340,0.9999058573521095
t12.2022.05.19,train,vocal,t12.2022.05.19,116,let's not wait for it to get to that point,36,N,9,medial,point,324,356,32,81,81,340,344,340,344,0.9998058468614922
t12.2022.05.19,train,vocal,t12.2022.05.19,116,let's not wait for it to get to that point,37,T,9,final,point,328,360,32,82,82,344,348,344,348,0.9994768850052733
t12.2022.05.19,train,vocal,t12.2022.05.19,116,let's not wait for it to get to that point,38,SIL,9,sil,point,332,368,36,83,84,348,356,348,356,0.9944702463942787
t12.2022.05.19,train,vocal,t12.2022.05.19,117,another snarled close overhead,0,AH,0,initial,another,60,92,32,15,15,76,80,16,80,0.9975203077493698
t12.2022.05.19,train,vocal,t12.2022.05.19,117,another snarled close overhead,1,N,0,medial,another,64,96,32,16,16,80,84,80,84,0.9993399556380156
t12.2022.05.19,train,vocal,t12.2022.05.19,117,another snarled close overhead,2,AH,0,medial,another,68,104,36,17,18,84,92,84,92,0.9993247300283874
t12.2022.05.19,train,vocal,t12.2022.05.19,117,another snarled close overhead,3,DH,0,medial,another,76,112,36,19,20,92,100,92,100,0.97037803430277
t12.2022.05.19,train,vocal,t12.2022.05.19,117,another snarled close overhead,4,ER,0,final,another,84,120,36,21,22,100,108,100,108,0.9965365719058833
t12.2022.05.19,train,vocal,t12.2022.05.19,117,another snarled close overhead,5,SIL,0,sil,another,92,128,36,23,24,108,116,108,116,0.8895963258056107
t12.2022.05.19,train,vocal,t12.2022.05.19,117,another snarled close overhead,6,S,1,initial,snarled,100,132,32,25,25,116,120,116,120,0.9951327413711655
t12.2022.05.19,train,vocal,t12.2022.05.19,117,another snarled close overhead,7,N,1,medial,snarled,104,136,32,26,26,120,124,120,128,0.9993506024529998
t12.2022.05.19,train,vocal,t12.2022.05.19,117,another snarled close overhead,8,AA,1,medial,snarled,112,148,36,28,29,128,136,128,136,0.7703543872224211
t12.2022.05.19,train,vocal,t12.2022.05.19,117,another snarled close overhead,9,R,1,medial,snarled,120,152,32,30,30,136,140,136,140,0.9976530939873648
t12.2022.05.19,train,vocal,t12.2022.05.19,117,another snarled close overhead,10,AH,1,medial,snarled,124,160,36,31,32,140,148,140,148,0.9551462350372475
t12.2022.05.19,train,vocal,t12.2022.05.19,117,another snarled close overhead,11,L,1,medial,snarled,132,168,36,33,34,148,156,148,156,0.8243550584944502
t12.2022.05.19,train,vocal,t12.2022.05.19,117,another snarled close overhead,12,D,1,final,snarled,140,172,32,35,35,156,160,156,160,0.9988825839275028
t12.2022.05.19,train,vocal,t12.2022.05.19,117,another snarled close overhead,13,SIL,1,sil,snarled,144,200,56,36,42,160,188,160,188,0.9987259819400041
t12.2022.05.19,train,vocal,t12.2022.05.19,117,another snarled close overhead,14,K,2,initial,close,172,204,32,43,43,188,192,188,192,0.999967624616603
t12.2022.05.19,train,vocal,t12.2022.05.19,117,another snarled close overhead,15,L,2,medial,close,176,212,36,44,45,192,200,192,200,0.991773125481146
t12.2022.05.19,train,vocal,t12.2022.05.19,117,another snarled close overhead,16,OW,2,medial,close,184,220,36,46,47,200,208,200,208,0.9726901930057921
t12.2022.05.19,train,vocal,t12.2022.05.19,117,another snarled close overhead,17,S,2,final,close,192,228,36,48,49,208,216,208,216,0.9888843028563261
t12.2022.05.19,train,vocal,t12.2022.05.19,117,another snarled close overhead,18,SIL,2,sil,close,200,236,36,50,51,216,224,216,228,0.9995832717110156
t12.2022.05.19,train,vocal,t12.2022.05.19,117,another snarled close overhead,19,OW,3,initial,overhead,216,248,32,54,54,232,236,228,236,0.9999282415227339
t12.2022.05.19,train,vocal,t12.2022.05.19,117,another snarled close overhead,20,V,3,medial,overhead,220,252,32,55,55,236,240,236,240,0.9985345595456216
t12.2022.05.19,train,vocal,t12.2022.05.19,117,another snarled close overhead,21,ER,3,medial,overhead,224,268,44,56,59,240,256,240,256,0.8373616189242986
t12.2022.05.19,train,vocal,t12.2022.05.19,117,another snarled close overhead,22,HH,3,medial,overhead,240,276,36,60,61,256,264,256,268,0.9996852205973765
t12.2022.05.19,train,vocal,t12.2022.05.19,117,another snarled close overhead,23,EH,3,medial,overhead,252,284,32,63,63,268,272,268,272,0.9989632468184386
t12.2022.05.19,train,vocal,t12.2022.05.19,117,another snarled close overhead,24,D,3,final,overhead,256,292,36,64,65,272,280,272,280,0.996539001616803
t12.2022.05.19,train,vocal,t12.2022.05.19,117,another snarled close overhead,25,SIL,3,sil,overhead,264,308,44,66,69,280,296,280,296,0.9996664441052867
t12.2022.05.19,train,vocal,t12.2022.05.19,118,not immediately as the deputy demanded,0,N,0,initial,not,24,56,32,6,6,40,44,16,48,0.9999167660044912
t12.2022.05.19,train,vocal,t12.2022.05.19,118,not immediately as the deputy demanded,1,AA,0,medial,not,32,64,32,8,8,48,52,48,52,0.9999948334653109
t12.2022.05.19,train,vocal,t12.2022.05.19,118,not immediately as the deputy demanded,2,T,0,final,not,36,72,36,9,10,52,60,52,60,0.8969524965789588
t12.2022.05.19,train,vocal,t12.2022.05.19,118,not immediately as the deputy demanded,3,SIL,0,sil,not,44,76,32,11,11,60,64,60,64,0.9977347061381584
t12.2022.05.19,train,vocal,t12.2022.05.19,118,not immediately as the deputy demanded,4,IH,1,initial,immediately,48,84,36,12,13,64,72,64,72,0.9524287498378852
t12.2022.05.19,train,vocal,t12.2022.05.19,118,not immediately as the deputy demanded,5,M,1,medial,immediately,56,92,36,14,15,72,80,72,84,0.9851991869827448
t12.2022.05.19,train,vocal,t12.2022.05.19,118,not immediately as the deputy demanded,6,IY,1,medial,immediately,68,100,32,17,17,84,88,84,88,0.9926809434671006
t12.2022.05.19,train,vocal,t12.2022.05.19,118,not immediately as the deputy demanded,7,D,1,medial,immediately,72,104,32,18,18,88,92,88,92,0.9938581639690113
t12.2022.05.19,train,vocal,t12.2022.05.19,118,not immediately as the deputy demanded,8,IY,1,medial,immediately,76,112,36,19,20,92,100,92,100,0.9187779751659526
t12.2022.05.19,train,vocal,t12.2022.05.19,118,not immediately as the deputy demanded,9,AH,1,medial,immediately,84,116,32,21,21,100,104,100,104,0.9267285993585271
t12.2022.05.19,train,vocal,t12.2022.05.19,118,not immediately as the deputy demanded,10,T,1,medial,immediately,88,124,36,22,23,104,112,104,112,0.8456318038414912
t12.2022.05.19,train,vocal,t12.2022.05.19,118,not immediately as the deputy demanded,11,L,1,medial,immediately,96,128,32,24,24,112,116,112,116,0.849640695813775
t12.2022.05.19,train,vocal,t12.2022.05.19,118,not immediately as the deputy demanded,12,IY,1,final,immediately,100,136,36,25,26,116,124,116,124,0.8666909782827996
t12.2022.05.19,train,vocal,t12.2022.05.19,118,not immediately as the deputy demanded,13,SIL,1,sil,immediately,108,160,52,27,32,124,148,124,156,0.9647827796684011
t12.2022.05.19,train,vocal,t12.2022.05.19,118,not immediately as the deputy demanded,14,AE,2,initial,as,144,176,32,36,36,160,164,156,164,0.9999969480237554
t12.2022.05.19,train,vocal,t12.2022.05.19,118,not immediately as the deputy demanded,15,Z,2,final,as,148,180,32,37,37,164,168,164,168,0.9999978893702154
t12.2022.05.19,train,vocal,t12.2022.05.19,118,not immediately as the deputy demanded,16,SIL,2,sil,as,152,196,44,38,41,168,184,168,184,0.9884211408791985
t12.2022.05.19,train,vocal,t12.2022.05.19,118,not immediately as the deputy demanded,17,DH,3,initial,the,168,204,36,42,43,184,192,184,192,0.997507993458467
t12.2022.05.19,train,vocal,t12.2022.05.19,118,not immediately as the deputy demanded,18,AH,3,final,the,176,212,36,44,45,192,200,192,200,0.9977196522479292
t12.2022.05.19,train,vocal,t12.2022.05.19,118,not immediately as the deputy demanded,19,SIL,3,sil,the,184,224,40,46,48,200,212,200,212,0.9521374251858524
t12.2022.05.19,train,vocal,t12.2022.05.19,118,not immediately as the deputy demanded,20,D,4,initial,deputy,196,228,32,49,49,212,216,212,220,0.9994518029576468
t12.2022.05.19,train,vocal,t12.2022.05.19,118,not immediately as the deputy demanded,21,EH,4,medial,deputy,204,236,32,51,51,220,224,220,224,0.9984536975508861
t12.2022.05.19,train,vocal,t12.2022.05.19,118,not immediately as the deputy demanded,22,P,4,medial,deputy,208,240,32,52,52,224,228,224,228,0.9975395634916218
t12.2022.05.19,train,vocal,t12.2022.05.19,118,not immediately as the deputy demanded,23,Y,4,medial,deputy,212,244,32,53,53,228,232,228,232,0.998606022744698
t12.2022.05.19,train,vocal,t12.2022.05.19,118,not immediately as the deputy demanded,24,AH,4,medial,deputy,216,252,36,54,55,232,240,232,240,0.9562208530505614
t12.2022.05.19,train,vocal,t12.2022.05.19,118,not immediately as the deputy demanded,25,T,4,medial,deputy,224,260,36,56,57,240,248,240,248,0.8245085588318983
t12.2022.05.19,train,vocal,t12.2022.05.19,118,not immediately as the deputy demanded,26,IY,4,final,deputy,232,268,36,58,59,248,256,248,256,0.7577831994069424
t12.2022.05.19,train,vocal,t12.2022.05.19,118,not immediately as the deputy demanded,27,SIL,4,sil,deputy,240,288,48,60,64,256,276,256,276,0.9248666462912724
t12.2022.05.19,train,vocal,t12.2022.05.19,118,not immediately as the deputy demanded,28,D,5,initial,demanded,260,292,32,65,65,276,280,276,284,0.9989354121183216
t12.2022.05.19,train,vocal,t12.2022.05.19,118,not immediately as the deputy demanded,29,IH,5,medial,demanded,268,300,32,67,67,284,288,284,288,0.9992103859184285
t12.2022.05.19,train,vocal,t12.2022.05.19,118,not immediately as the deputy demanded,30,M,5,medial,demanded,272,312,40,68,70,288,300,288,304,0.8664651808675918
t12.2022.05.19,train,vocal,t12.2022.05.19,118,not immediately as the deputy demanded,31,AE,5,medial,demanded,292,324,32,73,73,308,312,304,312,0.9994051780823846
t12.2022.05.19,train,vocal,t12.2022.05.19,118,not immediately as the deputy demanded,32,N,5,medial,demanded,296,328,32,74,74,312,316,312,316,0.9997741460921848
t12.2022.05.19,train,vocal,t12.2022.05.19,118,not immediately as the deputy demanded,33,D,5,medial,demanded,300,336,36,75,76,316,324,316,328,0.8225402625015259
t12.2022.05.19,train,vocal,t12.2022.05.19,118,not immediately as the deputy demanded,34,AH,5,medial,demanded,316,348,32,79,79,332,336,328,336,0.9989388132384479
t12.2022.05.19,train,vocal,t12.2022.05.19,118,not immediately as the deputy demanded,35,D,5,final,demanded,320,360,40,80,82,336,348,336,348,0.9295817009828742
t12.2022.05.19,train,vocal,t12.2022.05.19,118,not immediately as the deputy demanded,36,SIL,5,sil,demanded,332,372,40,83,85,348,360,348,360,0.9999480004992503
t12.2022.05.19,train,vocal,t12.2022.05.19,119,make it come off all right,0,M,0,initial,make,68,104,36,17,18,84,92,16,96,0.9966450686477377
t12.2022.05.19,train,vocal,t12.2022.05.19,119,make it come off all right,1,EY,0,medial,make,80,112,32,20,20,96,100,96,100,0.9998680327879034
t12.2022.05.19,train,vocal,t12.2022.05.19,119,make it come off all right,2,K,0,final,make,84,120,36,21,22,100,108,100,108,0.9777241537320323
t12.2022.05.19,train,vocal,t12.2022.05.19,119,make it come off all right,3,SIL,0,sil,make,92,124,32,23,23,108,112,108,116,0.9990770206423663
t12.2022.05.19,train,vocal,t12.2022.05.19,119,make it come off all right,4,IH,1,initial,it,100,132,32,25,25,116,120,116,120,0.999891535736555
t12.2022.05.19,train,vocal,t12.2022.05.19,119,make it come off all right,5,T,1,final,it,104,136,32,26,26,120,124,120,124,0.9999898090442799
t12.2022.05.19,train,vocal,t12.2022.05.19,119,make it come off all right,6,SIL,1,sil,it,108,184,76,27,38,124,172,124,172,0.9831148696678346
t12.2022.05.19,train,vocal,t12.2022.05.19,119,make it come off all right,7,K,2,initial,come,156,188,32,39,39,172,176,172,180,0.9997269530409613
t12.2022.05.19,train,vocal,t12.2022.05.19,119,make it come off all right,8,AH,2,medial,come,164,196,32,41,41,180,184,180,184,0.9999673967116995
t12.2022.05.19,train,vocal,t12.2022.05.19,119,make it come off all right,9,M,2,final,come,168,204,36,42,43,184,192,184,192,0.9977230380220512
t12.2022.05.19,train,vocal,t12.2022.05.19,119,make it come off all right,10,SIL,2,sil,come,176,212,36,44,45,192,200,192,208,0.9986781241355203
t12.2022.05.19,train,vocal,t12.2022.05.19,119,make it come off all right,11,AO,3,initial,off,200,232,32,50,50,216,220,208,220,0.9999317024413621
t12.2022.05.19,train,vocal,t12.2022.05.19,119,make it come off all right,12,F,3,final,off,204,240,36,51,52,220,228,220,228,0.8489066037514593
t12.2022.05.19,train,vocal,t12.2022.05.19,119,make it come off all right,13,SIL,3,sil,off,212,252,40,53,55,228,240,228,248,0.9978403730699603
t12.2022.05.19,train,vocal,t12.2022.05.19,119,make it come off all right,14,AO,4,initial,all,236,268,32,59,59,252,256,248,256,0.9998735698852846
t12.2022.05.19,train,vocal,t12.2022.05.19,119,make it come off all right,15,L,4,final,all,240,276,36,60,61,256,264,256,264,0.9936148358737888
t12.2022.05.19,train,vocal,t12.2022.05.19,119,make it come off all right,16,SIL,4,sil,all,248,296,48,62,66,264,284,264,284,0.99663625702119
t12.2022.05.19,train,vocal,t12.2022.05.19,119,make it come off all right,17,R,5,initial,right,268,300,32,67,67,284,288,284,292,0.9999987803815154
t12.2022.05.19,train,vocal,t12.2022.05.19,119,make it come off all right,18,AY,5,medial,right,276,308,32,69,69,292,296,292,296,0.999989704500556
t12.2022.05.19,train,vocal,t12.2022.05.19,119,make it come off all right,19,T,5,final,right,280,316,36,70,71,296,304,296,304,0.8823493400356468
t12.2022.05.19,train,vocal,t12.2022.05.19,119,make it come off all right,20,SIL,5,sil,right,288,336,48,72,76,304,324,304,324,0.9999970210911518
t12.2022.05.19,train,vocal,t12.2022.05.19,120,as a rule part-time farmers hire little help,0,AE,0,initial,as,56,88,32,14,14,72,76,16,76,0.9997068420858278
t12.2022.05.19,train,vocal,t12.2022.05.19,120,as a rule part-time farmers hire little help,1,Z,0,final,as,60,96,36,15,16,76,84,76,84,0.7659891414674342
t12.2022.05.19,train,vocal,t12.2022.05.19,120,as a rule part-time farmers hire little help,2,SIL,0,sil,as,68,112,44,17,20,84,100,84,104,0.9904790906468456
t12.2022.05.19,train,vocal,t12.2022.05.19,120,as a rule part-time farmers hire little help,3,AH,1,single,a,92,128,36,23,24,108,116,104,120,0.9379213505498114
t12.2022.05.19,train,vocal,t12.2022.05.19,120,as a rule part-time farmers hire little help,4,SIL,1,sil,a,104,156,52,26,31,120,144,120,144,0.9972949604388118
t12.2022.05.19,train,vocal,t12.2022.05.19,120,as a rule part-time farmers hire little help,5,R,2,initial,rule,128,164,36,32,33,144,152,144,152,0.7950893980274579
t12.2022.05.19,train,vocal,t12.2022.05.19,120,as a rule part-time farmers hire little help,6,UW,2,medial,rule,136,168,32,34,34,152,156,152,156,0.9980030510796661
t12.2022.05.19,train,vocal,t12.2022.05.19,120,as a rule part-time farmers hire little help,7,L,2,final,rule,140,176,36,35,36,156,164,156,164,0.8891813027223732
t12.2022.05.19,train,vocal,t12.2022.05.19,120,as a rule part-time farmers hire little help,8,SIL,2,sil,rule,148,192,44,37,40,164,180,164,180,0.9971951656173975
t12.2022.05.19,train,vocal,t12.2022.05.19,120,as a rule part-time farmers hire little help,9,P,3,initial,part-time,164,196,32,41,41,180,184,180,188,0.9998835512557466
t12.2022.05.19,train,vocal,t12.2022.05.19,120,as a rule part-time farmers hire little help,10,AA,3,medial,part-time,172,204,32,43,43,188,192,188,192,0.9997249929668419
t12.2022.05.19,train,vocal,t12.2022.05.19,120,as a rule part-time farmers hire little help,11,R,3,medial,part-time,176,208,32,44,44,192,196,192,196,0.9999300179934584
t12.2022.05.19,train,vocal,t12.2022.05.19,120,as a rule part-time farmers hire little help,12,T,3,medial,part-time,180,216,36,45,46,196,204,196,208,0.9605203941857783
t12.2022.05.19,train,vocal,t12.2022.05.19,120,as a rule part-time farmers hire little help,13,T,3,medial,part-time,196,228,32,49,49,212,216,208,220,0.9999373049166039
t12.2022.05.19,train,vocal,t12.2022.05.19,120,as a rule part-time farmers hire little help,14,AY,3,medial,part-time,208,240,32,52,52,224,228,220,228,0.9999702988128707
t12.2022.05.19,train,vocal,t12.2022.05.19,120,as a rule part-time farmers hire little help,15,M,3,final,part-time,212,252,40,53,55,228,240,228,240,0.9595283281420266
t12.2022.05.19,train,vocal,t12.2022.05.19,120,as a rule part-time farmers hire little help,16,SIL,3,sil,part-time,224,268,44,56,59,240,256,240,256,0.9203723571767518
t12.2022.05.19,train,vocal,t12.2022.05.19,120,as a rule part-time farmers hire little help,17,F,4,initial,farmers,240,272,32,60,60,256,260,256,264,0.9998254580565349
t12.2022.05.19,train,vocal,t12.2022.05.19,120,as a rule part-time farmers hire little help,18,AA,4,medial,farmers,252,284,32,63,63,268,272,264,272,0.9997519558569935
t12.2022.05.19,train,vocal,t12.2022.05.19,120,as a rule part-time farmers hire little help,19,R,4,medial,farmers,256,288,32,64,64,272,276,272,276,0.9998995438177671
t12.2022.05.19,train,vocal,t12.2022.05.19,120,as a rule part-time farmers hire little help,20,M,4,medial,farmers,260,300,40,65,67,276,288,276,288,0.918838965581697
t12.2022.05.19,train,vocal,t12.2022.05.19,120,as a rule part-time farmers hire little help,21,ER,4,medial,farmers,272,308,36,68,69,288,296,288,296,0.9834582709695566
t12.2022.05.19,train,vocal,t12.2022.05.19,120,as a rule part-time farmers hire little help,22,Z,4,final,farmers,280,316,36,70,71,296,304,296,304,0.8932953961949306
t12.2022.05.19,train,vocal,t12.2022.05.19,120,as a rule part-time farmers hire little help,23,SIL,4,sil,farmers,288,324,36,72,73,304,312,304,312,0.9923182655587592
t12.2022.05.19,train,vocal,t12.2022.05.19,120,as a rule part-time farmers hire little help,24,HH,5,initial,hire,296,332,36,74,75,312,320,312,324,0.9542689333862642
t12.2022.05.19,train,vocal,t12.2022.05.19,120,as a rule part-time farmers hire little help,25,AY,5,medial,hire,308,340,32,77,77,324,328,324,328,0.9983808444959327
t12.2022.05.19,train,vocal,t12.2022.05.19,120,as a rule part-time farmers hire little help,26,ER,5,final,hire,312,344,32,78,78,328,332,328,332,0.9992945294512938
t12.2022.05.19,train,vocal,t12.2022.05.19,120,as a rule part-time farmers hire little help,27,SIL,5,sil,hire,316,360,44,79,82,332,348,332,348,0.9677254036927516
t12.2022.05.19,train,vocal,t12.2022.05.19,120,as a rule part-time farmers hire little help,28,L,6,initial,little,332,364,32,83,83,348,352,348,356,0.9999587893167138
t12.2022.05.19,train,vocal,t12.2022.05.19,120,as a rule part-time farmers hire little help,29,IH,6,medial,little,340,372,32,85,85,356,360,356,360,0.9996948410266082
t12.2022.05.19,train,vocal,t12.2022.05.19,120,as a rule part-time farmers hire little help,30,T,6,medial,little,344,376,32,86,86,360,364,360,364,0.9999900537193271
t12.2022.05.19,train,vocal,t12.2022.05.19,120,as a rule part-time farmers hire little help,31,AH,6,medial,little,348,388,40,87,89,364,376,364,376,0.9702553432966994
t12.2022.05.19,train,vocal,t12.2022.05.19,120,as a rule part-time farmers hire little help,32,L,6,final,little,360,396,36,90,91,376,384,376,384,0.8597357430499721
t12.2022.05.19,train,vocal,t12.2022.05.19,120,as a rule part-time farmers hire little help,33,SIL,6,sil,little,368,404,36,92,93,384,392,384,392,0.9999376314433037
t12.2022.05.19,train,vocal,t12.2022.05.19,120,as a rule part-time farmers hire little help,34,HH,7,initial,help,376,412,36,94,95,392,400,392,404,0.9832075957662061
t12.2022.05.19,train,vocal,t12.2022.05.19,120,as a rule part-time farmers hire little help,35,EH,7,medial,help,392,424,32,98,98,408,412,404,412,0.9992539625947533
t12.2022.05.19,train,vocal,t12.2022.05.19,120,as a rule part-time farmers hire little help,36,L,7,medial,help,396,428,32,99,99,412,416,412,416,0.9999948824741779
t12.2022.05.19,train,vocal,t12.2022.05.19,120,as a rule part-time farmers hire little help,37,P,7,final,help,400,432,32,100,100,416,420,416,420,0.9972051619425272
t12.2022.05.19,train,vocal,t12.2022.05.19,120,as a rule part-time farmers hire little help,38,SIL,7,sil,help,404,448,44,101,104,420,436,420,436,0.9110428554243539
t12.2022.05.19,train,vocal,t12.2022.05.19,121,a rabbit punch redoubled him,0,AH,0,single,a,48,80,32,12,12,64,68,16,72,0.9999972978388054
t12.2022.05.19,train,vocal,t12.2022.05.19,121,a rabbit punch redoubled him,1,SIL,0,sil,a,56,96,40,14,16,72,84,72,84,0.9970420146317541
t12.2022.05.19,train,vocal,t12.2022.05.19,121,a rabbit punch redoubled him,2,R,1,initial,rabbit,68,104,36,17,18,84,92,84,96,0.9623638026838719
t12.2022.05.19,train,vocal,t12.2022.05.19,121,a rabbit punch redoubled him,3,AE,1,medial,rabbit,80,112,32,20,20,96,100,96,100,0.9951424090882702
t12.2022.05.19,train,vocal,t12.2022.05.19,121,a rabbit punch redoubled him,4,B,1,medial,rabbit,84,116,32,21,21,100,104,100,108,0.9986763271285335
t12.2022.05.19,train,vocal,t12.2022.05.19,121,a rabbit punch redoubled him,5,AH,1,medial,rabbit,92,128,36,23,24,108,116,108,116,0.9863412607233948
t12.2022.05.19,train,vocal,t12.2022.05.19,121,a rabbit punch redoubled him,6,T,1,final,rabbit,100,132,32,25,25,116,120,116,120,0.9989752282719465
t12.2022.05.19,train,vocal,t12.2022.05.19,121,a rabbit punch redoubled him,7,SIL,1,sil,rabbit,104,164,60,26,33,120,152,120,168,0.9562519532171287
t12.2022.05.19,train,vocal,t12.2022.05.19,121,a rabbit punch redoubled him,8,P,2,initial,punch,164,196,32,41,41,180,184,168,188,0.9951649788712874
t12.2022.05.19,train,vocal,t12.2022.05.19,121,a rabbit punch redoubled him,9,AH,2,medial,punch,172,204,32,43,43,188,192,188,192,0.9999154808341696
t12.2022.05.19,train,vocal,t12.2022.05.19,121,a rabbit punch redoubled him,10,N,2,medial,punch,176,208,32,44,44,192,196,192,196,0.9905034411602766
t12.2022.05.19,train,vocal,t12.2022.05.19,121,a rabbit punch redoubled him,11,CH,2,final,punch,180,212,32,45,45,196,200,196,200,0.9987495149713491
t12.2022.05.19,train,vocal,t12.2022.05.19,121,a rabbit punch redoubled him,12,SIL,2,sil,punch,184,228,44,46,49,200,216,200,216,0.8835308917445014
t12.2022.05.19,train,vocal,t12.2022.05.19,121,a rabbit punch redoubled him,13,R,3,initial,redoubled,200,236,36,50,51,216,224,216,224,0.767271933819605
t12.2022.05.19,train,vocal,t12.2022.05.19,121,a rabbit punch redoubled him,14,IY,3,medial,redoubled,208,244,36,52,53,224,232,224,232,0.8554530632965561
t12.2022.05.19,train,vocal,t12.2022.05.19,121,a rabbit punch redoubled him,15,D,3,medial,redoubled,216,248,32,54,54,232,236,232,244,0.9996406220402737
t12.2022.05.19,train,vocal,t12.2022.05.19,121,a rabbit punch redoubled him,16,AH,3,medial,redoubled,232,264,32,58,58,248,252,244,252,0.9982205516689437
t12.2022.05.19,train,vocal,t12.2022.05.19,121,a rabbit punch redoubled him,17,B,3,medial,redoubled,236,272,36,59,60,252,260,252,260,0.8081836951581606
t12.2022.05.19,train,vocal,t12.2022.05.19,121,a rabbit punch redoubled him,18,AH,3,medial,redoubled,244,280,36,61,62,260,268,260,268,0.992586506081771
t12.2022.05.19,train,vocal,t12.2022.05.19,121,a rabbit punch redoubled him,19,L,3,medial,redoubled,252,288,36,63,64,268,276,268,276,0.7458094749189366
t12.2022.05.19,train,vocal,t12.2022.05.19,121,a rabbit punch redoubled him,20,D,3,final,redoubled,260,292,32,65,65,276,280,276,280,0.9992929270903232
t12.2022.05.19,train,vocal,t12.2022.05.19,121,a rabbit punch redoubled him,21,SIL,3,sil,redoubled,264,304,40,66,68,280,292,280,292,0.803068907642927
t12.2022.05.19,train,vocal,t12.2022.05.19,121,a rabbit punch redoubled him,22,HH,4,initial,him,276,312,36,69,70,292,300,292,300,0.8553290169017944
t12.2022.05.19,train,vocal,t12.2022.05.19,121,a rabbit punch redoubled him,23,IH,4,medial,him,284,316,32,71,71,300,304,300,304,0.9999652261476967
t12.2022.05.19,train,vocal,t12.2022.05.19,121,a rabbit punch redoubled him,24,M,4,final,him,288,320,32,72,72,304,308,304,308,0.9995556619353084
t12.2022.05.19,train,vocal,t12.2022.05.19,121,a rabbit punch redoubled him,25,SIL,4,sil,him,292,332,40,73,75,308,320,308,320,0.9997207769568252
t12.2022.05.19,train,vocal,t12.2022.05.19,122,who is going to stop me,0,HH,0,initial,who,16,48,32,4,4,32,36,16,40,0.9999687150569551
t12.2022.05.19,train,vocal,t12.2022.05.19,122,who is going to stop me,1,UW,0,final,who,24,56,32,6,6,40,44,40,44,0.9996908495709406
t12.2022.05.19,train,vocal,t12.2022.05.19,122,who is going to stop me,2,SIL,0,sil,who,28,68,40,7,9,44,56,44,60,0.8761867491690384
t12.2022.05.19,train,vocal,t12.2022.05.19,122,who is going to stop me,3,IH,1,initial,is,44,76,32,11,11,60,64,60,64,0.9999942834604894
t12.2022.05.19,train,vocal,t12.2022.05.19,122,who is going to stop me,4,Z,1,final,is,48,80,32,12,12,64,68,64,68,0.9999848354123085
t12.2022.05.19,train,vocal,t12.2022.05.19,122,who is going to stop me,5,SIL,1,sil,is,52,92,40,13,15,68,80,68,80,0.9938804508100979
t12.2022.05.19,train,vocal,t12.2022.05.19,122,who is going to stop me,6,G,2,initial,going,64,100,36,16,17,80,88,80,92,0.9994803217891168
t12.2022.05.19,train,vocal,t12.2022.05.19,122,who is going to stop me,7,OW,2,medial,going,76,108,32,19,19,92,96,92,96,0.9999891690141927
t12.2022.05.19,train,vocal,t12.2022.05.19,122,who is going to stop me,8,IH,2,medial,going,80,116,36,20,21,96,104,96,104,0.9848946097114109
t12.2022.05.19,train,vocal,t12.2022.05.19,122,who is going to stop me,9,NG,2,final,going,88,124,36,22,23,104,112,104,112,0.99249283266698
t12.2022.05.19,train,vocal,t12.2022.05.19,122,who is going to stop me,10,SIL,2,sil,going,96,136,40,24,26,112,124,112,124,0.9113632221704062
t12.2022.05.19,train,vocal,t12.2022.05.19,122,who is going to stop me,11,T,3,initial,to,108,144,36,27,28,124,132,124,136,0.9989278060734439
t12.2022.05.19,train,vocal,t12.2022.05.19,122,who is going to stop me,12,UW,3,final,to,120,156,36,30,31,136,144,136,144,0.7392576716302405
t12.2022.05.19,train,vocal,t12.2022.05.19,122,who is going to stop me,13,SIL,3,sil,to,128,164,36,32,33,144,152,144,152,0.9969887410478033
t12.2022.05.19,train,vocal,t12.2022.05.19,122,who is going to stop me,14,S,4,initial,stop,136,168,32,34,34,152,156,152,156,0.999964367522847
t12.2022.05.19,train,vocal,t12.2022.05.19,122,who is going to stop me,15,T,4,medial,stop,140,176,36,35,36,156,164,156,168,0.9540989963178654
t12.2022.05.19,train,vocal,t12.2022.05.19,122,who is going to stop me,16,AA,4,medial,stop,152,184,32,38,38,168,172,168,172,0.9998540413556677
t12.2022.05.19,train,vocal,t12.2022.05.19,122,who is going to stop me,17,P,4,final,stop,156,192,36,39,40,172,180,172,180,0.9896317759763107
t12.2022.05.19,train,vocal,t12.2022.05.19,122,who is going to stop me,18,SIL,4,sil,stop,164,212,48,41,45,180,200,180,200,0.999085869482258
t12.2022.05.19,train,vocal,t12.2022.05.19,122,who is going to stop me,19,M,5,initial,me,184,220,36,46,47,200,208,200,208,0.9977650871579986
t12.2022.05.19,train,vocal,t12.2022.05.19,122,who is going to stop me,20,IY,5,final,me,192,224,32,48,48,208,212,208,212,0.9999781166465747
t12.2022.05.19,train,vocal,t12.2022.05.19,122,who is going to stop me,21,SIL,5,sil,me,196,244,48,49,53,212,232,212,232,0.9037470417285425
t12.2022.05.19,train,vocal,t12.2022.05.19,123,enjoy science with the whole family,0,EH,0,initial,enjoy,32,64,32,8,8,48,52,16,52,0.9980487504224949
t12.2022.05.19,train,vocal,t12.2022.05.19,123,enjoy science with the whole family,1,N,0,medial,enjoy,36,72,36,9,10,52,60,52,60,0.8403378381599913
t12.2022.05.19,train,vocal,t12.2022.05.19,123,enjoy science with the whole family,2,JH,0,medial,enjoy,44,84,40,11,13,60,72,60,72,0.9689000695032265
t12.2022.05.19,train,vocal,t12.2022.05.19,123,enjoy science with the whole family,3,OY,0,final,enjoy,56,96,40,14,16,72,84,72,84,0.9980535182123772
t12.2022.05.19,train,vocal,t12.2022.05.19,123,enjoy science with the whole family,4,SIL,0,sil,enjoy,68,112,44,17,20,84,100,84,100,0.9665067628921761
t12.2022.05.19,train,vocal,t12.2022.05.19,123,enjoy science with the whole family,5,S,1,initial,science,84,116,32,21,21,100,104,100,108,0.9986071343557132
t12.2022.05.19,train,vocal,t12.2022.05.19,123,enjoy science with the whole family,6,AY,1,medial,science,92,124,32,23,23,108,112,108,116,0.9949008884020093
t12.2022.05.19,train,vocal,t12.2022.05.19,123,enjoy science with the whole family,7,AH,1,medial,science,104,140,36,26,27,120,128,116,128,0.9049317754808026
t12.2022.05.19,train,vocal,t12.2022.05.19,123,enjoy science with the whole family,8,N,1,medial,science,112,144,32,28,28,128,132,128,132,0.997410600148496
t12.2022.05.19,train,vocal,t12.2022.05.19,123,enjoy science with the whole family,9,S,1,final,science,116,156,40,29,31,132,144,132,144,0.9967328616162514
t12.2022.05.19,train,vocal,t12.2022.05.19,123,enjoy science with the whole family,10,SIL,1,sil,science,128,176,48,32,36,144,164,144,164,0.9373029863899627
t12.2022.05.19,train,vocal,t12.2022.05.19,123,enjoy science with the whole family,11,W,2,initial,with,148,180,32,37,37,164,168,164,172,0.9999910109976018
t12.2022.05.19,train,vocal,t12.2022.05.19,123,enjoy science with the whole family,12,IH,2,medial,with,156,192,36,39,40,172,180,172,180,0.9982378175929019
t12.2022.05.19,train,vocal,t12.2022.05.19,123,enjoy science with the whole family,13,DH,2,final,with,164,196,32,41,41,180,184,180,184,0.9999925630588707
t12.2022.05.19,train,vocal,t12.2022.05.19,123,enjoy science with the whole family,14,SIL,2,sil,with,168,212,44,42,45,184,200,184,200,0.9736117304696801
t12.2022.05.19,train,vocal,t12.2022.05.19,123,enjoy science with the whole family,15,DH,3,initial,the,184,220,36,46,47,200,208,200,212,0.9979525397493436
t12.2022.05.19,train,vocal,t12.2022.05.19,123,enjoy science with the whole family,16,AH,3,final,the,196,228,32,49,49,212,216,212,220,0.999998193543033
t12.2022.05.19,train,vocal,t12.2022.05.19,123,enjoy science with the whole family,17,SIL,3,sil,the,204,260,56,51,57,220,248,220,248,0.9999082190044977
t12.2022.05.19,train,vocal,t12.2022.05.19,123,enjoy science with the whole family,18,HH,4,initial,whole,232,268,36,58,59,248,256,248,260,0.9956073099375102
t12.2022.05.19,train,vocal,t12.2022.05.19,123,enjoy science with the whole family,19,OW,4,medial,whole,248,280,32,62,62,264,268,260,268,0.9997810688545684
t12.2022.05.19,train,vocal,t12.2022.05.19,123,enjoy science with the whole family,20,L,4,final,whole,252,292,40,63,65,268,280,268,280,0.991334248053379
t12.2022.05.19,train,vocal,t12.2022.05.19,123,enjoy science with the whole family,21,SIL,4,sil,whole,264,308,44,66,69,280,296,280,296,0.9933333925610679
t12.2022.05.19,train,vocal,t12.2022.05.19,123,enjoy science with the whole family,22,F,5,initial,family,280,312,32,70,70,296,300,296,304,0.9997449931093118
t12.2022.05.19,train,vocal,t12.2022.05.19,123,enjoy science with the whole family,23,AE,5,medial,family,292,324,32,73,73,308,312,304,312,0.9996789153399678
t12.2022.05.19,train,vocal,t12.2022.05.19,123,enjoy science with the whole family,24,M,5,medial,family,296,328,32,74,74,312,316,312,316,0.9874979436897047
t12.2022.05.19,train,vocal,t12.2022.05.19,123,enjoy science with the whole family,25,AH,5,medial,family,300,332,32,75,75,316,320,316,320,0.9997208308902762
t12.2022.05.19,train,vocal,t12.2022.05.19,123,enjoy science with the whole family,26,L,5,medial,family,304,340,36,76,77,320,328,320,328,0.8807949931446895
t12.2022.05.19,train,vocal,t12.2022.05.19,123,enjoy science with the whole family,27,IY,5,final,family,312,344,32,78,78,328,332,328,332,0.9968653356670714
t12.2022.05.19,train,vocal,t12.2022.05.19,123,enjoy science with the whole family,28,SIL,5,sil,family,316,348,32,79,79,332,336,332,336,0.9998021366686145
t12.2022.05.19,train,vocal,t12.2022.05.19,124,many shapes in bathtubs,0,M,0,initial,many,12,44,32,3,3,28,32,16,36,0.9998659701831786
t12.2022.05.19,train,vocal,t12.2022.05.19,124,many shapes in bathtubs,1,EH,0,medial,many,20,52,32,5,5,36,40,36,40,0.999065194945604
t12.2022.05.19,train,vocal,t12.2022.05.19,124,many shapes in bathtubs,2,N,0,medial,many,24,56,32,6,6,40,44,40,44,0.9999822056484468
t12.2022.05.19,train,vocal,t12.2022.05.19,124,many shapes in bathtubs,3,IY,0,final,many,28,64,36,7,8,44,52,44,52,0.9335098772118217
t12.2022.05.19,train,vocal,t12.2022.05.19,124,many shapes in bathtubs,4,SIL,0,sil,many,36,76,40,9,11,52,64,52,64,0.9072294363668524
t12.2022.05.19,train,vocal,t12.2022.05.19,124,many shapes in bathtubs,5,SH,1,initial,shapes,48,80,32,12,12,64,68,64,72,0.9994600005577592
t12.2022.05.19,train,vocal,t12.2022.05.19,124,many shapes in bathtubs,6,EY,1,medial,shapes,60,92,32,15,15,76,80,72,80,0.9966655051356308
t12.2022.05.19,train,vocal,t12.2022.05.19,124,many shapes in bathtubs,7,P,1,medial,shapes,64,96,32,16,16,80,84,80,84,0.9993441010034054
t12.2022.05.19,train,vocal,t12.2022.05.19,124,many shapes in bathtubs,8,S,1,final,shapes,68,104,36,17,18,84,92,84,92,0.9909532782907143
t12.2022.05.19,train,vocal,t12.2022.05.19,124,many shapes in bathtubs,9,SIL,1,sil,shapes,76,112,36,19,20,92,100,92,104,0.9996405594802565
t12.2022.05.19,train,vocal,t12.2022.05.19,124,many shapes in bathtubs,10,IH,2,initial,in,92,124,32,23,23,108,112,104,112,0.9999764446008566
t12.2022.05.19,train,vocal,t12.2022.05.19,124,many shapes in bathtubs,11,N,2,final,in,96,128,32,24,24,112,116,112,116,0.999994982333469
t12.2022.05.19,train,vocal,t12.2022.05.19,124,many shapes in bathtubs,12,SIL,2,sil,in,100,144,44,25,28,116,132,116,132,0.9350512077758419
t12.2022.05.19,train,vocal,t12.2022.05.19,124,many shapes in bathtubs,13,B,3,initial,bathtubs,116,148,32,29,29,132,136,132,140,0.9989926749052371
t12.2022.05.19,train,vocal,t12.2022.05.19,124,many shapes in bathtubs,14,AE,3,medial,bathtubs,124,156,32,31,31,140,144,140,144,0.9992668517375567
t12.2022.05.19,train,vocal,t12.2022.05.19,124,many shapes in bathtubs,15,TH,3,medial,bathtubs,128,164,36,32,33,144,152,144,152,0.8220605592357052
t12.2022.05.19,train,vocal,t12.2022.05.19,124,many shapes in bathtubs,16,T,3,medial,bathtubs,136,172,36,34,35,152,160,152,164,0.9312342820440609
t12.2022.05.19,train,vocal,t12.2022.05.19,124,many shapes in bathtubs,17,AH,3,medial,bathtubs,152,184,32,38,38,168,172,164,172,0.9992965359546129
t12.2022.05.19,train,vocal,t12.2022.05.19,124,many shapes in bathtubs,18,B,3,medial,bathtubs,156,188,32,39,39,172,176,172,176,0.9994346793235328
t12.2022.05.19,train,vocal,t12.2022.05.19,124,many shapes in bathtubs,19,Z,3,final,bathtubs,160,196,36,40,41,176,184,176,184,0.9099020737493262
t12.2022.05.19,train,vocal,t12.2022.05.19,124,many shapes in bathtubs,20,SIL,3,sil,bathtubs,168,200,32,42,42,184,188,184,188,0.9998968629190621
t12.2022.05.19,train,vocal,t12.2022.05.19,125,fiddles screeched a piano tinkled,0,F,0,initial,fiddles,32,64,32,8,8,48,52,16,56,0.9936408281554218
t12.2022.05.19,train,vocal,t12.2022.05.19,125,fiddles screeched a piano tinkled,1,IH,0,medial,fiddles,44,76,32,11,11,60,64,56,64,0.9981160653604673
t12.2022.05.19,train,vocal,t12.2022.05.19,125,fiddles screeched a piano tinkled,2,D,0,medial,fiddles,48,80,32,12,12,64,68,64,68,0.9973753079196238
t12.2022.05.19,train,vocal,t12.2022.05.19,125,fiddles screeched a piano tinkled,3,AH,0,medial,fiddles,52,92,40,13,15,68,80,68,80,0.9732244387649293
t12.2022.05.19,train,vocal,t12.2022.05.19,125,fiddles screeched a piano tinkled,4,L,0,medial,fiddles,64,96,32,16,16,80,84,80,84,0.9994366529442006
t12.2022.05.19,train,vocal,t12.2022.05.19,125,fiddles screeched a piano tinkled,5,Z,0,final,fiddles,68,104,36,17,18,84,92,84,92,0.9740709680971396
t12.2022.05.19,train,vocal,t12.2022.05.19,125,fiddles screeched a piano tinkled,6,SIL,0,sil,fiddles,76,108,32,19,19,92,96,92,96,0.9168370073801335
t12.2022.05.19,train,vocal,t12.2022.05.19,125,fiddles screeched a piano tinkled,7,S,1,initial,screeched,80,116,36,20,21,96,104,96,104,0.9455581588478401
t12.2022.05.19,train,vocal,t12.2022.05.19,125,fiddles screeched a piano tinkled,8,K,1,medial,screeched,88,120,32,22,22,104,108,104,108,0.9988299432854195
t12.2022.05.19,train,vocal,t12.2022.05.19,125,fiddles screeched a piano tinkled,9,R,1,medial,screeched,92,128,36,23,24,108,116,108,116,0.9284893213065417
t12.2022.05.19,train,vocal,t12.2022.05.19,125,fiddles screeched a piano tinkled,10,IY,1,medial,screeched,100,132,32,25,25,116,120,116,120,0.9997176476356756
t12.2022.05.19,train,vocal,t12.2022.05.19,125,fiddles screeched a piano tinkled,11,CH,1,medial,screeched,104,140,36,26,27,120,128,120,128,0.9842825167130227
t12.2022.05.19,train,vocal,t12.2022.05.19,125,fiddles screeched a piano tinkled,12,T,1,final,screeched,112,148,36,28,29,128,136,128,136,0.8727669017416866
t12.2022.05.19,train,vocal,t12.2022.05.19,125,fiddles screeched a piano tinkled,13,SIL,1,sil,screeched,120,172,52,30,35,136,160,136,164,0.9983356456649286
t12.2022.05.19,train,vocal,t12.2022.05.19,125,fiddles screeched a piano tinkled,14,AH,2,single,a,152,188,36,38,39,168,176,164,176,0.9835080099496714
t12.2022.05.19,train,vocal,t12.2022.05.19,125,fiddles screeched a piano tinkled,15,SIL,2,sil,a,160,204,44,40,43,176,192,176,192,0.9878498016645306
t12.2022.05.19,train,vocal,t12.2022.05.19,125,fiddles screeched a piano tinkled,16,P,3,initial,piano,176,208,32,44,44,192,196,192,200,0.9991375536677133
t12.2022.05.19,train,vocal,t12.2022.05.19,125,fiddles screeched a piano tinkled,17,IY,3,medial,piano,184,220,36,46,47,200,208,200,212,0.9767490813457584
t12.2022.05.19,train,vocal,t12.2022.05.19,125,fiddles screeched a piano tinkled,18,AE,3,medial,piano,196,232,36,49,50,212,220,212,220,0.9434723698665194
t12.2022.05.19,train,vocal,t12.2022.05.19,125,fiddles screeched a piano tinkled,19,N,3,medial,piano,204,240,36,51,52,220,228,220,228,0.9861757483308278
t12.2022.05.19,train,vocal,t12.2022.05.19,125,fiddles screeched a piano tinkled,20,OW,3,final,piano,212,248,36,53,54,228,236,228,236,0.9905419848564435
t12.2022.05.19,train,vocal,t12.2022.05.19,125,fiddles screeched a piano tinkled,21,SIL,3,sil,piano,220,272,52,55,60,236,260,236,260,0.9503495263912095
t12.2022.05.19,train,vocal,t12.2022.05.19,125,fiddles screeched a piano tinkled,22,T,4,initial,tinkled,244,276,32,61,61,260,264,260,268,0.9880084989266206
t12.2022.05.19,train,vocal,t12.2022.05.19,125,fiddles screeched a piano tinkled,23,IH,4,medial,tinkled,252,284,32,63,63,268,272,268,272,0.9992974715762737
t12.2022.05.19,train,vocal,t12.2022.05.19,125,fiddles screeched a piano tinkled,24,NG,4,medial,tinkled,256,288,32,64,64,272,276,272,276,0.9996315403353065
t12.2022.05.19,train,vocal,t12.2022.05.19,125,fiddles screeched a piano tinkled,25,K,4,medial,tinkled,260,296,36,65,66,276,284,276,284,0.9415199095781485
t12.2022.05.19,train,vocal,t12.2022.05.19,125,fiddles screeched a piano tinkled,26,AH,4,medial,tinkled,268,304,36,67,68,284,292,284,292,0.9125174851474808
t12.2022.05.19,train,vocal,t12.2022.05.19,125,fiddles screeched a piano tinkled,27,L,4,medial,tinkled,276,308,32,69,69,292,296,292,296,0.9998457032997461
t12.2022.05.19,train,vocal,t12.2022.05.19,125,fiddles screeched a piano tinkled,28,D,4,final,tinkled,280,312,32,70,70,296,300,296,300,0.999765671480062
t12.2022.05.19,train,vocal,t12.2022.05.19,125,fiddles screeched a piano tinkled,29,SIL,4,sil,tinkled,284,328,44,71,74,300,316,300,316,0.9066158578640648
t12.2022.05.19,train,vocal,t12.2022.05.19,126,yet he remains the fiercest of competitors,0,Y,0,initial,yet,36,72,36,9,10,52,60,16,64,0.9898825247227041
t12.2022.05.19,train,vocal,t12.2022.05.19,126,yet he remains the fiercest of competitors,1,EH,0,medial,yet,48,80,32,12,12,64,68,64,68,0.9999304025450475
t12.2022.05.19,train,vocal,t12.2022.05.19,126,yet he remains the fiercest of competitors,2,T,0,final,yet,52,84,32,13,13,68,72,68,72,0.999942869421609
t12.2022.05.19,train,vocal,t12.2022.05.19,126,yet he remains the fiercest of competitors,3,SIL,0,sil,yet,56,100,44,14,17,72,88,72,88,0.988612880849443
t12.2022.05.19,train,vocal,t12.2022.05.19,126,yet he remains the fiercest of competitors,4,HH,1,initial,he,72,108,36,18,19,88,96,88,100,0.9996862393690031
t12.2022.05.19,train,vocal,t12.2022.05.19,126,yet he remains the fiercest of competitors,5,IY,1,final,he,84,116,32,21,21,100,104,100,104,0.9999545287108591
t12.2022.05.19,train,vocal,t12.2022.05.19,126,yet he remains the fiercest of competitors,6,SIL,1,sil,he,88,132,44,22,25,104,120,104,120,0.9850787968862253
t12.2022.05.19,train,vocal,t12.2022.05.19,126,yet he remains the fiercest of competitors,7,R,2,initial,remains,104,144,40,26,28,120,132,120,132,0.8734457676080044
t12.2022.05.19,train,vocal,t12.2022.05.19,126,yet he remains the fiercest of competitors,8,IH,2,medial,remains,116,148,32,29,29,132,136,132,136,0.9996303296656103
t12.2022.05.19,train,vocal,t12.2022.05.19,126,yet he remains the fiercest of competitors,9,M,2,medial,remains,120,152,32,30,30,136,140,136,140,0.9945833311606412
t12.2022.05.19,train,vocal,t12.2022.05.19,126,yet he remains the fiercest of competitors,10,EY,2,medial,remains,124,164,40,31,33,140,152,140,152,0.8291990416070553
t12.2022.05.19,train,vocal,t12.2022.05.19,126,yet he remains the fiercest of competitors,11,N,2,medial,remains,136,168,32,34,34,152,156,152,156,0.971852608299986
t12.2022.05.19,train,vocal,t12.2022.05.19,126,yet he remains the fiercest of competitors,12,Z,2,final,remains,140,176,36,35,36,156,164,156,164,0.9916884743020493
t12.2022.05.19,train,vocal,t12.2022.05.19,126,yet he remains the fiercest of competitors,13,SIL,2,sil,remains,148,192,44,37,40,164,180,164,180,0.9557104463817532
t12.2022.05.19,train,vocal,t12.2022.05.19,126,yet he remains the fiercest of competitors,14,DH,3,initial,the,164,200,36,41,42,180,188,180,188,0.9098060401173738
t12.2022.05.19,train,vocal,t12.2022.05.19,126,yet he remains the fiercest of competitors,15,AH,3,final,the,172,208,36,43,44,188,196,188,196,0.9299893913378768
t12.2022.05.19,train,vocal,t12.2022.05.19,126,yet he remains the fiercest of competitors,16,SIL,3,sil,the,180,224,44,45,48,196,212,196,212,0.9999568665285843
t12.2022.05.19,train,vocal,t12.2022.05.19,126,yet he remains the fiercest of competitors,17,F,4,initial,fiercest,196,232,36,49,50,212,220,212,224,0.9581343536865932
t12.2022.05.19,train,vocal,t12.2022.05.19,126,yet he remains the fiercest of competitors,18,IH,4,medial,fiercest,208,240,32,52,52,224,228,224,228,0.9978865722957942
t12.2022.05.19,train,vocal,t12.2022.05.19,126,yet he remains the fiercest of competitors,19,R,4,medial,fiercest,212,244,32,53,53,228,232,228,232,0.9982600924826367
t12.2022.05.19,train,vocal,t12.2022.05.19,126,yet he remains the fiercest of competitors,20,S,4,medial,fiercest,216,260,44,54,57,232,248,232,248,0.7821582114382764
t12.2022.05.19,train,vocal,t12.2022.05.19,126,yet he remains the fiercest of competitors,21,AH,4,medial,fiercest,232,264,32,58,58,248,252,248,252,0.9950678185257155
t12.2022.05.19,train,vocal,t12.2022.05.19,126,yet he remains the fiercest of competitors,22,S,4,medial,fiercest,236,268,32,59,59,252,256,252,256,0.9999749539788001
t12.2022.05.19,train,vocal,t12.2022.05.19,126,yet he remains the fiercest of competitors,23,T,4,final,fiercest,240,276,36,60,61,256,264,256,264,0.8578730707791703
t12.2022.05.19,train,vocal,t12.2022.05.19,126,yet he remains the fiercest of competitors,24,SIL,4,sil,fiercest,248,300,52,62,67,264,288,264,296,0.9307542390140946
t12.2022.05.19,train,vocal,t12.2022.05.19,126,yet he remains the fiercest of competitors,25,AH,5,initial,of,284,316,32,71,71,300,304,296,304,0.9999989474321694
t12.2022.05.19,train,vocal,t12.2022.05.19,126,yet he remains the fiercest of competitors,26,V,5,final,of,288,320,32,72,72,304,308,304,308,0.9999998195264982
t12.2022.05.19,train,vocal,t12.2022.05.19,126,yet he remains the fiercest of competitors,27,SIL,5,sil,of,292,344,52,73,78,308,332,308,332,0.9578792054634246
t12.2022.05.19,train,vocal,t12.2022.05.19,126,yet he remains the fiercest of competitors,28,K,6,initial,competitors,316,348,32,79,79,332,336,332,340,0.9999934669354189
t12.2022.05.19,train,vocal,t12.2022.05.19,126,yet he remains the fiercest of competitors,29,AH,6,medial,competitors,324,356,32,81,81,340,344,340,344,0.9999651793559069
t12.2022.05.19,train,vocal,t12.2022.05.19,126,yet he remains the fiercest of competitors,30,M,6,medial,competitors,328,360,32,82,82,344,348,344,348,0.9997105263818471
t12.2022.05.19,train,vocal,t12.2022.05.19,126,yet he remains the fiercest of competitors,31,P,6,medial,competitors,332,368,36,83,84,348,356,348,360,0.7843491102579476
t12.2022.05.19,train,vocal,t12.2022.05.19,126,yet he remains the fiercest of competitors,32,EH,6,medial,competitors,344,376,32,86,86,360,364,360,364,0.9968483279704669
t12.2022.05.19,train,vocal,t12.2022.05.19,126,yet he remains the fiercest of competitors,33,T,6,medial,competitors,348,384,36,87,88,364,372,364,372,0.9825444485754045
t12.2022.05.19,train,vocal,t12.2022.05.19,126,yet he remains the fiercest of competitors,34,AH,6,medial,competitors,356,392,36,89,90,372,380,372,380,0.9778620436468455
t12.2022.05.19,train,vocal,t12.2022.05.19,126,yet he remains the fiercest of competitors,35,T,6,medial,competitors,364,404,40,91,93,380,392,380,392,0.9631565711173637
t12.2022.05.19,train,vocal,t12.2022.05.19,126,yet he remains the fiercest of competitors,36,ER,6,medial,competitors,376,416,40,94,96,392,404,392,404,0.9268677714042027
t12.2022.05.19,train,vocal,t12.2022.05.19,126,yet he remains the fiercest of competitors,37,Z,6,final,competitors,388,424,36,97,98,404,412,404,412,0.983166088755582
t12.2022.05.19,train,vocal,t12.2022.05.19,126,yet he remains the fiercest of competitors,38,SIL,6,sil,competitors,396,436,40,99,101,412,424,412,424,0.9995460357027595
t12.2022.05.19,train,vocal,t12.2022.05.19,127,false ideas surfeit another sector of our life,0,F,0,initial,false,56,88,32,14,14,72,76,16,80,0.9996299461173386
t12.2022.05.19,train,vocal,t12.2022.05.19,127,false ideas surfeit another sector of our life,1,AO,0,medial,false,68,100,32,17,17,84,88,80,88,0.9986193699409186
t12.2022.05.19,train,vocal,t12.2022.05.19,127,false ideas surfeit another sector of our life,2,L,0,medial,false,72,104,32,18,18,88,92,88,92,0.999953880743304
t12.2022.05.19,train,vocal,t12.2022.05.19,127,false ideas surfeit another sector of our life,3,S,0,final,false,76,108,32,19,19,92,96,92,96,0.9930831139579644
t12.2022.05.19,train,vocal,t12.2022.05.19,127,false ideas surfeit another sector of our life,4,SIL,0,sil,false,80,116,36,20,21,96,104,96,108,0.8051169043333192
t12.2022.05.19,train,vocal,t12.2022.05.19,127,false ideas surfeit another sector of our life,5,AY,1,initial,ideas,96,128,32,24,24,112,116,108,116,0.9999233204167168
t12.2022.05.19,train,vocal,t12.2022.05.19,127,false ideas surfeit another sector of our life,6,D,1,medial,ideas,100,132,32,25,25,116,120,116,120,0.9998407218238331
t12.2022.05.19,train,vocal,t12.2022.05.19,127,false ideas surfeit another sector of our life,7,IY,1,medial,ideas,104,144,40,26,28,120,132,120,132,0.7811974526462312
t12.2022.05.19,train,vocal,t12.2022.05.19,127,false ideas surfeit another sector of our life,8,AH,1,medial,ideas,116,148,32,29,29,132,136,132,136,0.9963072603150481
t12.2022.05.19,train,vocal,t12.2022.05.19,127,false ideas surfeit another sector of our life,9,Z,1,final,ideas,120,156,36,30,31,136,144,136,144,0.8334505041484174
t12.2022.05.19,train,vocal,t12.2022.05.19,127,false ideas surfeit another sector of our life,10,SIL,1,sil,ideas,128,164,36,32,33,144,152,144,152,0.9986258633891698
t12.2022.05.19,train,vocal,t12.2022.05.19,127,false ideas surfeit another sector of our life,11,S,2,initial,surfeit,136,172,36,34,35,152,160,152,164,0.9265417774000492
t12.2022.05.19,train,vocal,t12.2022.05.19,127,false ideas surfeit another sector of our life,12,ER,2,medial,surfeit,148,180,32,37,37,164,168,164,168,0.9997905659946789
t12.2022.05.19,train,vocal,t12.2022.05.19,127,false ideas surfeit another sector of our life,13,F,2,medial,surfeit,152,188,36,38,39,168,176,168,176,0.9898913617584074
t12.2022.05.19,train,vocal,t12.2022.05.19,127,false ideas surfeit another sector of our life,14,AH,2,medial,surfeit,160,196,36,40,41,176,184,176,184,0.9898709575732838
t12.2022.05.19,train,vocal,t12.2022.05.19,127,false ideas surfeit another sector of our life,15,T,2,final,surfeit,168,200,32,42,42,184,188,184,188,0.9992941879430225
t12.2022.05.19,train,vocal,t12.2022.05.19,127,false ideas surfeit another sector of our life,16,SIL,2,sil,surfeit,172,220,48,43,47,188,208,188,212,0.8272093312220244
t12.2022.05.19,train,vocal,t12.2022.05.19,127,false ideas surfeit another sector of our life,17,AH,3,initial,another,200,236,36,50,51,216,224,212,224,0.9684096714698507
t12.2022.05.19,train,vocal,t12.2022.05.19,127,false ideas surfeit another sector of our life,18,N,3,medial,another,208,240,32,52,52,224,228,224,228,0.9830047755846556
t12.2022.05.19,train,vocal,t12.2022.05.19,127,false ideas surfeit another sector of our life,19,AH,3,medial,another,212,248,36,53,54,228,236,228,236,0.9881314344610862
t12.2022.05.19,train,vocal,t12.2022.05.19,127,false ideas surfeit another sector of our life,20,DH,3,medial,another,220,252,32,55,55,236,240,236,240,0.9990445660923734
t12.2022.05.19,train,vocal,t12.2022.05.19,127,false ideas surfeit another sector of our life,21,ER,3,final,another,224,264,40,56,58,240,252,240,252,0.8294369008129623
t12.2022.05.19,train,vocal,t12.2022.05.19,127,false ideas surfeit another sector of our life,22,SIL,3,sil,another,236,272,36,59,60,252,260,252,260,0.9680717120923588
t12.2022.05.19,train,vocal,t12.2022.05.19,127,false ideas surfeit another sector of our life,23,S,4,initial,sector,244,280,36,61,62,260,268,260,272,0.9821176682789562
t12.2022.05.19,train,vocal,t12.2022.05.19,127,false ideas surfeit another sector of our life,24,EH,4,medial,sector,256,288,32,64,64,272,276,272,276,0.9971871335557144
t12.2022.05.19,train,vocal,t12.2022.05.19,127,false ideas surfeit another sector of our life,25,K,4,medial,sector,260,292,32,65,65,276,280,276,280,0.9997308547359682
t12.2022.05.19,train,vocal,t12.2022.05.19,127,false ideas surfeit another sector of our life,26,T,4,medial,sector,264,300,36,66,67,280,288,280,288,0.9815880894481475
t12.2022.05.19,train,vocal,t12.2022.05.19,127,false ideas surfeit another sector of our life,27,ER,4,final,sector,272,308,36,68,69,288,296,288,296,0.9987267802469926
t12.2022.05.19,train,vocal,t12.2022.05.19,127,false ideas surfeit another sector of our life,28,SIL,4,sil,sector,280,316,36,70,71,296,304,296,308,0.9436630767384371
t12.2022.05.19,train,vocal,t12.2022.05.19,127,false ideas surfeit another sector of our life,29,AH,5,initial,of,296,328,32,74,74,312,316,308,316,0.9999995988451308
t12.2022.05.19,train,vocal,t12.2022.05.19,127,false ideas surfeit another sector of our life,30,V,5,final,of,300,332,32,75,75,316,320,316,320,0.99999148664283
t12.2022.05.19,train,vocal,t12.2022.05.19,127,false ideas surfeit another sector of our life,31,SIL,5,sil,of,304,344,40,76,78,320,332,320,340,0.9633398225070339
t12.2022.05.19,train,vocal,t12.2022.05.19,127,false ideas surfeit another sector of our life,32,AW,6,initial,our,328,364,36,82,83,344,352,340,352,0.9464139702048284
t12.2022.05.19,train,vocal,t12.2022.05.19,127,false ideas surfeit another sector of our life,33,ER,6,final,our,336,372,36,84,85,352,360,352,360,0.9002994990655986
t12.2022.05.19,train,vocal,t12.2022.05.19,127,false ideas surfeit another sector of our life,34,SIL,6,sil,our,344,400,56,86,92,360,388,360,388,0.9290006687013503
t12.2022.05.19,train,vocal,t12.2022.05.19,127,false ideas surfeit another sector of our life,35,L,7,initial,life,372,408,36,93,94,388,396,388,400,0.9942363806065055
t12.2022.05.19,train,vocal,t12.2022.05.19,127,false ideas surfeit another sector of our life,36,AY,7,medial,life,384,416,32,96,96,400,404,400,404,0.9981889374310509
t12.2022.05.19,train,vocal,t12.2022.05.19,127,false ideas surfeit another sector of our life,37,F,7,final,life,388,420,32,97,97,404,408,404,408,0.9996549617673043
t12.2022.05.19,train,vocal,t12.2022.05.19,127,false ideas surfeit another sector of our life,38,SIL,7,sil,life,392,428,36,98,99,408,416,408,416,0.9968586006818165
t12.2022.05.19,train,vocal,t12.2022.05.19,128,nick has great vision,0,N,0,initial,nick,40,72,32,10,10,56,60,16,64,0.9996189191841853
t12.2022.05.19,train,vocal,t12.2022.05.19,128,nick has great vision,1,IH,0,medial,nick,48,80,32,12,12,64,68,64,68,0.999570234868034
t12.2022.05.19,train,vocal,t12.2022.05.19,128,nick has great vision,2,K,0,final,nick,52,92,40,13,15,68,80,68,80,0.9666250017936577
t12.2022.05.19,train,vocal,t12.2022.05.19,128,nick has great vision,3,SIL,0,sil,nick,64,104,40,16,18,80,92,80,92,0.9886425430411517
t12.2022.05.19,train,vocal,t12.2022.05.19,128,nick has great vision,4,HH,1,initial,has,76,112,36,19,20,92,100,92,104,0.9941039707306942
t12.2022.05.19,train,vocal,t12.2022.05.19,128,nick has great vision,5,AE,1,medial,has,88,120,32,22,22,104,108,104,108,0.9999955444432793
t12.2022.05.19,train,vocal,t12.2022.05.19,128,nick has great vision,6,Z,1,final,has,92,124,32,23,23,108,112,108,112,0.9999987859024536
t12.2022.05.19,train,vocal,t12.2022.05.19,128,nick has great vision,7,SIL,1,sil,has,96,144,48,24,28,112,132,112,132,0.96711362868965
t12.2022.05.19,train,vocal,t12.2022.05.19,128,nick has great vision,8,G,2,initial,great,116,148,32,29,29,132,136,132,136,0.9999756794641899
t12.2022.05.19,train,vocal,t12.2022.05.19,128,nick has great vision,9,R,2,medial,great,120,156,36,30,31,136,144,136,144,0.9983038667147988
t12.2022.05.19,train,vocal,t12.2022.05.19,128,nick has great vision,10,EY,2,medial,great,128,160,32,32,32,144,148,144,148,0.999906803721595
t12.2022.05.19,train,vocal,t12.2022.05.19,128,nick has great vision,11,T,2,final,great,132,164,32,33,33,148,152,148,152,0.9999799665015553
t12.2022.05.19,train,vocal,t12.2022.05.19,128,nick has great vision,12,SIL,2,sil,great,136,180,44,34,37,152,168,152,168,0.9059022007383519
t12.2022.05.19,train,vocal,t12.2022.05.19,128,nick has great vision,13,V,3,initial,vision,152,184,32,38,38,168,172,168,176,0.99999740583544
t12.2022.05.19,train,vocal,t12.2022.05.19,128,nick has great vision,14,IH,3,medial,vision,160,192,32,40,40,176,180,176,180,0.9974070434735415
t12.2022.05.19,train,vocal,t12.2022.05.19,128,nick has great vision,15,ZH,3,medial,vision,164,200,36,41,42,180,188,180,188,0.7897662237975263
t12.2022.05.19,train,vocal,t12.2022.05.19,128,nick has great vision,16,AH,3,medial,vision,172,212,40,43,45,188,200,188,200,0.910755992122926
t12.2022.05.19,train,vocal,t12.2022.05.19,128,nick has great vision,17,N,3,final,vision,184,216,32,46,46,200,204,200,204,0.9998187287494483
t12.2022.05.19,train,vocal,t12.2022.05.19,128,nick has great vision,18,SIL,3,sil,vision,188,240,52,47,52,204,228,204,228,0.9931662106682272
t12.2022.05.19,train,vocal,t12.2022.05.19,129,she must have put his clothes in the closet,0,SH,0,initial,she,48,80,32,12,12,64,68,16,72,0.9999524149457625
t12.2022.05.19,train,vocal,t12.2022.05.19,129,she must have put his clothes in the closet,1,IY,0,final,she,56,88,32,14,14,72,76,72,80,0.9999911309751396
t12.2022.05.19,train,vocal,t12.2022.05.19,129,she must have put his clothes in the closet,2,SIL,0,sil,she,64,104,40,16,18,80,92,80,92,0.9975182098346972
t12.2022.05.19,train,vocal,t12.2022.05.19,129,she must have put his clothes in the closet,3,M,1,initial,must,76,108,32,19,19,92,96,92,100,0.999998874077425
t12.2022.05.19,train,vocal,t12.2022.05.19,129,she must have put his clothes in the closet,4,AH,1,medial,must,88,120,32,22,22,104,108,100,108,0.9991740105936843
t12.2022.05.19,train,vocal,t12.2022.05.19,129,she must have put his clothes in the closet,5,S,1,medial,must,92,124,32,23,23,108,112,108,112,0.9997856126135138
t12.2022.05.19,train,vocal,t12.2022.05.19,129,she must have put his clothes in the closet,6,T,1,final,must,96,132,36,24,25,112,120,112,120,0.787078434042574
t12.2022.05.19,train,vocal,t12.2022.05.19,129,she must have put his clothes in the closet,7,SIL,1,sil,must,104,140,36,26,27,120,128,120,128,0.9926879747078199
t12.2022.05.19,train,vocal,t12.2022.05.19,129,she must have put his clothes in the closet,8,HH,2,initial,have,112,148,36,28,29,128,136,128,136,0.760222515088675
t12.2022.05.19,train,vocal,t12.2022.05.19,129,she must have put his clothes in the closet,9,AE,2,medial,have,120,152,32,30,30,136,140,136,140,0.9999937061296079
t12.2022.05.19,train,vocal,t12.2022.05.19,129,she must have put his clothes in the closet,10,V,2,final,have,124,156,32,31,31,140,144,140,144,0.9999747025375825
t12.2022.05.19,train,vocal,t12.2022.05.19,129,she must have put his clothes in the closet,11,SIL,2,sil,have,128,176,48,32,36,144,164,144,164,0.9866532832340233
t12.2022.05.19,train,vocal,t12.2022.05.19,129,she must have put his clothes in the closet,12,P,3,initial,put,148,180,32,37,37,164,168,164,172,0.9999234685616851
t12.2022.05.19,train,vocal,t12.2022.05.19,129,she must have put his clothes in the closet,13,UH,3,medial,put,156,188,32,39,39,172,176,172,176,0.9999441900297587
t12.2022.05.19,train,vocal,t12.2022.05.19,129,she must have put his clothes in the closet,14,T,3,final,put,160,196,36,40,41,176,184,176,184,0.9990417843447221
t12.2022.05.19,train,vocal,t12.2022.05.19,129,she must have put his clothes in the closet,15,SIL,3,sil,put,168,208,40,42,44,184,196,184,196,0.9325256379093596
t12.2022.05.19,train,vocal,t12.2022.05.19,129,she must have put his clothes in the closet,16,HH,4,initial,his,180,220,40,45,47,196,208,196,208,0.8331671796744669
t12.2022.05.19,train,vocal,t12.2022.05.19,129,she must have put his clothes in the closet,17,IH,4,medial,his,192,224,32,48,48,208,212,208,212,0.9999538210754192
t12.2022.05.19,train,vocal,t12.2022.05.19,129,she must have put his clothes in the closet,18,Z,4,final,his,196,228,32,49,49,212,216,212,216,0.9998196661935455
t12.2022.05.19,train,vocal,t12.2022.05.19,129,she must have put his clothes in the closet,19,SIL,4,sil,his,200,244,44,50,53,216,232,216,232,0.9988548085230544
t12.2022.05.19,train,vocal,t12.2022.05.19,129,she must have put his clothes in the closet,20,K,5,initial,clothes,216,248,32,54,54,232,236,232,236,0.9999516853950495
t12.2022.05.19,train,vocal,t12.2022.05.19,129,she must have put his clothes in the closet,21,L,5,medial,clothes,220,256,36,55,56,236,244,236,244,0.9963184295493235
t12.2022.05.19,train,vocal,t12.2022.05.19,129,she must have put his clothes in the closet,22,OW,5,medial,clothes,228,260,32,57,57,244,248,244,248,0.9999906757155155
t12.2022.05.19,train,vocal,t12.2022.05.19,129,she must have put his clothes in the closet,23,DH,5,medial,clothes,232,264,32,58,58,248,252,248,252,0.9985960380056166
t12.2022.05.19,train,vocal,t12.2022.05.19,129,she must have put his clothes in the closet,24,Z,5,final,clothes,236,272,36,59,60,252,260,252,260,0.9231505953202153
t12.2022.05.19,train,vocal,t12.2022.05.19,129,she must have put his clothes in the closet,25,SIL,5,sil,clothes,244,292,48,61,65,260,280,260,300,0.9993911843399117
t12.2022.05.19,train,vocal,t12.2022.05.19,129,she must have put his clothes in the closet,26,IH,6,initial,in,304,336,32,76,76,320,324,300,324,0.9999997366761463
t12.2022.05.19,train,vocal,t12.2022.05.19,129,she must have put his clothes in the closet,27,N,6,final,in,308,340,32,77,77,324,328,324,328,0.9999597332112509
t12.2022.05.19,train,vocal,t12.2022.05.19,129,she must have put his clothes in the closet,28,SIL,6,sil,in,312,360,48,78,82,328,348,328,348,0.8910147013668587
t12.2022.05.19,train,vocal,t12.2022.05.19,129,she must have put his clothes in the closet,29,DH,7,initial,the,332,364,32,83,83,348,352,348,356,0.9999985737761996
t12.2022.05.19,train,vocal,t12.2022.05.19,129,she must have put his clothes in the closet,30,AH,7,final,the,340,372,32,85,85,356,360,356,360,0.9999999093750893
t12.2022.05.19,train,vocal,t12.2022.05.19,129,she must have put his clothes in the closet,31,SIL,7,sil,the,344,388,44,86,89,360,376,360,376,0.945420980129052
t12.2022.05.19,train,vocal,t12.2022.05.19,129,she must have put his clothes in the closet,32,K,8,initial,closet,360,392,32,90,90,376,380,376,380,0.999431354298288
t12.2022.05.19,train,vocal,t12.2022.05.19,129,she must have put his clothes in the closet,33,L,8,medial,closet,364,400,36,91,92,380,388,380,388,0.9689974689204569
t12.2022.05.19,train,vocal,t12.2022.05.19,129,she must have put his clothes in the closet,34,AA,8,medial,closet,372,404,32,93,93,388,392,388,392,0.998905272947173
t12.2022.05.19,train,vocal,t12.2022.05.19,129,she must have put his clothes in the closet,35,Z,8,medial,closet,376,408,32,94,94,392,396,392,400,0.9997307756534906
t12.2022.05.19,train,vocal,t12.2022.05.19,129,she must have put his clothes in the closet,36,AH,8,medial,closet,384,420,36,96,97,400,408,400,408,0.9931367735938484
t12.2022.05.19,train,vocal,t12.2022.05.19,129,she must have put his clothes in the closet,37,T,8,final,closet,392,424,32,98,98,408,412,408,412,0.9999154634168277
t12.2022.05.19,train,vocal,t12.2022.05.19,129,she must have put his clothes in the closet,38,SIL,8,sil,closet,396,440,44,99,102,412,428,412,428,0.8875270707206842
t12.2022.05.19,train,vocal,t12.2022.05.19,130,the data are presented in lists and tables,0,DH,0,initial,the,40,76,36,10,11,56,64,16,64,0.9993200155317938
t12.2022.05.19,train,vocal,t12.2022.05.19,130,the data are presented in lists and tables,1,AH,0,final,the,48,80,32,12,12,64,68,64,68,0.9999990590290891
t12.2022.05.19,train,vocal,t12.2022.05.19,130,the data are presented in lists and tables,2,SIL,0,sil,the,52,92,40,13,15,68,80,68,80,0.8780652928597679
t12.2022.05.19,train,vocal,t12.2022.05.19,130,the data are presented in lists and tables,3,D,1,initial,data,64,96,32,16,16,80,84,80,88,0.9980428648859677
t12.2022.05.19,train,vocal,t12.2022.05.19,130,the data are presented in lists and tables,4,EY,1,medial,data,76,108,32,19,19,92,96,88,96,0.9983139780109682
t12.2022.05.19,train,vocal,t12.2022.05.19,130,the data are presented in lists and tables,5,T,1,medial,data,80,112,32,20,20,96,100,96,100,0.9997492467401004
t12.2022.05.19,train,vocal,t12.2022.05.19,130,the data are presented in lists and tables,6,AH,1,final,data,84,120,36,21,22,100,108,100,108,0.802111590665159
t12.2022.05.19,train,vocal,t12.2022.05.19,130,the data are presented in lists and tables,7,SIL,1,sil,data,92,136,44,23,26,108,124,108,128,0.8701855926596825
t12.2022.05.19,train,vocal,t12.2022.05.19,130,the data are presented in lists and tables,8,AA,2,initial,are,116,148,32,29,29,132,136,128,136,0.9994920148545671
t12.2022.05.19,train,vocal,t12.2022.05.19,130,the data are presented in lists and tables,9,R,2,final,are,120,152,32,30,30,136,140,136,140,0.9999986084802374
t12.2022.05.19,train,vocal,t12.2022.05.19,130,the data are presented in lists and tables,10,SIL,2,sil,are,124,180,56,31,37,140,168,140,168,0.9991984248781278
t12.2022.05.19,train,vocal,t12.2022.05.19,130,the data are presented in lists and tables,11,P,3,initial,presented,152,184,32,38,38,168,172,168,172,0.9996083703590797
t12.2022.05.19,train,vocal,t12.2022.05.19,130,the data are presented in lists and tables,12,R,3,medial,presented,156,188,32,39,39,172,176,172,176,0.999173843234679
t12.2022.05.19,train,vocal,t12.2022.05.19,130,the data are presented in lists and tables,13,IY,3,medial,presented,160,196,36,40,41,176,184,176,184,0.7978863447544253
t12.2022.05.19,train,vocal,t12.2022.05.19,130,the data are presented in lists and tables,14,Z,3,medial,presented,168,200,32,42,42,184,188,184,192,0.9984950460853389
t12.2022.05.19,train,vocal,t12.2022.05.19,130,the data are presented in lists and tables,15,EH,3,medial,presented,176,212,36,44,45,192,200,192,200,0.9287932152386746
t12.2022.05.19,train,vocal,t12.2022.05.19,130,the data are presented in lists and tables,16,N,3,medial,presented,184,216,32,46,46,200,204,200,204,0.9999160224729632
t12.2022.05.19,train,vocal,t12.2022.05.19,130,the data are presented in lists and tables,17,T,3,medial,presented,188,224,36,47,48,204,212,204,212,0.8435431776674567
t12.2022.05.19,train,vocal,t12.2022.05.19,130,the data are presented in lists and tables,18,AH,3,medial,presented,196,228,32,49,49,212,216,212,216,0.9998364281870898
t12.2022.05.19,train,vocal,t12.2022.05.19,130,the data are presented in lists and tables,19,D,3,final,presented,200,236,36,50,51,216,224,216,224,0.9940447310214245
t12.2022.05.19,train,vocal,t12.2022.05.19,130,the data are presented in lists and tables,20,SIL,3,sil,presented,208,248,40,52,54,224,236,224,240,0.8879791683321879
t12.2022.05.19,train,vocal,t12.2022.05.19,130,the data are presented in lists and tables,21,IH,4,initial,in,228,260,32,57,57,244,248,240,248,0.9999946319265819
t12.2022.05.19,train,vocal,t12.2022.05.19,130,the data are presented in lists and tables,22,N,4,final,in,232,264,32,58,58,248,252,248,252,0.9999990040430548
t12.2022.05.19,train,vocal,t12.2022.05.19,130,the data are presented in lists and tables,23,SIL,4,sil,in,236,284,48,59,63,252,272,252,272,0.8185544634526277
t12.2022.05.19,train,vocal,t12.2022.05.19,130,the data are presented in lists and tables,24,L,5,initial,lists,256,292,36,64,65,272,280,272,280,0.8385784955824047
t12.2022.05.19,train,vocal,t12.2022.05.19,130,the data are presented in lists and tables,25,IH,5,medial,lists,264,300,36,66,67,280,288,280,288,0.9968199203399511
t12.2022.05.19,train,vocal,t12.2022.05.19,130,the data are presented in lists and tables,26,S,5,medial,lists,272,304,32,68,68,288,292,288,292,0.9967864594388748
t12.2022.05.19,train,vocal,t12.2022.05.19,130,the data are presented in lists and tables,27,T,5,medial,lists,276,308,32,69,69,292,296,292,296,0.995001708451506
t12.2022.05.19,train,vocal,t12.2022.05.19,130,the data are presented in lists and tables,28,S,5,final,lists,280,316,36,70,71,296,304,296,304,0.8454893236779848
t12.2022.05.19,train,vocal,t12.2022.05.19,130,the data are presented in lists and tables,29,SIL,5,sil,lists,288,332,44,72,75,304,320,304,324,0.9124377062100362
t12.2022.05.19,train,vocal,t12.2022.05.19,130,the data are presented in lists and tables,30,AH,6,initial,and,312,344,32,78,78,328,332,324,332,0.9999987526460976
t12.2022.05.19,train,vocal,t12.2022.05.19,130,the data are presented in lists and tables,31,N,6,medial,and,316,348,32,79,79,332,336,332,336,0.9999756549956413
t12.2022.05.19,train,vocal,t12.2022.05.19,130,the data are presented in lists and tables,32,D,6,final,and,320,356,36,80,81,336,344,336,344,0.8576279588178832
t12.2022.05.19,train,vocal,t12.2022.05.19,130,the data are presented in lists and tables,33,SIL,6,sil,and,328,364,36,82,83,344,352,344,352,0.9972092742489258
t12.2022.05.19,train,vocal,t12.2022.05.19,130,the data are presented in lists and tables,34,T,7,initial,tables,336,368,32,84,84,352,356,352,360,0.9897450796061258
t12.2022.05.19,train,vocal,t12.2022.05.19,130,the data are presented in lists and tables,35,EY,7,medial,tables,348,380,32,87,87,364,368,360,368,0.99952489739307
t12.2022.05.19,train,vocal,t12.2022.05.19,130,the data are presented in lists and tables,36,B,7,medial,tables,352,392,40,88,90,368,380,368,380,0.9590390720345027
t12.2022.05.19,train,vocal,t12.2022.05.19,130,the data are presented in lists and tables,37,AH,7,medial,tables,364,396,32,91,91,380,384,380,384,0.9989602068622481
t12.2022.05.19,train,vocal,t12.2022.05.19,130,the data are presented in lists and tables,38,L,7,medial,tables,368,400,32,92,92,384,388,384,388,0.9999529626642787
t12.2022.05.19,train,vocal,t12.2022.05.19,130,the data are presented in lists and tables,39,Z,7,final,tables,372,408,36,93,94,388,396,388,396,0.9537194179365307
t12.2022.05.19,train,vocal,t12.2022.05.19,130,the data are presented in lists and tables,40,SIL,7,sil,tables,380,412,32,95,95,396,400,396,400,0.9996260167785973
t12.2022.05.19,train,vocal,t12.2022.05.19,131,go change your shoes before you turn around,0,G,0,initial,go,44,80,36,11,12,60,68,16,72,0.9938859110548928
t12.2022.05.19,train,vocal,t12.2022.05.19,131,go change your shoes before you turn around,1,OW,0,final,go,56,88,32,14,14,72,76,72,80,0.9999955715796667
t12.2022.05.19,train,vocal,t12.2022.05.19,131,go change your shoes before you turn around,2,SIL,0,sil,go,64,104,40,16,18,80,92,80,92,0.9979527424051762
t12.2022.05.19,train,vocal,t12.2022.05.19,131,go change your shoes before you turn around,3,CH,1,initial,change,76,112,36,19,20,92,100,92,104,0.970736293455055
t12.2022.05.19,train,vocal,t12.2022.05.19,131,go change your shoes before you turn around,4,EY,1,medial,change,88,120,32,22,22,104,108,104,108,0.9998405482286872
t12.2022.05.19,train,vocal,t12.2022.05.19,131,go change your shoes before you turn around,5,N,1,medial,change,92,124,32,23,23,108,112,108,112,0.9955455701067245
t12.2022.05.19,train,vocal,t12.2022.05.19,131,go change your shoes before you turn around,6,JH,1,final,change,96,132,36,24,25,112,120,112,120,0.9914006916533309
t12.2022.05.19,train,vocal,t12.2022.05.19,131,go change your shoes before you turn around,7,SIL,1,sil,change,104,144,40,26,28,120,132,120,132,0.9956852360260128
t12.2022.05.19,train,vocal,t12.2022.05.19,131,go change your shoes before you turn around,8,Y,2,initial,your,116,148,32,29,29,132,136,132,140,0.9993014097682406
t12.2022.05.19,train,vocal,t12.2022.05.19,131,go change your shoes before you turn around,9,AO,2,medial,your,124,156,32,31,31,140,144,140,144,0.9980639249118762
t12.2022.05.19,train,vocal,t12.2022.05.19,131,go change your shoes before you turn around,10,R,2,final,your,128,160,32,32,32,144,148,144,148,0.9999892202292654
t12.2022.05.19,train,vocal,t12.2022.05.19,131,go change your shoes before you turn around,11,SIL,2,sil,your,132,176,44,33,36,148,164,148,164,0.9557875917756887
t12.2022.05.19,train,vocal,t12.2022.05.19,131,go change your shoes before you turn around,12,SH,3,initial,shoes,148,180,32,37,37,164,168,164,172,0.9962831272704924
t12.2022.05.19,train,vocal,t12.2022.05.19,131,go change your shoes before you turn around,13,UW,3,medial,shoes,156,188,32,39,39,172,176,172,176,0.9971969609229632
t12.2022.05.19,train,vocal,t12.2022.05.19,131,go change your shoes before you turn around,14,Z,3,final,shoes,160,196,36,40,41,176,184,176,184,0.9760715222551845
t12.2022.05.19,train,vocal,t12.2022.05.19,131,go change your shoes before you turn around,15,SIL,3,sil,shoes,168,216,48,42,46,184,204,184,204,0.9896531360656085
t12.2022.05.19,train,vocal,t12.2022.05.19,131,go change your shoes before you turn around,16,B,4,initial,before,188,224,36,47,48,204,212,204,212,0.9719663569057657
t12.2022.05.19,train,vocal,t12.2022.05.19,131,go change your shoes before you turn around,17,IH,4,medial,before,196,232,36,49,50,212,220,212,220,0.7861576422250516
t12.2022.05.19,train,vocal,t12.2022.05.19,131,go change your shoes before you turn around,18,F,4,medial,before,204,236,32,51,51,220,224,220,224,0.9999076995229997
t12.2022.05.19,train,vocal,t12.2022.05.19,131,go change your shoes before you turn around,19,AO,4,medial,before,208,244,36,52,53,224,232,224,232,0.937014731285768
t12.2022.05.19,train,vocal,t12.2022.05.19,131,go change your shoes before you turn around,20,R,4,final,before,216,252,36,54,55,232,240,232,240,0.9578694764740378
t12.2022.05.19,train,vocal,t12.2022.05.19,131,go change your shoes before you turn around,21,SIL,4,sil,before,224,256,32,56,56,240,244,240,244,0.9997454302767534
t12.2022.05.19,train,vocal,t12.2022.05.19,131,go change your shoes before you turn around,22,Y,5,initial,you,228,264,36,57,58,244,252,244,252,0.9952676864851692
t12.2022.05.19,train,vocal,t12.2022.05.19,131,go change your shoes before you turn around,23,UW,5,final,you,236,268,32,59,59,252,256,252,256,0.9999433608171991
t12.2022.05.19,train,vocal,t12.2022.05.19,131,go change your shoes before you turn around,24,SIL,5,sil,you,240,280,40,60,62,256,268,256,268,0.9756192734050098
t12.2022.05.19,train,vocal,t12.2022.05.19,131,go change your shoes before you turn around,25,T,6,initial,turn,252,288,36,63,64,268,276,268,276,0.8249440628399543
t12.2022.05.19,train,vocal,t12.2022.05.19,131,go change your shoes before you turn around,26,ER,6,medial,turn,260,296,36,65,66,276,284,276,284,0.8423859608487572
t12.2022.05.19,train,vocal,t12.2022.05.19,131,go change your shoes before you turn around,27,N,6,final,turn,268,304,36,67,68,284,292,284,292,0.9885419034311203
t12.2022.05.19,train,vocal,t12.2022.05.19,131,go change your shoes before you turn around,28,SIL,6,sil,turn,276,320,44,69,72,292,308,292,312,0.9934952490934771
t12.2022.05.19,train,vocal,t12.2022.05.19,131,go change your shoes before you turn around,29,ER,7,initial,around,300,336,36,75,76,316,324,312,324,0.9932286737388469
t12.2022.05.19,train,vocal,t12.2022.05.19,131,go change your shoes before you turn around,30,AW,7,medial,around,308,344,36,77,78,324,332,324,332,0.769641721623729
t12.2022.05.19,train,vocal,t12.2022.05.19,131,go change your shoes before you turn around,31,N,7,medial,around,316,348,32,79,79,332,336,332,336,0.9859080367710324
t12.2022.05.19,train,vocal,t12.2022.05.19,131,go change your shoes before you turn around,32,D,7,final,around,320,356,36,80,81,336,344,336,344,0.9621387735748366
t12.2022.05.19,train,vocal,t12.2022.05.19,131,go change your shoes before you turn around,33,SIL,7,sil,around,328,360,32,82,82,344,348,344,348,0.9997932237585201
t12.2022.05.19,train,vocal,t12.2022.05.19,132,and then a barrage of hypotheticals began,0,AH,0,initial,and,56,88,32,14,14,72,76,16,76,0.9999491316499647
t12.2022.05.19,train,vocal,t12.2022.05.19,132,and then a barrage of hypotheticals began,1,N,0,medial,and,60,92,32,15,15,76,80,76,80,0.9999695633981058
t12.2022.05.19,train,vocal,t12.2022.05.19,132,and then a barrage of hypotheticals began,2,D,0,final,and,64,100,36,16,17,80,88,80,88,0.9994735950817351
t12.2022.05.19,train,vocal,t12.2022.05.19,132,and then a barrage of hypotheticals began,3,SIL,0,sil,and,72,108,36,18,19,88,96,88,96,0.9994166566959157
t12.2022.05.19,train,vocal,t12.2022.05.19,132,and then a barrage of hypotheticals began,4,DH,1,initial,then,80,116,36,20,21,96,104,96,108,0.936864164590747
t12.2022.05.19,train,vocal,t12.2022.05.19,132,and then a barrage of hypotheticals began,5,EH,1,medial,then,92,124,32,23,23,108,112,108,112,0.9999218923202438
t12.2022.05.19,train,vocal,t12.2022.05.19,132,and then a barrage of hypotheticals began,6,N,1,final,then,96,128,32,24,24,112,116,112,116,0.999352456622592
t12.2022.05.19,train,vocal,t12.2022.05.19,132,and then a barrage of hypotheticals began,7,SIL,1,sil,then,100,164,64,25,33,116,152,116,168,0.9942663477393742
t12.2022.05.19,train,vocal,t12.2022.05.19,132,and then a barrage of hypotheticals began,8,AH,2,single,a,168,200,32,42,42,184,188,168,188,0.9999856527292215
t12.2022.05.19,train,vocal,t12.2022.05.19,132,and then a barrage of hypotheticals began,9,SIL,2,sil,a,172,216,44,43,46,188,204,188,204,0.9433397559333336
t12.2022.05.19,train,vocal,t12.2022.05.19,132,and then a barrage of hypotheticals began,10,B,3,initial,barrage,188,220,32,47,47,204,208,204,212,0.999935582890064
t12.2022.05.19,train,vocal,t12.2022.05.19,132,and then a barrage of hypotheticals began,11,ER,3,medial,barrage,196,236,40,49,51,212,224,212,224,0.8056169954452305
t12.2022.05.19,train,vocal,t12.2022.05.19,132,and then a barrage of hypotheticals began,12,AA,3,medial,barrage,208,240,32,52,52,224,228,224,228,0.9997547235506797
t12.2022.05.19,train,vocal,t12.2022.05.19,132,and then a barrage of hypotheticals began,13,ZH,3,final,barrage,212,252,40,53,55,228,240,228,240,0.8044761679523901
t12.2022.05.19,train,vocal,t12.2022.05.19,132,and then a barrage of hypotheticals began,14,SIL,3,sil,barrage,224,268,44,56,59,240,256,240,264,0.9996221818259252
t12.2022.05.19,train,vocal,t12.2022.05.19,132,and then a barrage of hypotheticals began,15,AH,4,initial,of,252,284,32,63,63,268,272,264,272,0.9999998163972244
t12.2022.05.19,train,vocal,t12.2022.05.19,132,and then a barrage of hypotheticals began,16,V,4,final,of,256,288,32,64,64,272,276,272,276,0.9999968931272321
t12.2022.05.19,train,vocal,t12.2022.05.19,132,and then a barrage of hypotheticals began,17,SIL,4,sil,of,260,308,48,65,69,276,296,276,296,0.998710702844971
t12.2022.05.19,train,vocal,t12.2022.05.19,132,and then a barrage of hypotheticals began,18,HH,5,initial,hypotheticals,280,312,32,70,70,296,300,296,304,0.9997740317898832
t12.2022.05.19,train,vocal,t12.2022.05.19,132,and then a barrage of hypotheticals began,19,AY,5,medial,hypotheticals,292,324,32,73,73,308,312,304,312,0.9983595122334175
t12.2022.05.19,train,vocal,t12.2022.05.19,132,and then a barrage of hypotheticals began,20,P,5,medial,hypotheticals,296,332,36,74,75,312,320,312,320,0.9804658701095061
t12.2022.05.19,train,vocal,t12.2022.05.19,132,and then a barrage of hypotheticals began,21,AH,5,medial,hypotheticals,304,340,36,76,77,320,328,320,328,0.9946804994004348
t12.2022.05.19,train,vocal,t12.2022.05.19,132,and then a barrage of hypotheticals began,22,TH,5,medial,hypotheticals,312,348,36,78,79,328,336,328,340,0.9929908211525217
t12.2022.05.19,train,vocal,t12.2022.05.19,132,and then a barrage of hypotheticals began,23,EH,5,medial,hypotheticals,324,356,32,81,81,340,344,340,344,0.9990131735719157
t12.2022.05.19,train,vocal,t12.2022.05.19,132,and then a barrage of hypotheticals began,24,T,5,medial,hypotheticals,328,364,36,82,83,344,352,344,352,0.9926313834154755
t12.2022.05.19,train,vocal,t12.2022.05.19,132,and then a barrage of hypotheticals began,25,AH,5,medial,hypotheticals,336,372,36,84,85,352,360,352,360,0.8305199710273439
t12.2022.05.19,train,vocal,t12.2022.05.19,132,and then a barrage of hypotheticals began,26,K,5,medial,hypotheticals,344,380,36,86,87,360,368,360,368,0.9361065523558665
t12.2022.05.19,train,vocal,t12.2022.05.19,132,and then a barrage of hypotheticals began,27,AH,5,medial,hypotheticals,352,388,36,88,89,368,376,368,376,0.9943926236539226
t12.2022.05.19,train,vocal,t12.2022.05.19,132,and then a barrage of hypotheticals began,28,L,5,medial,hypotheticals,360,396,36,90,91,376,384,376,384,0.9899988209432504
t12.2022.05.19,train,vocal,t12.2022.05.19,132,and then a barrage of hypotheticals began,29,Z,5,final,hypotheticals,368,404,36,92,93,384,392,384,392,0.9970500251687335
t12.2022.05.19,train,vocal,t12.2022.05.19,132,and then a barrage of hypotheticals began,30,SIL,5,sil,hypotheticals,376,424,48,94,98,392,412,392,412,0.9168732060434209
t12.2022.05.19,train,vocal,t12.2022.05.19,132,and then a barrage of hypotheticals began,31,B,6,initial,began,396,428,32,99,99,412,416,412,420,0.9999726758486285
t12.2022.05.19,train,vocal,t12.2022.05.19,132,and then a barrage of hypotheticals began,32,IH,6,medial,began,404,436,32,101,101,420,424,420,424,0.9994588478804326
t12.2022.05.19,train,vocal,t12.2022.05.19,132,and then a barrage of hypotheticals began,33,G,6,medial,began,408,444,36,102,103,424,432,424,436,0.7565831497621973
t12.2022.05.19,train,vocal,t12.2022.05.19,132,and then a barrage of hypotheticals began,34,AE,6,medial,began,420,452,32,105,105,436,440,436,440,0.9995934936314554
t12.2022.05.19,train,vocal,t12.2022.05.19,132,and then a barrage of hypotheticals began,35,N,6,final,began,424,460,36,106,107,440,448,440,448,0.9580700644942294
t12.2022.05.19,train,vocal,t12.2022.05.19,132,and then a barrage of hypotheticals began,36,SIL,6,sil,began,432,480,48,108,112,448,468,448,468,0.9956215875607597
t12.2022.05.19,train,vocal,t12.2022.05.19,133,bring to a boil over a high flame,0,B,0,initial,bring,28,60,32,7,7,44,48,16,48,0.9999232255318606
t12.2022.05.19,train,vocal,t12.2022.05.19,133,bring to a boil over a high flame,1,R,0,medial,bring,32,68,36,8,9,48,56,48,56,0.9762492487923484
t12.2022.05.19,train,vocal,t12.2022.05.19,133,bring to a boil over a high flame,2,IH,0,medial,bring,40,72,32,10,10,56,60,56,60,0.9938153731398216
t12.2022.05.19,train,vocal,t12.2022.05.19,133,bring to a boil over a high flame,3,NG,0,final,bring,44,80,36,11,12,60,68,60,68,0.9981308417672012
t12.2022.05.19,train,vocal,t12.2022.05.19,133,bring to a boil over a high flame,4,SIL,0,sil,bring,52,92,40,13,15,68,80,68,80,0.9858210339895677
t12.2022.05.19,train,vocal,t12.2022.05.19,133,bring to a boil over a high flame,5,T,1,initial,to,64,96,32,16,16,80,84,80,88,0.9996372203564644
t12.2022.05.19,train,vocal,t12.2022.05.19,133,bring to a boil over a high flame,6,UW,1,final,to,72,104,32,18,18,88,92,88,92,0.9999996165632734
t12.2022.05.19,train,vocal,t12.2022.05.19,133,bring to a boil over a high flame,7,SIL,1,sil,to,76,120,44,19,22,92,108,92,112,0.8624164447501176
t12.2022.05.19,train,vocal,t12.2022.05.19,133,bring to a boil over a high flame,8,AH,2,single,a,96,128,32,24,24,112,116,112,116,0.9977286036199108
t12.2022.05.19,train,vocal,t12.2022.05.19,133,bring to a boil over a high flame,9,SIL,2,sil,a,100,140,40,25,27,116,128,116,128,0.9877585992652108
t12.2022.05.19,train,vocal,t12.2022.05.19,133,bring to a boil over a high flame,10,B,3,initial,boil,112,144,32,28,28,128,132,128,136,0.999500205291103
t12.2022.05.19,train,vocal,t12.2022.05.19,133,bring to a boil over a high flame,11,OY,3,medial,boil,124,156,32,31,31,140,144,136,144,0.9950000659065243
t12.2022.05.19,train,vocal,t12.2022.05.19,133,bring to a boil over a high flame,12,L,3,final,boil,128,168,40,32,34,144,156,144,156,0.8248834965115174
t12.2022.05.19,train,vocal,t12.2022.05.19,133,bring to a boil over a high flame,13,SIL,3,sil,boil,140,188,48,35,39,156,176,156,180,0.9201688076926919
t12.2022.05.19,train,vocal,t12.2022.05.19,133,bring to a boil over a high flame,14,OW,4,initial,over,168,200,32,42,42,184,188,180,188,0.9997943767564113
t12.2022.05.19,train,vocal,t12.2022.05.19,133,bring to a boil over a high flame,15,V,4,medial,over,172,204,32,43,43,188,192,188,192,0.999636380933483
t12.2022.05.19,train,vocal,t12.2022.05.19,133,bring to a boil over a high flame,16,ER,4,final,over,176,216,40,44,46,192,204,192,204,0.8630252276173657
t12.2022.05.19,train,vocal,t12.2022.05.19,133,bring to a boil over a high flame,17,SIL,4,sil,over,188,224,36,47,48,204,212,204,220,0.9993230495512722
t12.2022.05.19,train,vocal,t12.2022.05.19,133,bring to a boil over a high flame,18,AH,5,single,a,208,244,36,52,53,224,232,220,232,0.7423683205329974
t12.2022.05.19,train,vocal,t12.2022.05.19,133,bring to a boil over a high flame,19,SIL,5,sil,a,216,284,68,54,63,232,272,232,272,0.9984405191662902
t12.2022.05.19,train,vocal,t12.2022.05.19,133,bring to a boil over a high flame,20,HH,6,initial,high,256,292,36,64,65,272,280,272,284,0.8426708670006
t12.2022.05.19,train,vocal,t12.2022.05.19,133,bring to a boil over a high flame,21,AY,6,final,high,268,300,32,67,67,284,288,284,292,0.999879919383127
t12.2022.05.19,train,vocal,t12.2022.05.19,133,bring to a boil over a high flame,22,SIL,6,sil,high,276,324,48,69,73,292,312,292,312,0.9997466651348844
t12.2022.05.19,train,vocal,t12.2022.05.19,133,bring to a boil over a high flame,23,F,7,initial,flame,296,328,32,74,74,312,316,312,316,0.9991997694161038
t12.2022.05.19,train,vocal,t12.2022.05.19,133,bring to a boil over a high flame,24,L,7,medial,flame,300,336,36,75,76,316,324,316,324,0.9311027196843897
t12.2022.05.19,train,vocal,t12.2022.05.19,133,bring to a boil over a high flame,25,EY,7,medial,flame,308,344,36,77,78,324,332,324,332,0.7664869302673691
t12.2022.05.19,train,vocal,t12.2022.05.19,133,bring to a boil over a high flame,26,M,7,final,flame,316,348,32,79,79,332,336,332,336,0.9868172060679548
t12.2022.05.19,train,vocal,t12.2022.05.19,133,bring to a boil over a high flame,27,SIL,7,sil,flame,320,364,44,80,83,336,352,336,352,0.9924164522679133
t12.2022.05.19,train,vocal,t12.2022.05.19,134,such optimism was completely unjustified,0,S,0,initial,such,16,52,36,4,5,32,40,16,44,0.9708402288100118
t12.2022.05.19,train,vocal,t12.2022.05.19,134,such optimism was completely unjustified,1,AH,0,medial,such,28,60,32,7,7,44,48,44,48,0.9996464523929567
t12.2022.05.19,train,vocal,t12.2022.05.19,134,such optimism was completely unjustified,2,CH,0,final,such,32,68,36,8,9,48,56,48,56,0.9998239658411598
t12.2022.05.19,train,vocal,t12.2022.05.19,134,such optimism was completely unjustified,3,SIL,0,sil,such,40,76,36,10,11,56,64,56,68,0.9997443622814048
t12.2022.05.19,train,vocal,t12.2022.05.19,134,such optimism was completely unjustified,4,AA,1,initial,optimism,56,88,32,14,14,72,76,68,76,0.9991218673670431
t12.2022.05.19,train,vocal,t12.2022.05.19,134,such optimism was completely unjustified,5,P,1,medial,optimism,60,92,32,15,15,76,80,76,80,0.9949788046794824
t12.2022.05.19,train,vocal,t12.2022.05.19,134,such optimism was completely unjustified,6,T,1,medial,optimism,64,96,32,16,16,80,84,80,84,0.9733481871112449
t12.2022.05.19,train,vocal,t12.2022.05.19,134,such optimism was completely unjustified,7,AH,1,medial,optimism,68,104,36,17,18,84,92,84,92,0.9928331076896195
t12.2022.05.19,train,vocal,t12.2022.05.19,134,such optimism was completely unjustified,8,M,1,medial,optimism,76,112,36,19,20,92,100,92,100,0.8647481293180841
t12.2022.05.19,train,vocal,t12.2022.05.19,134,such optimism was completely unjustified,9,IH,1,medial,optimism,84,116,32,21,21,100,104,100,104,0.9992467729181645
t12.2022.05.19,train,vocal,t12.2022.05.19,134,such optimism was completely unjustified,10,Z,1,medial,optimism,88,124,36,22,23,104,112,104,112,0.9813909049813409
t12.2022.05.19,train,vocal,t12.2022.05.19,134,such optimism was completely unjustified,11,AH,1,medial,optimism,96,132,36,24,25,112,120,112,120,0.9804793410621967
t12.2022.05.19,train,vocal,t12.2022.05.19,134,such optimism was completely unjustified,12,M,1,final,optimism,104,140,36,26,27,120,128,120,128,0.960031664577069
t12.2022.05.19,train,vocal,t12.2022.05.19,134,such optimism was completely unjustified,13,SIL,1,sil,optimism,112,168,56,28,34,128,156,128,156,0.9998597903419694
t12.2022.05.19,train,vocal,t12.2022.05.19,134,such optimism was completely unjustified,14,W,2,initial,was,140,176,36,35,36,156,164,156,164,0.9741119769916329
t12.2022.05.19,train,vocal,t12.2022.05.19,134,such optimism was completely unjustified,15,AA,2,medial,was,148,184,36,37,38,164,172,164,172,0.9950061471863558
t12.2022.05.19,train,vocal,t12.2022.05.19,134,such optimism was completely unjustified,16,Z,2,final,was,156,188,32,39,39,172,176,172,176,0.9999947197482681
t12.2022.05.19,train,vocal,t12.2022.05.19,134,such optimism was completely unjustified,17,SIL,2,sil,was,160,204,44,40,43,176,192,176,192,0.9920048222783513
t12.2022.05.19,train,vocal,t12.2022.05.19,134,such optimism was completely unjustified,18,K,3,initial,completely,176,208,32,44,44,192,196,192,196,0.9998486741269924
t12.2022.05.19,train,vocal,t12.2022.05.19,134,such optimism was completely unjustified,19,AH,3,medial,completely,180,216,36,45,46,196,204,196,204,0.9960814481314436
t12.2022.05.19,train,vocal,t12.2022.05.19,134,such optimism was completely unjustified,20,M,3,medial,completely,188,220,32,47,47,204,208,204,208,0.9993143741445393
t12.2022.05.19,train,vocal,t12.2022.05.19,134,such optimism was completely unjustified,21,P,3,medial,completely,192,228,36,48,49,208,216,208,216,0.8766382952216886
t12.2022.05.19,train,vocal,t12.2022.05.19,134,such optimism was completely unjustified,22,L,3,medial,completely,200,232,32,50,50,216,220,216,220,0.9988142612865089
t12.2022.05.19,train,vocal,t12.2022.05.19,134,such optimism was completely unjustified,23,IY,3,medial,completely,204,236,32,51,51,220,224,220,224,0.9998961694127667
t12.2022.05.19,train,vocal,t12.2022.05.19,134,such optimism was completely unjustified,24,T,3,medial,completely,208,244,36,52,53,224,232,224,232,0.927031860242362
t12.2022.05.19,train,vocal,t12.2022.05.19,134,such optimism was completely unjustified,25,L,3,medial,completely,216,248,32,54,54,232,236,232,236,0.9990602174924235
t12.2022.05.19,train,vocal,t12.2022.05.19,134,such optimism was completely unjustified,26,IY,3,final,completely,220,256,36,55,56,236,244,236,244,0.8959639693952188
t12.2022.05.19,train,vocal,t12.2022.05.19,134,such optimism was completely unjustified,27,SIL,3,sil,completely,228,264,36,57,58,244,252,244,256,0.9923223360982589
t12.2022.05.19,train,vocal,t12.2022.05.19,134,such optimism was completely unjustified,28,AH,4,initial,unjustified,244,276,32,61,61,260,264,256,264,0.9766148932253399
t12.2022.05.19,train,vocal,t12.2022.05.19,134,such optimism was completely unjustified,29,N,4,medial,unjustified,248,280,32,62,62,264,268,264,268,0.9999504823810081
t12.2022.05.19,train,vocal,t12.2022.05.19,134,such optimism was completely unjustified,30,JH,4,medial,unjustified,252,288,36,63,64,268,276,268,280,0.9994519349530604
t12.2022.05.19,train,vocal,t12.2022.05.19,134,such optimism was completely unjustified,31,AH,4,medial,unjustified,268,300,32,67,67,284,288,280,288,0.9981150842443275
t12.2022.05.19,train,vocal,t12.2022.05.19,134,such optimism was completely unjustified,32,S,4,medial,unjustified,272,304,32,68,68,288,292,288,292,0.9859068203846133
t12.2022.05.19,train,vocal,t12.2022.05.19,134,such optimism was completely unjustified,33,T,4,medial,unjustified,276,308,32,69,69,292,296,292,296,0.9973380863455773
t12.2022.05.19,train,vocal,t12.2022.05.19,134,such optimism was completely unjustified,34,AH,4,medial,unjustified,280,312,32,70,70,296,300,296,300,0.994857796080698
t12.2022.05.19,train,vocal,t12.2022.05.19,134,such optimism was completely unjustified,35,F,4,medial,unjustified,284,320,36,71,72,300,308,300,308,0.7619785710394649
t12.2022.05.19,train,vocal,t12.2022.05.19,134,such optimism was completely unjustified,36,AY,4,medial,unjustified,292,328,36,73,74,308,316,308,316,0.9920091090717
t12.2022.05.19,train,vocal,t12.2022.05.19,134,such optimism was completely unjustified,37,D,4,final,unjustified,300,336,36,75,76,316,324,316,324,0.9893793877526165
t12.2022.05.19,train,vocal,t12.2022.05.19,134,such optimism was completely unjustified,38,SIL,4,sil,unjustified,308,348,40,77,79,324,336,324,336,0.9996866884508756
t12.2022.05.19,train,vocal,t12.2022.05.19,135,careful don't disturb her,0,K,0,initial,careful,16,48,32,4,4,32,36,16,40,0.9978043741173851
t12.2022.05.19,train,vocal,t12.2022.05.19,135,careful don't disturb her,1,EH,0,medial,careful,24,60,36,6,7,40,48,40,48,0.8483394116237759
t12.2022.05.19,train,vocal,t12.2022.05.19,135,careful don't disturb her,2,R,0,medial,careful,32,64,32,8,8,48,52,48,52,0.9992318785344128
t12.2022.05.19,train,vocal,t12.2022.05.19,135,careful don't disturb her,3,F,0,medial,careful,36,72,36,9,10,52,60,52,60,0.9855627185270958
t12.2022.05.19,train,vocal,t12.2022.05.19,135,careful don't disturb her,4,AH,0,medial,careful,44,76,32,11,11,60,64,60,64,0.9998570519116459
t12.2022.05.19,train,vocal,t12.2022.05.19,135,careful don't disturb her,5,L,0,final,careful,48,84,36,12,13,64,72,64,72,0.9915664963407131
t12.2022.05.19,train,vocal,t12.2022.05.19,135,careful don't disturb her,6,SIL,0,sil,careful,56,92,36,14,15,72,80,72,80,0.997071441668175
t12.2022.05.19,train,vocal,t12.2022.05.19,135,careful don't disturb her,7,D,1,initial,don't,64,96,32,16,16,80,84,80,88,0.999979008585448
t12.2022.05.19,train,vocal,t12.2022.05.19,135,careful don't disturb her,8,OW,1,medial,don't,72,104,32,18,18,88,92,88,92,0.9999989356505417
t12.2022.05.19,train,vocal,t12.2022.05.19,135,careful don't disturb her,9,N,1,medial,don't,76,108,32,19,19,92,96,92,96,0.9999854483272249
t12.2022.05.19,train,vocal,t12.2022.05.19,135,careful don't disturb her,10,T,1,final,don't,80,120,40,20,22,96,108,96,108,0.9466456005232716
t12.2022.05.19,train,vocal,t12.2022.05.19,135,careful don't disturb her,11,SIL,1,sil,don't,92,128,36,23,24,108,116,108,116,0.9996531231899536
t12.2022.05.19,train,vocal,t12.2022.05.19,135,careful don't disturb her,12,D,2,initial,disturb,100,132,32,25,25,116,120,116,124,0.9998715689915697
t12.2022.05.19,train,vocal,t12.2022.05.19,135,careful don't disturb her,13,IH,2,medial,disturb,108,140,32,27,27,124,128,124,128,0.9998793233991278
t12.2022.05.19,train,vocal,t12.2022.05.19,135,careful don't disturb her,14,S,2,medial,disturb,112,144,32,28,28,128,132,128,132,0.9998284381142513
t12.2022.05.19,train,vocal,t12.2022.05.19,135,careful don't disturb her,15,T,2,medial,disturb,116,152,36,29,30,132,140,132,140,0.877987078505672
t12.2022.05.19,train,vocal,t12.2022.05.19,135,careful don't disturb her,16,ER,2,medial,disturb,124,164,40,31,33,140,152,140,152,0.8953855164836456
t12.2022.05.19,train,vocal,t12.2022.05.19,135,careful don't disturb her,17,B,2,final,disturb,136,172,36,34,35,152,160,152,160,0.9909462015358868
t12.2022.05.19,train,vocal,t12.2022.05.19,135,careful don't disturb her,18,SIL,2,sil,disturb,144,188,44,36,39,160,176,160,176,0.9962643106002584
t12.2022.05.19,train,vocal,t12.2022.05.19,135,careful don't disturb her,19,HH,3,initial,her,160,196,36,40,41,176,184,176,184,0.9977264331848064
t12.2022.05.19,train,vocal,t12.2022.05.19,135,careful don't disturb her,20,ER,3,final,her,168,204,36,42,43,184,192,184,192,0.9995799521953365
t12.2022.05.19,train,vocal,t12.2022.05.19,135,careful don't disturb her,21,SIL,3,sil,her,176,216,40,44,46,192,204,192,204,0.9989037348324996
t12.2022.05.19,train,vocal,t12.2022.05.19,136,who do you want to see join the battle,0,HH,0,initial,who,28,60,32,7,7,44,48,16,52,0.999783573417547
t12.2022.05.19,train,vocal,t12.2022.05.19,136,who do you want to see join the battle,1,UW,0,final,who,36,68,32,9,9,52,56,52,60,0.9996051500115478
t12.2022.05.19,train,vocal,t12.2022.05.19,136,who do you want to see join the battle,2,SIL,0,sil,who,44,80,36,11,12,60,68,60,68,0.9984102200836541
t12.2022.05.19,train,vocal,t12.2022.05.19,136,who do you want to see join the battle,3,D,1,initial,do,52,92,40,13,15,68,80,68,96,0.7032808283845543
t12.2022.05.19,train,vocal,t12.2022.05.19,136,who do you want to see join the battle,4,UW,1,final,do,96,128,32,24,24,112,116,96,120,0.9996715583212554
t12.2022.05.19,train,vocal,t12.2022.05.19,136,who do you want to see join the battle,5,SIL,1,sil,do,104,144,40,26,28,120,132,120,132,0.9898532297149618
t12.2022.05.19,train,vocal,t12.2022.05.19,136,who do you want to see join the battle,6,Y,2,initial,you,116,152,36,29,30,132,140,132,140,0.9709903894448167
t12.2022.05.19,train,vocal,t12.2022.05.19,136,who do you want to see join the battle,7,UW,2,final,you,124,156,32,31,31,140,144,140,144,0.9999800019418328
t12.2022.05.19,train,vocal,t12.2022.05.19,136,who do you want to see join the battle,8,SIL,2,sil,you,128,168,40,32,34,144,156,144,156,0.9939645821803569
t12.2022.05.19,train,vocal,t12.2022.05.19,136,who do you want to see join the battle,9,W,3,initial,want,140,176,36,35,36,156,164,156,164,0.9979823910678691
t12.2022.05.19,train,vocal,t12.2022.05.19,136,who do you want to see join the battle,10,AA,3,medial,want,148,184,36,37,38,164,172,164,172,0.909296899622062
t12.2022.05.19,train,vocal,t12.2022.05.19,136,who do you want to see join the battle,11,N,3,medial,want,156,188,32,39,39,172,176,172,176,0.9997949999081055
t12.2022.05.19,train,vocal,t12.2022.05.19,136,who do you want to see join the battle,12,T,3,final,want,160,196,36,40,41,176,184,176,184,0.9092416834680647
t12.2022.05.19,train,vocal,t12.2022.05.19,136,who do you want to see join the battle,13,SIL,3,sil,want,168,232,64,42,50,184,220,184,220,0.9998881621340393
t12.2022.05.19,train,vocal,t12.2022.05.19,136,who do you want to see join the battle,14,T,4,initial,to,204,240,36,51,52,220,228,220,228,0.9015712597648899
t12.2022.05.19,train,vocal,t12.2022.05.19,136,who do you want to see join the battle,15,UW,4,final,to,212,244,32,53,53,228,232,228,232,0.9999991774280359
t12.2022.05.19,train,vocal,t12.2022.05.19,136,who do you want to see join the battle,16,SIL,4,sil,to,216,256,40,54,56,232,244,232,244,0.9690698230874079
t12.2022.05.19,train,vocal,t12.2022.05.19,136,who do you want to see join the battle,17,S,5,initial,see,228,264,36,57,58,244,252,244,256,0.9182960802976103
t12.2022.05.19,train,vocal,t12.2022.05.19,136,who do you want to see join the battle,18,IY,5,final,see,240,272,32,60,60,256,260,256,264,0.9996704189073418
t12.2022.05.19,train,vocal,t12.2022.05.19,136,who do you want to see join the battle,19,SIL,5,sil,see,248,292,44,62,65,264,280,264,280,0.9956958048515735
t12.2022.05.19,train,vocal,t12.2022.05.19,136,who do you want to see join the battle,20,JH,6,initial,join,264,296,32,66,66,280,284,280,288,0.9999865698186261
t12.2022.05.19,train,vocal,t12.2022.05.19,136,who do you want to see join the battle,21,OY,6,medial,join,272,304,32,68,68,288,292,288,292,0.9996411593870239
t12.2022.05.19,train,vocal,t12.2022.05.19,136,who do you want to see join the battle,22,N,6,final,join,276,312,36,69,70,292,300,292,300,0.9994063781300453
t12.2022.05.19,train,vocal,t12.2022.05.19,136,who do you want to see join the battle,23,SIL,6,sil,join,284,352,68,71,80,300,340,300,340,0.9945885900165807
t12.2022.05.19,train,vocal,t12.2022.05.19,136,who do you want to see join the battle,24,DH,7,initial,the,324,360,36,81,82,340,348,340,352,0.9843618706778461
t12.2022.05.19,train,vocal,t12.2022.05.19,136,who do you want to see join the battle,25,AH,7,final,the,336,368,32,84,84,352,356,352,356,0.999999983412559
t12.2022.05.19,train,vocal,t12.2022.05.19,136,who do you want to see join the battle,26,SIL,7,sil,the,340,384,44,85,88,356,372,356,372,0.9695709833839357
t12.2022.05.19,train,vocal,t12.2022.05.19,136,who do you want to see join the battle,27,B,8,initial,battle,356,388,32,89,89,372,376,372,380,0.9998103403027745
t12.2022.05.19,train,vocal,t12.2022.05.19,136,who do you want to see join the battle,28,AE,8,medial,battle,364,396,32,91,91,380,384,380,384,0.996394622478377
t12.2022.05.19,train,vocal,t12.2022.05.19,136,who do you want to see join the battle,29,T,8,medial,battle,368,400,32,92,92,384,388,384,388,0.9994942851423677
t12.2022.05.19,train,vocal,t12.2022.05.19,136,who do you want to see join the battle,30,AH,8,medial,battle,372,404,32,93,93,388,392,388,392,0.9836358367121358
t12.2022.05.19,train,vocal,t12.2022.05.19,136,who do you want to see join the battle,31,L,8,final,battle,376,408,32,94,94,392,396,392,396,0.9894687677208892
t12.2022.05.19,train,vocal,t12.2022.05.19,136,who do you want to see join the battle,32,SIL,8,sil,battle,380,412,32,95,95,396,400,396,400,0.9999546192218965
t12.2022.05.19,train,vocal,t12.2022.05.19,137,it's impossible to deal with bureaucracy,0,IH,0,initial,it's,28,60,32,7,7,44,48,16,48,0.99999902730046
t12.2022.05.19,train,vocal,t12.2022.05.19,137,it's impossible to deal with bureaucracy,1,T,0,medial,it's,32,64,32,8,8,48,52,48,52,0.9999959718092075
t12.2022.05.19,train,vocal,t12.2022.05.19,137,it's impossible to deal with bureaucracy,2,S,0,final,it's,36,72,36,9,10,52,60,52,60,0.9220277200380655
t12.2022.05.19,train,vocal,t12.2022.05.19,137,it's impossible to deal with bureaucracy,3,SIL,0,sil,it's,44,80,36,11,12,60,68,60,72,0.7610921022957174
t12.2022.05.19,train,vocal,t12.2022.05.19,137,it's impossible to deal with bureaucracy,4,IH,1,initial,impossible,56,88,32,14,14,72,76,72,76,0.9999136156042938
t12.2022.05.19,train,vocal,t12.2022.05.19,137,it's impossible to deal with bureaucracy,5,M,1,medial,impossible,60,92,32,15,15,76,80,76,80,0.9981340303367452
t12.2022.05.19,train,vocal,t12.2022.05.19,137,it's impossible to deal with bureaucracy,6,P,1,medial,impossible,64,100,36,16,17,80,88,80,92,0.9299067622873582
t12.2022.05.19,train,vocal,t12.2022.05.19,137,it's impossible to deal with bureaucracy,7,AA,1,medial,impossible,76,108,32,19,19,92,96,92,96,0.998439813817911
t12.2022.05.19,train,vocal,t12.2022.05.19,137,it's impossible to deal with bureaucracy,8,S,1,medial,impossible,80,116,36,20,21,96,104,96,104,0.9764363076436995
t12.2022.05.19,train,vocal,t12.2022.05.19,137,it's impossible to deal with bureaucracy,9,AH,1,medial,impossible,88,120,32,22,22,104,108,104,108,0.9977391128012179
t12.2022.05.19,train,vocal,t12.2022.05.19,137,it's impossible to deal with bureaucracy,10,B,1,medial,impossible,92,128,36,23,24,108,116,108,116,0.8257955763434883
t12.2022.05.19,train,vocal,t12.2022.05.19,137,it's impossible to deal with bureaucracy,11,AH,1,medial,impossible,100,140,40,25,27,116,128,116,128,0.8191115813743567
t12.2022.05.19,train,vocal,t12.2022.05.19,137,it's impossible to deal with bureaucracy,12,L,1,final,impossible,112,144,32,28,28,128,132,128,132,0.9993502111745588
t12.2022.05.19,train,vocal,t12.2022.05.19,137,it's impossible to deal with bureaucracy,13,SIL,1,sil,impossible,116,156,40,29,31,132,144,132,144,0.9944319780177454
t12.2022.05.19,train,vocal,t12.2022.05.19,137,it's impossible to deal with bureaucracy,14,T,2,initial,to,128,160,32,32,32,144,148,144,148,0.9999979533197347
t12.2022.05.19,train,vocal,t12.2022.05.19,137,it's impossible to deal with bureaucracy,15,UW,2,final,to,132,168,36,33,34,148,156,148,156,0.9952440818543451
t12.2022.05.19,train,vocal,t12.2022.05.19,137,it's impossible to deal with bureaucracy,16,SIL,2,sil,to,140,184,44,35,38,156,172,156,172,0.9785521006040243
t12.2022.05.19,train,vocal,t12.2022.05.19,137,it's impossible to deal with bureaucracy,17,D,3,initial,deal,156,188,32,39,39,172,176,172,180,0.9999593136650958
t12.2022.05.19,train,vocal,t12.2022.05.19,137,it's impossible to deal with bureaucracy,18,IY,3,medial,deal,164,196,32,41,41,180,184,180,184,0.9993339599313976
t12.2022.05.19,train,vocal,t12.2022.05.19,137,it's impossible to deal with bureaucracy,19,L,3,final,deal,168,208,40,42,44,184,196,184,196,0.9146780542351248
t12.2022.05.19,train,vocal,t12.2022.05.19,137,it's impossible to deal with bureaucracy,20,SIL,3,sil,deal,180,224,44,45,48,196,212,196,212,0.9658950995666955
t12.2022.05.19,train,vocal,t12.2022.05.19,137,it's impossible to deal with bureaucracy,21,W,4,initial,with,196,232,36,49,50,212,220,212,220,0.9467786141658008
t12.2022.05.19,train,vocal,t12.2022.05.19,137,it's impossible to deal with bureaucracy,22,IH,4,medial,with,204,240,36,51,52,220,228,220,228,0.9904812932529667
t12.2022.05.19,train,vocal,t12.2022.05.19,137,it's impossible to deal with bureaucracy,23,DH,4,final,with,212,244,32,53,53,228,232,228,232,0.9999991323994935
t12.2022.05.19,train,vocal,t12.2022.05.19,137,it's impossible to deal with bureaucracy,24,SIL,4,sil,with,216,272,56,54,60,232,260,232,260,0.9995473319112881
t12.2022.05.19,train,vocal,t12.2022.05.19,137,it's impossible to deal with bureaucracy,25,B,5,initial,bureaucracy,244,276,32,61,61,260,264,260,264,0.9997148218856102
t12.2022.05.19,train,vocal,t12.2022.05.19,137,it's impossible to deal with bureaucracy,26,Y,5,medial,bureaucracy,248,280,32,62,62,264,268,264,268,0.9988316801511153
t12.2022.05.19,train,vocal,t12.2022.05.19,137,it's impossible to deal with bureaucracy,27,UH,5,medial,bureaucracy,252,284,32,63,63,268,272,268,272,0.9980639359072887
t12.2022.05.19,train,vocal,t12.2022.05.19,137,it's impossible to deal with bureaucracy,28,R,5,medial,bureaucracy,256,288,32,64,64,272,276,272,284,0.9606809891553052
t12.2022.05.19,train,vocal,t12.2022.05.19,137,it's impossible to deal with bureaucracy,29,AA,5,medial,bureaucracy,272,308,36,68,69,288,296,284,296,0.9800388768071844
t12.2022.05.19,train,vocal,t12.2022.05.19,137,it's impossible to deal with bureaucracy,30,K,5,medial,bureaucracy,280,316,36,70,71,296,304,296,304,0.8562632089845281
t12.2022.05.19,train,vocal,t12.2022.05.19,137,it's impossible to deal with bureaucracy,31,R,5,medial,bureaucracy,288,324,36,72,73,304,312,304,312,0.9996268245523754
t12.2022.05.19,train,vocal,t12.2022.05.19,137,it's impossible to deal with bureaucracy,32,AH,5,medial,bureaucracy,296,332,36,74,75,312,320,312,320,0.979726558978048
t12.2022.05.19,train,vocal,t12.2022.05.19,137,it's impossible to deal with bureaucracy,33,S,5,medial,bureaucracy,304,340,36,76,77,320,328,320,328,0.9736942508998452
t12.2022.05.19,train,vocal,t12.2022.05.19,137,it's impossible to deal with bureaucracy,34,IY,5,final,bureaucracy,312,348,36,78,79,328,336,328,336,0.948595844094529
t12.2022.05.19,train,vocal,t12.2022.05.19,137,it's impossible to deal with bureaucracy,35,SIL,5,sil,bureaucracy,320,368,48,80,84,336,356,336,356,0.9999764020018681
t12.2022.05.19,train,vocal,t12.2022.05.19,138,that was part of our aversion to it initially,0,DH,0,initial,that,28,64,36,7,8,44,52,16,52,0.7559974114880188
t12.2022.05.19,train,vocal,t12.2022.05.19,138,that was part of our aversion to it initially,1,AE,0,medial,that,36,68,32,9,9,52,56,52,56,0.999995244010779
t12.2022.05.19,train,vocal,t12.2022.05.19,138,that was part of our aversion to it initially,2,T,0,final,that,40,72,32,10,10,56,60,56,60,0.9999807400437775
t12.2022.05.19,train,vocal,t12.2022.05.19,138,that was part of our aversion to it initially,3,SIL,0,sil,that,44,92,48,11,15,60,80,60,80,0.9202725868828173
t12.2022.05.19,train,vocal,t12.2022.05.19,138,that was part of our aversion to it initially,4,W,1,initial,was,64,100,36,16,17,80,88,80,88,0.9999740844993965
t12.2022.05.19,train,vocal,t12.2022.05.19,138,that was part of our aversion to it initially,5,AA,1,medial,was,72,108,36,18,19,88,96,88,96,0.9971291789583174
t12.2022.05.19,train,vocal,t12.2022.05.19,138,that was part of our aversion to it initially,6,Z,1,final,was,80,112,32,20,20,96,100,96,100,0.9999130351890276
t12.2022.05.19,train,vocal,t12.2022.05.19,138,that was part of our aversion to it initially,7,SIL,1,sil,was,84,124,40,21,23,100,112,100,112,0.9966651980199339
t12.2022.05.19,train,vocal,t12.2022.05.19,138,that was part of our aversion to it initially,8,P,2,initial,part,96,128,32,24,24,112,116,112,120,0.9999769528880512
t12.2022.05.19,train,vocal,t12.2022.05.19,138,that was part of our aversion to it initially,9,AA,2,medial,part,104,136,32,26,26,120,124,120,124,0.9999661029170493
t12.2022.05.19,train,vocal,t12.2022.05.19,138,that was part of our aversion to it initially,10,R,2,medial,part,108,140,32,27,27,124,128,124,128,0.9999508749680692
t12.2022.05.19,train,vocal,t12.2022.05.19,138,that was part of our aversion to it initially,11,T,2,final,part,112,148,36,28,29,128,136,128,136,0.9995131573350133
t12.2022.05.19,train,vocal,t12.2022.05.19,138,that was part of our aversion to it initially,12,SIL,2,sil,part,120,156,36,30,31,136,144,136,152,0.9990214472023142
t12.2022.05.19,train,vocal,t12.2022.05.19,138,that was part of our aversion to it initially,13,AH,3,initial,of,140,172,32,35,35,156,160,152,160,0.9999979945548622
t12.2022.05.19,train,vocal,t12.2022.05.19,138,that was part of our aversion to it initially,14,V,3,final,of,144,176,32,36,36,160,164,160,164,0.9999884900267041
t12.2022.05.19,train,vocal,t12.2022.05.19,138,that was part of our aversion to it initially,15,SIL,3,sil,of,148,200,52,37,42,164,188,164,196,0.9673275250287255
t12.2022.05.19,train,vocal,t12.2022.05.19,138,that was part of our aversion to it initially,16,AW,4,initial,our,184,216,32,46,46,200,204,196,204,0.9999782540260763
t12.2022.05.19,train,vocal,t12.2022.05.19,138,that was part of our aversion to it initially,17,ER,4,final,our,188,224,36,47,48,204,212,204,212,0.993375052486843
t12.2022.05.19,train,vocal,t12.2022.05.19,138,that was part of our aversion to it initially,18,SIL,4,sil,our,196,236,40,49,51,212,224,212,228,0.9961861230361349
t12.2022.05.19,train,vocal,t12.2022.05.19,138,that was part of our aversion to it initially,19,AH,5,initial,aversion,216,248,32,54,54,232,236,228,236,0.9993577803169781
t12.2022.05.19,train,vocal,t12.2022.05.19,138,that was part of our aversion to it initially,20,V,5,medial,aversion,220,256,36,55,56,236,244,236,244,0.9988206070639196
t12.2022.05.19,train,vocal,t12.2022.05.19,138,that was part of our aversion to it initially,21,ER,5,medial,aversion,228,264,36,57,58,244,252,244,252,0.9628333417161261
t12.2022.05.19,train,vocal,t12.2022.05.19,138,that was part of our aversion to it initially,22,ZH,5,medial,aversion,236,272,36,59,60,252,260,252,260,0.9976953659039983
t12.2022.05.19,train,vocal,t12.2022.05.19,138,that was part of our aversion to it initially,23,AH,5,medial,aversion,244,280,36,61,62,260,268,260,268,0.9992734098595683
t12.2022.05.19,train,vocal,t12.2022.05.19,138,that was part of our aversion to it initially,24,N,5,final,aversion,252,284,32,63,63,268,272,268,272,0.9999764726307152
t12.2022.05.19,train,vocal,t12.2022.05.19,138,that was part of our aversion to it initially,25,SIL,5,sil,aversion,256,320,64,64,72,272,308,272,308,0.9815357425564516
t12.2022.05.19,train,vocal,t12.2022.05.19,138,that was part of our aversion to it initially,26,T,6,initial,to,292,324,32,73,73,308,312,308,312,0.9999937121251133
t12.2022.05.19,train,vocal,t12.2022.05.19,138,that was part of our aversion to it initially,27,UW,6,final,to,296,328,32,74,74,312,316,312,316,0.9999996033351964
t12.2022.05.19,train,vocal,t12.2022.05.19,138,that was part of our aversion to it initially,28,SIL,6,sil,to,300,344,44,75,78,316,332,316,336,0.8509864904915975
t12.2022.05.19,train,vocal,t12.2022.05.19,138,that was part of our aversion to it initially,29,IH,7,initial,it,320,352,32,80,80,336,340,336,340,0.9999994811111016
t12.2022.05.19,train,vocal,t12.2022.05.19,138,that was part of our aversion to it initially,30,T,7,final,it,324,356,32,81,81,340,344,340,344,0.999951088500896
t12.2022.05.19,train,vocal,t12.2022.05.19,138,that was part of our aversion to it initially,31,SIL,7,sil,it,328,372,44,82,85,344,360,344,364,0.9584106941060397
t12.2022.05.19,train,vocal,t12.2022.05.19,138,that was part of our aversion to it initially,32,IH,8,initial,initially,352,384,32,88,88,368,372,364,372,0.9998576691615837
t12.2022.05.19,train,vocal,t12.2022.05.19,138,that was part of our aversion to it initially,33,N,8,medial,initially,356,392,36,89,90,372,380,372,384,0.9968756192972354
t12.2022.05.19,train,vocal,t12.2022.05.19,138,that was part of our aversion to it initially,34,IH,8,medial,initially,368,400,32,92,92,384,388,384,388,0.9998978619393425
t12.2022.05.19,train,vocal,t12.2022.05.19,138,that was part of our aversion to it initially,35,SH,8,medial,initially,372,408,36,93,94,388,396,388,396,0.9990763474945302
t12.2022.05.19,train,vocal,t12.2022.05.19,138,that was part of our aversion to it initially,36,AH,8,medial,initially,380,420,40,95,97,396,408,396,408,0.9899396211379994
t12.2022.05.19,train,vocal,t12.2022.05.19,138,that was part of our aversion to it initially,37,L,8,medial,initially,392,428,36,98,99,408,416,408,416,0.9720898452869746
t12.2022.05.19,train,vocal,t12.2022.05.19,138,that was part of our aversion to it initially,38,IY,8,final,initially,400,432,32,100,100,416,420,416,420,0.9999672638367946
t12.2022.05.19,train,vocal,t12.2022.05.19,138,that was part of our aversion to it initially,39,SIL,8,sil,initially,404,444,40,101,103,420,432,420,432,0.987234333805572
t12.2022.05.19,train,vocal,t12.2022.05.19,139,mix well and let the curry come to a boil,0,M,0,initial,mix,20,52,32,5,5,36,40,16,44,0.998164721231445
t12.2022.05.19,train,vocal,t12.2022.05.19,139,mix well and let the curry come to a boil,1,IH,0,medial,mix,28,60,32,7,7,44,48,44,48,0.9909494929830072
t12.2022.05.19,train,vocal,t12.2022.05.19,139,mix well and let the curry come to a boil,2,K,0,medial,mix,32,64,32,8,8,48,52,48,52,0.9985030806994237
t12.2022.05.19,train,vocal,t12.2022.05.19,139,mix well and let the curry come to a boil,3,S,0,final,mix,36,72,36,9,10,52,60,52,60,0.893761215904487
t12.2022.05.19,train,vocal,t12.2022.05.19,139,mix well and let the curry come to a boil,4,SIL,0,sil,mix,44,80,36,11,12,60,68,60,68,0.9816860089223487
t12.2022.05.19,train,vocal,t12.2022.05.19,139,mix well and let the curry come to a boil,5,W,1,initial,well,52,84,32,13,13,68,72,68,76,0.9999904933926004
t12.2022.05.19,train,vocal,t12.2022.05.19,139,mix well and let the curry come to a boil,6,EH,1,medial,well,60,92,32,15,15,76,80,76,80,0.9998853699254643
t12.2022.05.19,train,vocal,t12.2022.05.19,139,mix well and let the curry come to a boil,7,L,1,final,well,64,100,36,16,17,80,88,80,88,0.9750663393596887
t12.2022.05.19,train,vocal,t12.2022.05.19,139,mix well and let the curry come to a boil,8,SIL,1,sil,well,72,116,44,18,21,88,104,88,112,0.9067989749357566
t12.2022.05.19,train,vocal,t12.2022.05.19,139,mix well and let the curry come to a boil,9,AH,2,initial,and,100,132,32,25,25,116,120,112,120,0.9999983938471981
t12.2022.05.19,train,vocal,t12.2022.05.19,139,mix well and let the curry come to a boil,10,N,2,medial,and,104,136,32,26,26,120,124,120,124,0.999980911136507
t12.2022.05.19,train,vocal,t12.2022.05.19,139,mix well and let the curry come to a boil,11,D,2,final,and,108,148,40,27,29,124,136,124,136,0.8366576668185676
t12.2022.05.19,train,vocal,t12.2022.05.19,139,mix well and let the curry come to a boil,12,SIL,2,sil,and,120,168,48,30,34,136,156,136,156,0.9993396329236146
t12.2022.05.19,train,vocal,t12.2022.05.19,139,mix well and let the curry come to a boil,13,L,3,initial,let,140,176,36,35,36,156,164,156,168,0.9971384813893971
t12.2022.05.19,train,vocal,t12.2022.05.19,139,mix well and let the curry come to a boil,14,EH,3,medial,let,152,184,32,38,38,168,172,168,172,0.9998628753257498
t12.2022.05.19,train,vocal,t12.2022.05.19,139,mix well and let the curry come to a boil,15,T,3,final,let,156,188,32,39,39,172,176,172,176,0.999849174591006
t12.2022.05.19,train,vocal,t12.2022.05.19,139,mix well and let the curry come to a boil,16,SIL,3,sil,let,160,200,40,40,42,176,188,176,188,0.6867994269028231
t12.2022.05.19,train,vocal,t12.2022.05.19,139,mix well and let the curry come to a boil,17,DH,4,initial,the,172,204,32,43,43,188,192,188,192,0.9999855092101437
t12.2022.05.19,train,vocal,t12.2022.05.19,139,mix well and let the curry come to a boil,18,AH,4,final,the,176,212,36,44,45,192,200,192,200,0.9137043601678463
t12.2022.05.19,train,vocal,t12.2022.05.19,139,mix well and let the curry come to a boil,19,SIL,4,sil,the,184,220,36,46,47,200,208,200,208,0.9978656849880575
t12.2022.05.19,train,vocal,t12.2022.05.19,139,mix well and let the curry come to a boil,20,K,5,initial,curry,192,228,36,48,49,208,216,208,216,0.9307183504368677
t12.2022.05.19,train,vocal,t12.2022.05.19,139,mix well and let the curry come to a boil,21,AH,5,medial,curry,200,236,36,50,51,216,224,216,224,0.9906702720137834
t12.2022.05.19,train,vocal,t12.2022.05.19,139,mix well and let the curry come to a boil,22,R,5,medial,curry,208,240,32,52,52,224,228,224,228,0.9891096840290569
t12.2022.05.19,train,vocal,t12.2022.05.19,139,mix well and let the curry come to a boil,23,IY,5,final,curry,212,252,40,53,55,228,240,228,240,0.8628890392502497
t12.2022.05.19,train,vocal,t12.2022.05.19,139,mix well and let the curry come to a boil,24,SIL,5,sil,curry,224,280,56,56,62,240,268,240,268,0.9937243105638193
t12.2022.05.19,train,vocal,t12.2022.05.19,139,mix well and let the curry come to a boil,25,K,6,initial,come,252,284,32,63,63,268,272,268,276,0.9999929063163441
t12.2022.05.19,train,vocal,t12.2022.05.19,139,mix well and let the curry come to a boil,26,AH,6,medial,come,264,296,32,66,66,280,284,276,284,0.9998980095648378
t12.2022.05.19,train,vocal,t12.2022.05.19,139,mix well and let the curry come to a boil,27,M,6,final,come,268,304,36,67,68,284,292,284,292,0.9965474317493522
t12.2022.05.19,train,vocal,t12.2022.05.19,139,mix well and let the curry come to a boil,28,SIL,6,sil,come,276,320,44,69,72,292,308,292,308,0.9831403903453286
t12.2022.05.19,train,vocal,t12.2022.05.19,139,mix well and let the curry come to a boil,29,T,7,initial,to,292,324,32,73,73,308,312,308,316,0.9999997988428444
t12.2022.05.19,train,vocal,t12.2022.05.19,139,mix well and let the curry come to a boil,30,UW,7,final,to,300,332,32,75,75,316,320,316,320,0.9999988729293321
t12.2022.05.19,train,vocal,t12.2022.05.19,139,mix well and let the curry come to a boil,31,SIL,7,sil,to,304,344,40,76,78,320,332,320,336,0.8917237359609418
t12.2022.05.19,train,vocal,t12.2022.05.19,139,mix well and let the curry come to a boil,32,AH,8,single,a,324,360,36,81,82,340,348,336,348,0.957744174668729
t12.2022.05.19,train,vocal,t12.2022.05.19,139,mix well and let the curry come to a boil,33,SIL,8,sil,a,332,376,44,83,86,348,364,348,364,0.9993831999098461
t12.2022.05.19,train,vocal,t12.2022.05.19,139,mix well and let the curry come to a boil,34,B,9,initial,boil,348,384,36,87,88,364,372,364,376,0.931177581730452
t12.2022.05.19,train,vocal,t12.2022.05.19,139,mix well and let the curry come to a boil,35,OY,9,medial,boil,360,392,32,90,90,376,380,376,380,0.999871933666368
t12.2022.05.19,train,vocal,t12.2022.05.19,139,mix well and let the curry come to a boil,36,L,9,final,boil,364,400,36,91,92,380,388,380,388,0.9724021313920195
t12.2022.05.19,train,vocal,t12.2022.05.19,139,mix well and let the curry come to a boil,37,SIL,9,sil,boil,372,420,48,93,97,388,408,388,408,0.9999920323692757
t12.2022.05.19,train,vocal,t12.2022.05.19,140,their privations are almost beyond endurance,0,DH,0,initial,their,16,48,32,4,4,32,36,16,40,0.9999840983674677
t12.2022.05.19,train,vocal,t12.2022.05.19,140,their privations are almost beyond endurance,1,EH,0,medial,their,24,56,32,6,6,40,44,40,44,0.9999014871617679
t12.2022.05.19,train,vocal,t12.2022.05.19,140,their privations are almost beyond endurance,2,R,0,final,their,28,60,32,7,7,44,48,44,48,0.9999548876856251
t12.2022.05.19,train,vocal,t12.2022.05.19,140,their privations are almost beyond endurance,3,SIL,0,sil,their,32,72,40,8,10,48,60,48,60,0.9768559911065838
t12.2022.05.19,train,vocal,t12.2022.05.19,140,their privations are almost beyond endurance,4,P,1,initial,privations,44,76,32,11,11,60,64,60,64,0.9999682311673556
t12.2022.05.19,train,vocal,t12.2022.05.19,140,their privations are almost beyond endurance,5,R,1,medial,privations,48,84,36,12,13,64,72,64,72,0.997100288539735
t12.2022.05.19,train,vocal,t12.2022.05.19,140,their privations are almost beyond endurance,6,AY,1,medial,privations,56,88,32,14,14,72,76,72,76,0.9854780521189466
t12.2022.05.19,train,vocal,t12.2022.05.19,140,their privations are almost beyond endurance,7,V,1,medial,privations,60,96,36,15,16,76,84,76,84,0.9810085459241311
t12.2022.05.19,train,vocal,t12.2022.05.19,140,their privations are almost beyond endurance,8,EY,1,medial,privations,68,104,36,17,18,84,92,84,92,0.9463136498431963
t12.2022.05.19,train,vocal,t12.2022.05.19,140,their privations are almost beyond endurance,9,SH,1,medial,privations,76,112,36,19,20,92,100,92,100,0.9832043799384943
t12.2022.05.19,train,vocal,t12.2022.05.19,140,their privations are almost beyond endurance,10,AH,1,medial,privations,84,120,36,21,22,100,108,100,108,0.8593840125162453
t12.2022.05.19,train,vocal,t12.2022.05.19,140,their privations are almost beyond endurance,11,N,1,medial,privations,92,124,32,23,23,108,112,108,112,0.9996509444137209
t12.2022.05.19,train,vocal,t12.2022.05.19,140,their privations are almost beyond endurance,12,Z,1,final,privations,96,132,36,24,25,112,120,112,120,0.9522094299024702
t12.2022.05.19,train,vocal,t12.2022.05.19,140,their privations are almost beyond endurance,13,SIL,1,sil,privations,104,140,36,26,27,120,128,120,132,0.9919052748091728
t12.2022.05.19,train,vocal,t12.2022.05.19,140,their privations are almost beyond endurance,14,AA,2,initial,are,116,148,32,29,29,132,136,132,136,0.9999522854017265
t12.2022.05.19,train,vocal,t12.2022.05.19,140,their privations are almost beyond endurance,15,R,2,final,are,120,152,32,30,30,136,140,136,140,0.9999830030173703
t12.2022.05.19,train,vocal,t12.2022.05.19,140,their privations are almost beyond endurance,16,SIL,2,sil,are,124,164,40,31,33,140,152,140,156,0.9848124575307547
t12.2022.05.19,train,vocal,t12.2022.05.19,140,their privations are almost beyond endurance,17,AO,3,initial,almost,140,172,32,35,35,156,160,156,160,0.9975676662733843
t12.2022.05.19,train,vocal,t12.2022.05.19,140,their privations are almost beyond endurance,18,L,3,medial,almost,144,180,36,36,37,160,168,160,168,0.9674581254749678
t12.2022.05.19,train,vocal,t12.2022.05.19,140,their privations are almost beyond endurance,19,M,3,medial,almost,152,184,32,38,38,168,172,168,172,0.974782709228604
t12.2022.05.19,train,vocal,t12.2022.05.19,140,their privations are almost beyond endurance,20,OW,3,medial,almost,156,192,36,39,40,172,180,172,180,0.8179197075340834
t12.2022.05.19,train,vocal,t12.2022.05.19,140,their privations are almost beyond endurance,21,S,3,medial,almost,164,196,32,41,41,180,184,180,184,0.9987791808397098
t12.2022.05.19,train,vocal,t12.2022.05.19,140,their privations are almost beyond endurance,22,T,3,final,almost,168,204,36,42,43,184,192,184,192,0.9252575817310149
t12.2022.05.19,train,vocal,t12.2022.05.19,140,their privations are almost beyond endurance,23,SIL,3,sil,almost,176,208,32,44,44,192,196,192,196,0.9950408068795588
t12.2022.05.19,train,vocal,t12.2022.05.19,140,their privations are almost beyond endurance,24,B,4,initial,beyond,180,212,32,45,45,196,200,196,204,0.9997804615112086
t12.2022.05.19,train,vocal,t12.2022.05.19,140,their privations are almost beyond endurance,25,IH,4,medial,beyond,188,220,32,47,47,204,208,204,216,0.99658852983596
t12.2022.05.19,train,vocal,t12.2022.05.19,140,their privations are almost beyond endurance,26,AA,4,medial,beyond,208,240,32,52,52,224,228,216,228,0.9997575143547235
t12.2022.05.19,train,vocal,t12.2022.05.19,140,their privations are almost beyond endurance,27,N,4,medial,beyond,212,248,36,53,54,228,236,228,236,0.9334093174277311
t12.2022.05.19,train,vocal,t12.2022.05.19,140,their privations are almost beyond endurance,28,D,4,final,beyond,220,256,36,55,56,236,244,236,244,0.8532499367555552
t12.2022.05.19,train,vocal,t12.2022.05.19,140,their privations are almost beyond endurance,29,SIL,4,sil,beyond,228,268,40,57,59,244,256,244,264,0.9998945833847093
t12.2022.05.19,train,vocal,t12.2022.05.19,140,their privations are almost beyond endurance,30,EH,5,initial,endurance,252,284,32,63,63,268,272,264,272,0.9978539115267177
t12.2022.05.19,train,vocal,t12.2022.05.19,140,their privations are almost beyond endurance,31,N,5,medial,endurance,256,288,32,64,64,272,276,272,276,0.9997158537064719
t12.2022.05.19,train,vocal,t12.2022.05.19,140,their privations are almost beyond endurance,32,D,5,medial,endurance,260,292,32,65,65,276,280,276,280,0.9971435020748037
t12.2022.05.19,train,vocal,t12.2022.05.19,140,their privations are almost beyond endurance,33,ER,5,medial,endurance,264,304,40,66,68,280,292,280,292,0.9570956953927364
t12.2022.05.19,train,vocal,t12.2022.05.19,140,their privations are almost beyond endurance,34,AH,5,medial,endurance,276,312,36,69,70,292,300,292,300,0.8849304240007834
t12.2022.05.19,train,vocal,t12.2022.05.19,140,their privations are almost beyond endurance,35,N,5,medial,endurance,284,316,32,71,71,300,304,300,304,0.9939086080429081
t12.2022.05.19,train,vocal,t12.2022.05.19,140,their privations are almost beyond endurance,36,S,5,final,endurance,288,328,40,72,74,304,316,304,316,0.9084439266818789
t12.2022.05.19,train,vocal,t12.2022.05.19,140,their privations are almost beyond endurance,37,SIL,5,sil,endurance,300,372,72,75,85,316,360,316,360,0.996586560133892
t12.2022.05.19,train,vocal,t12.2022.05.19,141,something pulled my leg,0,S,0,initial,something,52,88,36,13,14,68,76,16,80,0.9974196569192175
t12.2022.05.19,train,vocal,t12.2022.05.19,141,something pulled my leg,1,AH,0,medial,something,64,96,32,16,16,80,84,80,84,0.9999896603663363
t12.2022.05.19,train,vocal,t12.2022.05.19,141,something pulled my leg,2,M,0,medial,something,68,100,32,17,17,84,88,84,88,0.999892095429117
t12.2022.05.19,train,vocal,t12.2022.05.19,141,something pulled my leg,3,TH,0,medial,something,72,112,40,18,20,88,100,88,100,0.915496028966576
t12.2022.05.19,train,vocal,t12.2022.05.19,141,something pulled my leg,4,IH,0,medial,something,84,120,36,21,22,100,108,100,108,0.9276489252393225
t12.2022.05.19,train,vocal,t12.2022.05.19,141,something pulled my leg,5,NG,0,final,something,92,124,32,23,23,108,112,108,112,0.9999335331210364
t12.2022.05.19,train,vocal,t12.2022.05.19,141,something pulled my leg,6,SIL,0,sil,something,96,136,40,24,26,112,124,112,124,0.9928190452352372
t12.2022.05.19,train,vocal,t12.2022.05.19,141,something pulled my leg,7,P,1,initial,pulled,108,140,32,27,27,124,128,124,132,0.9996738316913657
t12.2022.05.19,train,vocal,t12.2022.05.19,141,something pulled my leg,8,UH,1,medial,pulled,116,148,32,29,29,132,136,132,136,0.9991512092971159
t12.2022.05.19,train,vocal,t12.2022.05.19,141,something pulled my leg,9,L,1,medial,pulled,120,152,32,30,30,136,140,136,140,0.9999367252364803
t12.2022.05.19,train,vocal,t12.2022.05.19,141,something pulled my leg,10,D,1,final,pulled,124,160,36,31,32,140,148,140,148,0.9904077732914187
t12.2022.05.19,train,vocal,t12.2022.05.19,141,something pulled my leg,11,SIL,1,sil,pulled,132,172,40,33,35,148,160,148,160,0.9220221998291985
t12.2022.05.19,train,vocal,t12.2022.05.19,141,something pulled my leg,12,M,2,initial,my,144,180,36,36,37,160,168,160,172,0.9324662591946016
t12.2022.05.19,train,vocal,t12.2022.05.19,141,something pulled my leg,13,AY,2,final,my,156,188,32,39,39,172,176,172,180,0.9999637159641901
t12.2022.05.19,train,vocal,t12.2022.05.19,141,something pulled my leg,14,SIL,2,sil,my,164,204,40,41,43,180,192,180,192,0.9791904569710964
t12.2022.05.19,train,vocal,t12.2022.05.19,141,something pulled my leg,15,L,3,initial,leg,176,212,36,44,45,192,200,192,200,0.982543041472044
t12.2022.05.19,train,vocal,t12.2022.05.19,141,something pulled my leg,16,EH,3,medial,leg,184,216,32,46,46,200,204,200,204,0.9995525878976574
t12.2022.05.19,train,vocal,t12.2022.05.19,141,something pulled my leg,17,G,3,final,leg,188,220,32,47,47,204,208,204,208,0.9999600258009705
t12.2022.05.19,train,vocal,t12.2022.05.19,141,something pulled my leg,18,SIL,3,sil,leg,192,244,52,48,53,208,232,208,232,0.9756201914582451
t12.2022.05.19,train,vocal,t12.2022.05.19,142,the shadow vanished,0,DH,0,initial,the,20,52,32,5,5,36,40,16,44,0.9999880796131838
t12.2022.05.19,train,vocal,t12.2022.05.19,142,the shadow vanished,1,AH,0,final,the,28,60,32,7,7,44,48,44,48,0.9999995267265485
t12.2022.05.19,train,vocal,t12.2022.05.19,142,the shadow vanished,2,SIL,0,sil,the,32,76,44,8,11,48,64,48,64,0.8727534762960716
t12.2022.05.19,train,vocal,t12.2022.05.19,142,the shadow vanished,3,SH,1,initial,shadow,48,80,32,12,12,64,68,64,72,0.999246775340324
t12.2022.05.19,train,vocal,t12.2022.05.19,142,the shadow vanished,4,AE,1,medial,shadow,56,88,32,14,14,72,76,72,76,0.9944186650505737
t12.2022.05.19,train,vocal,t12.2022.05.19,142,the shadow vanished,5,D,1,medial,shadow,60,92,32,15,15,76,80,76,84,0.9980142207368803
t12.2022.05.19,train,vocal,t12.2022.05.19,142,the shadow vanished,6,OW,1,final,shadow,68,104,36,17,18,84,92,84,92,0.9985396804152168
t12.2022.05.19,train,vocal,t12.2022.05.19,142,the shadow vanished,7,SIL,1,sil,shadow,76,120,44,19,22,92,108,92,108,0.9809824425069881
t12.2022.05.19,train,vocal,t12.2022.05.19,142,the shadow vanished,8,V,2,initial,vanished,92,124,32,23,23,108,112,108,116,0.989064577211311
t12.2022.05.19,train,vocal,t12.2022.05.19,142,the shadow vanished,9,AE,2,medial,vanished,104,136,32,26,26,120,124,116,124,0.9983782978555961
t12.2022.05.19,train,vocal,t12.2022.05.19,142,the shadow vanished,10,N,2,medial,vanished,108,140,32,27,27,124,128,124,132,0.9998776647185925
t12.2022.05.19,train,vocal,t12.2022.05.19,142,the shadow vanished,11,IH,2,medial,vanished,120,152,32,30,30,136,140,132,140,0.9999823531511903
t12.2022.05.19,train,vocal,t12.2022.05.19,142,the shadow vanished,12,SH,2,medial,vanished,124,156,32,31,31,140,144,140,144,0.9996903746213861
t12.2022.05.19,train,vocal,t12.2022.05.19,142,the shadow vanished,13,T,2,final,vanished,128,164,36,32,33,144,152,144,152,0.9799353930991099
t12.2022.05.19,train,vocal,t12.2022.05.19,142,the shadow vanished,14,SIL,2,sil,vanished,136,180,44,34,37,152,168,152,168,0.9995089708745906
t12.2022.05.19,train,vocal,t12.2022.05.19,143,what outfit does she drive for,0,W,0,initial,what,32,64,32,8,8,48,52,16,56,0.9999821916842028
t12.2022.05.19,train,vocal,t12.2022.05.19,143,what outfit does she drive for,1,AH,0,medial,what,40,72,32,10,10,56,60,56,60,0.9999988391188571
t12.2022.05.19,train,vocal,t12.2022.05.19,143,what outfit does she drive for,2,T,0,final,what,44,80,36,11,12,60,68,60,68,0.977539630076173
t12.2022.05.19,train,vocal,t12.2022.05.19,143,what outfit does she drive for,3,SIL,0,sil,what,52,88,36,13,14,68,76,68,84,0.9845738194355724
t12.2022.05.19,train,vocal,t12.2022.05.19,143,what outfit does she drive for,4,AW,1,initial,outfit,72,104,32,18,18,88,92,84,92,0.9997787297607831
t12.2022.05.19,train,vocal,t12.2022.05.19,143,what outfit does she drive for,5,T,1,medial,outfit,76,112,36,19,20,92,100,92,100,0.9445116429280747
t12.2022.05.19,train,vocal,t12.2022.05.19,143,what outfit does she drive for,6,F,1,medial,outfit,84,120,36,21,22,100,108,100,108,0.9391532636055682
t12.2022.05.19,train,vocal,t12.2022.05.19,143,what outfit does she drive for,7,IH,1,medial,outfit,92,124,32,23,23,108,112,108,112,0.9987509948738362
t12.2022.05.19,train,vocal,t12.2022.05.19,143,what outfit does she drive for,8,T,1,final,outfit,96,132,36,24,25,112,120,112,120,0.9950544983726568
t12.2022.05.19,train,vocal,t12.2022.05.19,143,what outfit does she drive for,9,SIL,1,sil,outfit,104,156,52,26,31,120,144,120,144,0.9947333301670965
t12.2022.05.19,train,vocal,t12.2022.05.19,143,what outfit does she drive for,10,D,2,initial,does,128,160,32,32,32,144,148,144,152,0.9998695015259078
t12.2022.05.19,train,vocal,t12.2022.05.19,143,what outfit does she drive for,11,AH,2,medial,does,136,168,32,34,34,152,156,152,156,0.9999032135296285
t12.2022.05.19,train,vocal,t12.2022.05.19,143,what outfit does she drive for,12,Z,2,final,does,140,172,32,35,35,156,160,156,160,0.9999561923332856
t12.2022.05.19,train,vocal,t12.2022.05.19,143,what outfit does she drive for,13,SIL,2,sil,does,144,184,40,36,38,160,172,160,172,0.9760113525699512
t12.2022.05.19,train,vocal,t12.2022.05.19,143,what outfit does she drive for,14,SH,3,initial,she,156,192,36,39,40,172,180,172,180,0.9745012374237847
t12.2022.05.19,train,vocal,t12.2022.05.19,143,what outfit does she drive for,15,IY,3,final,she,164,196,32,41,41,180,184,180,188,0.9996758948993494
t12.2022.05.19,train,vocal,t12.2022.05.19,143,what outfit does she drive for,16,SIL,3,sil,she,172,212,40,43,45,188,200,188,200,0.9942581192145262
t12.2022.05.19,train,vocal,t12.2022.05.19,143,what outfit does she drive for,17,D,4,initial,drive,184,216,32,46,46,200,204,200,204,0.998994703186181
t12.2022.05.19,train,vocal,t12.2022.05.19,143,what outfit does she drive for,18,R,4,medial,drive,188,228,40,47,49,204,216,204,216,0.732883088114728
t12.2022.05.19,train,vocal,t12.2022.05.19,143,what outfit does she drive for,19,AY,4,medial,drive,200,232,32,50,50,216,220,216,220,0.9985953193982336
t12.2022.05.19,train,vocal,t12.2022.05.19,143,what outfit does she drive for,20,V,4,final,drive,204,236,32,51,51,220,224,220,224,0.999443699772549
t12.2022.05.19,train,vocal,t12.2022.05.19,143,what outfit does she drive for,21,SIL,4,sil,drive,208,256,48,52,56,224,244,224,244,0.9757327254174525
t12.2022.05.19,train,vocal,t12.2022.05.19,143,what outfit does she drive for,22,F,5,initial,for,228,260,32,57,57,244,248,244,252,0.9999933640283029
t12.2022.05.19,train,vocal,t12.2022.05.19,143,what outfit does she drive for,23,AO,5,medial,for,236,268,32,59,59,252,256,252,256,0.999975676089823
t12.2022.05.19,train,vocal,t12.2022.05.19,143,what outfit does she drive for,24,R,5,final,for,240,272,32,60,60,256,260,256,260,0.999985104041451
t12.2022.05.19,train,vocal,t12.2022.05.19,143,what outfit does she drive for,25,SIL,5,sil,for,244,284,40,61,63,260,272,260,272,0.9975827531128018
t12.2022.05.19,train,vocal,t12.2022.05.19,144,the master's hand has lost none of its craft,0,DH,0,initial,the,28,64,36,7,8,44,52,16,56,0.9983475852647106
t12.2022.05.19,train,vocal,t12.2022.05.19,144,the master's hand has lost none of its craft,1,AH,0,final,the,40,76,36,10,11,56,64,56,64,0.7895777545056413
t12.2022.05.19,train,vocal,t12.2022.05.19,144,the master's hand has lost none of its craft,2,SIL,0,sil,the,48,92,44,12,15,64,80,64,80,0.983012200465714
t12.2022.05.19,train,vocal,t12.2022.05.19,144,the master's hand has lost none of its craft,3,M,1,initial,master's,64,96,32,16,16,80,84,80,88,0.9997544307305388
t12.2022.05.19,train,vocal,t12.2022.05.19,144,the master's hand has lost none of its craft,4,AE,1,medial,master's,76,108,32,19,19,92,96,88,96,0.9933957339116454
t12.2022.05.19,train,vocal,t12.2022.05.19,144,the master's hand has lost none of its craft,5,S,1,medial,master's,80,112,32,20,20,96,100,96,100,0.997813035762253
t12.2022.05.19,train,vocal,t12.2022.05.19,144,the master's hand has lost none of its craft,6,T,1,medial,master's,84,120,36,21,22,100,108,100,108,0.8103654532904578
t12.2022.05.19,train,vocal,t12.2022.05.19,144,the master's hand has lost none of its craft,7,ER,1,medial,master's,92,124,32,23,23,108,112,108,112,0.9995873908880818
t12.2022.05.19,train,vocal,t12.2022.05.19,144,the master's hand has lost none of its craft,8,Z,1,final,master's,96,132,36,24,25,112,120,112,120,0.9494499560924761
t12.2022.05.19,train,vocal,t12.2022.05.19,144,the master's hand has lost none of its craft,9,SIL,1,sil,master's,104,140,36,26,27,120,128,120,128,0.9868068823172962
t12.2022.05.19,train,vocal,t12.2022.05.19,144,the master's hand has lost none of its craft,10,HH,2,initial,hand,112,148,36,28,29,128,136,128,140,0.9953253545129055
t12.2022.05.19,train,vocal,t12.2022.05.19,144,the master's hand has lost none of its craft,11,AE,2,medial,hand,128,160,32,32,32,144,148,140,148,0.9986858992331048
t12.2022.05.19,train,vocal,t12.2022.05.19,144,the master's hand has lost none of its craft,12,N,2,medial,hand,132,164,32,33,33,148,152,148,152,0.9961099997763717
t12.2022.05.19,train,vocal,t12.2022.05.19,144,the master's hand has lost none of its craft,13,D,2,final,hand,136,172,36,34,35,152,160,152,160,0.9657021176078975
t12.2022.05.19,train,vocal,t12.2022.05.19,144,the master's hand has lost none of its craft,14,SIL,2,sil,hand,144,200,56,36,42,160,188,160,188,0.9906436187925441
t12.2022.05.19,train,vocal,t12.2022.05.19,144,the master's hand has lost none of its craft,15,HH,3,initial,has,172,208,36,43,44,188,196,188,200,0.9978161404892103
t12.2022.05.19,train,vocal,t12.2022.05.19,144,the master's hand has lost none of its craft,16,AE,3,medial,has,184,216,32,46,46,200,204,200,204,0.9999567911762117
t12.2022.05.19,train,vocal,t12.2022.05.19,144,the master's hand has lost none of its craft,17,Z,3,final,has,188,220,32,47,47,204,208,204,208,0.9999957271421991
t12.2022.05.19,train,vocal,t12.2022.05.19,144,the master's hand has lost none of its craft,18,SIL,3,sil,has,192,236,44,48,51,208,224,208,224,0.9782524116989937
t12.2022.05.19,train,vocal,t12.2022.05.19,144,the master's hand has lost none of its craft,19,L,4,initial,lost,208,240,32,52,52,224,228,224,232,0.9995378648721479
t12.2022.05.19,train,vocal,t12.2022.05.19,144,the master's hand has lost none of its craft,20,AO,4,medial,lost,216,248,32,54,54,232,236,232,236,0.9989945484719258
t12.2022.05.19,train,vocal,t12.2022.05.19,144,the master's hand has lost none of its craft,21,S,4,medial,lost,220,252,32,55,55,236,240,236,240,0.9993833466086782
t12.2022.05.19,train,vocal,t12.2022.05.19,144,the master's hand has lost none of its craft,22,T,4,final,lost,224,256,32,56,56,240,244,240,244,0.9993099884883089
t12.2022.05.19,train,vocal,t12.2022.05.19,144,the master's hand has lost none of its craft,23,SIL,4,sil,lost,228,268,40,57,59,244,256,244,256,0.9917044552041663
t12.2022.05.19,train,vocal,t12.2022.05.19,144,the master's hand has lost none of its craft,24,N,5,initial,none,240,276,36,60,61,256,264,256,268,0.8746800069370828
t12.2022.05.19,train,vocal,t12.2022.05.19,144,the master's hand has lost none of its craft,25,AH,5,medial,none,252,284,32,63,63,268,272,268,272,0.9977680915451758
t12.2022.05.19,train,vocal,t12.2022.05.19,144,the master's hand has lost none of its craft,26,N,5,final,none,256,288,32,64,64,272,276,272,276,0.9980994128161135
t12.2022.05.19,train,vocal,t12.2022.05.19,144,the master's hand has lost none of its craft,27,SIL,5,sil,none,260,312,52,65,70,276,300,276,308,0.9907484101239944
t12.2022.05.19,train,vocal,t12.2022.05.19,144,the master's hand has lost none of its craft,28,AH,6,initial,of,296,328,32,74,74,312,316,308,316,0.9999992132282589
t12.2022.05.19,train,vocal,t12.2022.05.19,144,the master's hand has lost none of its craft,29,V,6,final,of,300,332,32,75,75,316,320,316,320,0.9999816065838899
t12.2022.05.19,train,vocal,t12.2022.05.19,144,the master's hand has lost none of its craft,30,SIL,6,sil,of,304,344,40,76,78,320,332,320,336,0.9920227569255466
t12.2022.05.19,train,vocal,t12.2022.05.19,144,the master's hand has lost none of its craft,31,IH,7,initial,its,324,356,32,81,81,340,344,336,344,0.9999459595595358
t12.2022.05.19,train,vocal,t12.2022.05.19,144,the master's hand has lost none of its craft,32,T,7,medial,its,328,364,36,82,83,344,352,344,352,0.8659303840550292
t12.2022.05.19,train,vocal,t12.2022.05.19,144,the master's hand has lost none of its craft,33,S,7,final,its,336,368,32,84,84,352,356,352,356,0.9999389029706748
t12.2022.05.19,train,vocal,t12.2022.05.19,144,the master's hand has lost none of its craft,34,SIL,7,sil,its,340,380,40,85,87,356,368,356,368,0.9691837208615036
t12.2022.05.19,train,vocal,t12.2022.05.19,144,the master's hand has lost none of its craft,35,K,8,initial,craft,352,384,32,88,88,368,372,368,372,0.9985763838078324
t12.2022.05.19,train,vocal,t12.2022.05.19,144,the master's hand has lost none of its craft,36,R,8,medial,craft,356,396,40,89,91,372,384,372,384,0.7545407161778419
t12.2022.05.19,train,vocal,t12.2022.05.19,144,the master's hand has lost none of its craft,37,AE,8,medial,craft,368,404,36,92,93,384,392,384,392,0.9143536672555719
t12.2022.05.19,train,vocal,t12.2022.05.19,144,the master's hand has lost none of its craft,38,F,8,medial,craft,376,408,32,94,94,392,396,392,396,0.999409898530002
t12.2022.05.19,train,vocal,t12.2022.05.19,144,the master's hand has lost none of its craft,39,T,8,final,craft,380,416,36,95,96,396,404,396,404,0.8553464733846704
t12.2022.05.19,train,vocal,t12.2022.05.19,144,the master's hand has lost none of its craft,40,SIL,8,sil,craft,388,420,32,97,97,404,408,404,408,0.9999799524143967
t12.2022.05.19,train,vocal,t12.2022.05.19,145,the blue rug was suspiciously bright and new,0,DH,0,initial,the,48,80,32,12,12,64,68,16,72,0.9999156639686155
t12.2022.05.19,train,vocal,t12.2022.05.19,145,the blue rug was suspiciously bright and new,1,AH,0,final,the,56,88,32,14,14,72,76,72,76,0.9999985220233808
t12.2022.05.19,train,vocal,t12.2022.05.19,145,the blue rug was suspiciously bright and new,2,SIL,0,sil,the,60,100,40,15,17,76,88,76,88,0.9007617826924689
t12.2022.05.19,train,vocal,t12.2022.05.19,145,the blue rug was suspiciously bright and new,3,B,1,initial,blue,72,108,36,18,19,88,96,88,96,0.8294414471794663
t12.2022.05.19,train,vocal,t12.2022.05.19,145,the blue rug was suspiciously bright and new,4,L,1,medial,blue,80,112,32,20,20,96,100,96,100,0.9993973598812889
t12.2022.05.19,train,vocal,t12.2022.05.19,145,the blue rug was suspiciously bright and new,5,UW,1,final,blue,84,116,32,21,21,100,104,100,108,0.9998084930779113
t12.2022.05.19,train,vocal,t12.2022.05.19,145,the blue rug was suspiciously bright and new,6,SIL,1,sil,blue,92,132,40,23,25,108,120,108,120,0.9956641816519275
t12.2022.05.19,train,vocal,t12.2022.05.19,145,the blue rug was suspiciously bright and new,7,R,2,initial,rug,104,140,36,26,27,120,128,120,132,0.9988740063067856
t12.2022.05.19,train,vocal,t12.2022.05.19,145,the blue rug was suspiciously bright and new,8,AH,2,medial,rug,116,152,36,29,30,132,140,132,140,0.8424842112673658
t12.2022.05.19,train,vocal,t12.2022.05.19,145,the blue rug was suspiciously bright and new,9,G,2,final,rug,124,156,32,31,31,140,144,140,148,0.9998652003198857
t12.2022.05.19,train,vocal,t12.2022.05.19,145,the blue rug was suspiciously bright and new,10,SIL,2,sil,rug,132,196,64,33,41,148,184,148,184,0.9990313724282545
t12.2022.05.19,train,vocal,t12.2022.05.19,145,the blue rug was suspiciously bright and new,11,W,3,initial,was,168,200,32,42,42,184,188,184,192,0.9999828692527103
t12.2022.05.19,train,vocal,t12.2022.05.19,145,the blue rug was suspiciously bright and new,12,AA,3,medial,was,180,212,32,45,45,196,200,192,200,0.9999949038920838
t12.2022.05.19,train,vocal,t12.2022.05.19,145,the blue rug was suspiciously bright and new,13,Z,3,final,was,184,216,32,46,46,200,204,200,204,0.9999992097895711
t12.2022.05.19,train,vocal,t12.2022.05.19,145,the blue rug was suspiciously bright and new,14,SIL,3,sil,was,188,232,44,47,50,204,220,204,220,0.9526539815784453
t12.2022.05.19,train,vocal,t12.2022.05.19,145,the blue rug was suspiciously bright and new,15,S,4,initial,suspiciously,204,236,32,51,51,220,224,220,228,0.9944819559875215
t12.2022.05.19,train,vocal,t12.2022.05.19,145,the blue rug was suspiciously bright and new,16,AH,4,medial,suspiciously,212,244,32,53,53,228,232,228,232,0.9996758099708397
t12.2022.05.19,train,vocal,t12.2022.05.19,145,the blue rug was suspiciously bright and new,17,S,4,medial,suspiciously,216,248,32,54,54,232,236,232,236,0.9996968134437811
t12.2022.05.19,train,vocal,t12.2022.05.19,145,the blue rug was suspiciously bright and new,18,P,4,medial,suspiciously,220,256,36,55,56,236,244,236,248,0.9069190162517402
t12.2022.05.19,train,vocal,t12.2022.05.19,145,the blue rug was suspiciously bright and new,19,IH,4,medial,suspiciously,232,264,32,58,58,248,252,248,252,0.994708918769998
t12.2022.05.19,train,vocal,t12.2022.05.19,145,the blue rug was suspiciously bright and new,20,SH,4,medial,suspiciously,236,272,36,59,60,252,260,252,260,0.9257564336062167
t12.2022.05.19,train,vocal,t12.2022.05.19,145,the blue rug was suspiciously bright and new,21,AH,4,medial,suspiciously,244,280,36,61,62,260,268,260,268,0.8574380973902249
t12.2022.05.19,train,vocal,t12.2022.05.19,145,the blue rug was suspiciously bright and new,22,S,4,medial,suspiciously,252,288,36,63,64,268,276,268,276,0.9977253332114204
t12.2022.05.19,train,vocal,t12.2022.05.19,145,the blue rug was suspiciously bright and new,23,L,4,medial,suspiciously,260,296,36,65,66,276,284,276,284,0.8717040809558005
t12.2022.05.19,train,vocal,t12.2022.05.19,145,the blue rug was suspiciously bright and new,24,IY,4,final,suspiciously,268,300,32,67,67,284,288,284,288,0.9997336251645679
t12.2022.05.19,train,vocal,t12.2022.05.19,145,the blue rug was suspiciously bright and new,25,SIL,4,sil,suspiciously,272,312,40,68,70,288,300,288,300,0.955329594461659
t12.2022.05.19,train,vocal,t12.2022.05.19,145,the blue rug was suspiciously bright and new,26,B,5,initial,bright,284,316,32,71,71,300,304,300,304,0.9984602855668007
t12.2022.05.19,train,vocal,t12.2022.05.19,145,the blue rug was suspiciously bright and new,27,R,5,medial,bright,288,324,36,72,73,304,312,304,312,0.9933624517318856
t12.2022.05.19,train,vocal,t12.2022.05.19,145,the blue rug was suspiciously bright and new,28,AY,5,medial,bright,296,328,32,74,74,312,316,312,316,0.9977068488748229
t12.2022.05.19,train,vocal,t12.2022.05.19,145,the blue rug was suspiciously bright and new,29,T,5,final,bright,300,336,36,75,76,316,324,316,324,0.9938107373909377
t12.2022.05.19,train,vocal,t12.2022.05.19,145,the blue rug was suspiciously bright and new,30,SIL,5,sil,bright,308,348,40,77,79,324,336,324,340,0.9686762077512993
t12.2022.05.19,train,vocal,t12.2022.05.19,145,the blue rug was suspiciously bright and new,31,AH,6,initial,and,328,360,32,82,82,344,348,340,348,0.9999747668391608
t12.2022.05.19,train,vocal,t12.2022.05.19,145,the blue rug was suspiciously bright and new,32,N,6,medial,and,332,364,32,83,83,348,352,348,352,0.9997848839434837
t12.2022.05.19,train,vocal,t12.2022.05.19,145,the blue rug was suspiciously bright and new,33,D,6,final,and,336,372,36,84,85,352,360,352,360,0.9948151566385103
t12.2022.05.19,train,vocal,t12.2022.05.19,145,the blue rug was suspiciously bright and new,34,SIL,6,sil,and,344,384,40,86,88,360,372,360,372,0.8937377581221148
t12.2022.05.19,train,vocal,t12.2022.05.19,145,the blue rug was suspiciously bright and new,35,N,7,initial,new,356,388,32,89,89,372,376,372,380,0.9999511424328549
t12.2022.05.19,train,vocal,t12.2022.05.19,145,the blue rug was suspiciously bright and new,36,UW,7,final,new,364,396,32,91,91,380,384,380,384,0.9911153106489827
t12.2022.05.19,train,vocal,t12.2022.05.19,145,the blue rug was suspiciously bright and new,37,SIL,7,sil,new,368,412,44,92,95,384,400,384,400,0.9902809745985224
t12.2022.05.19,train,vocal,t12.2022.05.19,146,an earlier version of this story appears below,0,AE,0,initial,an,44,76,32,11,11,60,64,16,64,0.9997986945356998
t12.2022.05.19,train,vocal,t12.2022.05.19,146,an earlier version of this story appears below,1,N,0,final,an,48,80,32,12,12,64,68,64,68,0.9997795920719645
t12.2022.05.19,train,vocal,t12.2022.05.19,146,an earlier version of this story appears below,2,SIL,0,sil,an,52,92,40,13,15,68,80,68,84,0.9816729380567359
t12.2022.05.19,train,vocal,t12.2022.05.19,146,an earlier version of this story appears below,3,ER,1,initial,earlier,72,104,32,18,18,88,92,84,92,0.9999282930556179
t12.2022.05.19,train,vocal,t12.2022.05.19,146,an earlier version of this story appears below,4,L,1,medial,earlier,76,112,36,19,20,92,100,92,100,0.9796883479830233
t12.2022.05.19,train,vocal,t12.2022.05.19,146,an earlier version of this story appears below,5,IY,1,medial,earlier,84,120,36,21,22,100,108,100,108,0.9365042827513054
t12.2022.05.19,train,vocal,t12.2022.05.19,146,an earlier version of this story appears below,6,ER,1,final,earlier,92,128,36,23,24,108,116,108,116,0.9067314619476067
t12.2022.05.19,train,vocal,t12.2022.05.19,146,an earlier version of this story appears below,7,SIL,1,sil,earlier,100,132,32,25,25,116,120,116,120,0.999520395391632
t12.2022.05.19,train,vocal,t12.2022.05.19,146,an earlier version of this story appears below,8,V,2,initial,version,104,136,32,26,26,120,124,120,128,0.9999211492625553
t12.2022.05.19,train,vocal,t12.2022.05.19,146,an earlier version of this story appears below,9,ER,2,medial,version,112,148,36,28,29,128,136,128,136,0.9371553775268071
t12.2022.05.19,train,vocal,t12.2022.05.19,146,an earlier version of this story appears below,10,ZH,2,medial,version,120,156,36,30,31,136,144,136,144,0.8145297511203964
t12.2022.05.19,train,vocal,t12.2022.05.19,146,an earlier version of this story appears below,11,AH,2,medial,version,128,160,32,32,32,144,148,144,148,0.9999884545475525
t12.2022.05.19,train,vocal,t12.2022.05.19,146,an earlier version of this story appears below,12,N,2,final,version,132,168,36,33,34,148,156,148,156,0.9816691399430824
t12.2022.05.19,train,vocal,t12.2022.05.19,146,an earlier version of this story appears below,13,SIL,2,sil,version,140,200,60,35,42,156,188,156,200,0.9900041431308899
t12.2022.05.19,train,vocal,t12.2022.05.19,146,an earlier version of this story appears below,14,AH,3,initial,of,196,228,32,49,49,212,216,200,216,0.9999991599213535
t12.2022.05.19,train,vocal,t12.2022.05.19,146,an earlier version of this story appears below,15,V,3,final,of,200,232,32,50,50,216,220,216,220,0.9999972394684447
t12.2022.05.19,train,vocal,t12.2022.05.19,146,an earlier version of this story appears below,16,SIL,3,sil,of,204,248,44,51,54,220,236,220,236,0.896111655210295
t12.2022.05.19,train,vocal,t12.2022.05.19,146,an earlier version of this story appears below,17,DH,4,initial,this,220,256,36,55,56,236,244,236,248,0.9921138834164369
t12.2022.05.19,train,vocal,t12.2022.05.19,146,an earlier version of this story appears below,18,IH,4,medial,this,232,264,32,58,58,248,252,248,252,0.9999986890921339
t12.2022.05.19,train,vocal,t12.2022.05.19,146,an earlier version of this story appears below,19,S,4,final,this,236,268,32,59,59,252,256,252,256,0.9999975409340384
t12.2022.05.19,train,vocal,t12.2022.05.19,146,an earlier version of this story appears below,20,SIL,4,sil,this,240,284,44,60,63,256,272,256,272,0.9181247303386978
t12.2022.05.19,train,vocal,t12.2022.05.19,146,an earlier version of this story appears below,21,S,5,initial,story,256,288,32,64,64,272,276,272,276,0.9995816068068761
t12.2022.05.19,train,vocal,t12.2022.05.19,146,an earlier version of this story appears below,22,T,5,medial,story,260,296,36,65,66,276,284,276,284,0.928769656360392
t12.2022.05.19,train,vocal,t12.2022.05.19,146,an earlier version of this story appears below,23,AO,5,medial,story,268,300,32,67,67,284,288,284,288,0.999491566582336
t12.2022.05.19,train,vocal,t12.2022.05.19,146,an earlier version of this story appears below,24,R,5,medial,story,272,308,36,68,69,288,296,288,296,0.9430831813467071
t12.2022.05.19,train,vocal,t12.2022.05.19,146,an earlier version of this story appears below,25,IY,5,final,story,280,316,36,70,71,296,304,296,304,0.9716220936034285
t12.2022.05.19,train,vocal,t12.2022.05.19,146,an earlier version of this story appears below,26,SIL,5,sil,story,288,332,44,72,75,304,320,304,324,0.9570949422198668
t12.2022.05.19,train,vocal,t12.2022.05.19,146,an earlier version of this story appears below,27,AH,6,initial,appears,308,344,36,77,78,324,332,324,332,0.8197479636331071
t12.2022.05.19,train,vocal,t12.2022.05.19,146,an earlier version of this story appears below,28,P,6,medial,appears,316,352,36,79,80,332,340,332,344,0.997824050495085
t12.2022.05.19,train,vocal,t12.2022.05.19,146,an earlier version of this story appears below,29,IH,6,medial,appears,332,364,32,83,83,348,352,344,352,0.9995722353506777
t12.2022.05.19,train,vocal,t12.2022.05.19,146,an earlier version of this story appears below,30,R,6,medial,appears,336,372,36,84,85,352,360,352,360,0.9898121155870594
t12.2022.05.19,train,vocal,t12.2022.05.19,146,an earlier version of this story appears below,31,Z,6,final,appears,344,380,36,86,87,360,368,360,368,0.8049738643633231
t12.2022.05.19,train,vocal,t12.2022.05.19,146,an earlier version of this story appears below,32,SIL,6,sil,appears,352,396,44,88,91,368,384,368,384,0.9693464661576163
t12.2022.05.19,train,vocal,t12.2022.05.19,146,an earlier version of this story appears below,33,B,7,initial,below,368,400,32,92,92,384,388,384,392,0.9996487704090625
t12.2022.05.19,train,vocal,t12.2022.05.19,146,an earlier version of this story appears below,34,IH,7,medial,below,376,408,32,94,94,392,396,392,396,0.999570049509007
t12.2022.05.19,train,vocal,t12.2022.05.19,146,an earlier version of this story appears below,35,L,7,medial,below,380,416,36,95,96,396,404,396,408,0.9628337708241894
t12.2022.05.19,train,vocal,t12.2022.05.19,146,an earlier version of this story appears below,36,OW,7,final,below,392,432,40,98,100,408,420,408,420,0.8383916392883801
t12.2022.05.19,train,vocal,t12.2022.05.19,146,an earlier version of this story appears below,37,SIL,7,sil,below,404,452,48,101,105,420,440,420,440,0.9999951298265934
t12.2022.05.19,train,vocal,t12.2022.05.19,147,but it did print good verse and good fiction,0,B,0,initial,but,56,92,36,14,15,72,80,16,80,0.9920779712050939
t12.2022.05.19,train,vocal,t12.2022.05.19,147,but it did print good verse and good fiction,1,AH,0,medial,but,64,96,32,16,16,80,84,80,84,0.999998021831619
t12.2022.05.19,train,vocal,t12.2022.05.19,147,but it did print good verse and good fiction,2,T,0,final,but,68,100,32,17,17,84,88,84,88,0.9997914676237851
t12.2022.05.19,train,vocal,t12.2022.05.19,147,but it did print good verse and good fiction,3,SIL,0,sil,but,72,108,36,18,19,88,96,88,100,0.9921132796149167
t12.2022.05.19,train,vocal,t12.2022.05.19,147,but it did print good verse and good fiction,4,IH,1,initial,it,88,120,32,22,22,104,108,100,108,0.999923097653579
t12.2022.05.19,train,vocal,t12.2022.05.19,147,but it did print good verse and good fiction,5,T,1,final,it,92,128,36,23,24,108,116,108,116,0.9825148859745687
t12.2022.05.19,train,vocal,t12.2022.05.19,147,but it did print good verse and good fiction,6,SIL,1,sil,it,100,140,40,25,27,116,128,116,128,0.9995516348346233
t12.2022.05.19,train,vocal,t12.2022.05.19,147,but it did print good verse and good fiction,7,D,2,initial,did,112,148,36,28,29,128,136,128,140,0.9929606075846
t12.2022.05.19,train,vocal,t12.2022.05.19,147,but it did print good verse and good fiction,8,IH,2,medial,did,124,156,32,31,31,140,144,140,144,0.9999811466259995
t12.2022.05.19,train,vocal,t12.2022.05.19,147,but it did print good verse and good fiction,9,D,2,final,did,128,160,32,32,32,144,148,144,148,0.9999939704220595
t12.2022.05.19,train,vocal,t12.2022.05.19,147,but it did print good verse and good fiction,10,SIL,2,sil,did,132,208,76,33,44,148,196,148,200,0.9586498130203737
t12.2022.05.19,train,vocal,t12.2022.05.19,147,but it did print good verse and good fiction,11,P,3,initial,print,184,216,32,46,46,200,204,200,204,0.9992877959867766
t12.2022.05.19,train,vocal,t12.2022.05.19,147,but it did print good verse and good fiction,12,R,3,medial,print,188,224,36,47,48,204,212,204,212,0.9233914608747276
t12.2022.05.19,train,vocal,t12.2022.05.19,147,but it did print good verse and good fiction,13,IH,3,medial,print,196,228,32,49,49,212,216,212,216,0.9973322763707638
t12.2022.05.19,train,vocal,t12.2022.05.19,147,but it did print good verse and good fiction,14,N,3,medial,print,200,232,32,50,50,216,220,216,220,0.9990184580395908
t12.2022.05.19,train,vocal,t12.2022.05.19,147,but it did print good verse and good fiction,15,T,3,final,print,204,240,36,51,52,220,228,220,228,0.9802626661132955
t12.2022.05.19,train,vocal,t12.2022.05.19,147,but it did print good verse and good fiction,16,SIL,3,sil,print,212,252,40,53,55,228,240,228,240,0.9746959386411175
t12.2022.05.19,train,vocal,t12.2022.05.19,147,but it did print good verse and good fiction,17,G,4,initial,good,224,256,32,56,56,240,244,240,248,0.999928536290912
t12.2022.05.19,train,vocal,t12.2022.05.19,147,but it did print good verse and good fiction,18,UH,4,medial,good,232,264,32,58,58,248,252,248,252,0.9999783711974216
t12.2022.05.19,train,vocal,t12.2022.05.19,147,but it did print good verse and good fiction,19,D,4,final,good,236,272,36,59,60,252,260,252,260,0.8569099917361233
t12.2022.05.19,train,vocal,t12.2022.05.19,147,but it did print good verse and good fiction,20,SIL,4,sil,good,244,280,36,61,62,260,268,260,268,0.9996085858877928
t12.2022.05.19,train,vocal,t12.2022.05.19,147,but it did print good verse and good fiction,21,V,5,initial,verse,252,288,36,63,64,268,276,268,280,0.994817970905514
t12.2022.05.19,train,vocal,t12.2022.05.19,147,but it did print good verse and good fiction,22,ER,5,medial,verse,264,300,36,66,67,280,288,280,288,0.8642321509423556
t12.2022.05.19,train,vocal,t12.2022.05.19,147,but it did print good verse and good fiction,23,S,5,final,verse,272,308,36,68,69,288,296,288,296,0.9963826032995708
t12.2022.05.19,train,vocal,t12.2022.05.19,147,but it did print good verse and good fiction,24,SIL,5,sil,verse,280,328,48,70,74,296,316,296,324,0.9061367344911136
t12.2022.05.19,train,vocal,t12.2022.05.19,147,but it did print good verse and good fiction,25,AH,6,initial,and,312,344,32,78,78,328,332,324,332,0.9999997958221908
t12.2022.05.19,train,vocal,t12.2022.05.19,147,but it did print good verse and good fiction,26,N,6,medial,and,316,348,32,79,79,332,336,332,336,0.9999963942652537
t12.2022.05.19,train,vocal,t12.2022.05.19,147,but it did print good verse and good fiction,27,D,6,final,and,320,356,36,80,81,336,344,336,344,0.9998690132287285
t12.2022.05.19,train,vocal,t12.2022.05.19,147,but it did print good verse and good fiction,28,SIL,6,sil,and,328,368,40,82,84,344,356,344,356,0.9866702407539938
t12.2022.05.19,train,vocal,t12.2022.05.19,147,but it did print good verse and good fiction,29,G,7,initial,good,340,376,36,85,86,356,364,356,368,0.9992142815772174
t12.2022.05.19,train,vocal,t12.2022.05.19,147,but it did print good verse and good fiction,30,UH,7,medial,good,352,384,32,88,88,368,372,368,372,0.9999947327765337
t12.2022.05.19,train,vocal,t12.2022.05.19,147,but it did print good verse and good fiction,31,D,7,final,good,356,392,36,89,90,372,380,372,380,0.7772921973039313
t12.2022.05.19,train,vocal,t12.2022.05.19,147,but it did print good verse and good fiction,32,SIL,7,sil,good,364,404,40,91,93,380,392,380,392,0.927518881050453
t12.2022.05.19,train,vocal,t12.2022.05.19,147,but it did print good verse and good fiction,33,F,8,initial,fiction,376,408,32,94,94,392,396,392,400,0.9993242678257346
t12.2022.05.19,train,vocal,t12.2022.05.19,147,but it did print good verse and good fiction,34,IH,8,medial,fiction,384,416,32,96,96,400,404,400,404,0.9994965708616032
t12.2022.05.19,train,vocal,t12.2022.05.19,147,but it did print good verse and good fiction,35,K,8,medial,fiction,388,420,32,97,97,404,408,404,408,0.9991868502017291
t12.2022.05.19,train,vocal,t12.2022.05.19,147,but it did print good verse and good fiction,36,SH,8,medial,fiction,392,428,36,98,99,408,416,408,416,0.9770545715815118
t12.2022.05.19,train,vocal,t12.2022.05.19,147,but it did print good verse and good fiction,37,AH,8,medial,fiction,400,432,32,100,100,416,420,416,420,0.999793139571015
t12.2022.05.19,train,vocal,t12.2022.05.19,147,but it did print good verse and good fiction,38,N,8,final,fiction,404,440,36,101,102,420,428,420,428,0.9462279179948254
t12.2022.05.19,train,vocal,t12.2022.05.19,147,but it did print good verse and good fiction,39,SIL,8,sil,fiction,412,456,44,103,106,428,444,428,444,0.9999061953031202
t12.2022.05.19,train,vocal,t12.2022.05.19,148,consider couples visiting an art museum,0,K,0,initial,consider,44,80,36,11,12,60,68,16,72,0.9989044259816227
t12.2022.05.19,train,vocal,t12.2022.05.19,148,consider couples visiting an art museum,1,AH,0,medial,consider,56,88,32,14,14,72,76,72,76,0.9867257228072023
t12.2022.05.19,train,vocal,t12.2022.05.19,148,consider couples visiting an art museum,2,N,0,medial,consider,60,92,32,15,15,76,80,76,80,0.9999735084416987
t12.2022.05.19,train,vocal,t12.2022.05.19,148,consider couples visiting an art museum,3,S,0,medial,consider,64,100,36,16,17,80,88,80,92,0.9970114999454002
t12.2022.05.19,train,vocal,t12.2022.05.19,148,consider couples visiting an art museum,4,IH,0,medial,consider,76,108,32,19,19,92,96,92,96,0.9993866545992789
t12.2022.05.19,train,vocal,t12.2022.05.19,148,consider couples visiting an art museum,5,D,0,medial,consider,80,116,36,20,21,96,104,96,104,0.991424056117561
t12.2022.05.19,train,vocal,t12.2022.05.19,148,consider couples visiting an art museum,6,ER,0,final,consider,88,124,36,22,23,104,112,104,112,0.9944054178496329
t12.2022.05.19,train,vocal,t12.2022.05.19,148,consider couples visiting an art museum,7,SIL,0,sil,consider,96,152,56,24,30,112,140,112,140,0.9924719008722395
t12.2022.05.19,train,vocal,t12.2022.05.19,148,consider couples visiting an art museum,8,K,1,initial,couples,124,156,32,31,31,140,144,140,152,0.9998218789610079
t12.2022.05.19,train,vocal,t12.2022.05.19,148,consider couples visiting an art museum,9,AH,1,medial,couples,140,172,32,35,35,156,160,152,160,0.9978713031948755
t12.2022.05.19,train,vocal,t12.2022.05.19,148,consider couples visiting an art museum,10,P,1,medial,couples,144,180,36,36,37,160,168,160,168,0.9986849297019815
t12.2022.05.19,train,vocal,t12.2022.05.19,148,consider couples visiting an art museum,11,AH,1,medial,couples,152,192,40,38,40,168,180,168,180,0.8551554698144938
t12.2022.05.19,train,vocal,t12.2022.05.19,148,consider couples visiting an art museum,12,L,1,medial,couples,164,196,32,41,41,180,184,180,184,0.9995535556196903
t12.2022.05.19,train,vocal,t12.2022.05.19,148,consider couples visiting an art museum,13,Z,1,final,couples,168,204,36,42,43,184,192,184,192,0.9855222475496925
t12.2022.05.19,train,vocal,t12.2022.05.19,148,consider couples visiting an art museum,14,SIL,1,sil,couples,176,216,40,44,46,192,204,192,204,0.9937591392902037
t12.2022.05.19,train,vocal,t12.2022.05.19,148,consider couples visiting an art museum,15,V,2,initial,visiting,188,220,32,47,47,204,208,204,212,0.9999526651495609
t12.2022.05.19,train,vocal,t12.2022.05.19,148,consider couples visiting an art museum,16,IH,2,medial,visiting,196,228,32,49,49,212,216,212,216,0.9998275562685326
t12.2022.05.19,train,vocal,t12.2022.05.19,148,consider couples visiting an art museum,17,Z,2,medial,visiting,200,232,32,50,50,216,220,216,220,0.9963596563127597
t12.2022.05.19,train,vocal,t12.2022.05.19,148,consider couples visiting an art museum,18,AH,2,medial,visiting,204,240,36,51,52,220,228,220,228,0.9932977963856238
t12.2022.05.19,train,vocal,t12.2022.05.19,148,consider couples visiting an art museum,19,T,2,medial,visiting,212,252,40,53,55,228,240,228,240,0.8355353910979045
t12.2022.05.19,train,vocal,t12.2022.05.19,148,consider couples visiting an art museum,20,IH,2,medial,visiting,224,256,32,56,56,240,244,240,244,0.9993169248196878
t12.2022.05.19,train,vocal,t12.2022.05.19,148,consider couples visiting an art museum,21,NG,2,final,visiting,228,264,36,57,58,244,252,244,252,0.7777150977764891
t12.2022.05.19,train,vocal,t12.2022.05.19,148,consider couples visiting an art museum,22,SIL,2,sil,visiting,236,268,32,59,59,252,256,252,260,0.9997460419138271
t12.2022.05.19,train,vocal,t12.2022.05.19,148,consider couples visiting an art museum,23,AE,3,initial,an,244,276,32,61,61,260,264,260,264,0.9999156606729758
t12.2022.05.19,train,vocal,t12.2022.05.19,148,consider couples visiting an art museum,24,N,3,final,an,248,280,32,62,62,264,268,264,268,0.9998162997949546
t12.2022.05.19,train,vocal,t12.2022.05.19,148,consider couples visiting an art museum,25,SIL,3,sil,an,252,292,40,63,65,268,280,268,284,0.9901058231049426
t12.2022.05.19,train,vocal,t12.2022.05.19,148,consider couples visiting an art museum,26,AA,4,initial,art,272,304,32,68,68,288,292,284,292,0.9925794048112341
t12.2022.05.19,train,vocal,t12.2022.05.19,148,consider couples visiting an art museum,27,R,4,medial,art,276,308,32,69,69,292,296,292,296,0.9992482703434625
t12.2022.05.19,train,vocal,t12.2022.05.19,148,consider couples visiting an art museum,28,T,4,final,art,280,312,32,70,70,296,300,296,300,0.9990076395427692
t12.2022.05.19,train,vocal,t12.2022.05.19,148,consider couples visiting an art museum,29,SIL,4,sil,art,284,332,48,71,75,300,320,300,320,0.9953094145097445
t12.2022.05.19,train,vocal,t12.2022.05.19,148,consider couples visiting an art museum,30,M,5,initial,museum,304,336,32,76,76,320,324,320,324,0.9999849361183529
t12.2022.05.19,train,vocal,t12.2022.05.19,148,consider couples visiting an art museum,31,Y,5,medial,museum,308,344,36,77,78,324,332,324,332,0.8346815583233667
t12.2022.05.19,train,vocal,t12.2022.05.19,148,consider couples visiting an art museum,32,UW,5,medial,museum,316,348,32,79,79,332,336,332,336,0.9997349745309744
t12.2022.05.19,train,vocal,t12.2022.05.19,148,consider couples visiting an art museum,33,Z,5,medial,museum,320,352,32,80,80,336,340,336,352,0.9904783779065351
t12.2022.05.19,train,vocal,t12.2022.05.19,148,consider couples visiting an art museum,34,IY,5,medial,museum,348,384,36,87,88,364,372,352,372,0.9668846058715871
t12.2022.05.19,train,vocal,t12.2022.05.19,148,consider couples visiting an art museum,35,AH,5,medial,museum,356,392,36,89,90,372,380,372,380,0.9944021647395089
t12.2022.05.19,train,vocal,t12.2022.05.19,148,consider couples visiting an art museum,36,M,5,final,museum,364,400,36,91,92,380,388,380,388,0.8764740048661417
t12.2022.05.19,train,vocal,t12.2022.05.19,148,consider couples visiting an art museum,37,SIL,5,sil,museum,372,416,44,93,96,388,404,388,404,0.9987739134369288
t12.2022.05.19,train,vocal,t12.2022.05.19,149,it provides a frame for the sampling census,0,IH,0,initial,it,36,68,32,9,9,52,56,16,56,0.9999992591428548
t12.2022.05.19,train,vocal,t12.2022.05.19,149,it provides a frame for the sampling census,1,T,0,final,it,40,72,32,10,10,56,60,56,60,0.9999943357276124
t12.2022.05.19,train,vocal,t12.2022.05.19,149,it provides a frame for the sampling census,2,SIL,0,sil,it,44,88,44,11,14,60,76,60,76,0.99972657923121
t12.2022.05.19,train,vocal,t12.2022.05.19,149,it provides a frame for the sampling census,3,P,1,initial,provides,60,92,32,15,15,76,80,76,80,0.9999488550055599
t12.2022.05.19,train,vocal,t12.2022.05.19,149,it provides a frame for the sampling census,4,R,1,medial,provides,64,100,36,16,17,80,88,80,88,0.9981905683247936
t12.2022.05.19,train,vocal,t12.2022.05.19,149,it provides a frame for the sampling census,5,AH,1,medial,provides,72,104,32,18,18,88,92,88,92,0.9997020004208117
t12.2022.05.19,train,vocal,t12.2022.05.19,149,it provides a frame for the sampling census,6,V,1,medial,provides,76,112,36,19,20,92,100,92,100,0.9147285149944961
t12.2022.05.19,train,vocal,t12.2022.05.19,149,it provides a frame for the sampling census,7,AY,1,medial,provides,84,120,36,21,22,100,108,100,108,0.9981354695098037
t12.2022.05.19,train,vocal,t12.2022.05.19,149,it provides a frame for the sampling census,8,D,1,medial,provides,92,128,36,23,24,108,116,108,116,0.8580846548968476
t12.2022.05.19,train,vocal,t12.2022.05.19,149,it provides a frame for the sampling census,9,Z,1,final,provides,100,136,36,25,26,116,124,116,124,0.9323429541001482
t12.2022.05.19,train,vocal,t12.2022.05.19,149,it provides a frame for the sampling census,10,SIL,1,sil,provides,108,144,36,27,28,124,132,124,136,0.8877025122000223
t12.2022.05.19,train,vocal,t12.2022.05.19,149,it provides a frame for the sampling census,11,AH,2,single,a,120,152,32,30,30,136,140,136,144,0.9999924412082254
t12.2022.05.19,train,vocal,t12.2022.05.19,149,it provides a frame for the sampling census,12,SIL,2,sil,a,128,172,44,32,35,144,160,144,160,0.9994590469478488
t12.2022.05.19,train,vocal,t12.2022.05.19,149,it provides a frame for the sampling census,13,F,3,initial,frame,144,176,32,36,36,160,164,160,164,0.9999267496459541
t12.2022.05.19,train,vocal,t12.2022.05.19,149,it provides a frame for the sampling census,14,R,3,medial,frame,148,184,36,37,38,164,172,164,172,0.9604150658270921
t12.2022.05.19,train,vocal,t12.2022.05.19,149,it provides a frame for the sampling census,15,EY,3,medial,frame,156,188,32,39,39,172,176,172,176,0.9990132749765892
t12.2022.05.19,train,vocal,t12.2022.05.19,149,it provides a frame for the sampling census,16,M,3,final,frame,160,200,40,40,42,176,188,176,188,0.9479077125990178
t12.2022.05.19,train,vocal,t12.2022.05.19,149,it provides a frame for the sampling census,17,SIL,3,sil,frame,172,232,60,43,50,188,220,188,220,0.9404186011541965
t12.2022.05.19,train,vocal,t12.2022.05.19,149,it provides a frame for the sampling census,18,F,4,initial,for,204,236,32,51,51,220,224,220,228,0.9999287169800036
t12.2022.05.19,train,vocal,t12.2022.05.19,149,it provides a frame for the sampling census,19,AO,4,medial,for,212,244,32,53,53,228,232,228,232,0.9999985081169841
t12.2022.05.19,train,vocal,t12.2022.05.19,149,it provides a frame for the sampling census,20,R,4,final,for,216,252,36,54,55,232,240,232,240,0.9895547073807038
t12.2022.05.19,train,vocal,t12.2022.05.19,149,it provides a frame for the sampling census,21,SIL,4,sil,for,224,264,40,56,58,240,252,240,252,0.9995660249405929
t12.2022.05.19,train,vocal,t12.2022.05.19,149,it provides a frame for the sampling census,22,DH,5,initial,the,236,272,36,59,60,252,260,252,260,0.9838962442685102
t12.2022.05.19,train,vocal,t12.2022.05.19,149,it provides a frame for the sampling census,23,AH,5,final,the,244,280,36,61,62,260,268,260,268,0.9945841595483264
t12.2022.05.19,train,vocal,t12.2022.05.19,149,it provides a frame for the sampling census,24,SIL,5,sil,the,252,300,48,63,67,268,288,268,288,0.9114016789872939
t12.2022.05.19,train,vocal,t12.2022.05.19,149,it provides a frame for the sampling census,25,S,6,initial,sampling,272,304,32,68,68,288,292,288,296,0.9984138102971174
t12.2022.05.19,train,vocal,t12.2022.05.19,149,it provides a frame for the sampling census,26,AE,6,medial,sampling,284,316,32,71,71,300,304,296,304,0.9729632701457167
t12.2022.05.19,train,vocal,t12.2022.05.19,149,it provides a frame for the sampling census,27,M,6,medial,sampling,288,320,32,72,72,304,308,304,308,0.9812155832186352
t12.2022.05.19,train,vocal,t12.2022.05.19,149,it provides a frame for the sampling census,28,P,6,medial,sampling,292,324,32,73,73,308,312,308,312,0.9948308677684613
t12.2022.05.19,train,vocal,t12.2022.05.19,149,it provides a frame for the sampling census,29,L,6,medial,sampling,296,332,36,74,75,312,320,312,320,0.9771402275800102
t12.2022.05.19,train,vocal,t12.2022.05.19,149,it provides a frame for the sampling census,30,IH,6,medial,sampling,304,340,36,76,77,320,328,320,328,0.8430223537464655
t12.2022.05.19,train,vocal,t12.2022.05.19,149,it provides a frame for the sampling census,31,NG,6,final,sampling,312,344,32,78,78,328,332,328,332,0.9970352304584152
t12.2022.05.19,train,vocal,t12.2022.05.19,149,it provides a frame for the sampling census,32,SIL,6,sil,sampling,316,360,44,79,82,332,348,332,348,0.9267928645928648
t12.2022.05.19,train,vocal,t12.2022.05.19,149,it provides a frame for the sampling census,33,S,7,initial,census,332,364,32,83,83,348,352,348,356,0.9982848056065208
t12.2022.05.19,train,vocal,t12.2022.05.19,149,it provides a frame for the sampling census,34,EH,7,medial,census,340,372,32,85,85,356,360,356,360,0.9987563386870909
t12.2022.05.19,train,vocal,t12.2022.05.19,149,it provides a frame for the sampling census,35,N,7,medial,census,344,376,32,86,86,360,364,360,364,0.9997402666757267
t12.2022.05.19,train,vocal,t12.2022.05.19,149,it provides a frame for the sampling census,36,S,7,medial,census,348,384,36,87,88,364,372,364,372,0.9873943884675073
t12.2022.05.19,train,vocal,t12.2022.05.19,149,it provides a frame for the sampling census,37,AH,7,medial,census,356,392,36,89,90,372,380,372,380,0.7510053751325254
t12.2022.05.19,train,vocal,t12.2022.05.19,149,it provides a frame for the sampling census,38,S,7,final,census,364,396,32,91,91,380,384,380,384,0.9999814085210228
t12.2022.05.19,train,vocal,t12.2022.05.19,149,it provides a frame for the sampling census,39,SIL,7,sil,census,368,412,44,92,95,384,400,384,400,0.9769978105554034
t12.2022.05.19,train,vocal,t12.2022.05.19,150,of course you can have another tunafish sandwich,0,AH,0,initial,of,28,60,32,7,7,44,48,16,48,0.9999509881522178
t12.2022.05.19,train,vocal,t12.2022.05.19,150,of course you can have another tunafish sandwich,1,V,0,final,of,32,64,32,8,8,48,52,48,52,0.9998450275210619
t12.2022.05.19,train,vocal,t12.2022.05.19,150,of course you can have another tunafish sandwich,2,SIL,0,sil,of,36,84,48,9,13,52,72,52,72,0.9630194823857101
t12.2022.05.19,train,vocal,t12.2022.05.19,150,of course you can have another tunafish sandwich,3,K,1,initial,course,56,88,32,14,14,72,76,72,80,0.9983675474120901
t12.2022.05.19,train,vocal,t12.2022.05.19,150,of course you can have another tunafish sandwich,4,AO,1,medial,course,64,100,36,16,17,80,88,80,88,0.9809340542841922
t12.2022.05.19,train,vocal,t12.2022.05.19,150,of course you can have another tunafish sandwich,5,R,1,medial,course,72,104,32,18,18,88,92,88,92,0.9999096153809871
t12.2022.05.19,train,vocal,t12.2022.05.19,150,of course you can have another tunafish sandwich,6,S,1,final,course,76,112,36,19,20,92,100,92,100,0.9900311029228399
t12.2022.05.19,train,vocal,t12.2022.05.19,150,of course you can have another tunafish sandwich,7,SIL,1,sil,course,84,144,60,21,28,100,132,100,132,0.9591840956056088
t12.2022.05.19,train,vocal,t12.2022.05.19,150,of course you can have another tunafish sandwich,8,Y,2,initial,you,116,148,32,29,29,132,136,132,136,0.9999934713178086
t12.2022.05.19,train,vocal,t12.2022.05.19,150,of course you can have another tunafish sandwich,9,UW,2,final,you,120,156,36,30,31,136,144,136,144,0.9952716598961154
t12.2022.05.19,train,vocal,t12.2022.05.19,150,of course you can have another tunafish sandwich,10,SIL,2,sil,you,128,168,40,32,34,144,156,144,156,0.9988028752797201
t12.2022.05.19,train,vocal,t12.2022.05.19,150,of course you can have another tunafish sandwich,11,K,3,initial,can,140,176,36,35,36,156,164,156,164,0.8911404948473909
t12.2022.05.19,train,vocal,t12.2022.05.19,150,of course you can have another tunafish sandwich,12,AE,3,medial,can,148,180,32,37,37,164,168,164,168,0.9999914674190555
t12.2022.05.19,train,vocal,t12.2022.05.19,150,of course you can have another tunafish sandwich,13,N,3,final,can,152,184,32,38,38,168,172,168,172,0.9998601481859676
t12.2022.05.19,train,vocal,t12.2022.05.19,150,of course you can have another tunafish sandwich,14,SIL,3,sil,can,156,200,44,39,42,172,188,172,188,0.9074413451345789
t12.2022.05.19,train,vocal,t12.2022.05.19,150,of course you can have another tunafish sandwich,15,HH,4,initial,have,172,204,32,43,43,188,192,188,196,0.9999809906138095
t12.2022.05.19,train,vocal,t12.2022.05.19,150,of course you can have another tunafish sandwich,16,AE,4,medial,have,180,212,32,45,45,196,200,196,200,0.9999916404376298
t12.2022.05.19,train,vocal,t12.2022.05.19,150,of course you can have another tunafish sandwich,17,V,4,final,have,184,216,32,46,46,200,204,200,204,0.9997857302184946
t12.2022.05.19,train,vocal,t12.2022.05.19,150,of course you can have another tunafish sandwich,18,SIL,4,sil,have,188,244,56,47,53,204,232,204,236,0.9949968629484006
t12.2022.05.19,train,vocal,t12.2022.05.19,150,of course you can have another tunafish sandwich,19,AH,5,initial,another,224,256,32,56,56,240,244,236,244,0.9955543629546529
t12.2022.05.19,train,vocal,t12.2022.05.19,150,of course you can have another tunafish sandwich,20,N,5,medial,another,228,260,32,57,57,244,248,244,248,0.9990921605846641
t12.2022.05.19,train,vocal,t12.2022.05.19,150,of course you can have another tunafish sandwich,21,AH,5,medial,another,232,268,36,58,59,248,256,248,256,0.9988765245809522
t12.2022.05.19,train,vocal,t12.2022.05.19,150,of course you can have another tunafish sandwich,22,DH,5,medial,another,240,276,36,60,61,256,264,256,264,0.9491905118782544
t12.2022.05.19,train,vocal,t12.2022.05.19,150,of course you can have another tunafish sandwich,23,ER,5,final,another,248,284,36,62,63,264,272,264,272,0.9962876951619807
t12.2022.05.19,train,vocal,t12.2022.05.19,150,of course you can have another tunafish sandwich,24,SIL,5,sil,another,256,296,40,64,66,272,284,272,284,0.998406976948767
t12.2022.05.19,train,vocal,t12.2022.05.19,150,of course you can have another tunafish sandwich,25,T,6,initial,tunafish,268,304,36,67,68,284,292,284,292,0.8314735953321802
t12.2022.05.19,train,vocal,t12.2022.05.19,150,of course you can have another tunafish sandwich,26,UW,6,medial,tunafish,276,308,32,69,69,292,296,292,296,0.9996764213053102
t12.2022.05.19,train,vocal,t12.2022.05.19,150,of course you can have another tunafish sandwich,27,N,6,medial,tunafish,280,312,32,70,70,296,300,296,300,0.9983084202220304
t12.2022.05.19,train,vocal,t12.2022.05.19,150,of course you can have another tunafish sandwich,28,AH,6,medial,tunafish,284,324,40,71,73,300,312,300,312,0.9612881823210632
t12.2022.05.19,train,vocal,t12.2022.05.19,150,of course you can have another tunafish sandwich,29,F,6,medial,tunafish,296,332,36,74,75,312,320,312,324,0.9980234101055789
t12.2022.05.19,train,vocal,t12.2022.05.19,150,of course you can have another tunafish sandwich,30,IH,6,medial,tunafish,312,344,32,78,78,328,332,324,332,0.9995801517391595
t12.2022.05.19,train,vocal,t12.2022.05.19,150,of course you can have another tunafish sandwich,31,SH,6,final,tunafish,316,356,40,79,81,332,344,332,344,0.963960145914665
t12.2022.05.19,train,vocal,t12.2022.05.19,150,of course you can have another tunafish sandwich,32,SIL,6,sil,tunafish,328,376,48,82,86,344,364,344,364,0.988830887702963
t12.2022.05.19,train,vocal,t12.2022.05.19,150,of course you can have another tunafish sandwich,33,S,7,initial,sandwich,348,384,36,87,88,364,372,364,376,0.9945562498851606
t12.2022.05.19,train,vocal,t12.2022.05.19,150,of course you can have another tunafish sandwich,34,AE,7,medial,sandwich,360,392,32,90,90,376,380,376,380,0.9983062827402988
t12.2022.05.19,train,vocal,t12.2022.05.19,150,of course you can have another tunafish sandwich,35,N,7,medial,sandwich,364,396,32,91,91,380,384,380,384,0.9913030305522069
t12.2022.05.19,train,vocal,t12.2022.05.19,150,of course you can have another tunafish sandwich,36,D,7,medial,sandwich,368,400,32,92,92,384,388,384,388,0.9981214124050682
t12.2022.05.19,train,vocal,t12.2022.05.19,150,of course you can have another tunafish sandwich,37,W,7,medial,sandwich,372,408,36,93,94,388,396,388,396,0.9998937140777481
t12.2022.05.19,train,vocal,t12.2022.05.19,150,of course you can have another tunafish sandwich,38,IH,7,medial,sandwich,380,412,32,95,95,396,400,396,400,0.999903029199769
t12.2022.05.19,train,vocal,t12.2022.05.19,150,of course you can have another tunafish sandwich,39,CH,7,final,sandwich,384,420,36,96,97,400,408,400,408,0.999627544404032
t12.2022.05.19,train,vocal,t12.2022.05.19,150,of course you can have another tunafish sandwich,40,SIL,7,sil,sandwich,392,436,44,98,101,408,424,408,424,0.9996178666856185
t12.2022.05.19,train,vocal,t12.2022.05.19,151,each is still glorified as a national hero,0,IY,0,initial,each,48,80,32,12,12,64,68,16,68,0.996011140257262
t12.2022.05.19,train,vocal,t12.2022.05.19,151,each is still glorified as a national hero,1,CH,0,final,each,52,88,36,13,14,68,76,68,76,0.9951271344857824
t12.2022.05.19,train,vocal,t12.2022.05.19,151,each is still glorified as a national hero,2,SIL,0,sil,each,60,96,36,15,16,76,84,76,88,0.995126694948999
t12.2022.05.19,train,vocal,t12.2022.05.19,151,each is still glorified as a national hero,3,IH,1,initial,is,72,104,32,18,18,88,92,88,92,0.9999387060898899
t12.2022.05.19,train,vocal,t12.2022.05.19,151,each is still glorified as a national hero,4,Z,1,final,is,76,108,32,19,19,92,96,92,96,0.9999968516178792
t12.2022.05.19,train,vocal,t12.2022.05.19,151,each is still glorified as a national hero,5,SIL,1,sil,is,80,116,36,20,21,96,104,96,104,0.9220365430043624
t12.2022.05.19,train,vocal,t12.2022.05.19,151,each is still glorified as a national hero,6,S,2,initial,still,88,120,32,22,22,104,108,104,108,0.9985338043083203
t12.2022.05.19,train,vocal,t12.2022.05.19,151,each is still glorified as a national hero,7,T,2,medial,still,92,128,36,23,24,108,116,108,116,0.9857045716719084
t12.2022.05.19,train,vocal,t12.2022.05.19,151,each is still glorified as a national hero,8,IH,2,medial,still,100,132,32,25,25,116,120,116,120,0.9999956303593163
t12.2022.05.19,train,vocal,t12.2022.05.19,151,each is still glorified as a national hero,9,L,2,final,still,104,136,32,26,26,120,124,120,124,0.9997698333040347
t12.2022.05.19,train,vocal,t12.2022.05.19,151,each is still glorified as a national hero,10,SIL,2,sil,still,108,144,36,27,28,124,132,124,132,0.8252398433161723
t12.2022.05.19,train,vocal,t12.2022.05.19,151,each is still glorified as a national hero,11,G,3,initial,glorified,116,148,32,29,29,132,136,132,136,0.9951062962826651
t12.2022.05.19,train,vocal,t12.2022.05.19,151,each is still glorified as a national hero,12,L,3,medial,glorified,120,152,32,30,30,136,140,136,140,0.9948698422511647
t12.2022.05.19,train,vocal,t12.2022.05.19,151,each is still glorified as a national hero,13,AO,3,medial,glorified,124,156,32,31,31,140,144,140,144,0.9787472203301525
t12.2022.05.19,train,vocal,t12.2022.05.19,151,each is still glorified as a national hero,14,R,3,medial,glorified,128,160,32,32,32,144,148,144,148,0.9443933471515737
t12.2022.05.19,train,vocal,t12.2022.05.19,151,each is still glorified as a national hero,15,AH,3,medial,glorified,132,168,36,33,34,148,156,148,156,0.8989424956323595
t12.2022.05.19,train,vocal,t12.2022.05.19,151,each is still glorified as a national hero,16,F,3,medial,glorified,140,176,36,35,36,156,164,156,164,0.7499109926938952
t12.2022.05.19,train,vocal,t12.2022.05.19,151,each is still glorified as a national hero,17,AY,3,medial,glorified,148,180,32,37,37,164,168,164,168,0.9992974552276023
t12.2022.05.19,train,vocal,t12.2022.05.19,151,each is still glorified as a national hero,18,D,3,final,glorified,152,192,40,38,40,168,180,168,180,0.9217144373225498
t12.2022.05.19,train,vocal,t12.2022.05.19,151,each is still glorified as a national hero,19,SIL,3,sil,glorified,164,200,36,41,42,180,188,180,192,0.9999883216935095
t12.2022.05.19,train,vocal,t12.2022.05.19,151,each is still glorified as a national hero,20,AE,4,initial,as,180,212,32,45,45,196,200,192,200,0.9999887913747437
t12.2022.05.19,train,vocal,t12.2022.05.19,151,each is still glorified as a national hero,21,Z,4,final,as,184,220,36,46,47,200,208,200,208,0.767975266843199
t12.2022.05.19,train,vocal,t12.2022.05.19,151,each is still glorified as a national hero,22,SIL,4,sil,as,192,232,40,48,50,208,220,208,224,0.9996859092168764
t12.2022.05.19,train,vocal,t12.2022.05.19,151,each is still glorified as a national hero,23,AH,5,single,a,212,244,32,53,53,228,232,224,232,0.9999989614871769
t12.2022.05.19,train,vocal,t12.2022.05.19,151,each is still glorified as a national hero,24,SIL,5,sil,a,216,260,44,54,57,232,248,232,248,0.9370575515148556
t12.2022.05.19,train,vocal,t12.2022.05.19,151,each is still glorified as a national hero,25,N,6,initial,national,232,264,32,58,58,248,252,248,256,0.9999440897135916
t12.2022.05.19,train,vocal,t12.2022.05.19,151,each is still glorified as a national hero,26,AE,6,medial,national,240,276,36,60,61,256,264,256,264,0.8279282640708445
t12.2022.05.19,train,vocal,t12.2022.05.19,151,each is still glorified as a national hero,27,SH,6,medial,national,248,280,32,62,62,264,268,264,268,0.9999732927743183
t12.2022.05.19,train,vocal,t12.2022.05.19,151,each is still glorified as a national hero,28,AH,6,medial,national,252,288,36,63,64,268,276,268,276,0.9574749196575525
t12.2022.05.19,train,vocal,t12.2022.05.19,151,each is still glorified as a national hero,29,N,6,medial,national,260,300,40,65,67,276,288,276,288,0.9611922390288772
t12.2022.05.19,train,vocal,t12.2022.05.19,151,each is still glorified as a national hero,30,AH,6,medial,national,272,304,32,68,68,288,292,288,292,0.9999173919814882
t12.2022.05.19,train,vocal,t12.2022.05.19,151,each is still glorified as a national hero,31,L,6,final,national,276,312,36,69,70,292,300,292,300,0.9894564259655259
t12.2022.05.19,train,vocal,t12.2022.05.19,151,each is still glorified as a national hero,32,SIL,6,sil,national,284,328,44,71,74,300,316,300,316,0.9999016024016631
t12.2022.05.19,train,vocal,t12.2022.05.19,151,each is still glorified as a national hero,33,HH,7,initial,hero,300,332,32,75,75,316,320,316,324,0.9992813156789006
t12.2022.05.19,train,vocal,t12.2022.05.19,151,each is still glorified as a national hero,34,IH,7,medial,hero,312,344,32,78,78,328,332,324,332,0.9979687284682003
t12.2022.05.19,train,vocal,t12.2022.05.19,151,each is still glorified as a national hero,35,R,7,medial,hero,316,348,32,79,79,332,336,332,336,0.998735260908454
t12.2022.05.19,train,vocal,t12.2022.05.19,151,each is still glorified as a national hero,36,OW,7,final,hero,320,360,40,80,82,336,348,336,348,0.7950503431569391
t12.2022.05.19,train,vocal,t12.2022.05.19,151,each is still glorified as a national hero,37,SIL,7,sil,hero,332,372,40,83,85,348,360,348,360,0.9999602431054254
t12.2022.05.19,train,vocal,t12.2022.05.19,152,a crude ladder ran down to a wooden floor,0,AH,0,single,a,48,80,32,12,12,64,68,16,72,0.999995790968643
t12.2022.05.19,train,vocal,t12.2022.05.19,152,a crude ladder ran down to a wooden floor,1,SIL,0,sil,a,56,100,44,14,17,72,88,72,88,0.9490518265774678
t12.2022.05.19,train,vocal,t12.2022.05.19,152,a crude ladder ran down to a wooden floor,2,K,1,initial,crude,72,104,32,18,18,88,92,88,92,0.9891276767366595
t12.2022.05.19,train,vocal,t12.2022.05.19,152,a crude ladder ran down to a wooden floor,3,R,1,medial,crude,76,108,32,19,19,92,96,92,96,0.9972356329233107
t12.2022.05.19,train,vocal,t12.2022.05.19,152,a crude ladder ran down to a wooden floor,4,UW,1,medial,crude,80,112,32,20,20,96,100,96,100,0.9995517176853509
t12.2022.05.19,train,vocal,t12.2022.05.19,152,a crude ladder ran down to a wooden floor,5,D,1,final,crude,84,120,36,21,22,100,108,100,108,0.9055559782956384
t12.2022.05.19,train,vocal,t12.2022.05.19,152,a crude ladder ran down to a wooden floor,6,SIL,1,sil,crude,92,128,36,23,24,108,116,108,116,0.99400120909187
t12.2022.05.19,train,vocal,t12.2022.05.19,152,a crude ladder ran down to a wooden floor,7,L,2,initial,ladder,100,136,36,25,26,116,124,116,128,0.9474652060316162
t12.2022.05.19,train,vocal,t12.2022.05.19,152,a crude ladder ran down to a wooden floor,8,AE,2,medial,ladder,112,144,32,28,28,128,132,128,132,0.9991746833542592
t12.2022.05.19,train,vocal,t12.2022.05.19,152,a crude ladder ran down to a wooden floor,9,D,2,medial,ladder,116,148,32,29,29,132,136,132,140,0.9987583896958145
t12.2022.05.19,train,vocal,t12.2022.05.19,152,a crude ladder ran down to a wooden floor,10,ER,2,final,ladder,124,164,40,31,33,140,152,140,152,0.8709636328847031
t12.2022.05.19,train,vocal,t12.2022.05.19,152,a crude ladder ran down to a wooden floor,11,SIL,2,sil,ladder,136,192,56,34,40,152,180,152,180,0.9573893369545469
t12.2022.05.19,train,vocal,t12.2022.05.19,152,a crude ladder ran down to a wooden floor,12,R,3,initial,ran,164,200,36,41,42,180,188,180,192,0.9761663798435543
t12.2022.05.19,train,vocal,t12.2022.05.19,152,a crude ladder ran down to a wooden floor,13,AE,3,medial,ran,176,208,32,44,44,192,196,192,196,0.9998335369418202
t12.2022.05.19,train,vocal,t12.2022.05.19,152,a crude ladder ran down to a wooden floor,14,N,3,final,ran,180,212,32,45,45,196,200,196,200,0.9995303786629306
t12.2022.05.19,train,vocal,t12.2022.05.19,152,a crude ladder ran down to a wooden floor,15,SIL,3,sil,ran,184,228,44,46,49,200,216,200,216,0.8553035680090414
t12.2022.05.19,train,vocal,t12.2022.05.19,152,a crude ladder ran down to a wooden floor,16,D,4,initial,down,200,232,32,50,50,216,220,216,224,0.9998554030790668
t12.2022.05.19,train,vocal,t12.2022.05.19,152,a crude ladder ran down to a wooden floor,17,AW,4,medial,down,208,240,32,52,52,224,228,224,228,0.9999844057993382
t12.2022.05.19,train,vocal,t12.2022.05.19,152,a crude ladder ran down to a wooden floor,18,N,4,final,down,212,248,36,53,54,228,236,228,236,0.9499601753810141
t12.2022.05.19,train,vocal,t12.2022.05.19,152,a crude ladder ran down to a wooden floor,19,SIL,4,sil,down,220,276,56,55,61,236,264,236,264,0.9983834577636843
t12.2022.05.19,train,vocal,t12.2022.05.19,152,a crude ladder ran down to a wooden floor,20,T,5,initial,to,248,280,32,62,62,264,268,264,272,0.9999996854157248
t12.2022.05.19,train,vocal,t12.2022.05.19,152,a crude ladder ran down to a wooden floor,21,UW,5,final,to,256,288,32,64,64,272,276,272,276,0.9999991008759073
t12.2022.05.19,train,vocal,t12.2022.05.19,152,a crude ladder ran down to a wooden floor,22,SIL,5,sil,to,260,304,44,65,68,276,292,276,296,0.8937496905917094
t12.2022.05.19,train,vocal,t12.2022.05.19,152,a crude ladder ran down to a wooden floor,23,AH,6,single,a,284,316,32,71,71,300,304,296,304,0.9999793973165896
t12.2022.05.19,train,vocal,t12.2022.05.19,152,a crude ladder ran down to a wooden floor,24,SIL,6,sil,a,288,332,44,72,75,304,320,304,320,0.9927721498193083
t12.2022.05.19,train,vocal,t12.2022.05.19,152,a crude ladder ran down to a wooden floor,25,W,7,initial,wooden,304,340,36,76,77,320,328,320,332,0.9525843769912352
t12.2022.05.19,train,vocal,t12.2022.05.19,152,a crude ladder ran down to a wooden floor,26,UH,7,medial,wooden,316,348,32,79,79,332,336,332,336,0.9998574265046526
t12.2022.05.19,train,vocal,t12.2022.05.19,152,a crude ladder ran down to a wooden floor,27,D,7,medial,wooden,320,356,36,80,81,336,344,336,348,0.9829588429227236
t12.2022.05.19,train,vocal,t12.2022.05.19,152,a crude ladder ran down to a wooden floor,28,AH,7,medial,wooden,332,364,32,83,83,348,352,348,352,0.999311161265584
t12.2022.05.19,train,vocal,t12.2022.05.19,152,a crude ladder ran down to a wooden floor,29,N,7,final,wooden,336,372,36,84,85,352,360,352,360,0.9935371493070735
t12.2022.05.19,train,vocal,t12.2022.05.19,152,a crude ladder ran down to a wooden floor,30,SIL,7,sil,wooden,344,400,56,86,92,360,388,360,388,0.9357304494360765
t12.2022.05.19,train,vocal,t12.2022.05.19,152,a crude ladder ran down to a wooden floor,31,F,8,initial,floor,372,404,32,93,93,388,392,388,392,0.9999577377299051
t12.2022.05.19,train,vocal,t12.2022.05.19,152,a crude ladder ran down to a wooden floor,32,L,8,medial,floor,376,408,32,94,94,392,396,392,396,0.9994004675059946
t12.2022.05.19,train,vocal,t12.2022.05.19,152,a crude ladder ran down to a wooden floor,33,AO,8,medial,floor,380,412,32,95,95,396,400,396,400,0.9990611844475484
t12.2022.05.19,train,vocal,t12.2022.05.19,152,a crude ladder ran down to a wooden floor,34,R,8,final,floor,384,420,36,96,97,400,408,400,408,0.9984037164463846
t12.2022.05.19,train,vocal,t12.2022.05.19,152,a crude ladder ran down to a wooden floor,35,SIL,8,sil,floor,392,436,44,98,101,408,424,408,424,0.9996048854527946
t12.2022.05.19,train,vocal,t12.2022.05.19,153,deep enough he decided,0,D,0,initial,deep,28,60,32,7,7,44,48,16,52,0.9988010861044976
t12.2022.05.19,train,vocal,t12.2022.05.19,153,deep enough he decided,1,IY,0,medial,deep,36,72,36,9,10,52,60,52,60,0.774698980931221
t12.2022.05.19,train,vocal,t12.2022.05.19,153,deep enough he decided,2,P,0,final,deep,44,76,32,11,11,60,64,60,68,0.9995235957258753
t12.2022.05.19,train,vocal,t12.2022.05.19,153,deep enough he decided,3,SIL,0,sil,deep,56,104,48,14,18,72,92,68,104,0.9824899011193186
t12.2022.05.19,train,vocal,t12.2022.05.19,153,deep enough he decided,4,IH,1,initial,enough,100,132,32,25,25,116,120,104,120,0.9990497269735737
t12.2022.05.19,train,vocal,t12.2022.05.19,153,deep enough he decided,5,N,1,medial,enough,104,140,36,26,27,120,128,120,128,0.9706267274271785
t12.2022.05.19,train,vocal,t12.2022.05.19,153,deep enough he decided,6,AH,1,medial,enough,112,148,36,28,29,128,136,128,136,0.9964917911416155
t12.2022.05.19,train,vocal,t12.2022.05.19,153,deep enough he decided,7,F,1,final,enough,120,160,40,30,32,136,148,136,148,0.9627935458376299
t12.2022.05.19,train,vocal,t12.2022.05.19,153,deep enough he decided,8,SIL,1,sil,enough,132,188,56,33,39,148,176,148,176,0.9999548009455111
t12.2022.05.19,train,vocal,t12.2022.05.19,153,deep enough he decided,9,HH,2,initial,he,160,196,36,40,41,176,184,176,188,0.9422834811131969
t12.2022.05.19,train,vocal,t12.2022.05.19,153,deep enough he decided,10,IY,2,final,he,172,204,32,43,43,188,192,188,192,0.9999991325084527
t12.2022.05.19,train,vocal,t12.2022.05.19,153,deep enough he decided,11,SIL,2,sil,he,176,220,44,44,47,192,208,192,208,0.9751945503058725
t12.2022.05.19,train,vocal,t12.2022.05.19,153,deep enough he decided,12,D,3,initial,decided,192,224,32,48,48,208,212,208,216,0.9998914253331267
t12.2022.05.19,train,vocal,t12.2022.05.19,153,deep enough he decided,13,IH,3,medial,decided,200,232,32,50,50,216,220,216,220,0.9999480640538617
t12.2022.05.19,train,vocal,t12.2022.05.19,153,deep enough he decided,14,S,3,medial,decided,204,236,32,51,51,220,224,220,228,0.9997947398860618
t12.2022.05.19,train,vocal,t12.2022.05.19,153,deep enough he decided,15,AY,3,medial,decided,212,248,36,53,54,228,236,228,236,0.9859143864948889
t12.2022.05.19,train,vocal,t12.2022.05.19,153,deep enough he decided,16,D,3,medial,decided,220,256,36,55,56,236,244,236,244,0.9933400366170614
t12.2022.05.19,train,vocal,t12.2022.05.19,153,deep enough he decided,17,IH,3,medial,decided,228,260,32,57,57,244,248,244,248,0.9968526520301826
t12.2022.05.19,train,vocal,t12.2022.05.19,153,deep enough he decided,18,D,3,final,decided,232,268,36,58,59,248,256,248,256,0.8055017557431579
t12.2022.05.19,train,vocal,t12.2022.05.19,153,deep enough he decided,19,SIL,3,sil,decided,240,280,40,60,62,256,268,256,268,0.9816542315721977
t12.2022.05.19,train,vocal,t12.2022.05.19,154,perhaps it was all a vividly conceived dream,0,P,0,initial,perhaps,24,56,32,6,6,40,44,16,48,0.9932979844137835
t12.2022.05.19,train,vocal,t12.2022.05.19,154,perhaps it was all a vividly conceived dream,1,ER,0,medial,perhaps,32,64,32,8,8,48,52,48,52,0.9997317544067226
t12.2022.05.19,train,vocal,t12.2022.05.19,154,perhaps it was all a vividly conceived dream,2,HH,0,medial,perhaps,36,80,44,9,12,52,68,52,72,0.8733327508434747
t12.2022.05.19,train,vocal,t12.2022.05.19,154,perhaps it was all a vividly conceived dream,3,AE,0,medial,perhaps,60,92,32,15,15,76,80,72,80,0.9998260983310594
t12.2022.05.19,train,vocal,t12.2022.05.19,154,perhaps it was all a vividly conceived dream,4,P,0,medial,perhaps,64,100,36,16,17,80,88,80,88,0.9980579000077414
t12.2022.05.19,train,vocal,t12.2022.05.19,154,perhaps it was all a vividly conceived dream,5,S,0,final,perhaps,72,112,40,18,20,88,100,88,100,0.9566755616319869
t12.2022.05.19,train,vocal,t12.2022.05.19,154,perhaps it was all a vividly conceived dream,6,SIL,0,sil,perhaps,84,120,36,21,22,100,108,100,112,0.9993761613691708
t12.2022.05.19,train,vocal,t12.2022.05.19,154,perhaps it was all a vividly conceived dream,7,IH,1,initial,it,100,132,32,25,25,116,120,112,120,0.9999724314661361
t12.2022.05.19,train,vocal,t12.2022.05.19,154,perhaps it was all a vividly conceived dream,8,T,1,final,it,104,136,32,26,26,120,124,120,124,0.9999923742582313
t12.2022.05.19,train,vocal,t12.2022.05.19,154,perhaps it was all a vividly conceived dream,9,SIL,1,sil,it,108,152,44,27,30,124,140,124,140,0.9981048496489392
t12.2022.05.19,train,vocal,t12.2022.05.19,154,perhaps it was all a vividly conceived dream,10,W,2,initial,was,124,160,36,31,32,140,148,140,152,0.9623145100370082
t12.2022.05.19,train,vocal,t12.2022.05.19,154,perhaps it was all a vividly conceived dream,11,AA,2,medial,was,136,168,32,34,34,152,156,152,156,0.9999304939104358
t12.2022.05.19,train,vocal,t12.2022.05.19,154,perhaps it was all a vividly conceived dream,12,Z,2,final,was,140,172,32,35,35,156,160,156,160,0.9999998672903149
t12.2022.05.19,train,vocal,t12.2022.05.19,154,perhaps it was all a vividly conceived dream,13,SIL,2,sil,was,144,192,48,36,40,160,180,160,184,0.916359840071171
t12.2022.05.19,train,vocal,t12.2022.05.19,154,perhaps it was all a vividly conceived dream,14,AO,3,initial,all,172,204,32,43,43,188,192,184,192,0.9999397679948194
t12.2022.05.19,train,vocal,t12.2022.05.19,154,perhaps it was all a vividly conceived dream,15,L,3,final,all,176,208,32,44,44,192,196,192,196,0.9999644442184475
t12.2022.05.19,train,vocal,t12.2022.05.19,154,perhaps it was all a vividly conceived dream,16,SIL,3,sil,all,180,220,40,45,47,196,208,196,208,0.9916617363977794
t12.2022.05.19,train,vocal,t12.2022.05.19,154,perhaps it was all a vividly conceived dream,17,AH,4,single,a,192,228,36,48,49,208,216,208,216,0.9989947092742713
t12.2022.05.19,train,vocal,t12.2022.05.19,154,perhaps it was all a vividly conceived dream,18,SIL,4,sil,a,200,244,44,50,53,216,232,216,232,0.9619927501425363
t12.2022.05.19,train,vocal,t12.2022.05.19,154,perhaps it was all a vividly conceived dream,19,V,5,initial,vividly,216,248,32,54,54,232,236,232,240,0.9999033846252746
t12.2022.05.19,train,vocal,t12.2022.05.19,154,perhaps it was all a vividly conceived dream,20,IH,5,medial,vividly,224,256,32,56,56,240,244,240,244,0.9977580197961118
t12.2022.05.19,train,vocal,t12.2022.05.19,154,perhaps it was all a vividly conceived dream,21,V,5,medial,vividly,228,260,32,57,57,244,248,244,248,0.999390812660085
t12.2022.05.19,train,vocal,t12.2022.05.19,154,perhaps it was all a vividly conceived dream,22,AH,5,medial,vividly,232,272,40,58,60,248,260,248,260,0.9559547452169307
t12.2022.05.19,train,vocal,t12.2022.05.19,154,perhaps it was all a vividly conceived dream,23,D,5,medial,vividly,244,284,40,61,63,260,272,260,272,0.867280669672704
t12.2022.05.19,train,vocal,t12.2022.05.19,154,perhaps it was all a vividly conceived dream,24,L,5,medial,vividly,256,292,36,64,65,272,280,272,280,0.883246238904267
t12.2022.05.19,train,vocal,t12.2022.05.19,154,perhaps it was all a vividly conceived dream,25,IY,5,final,vividly,264,300,36,66,67,280,288,280,288,0.9784257631198996
t12.2022.05.19,train,vocal,t12.2022.05.19,154,perhaps it was all a vividly conceived dream,26,SIL,5,sil,vividly,272,320,48,68,72,288,308,288,308,0.9738556189918276
t12.2022.05.19,train,vocal,t12.2022.05.19,154,perhaps it was all a vividly conceived dream,27,K,6,initial,conceived,292,324,32,73,73,308,312,308,316,0.9998974272997229
t12.2022.05.19,train,vocal,t12.2022.05.19,154,perhaps it was all a vividly conceived dream,28,AH,6,medial,conceived,300,332,32,75,75,316,320,316,320,0.9993320650454193
t12.2022.05.19,train,vocal,t12.2022.05.19,154,perhaps it was all a vividly conceived dream,29,N,6,medial,conceived,304,336,32,76,76,320,324,320,324,0.9995700535810994
t12.2022.05.19,train,vocal,t12.2022.05.19,154,perhaps it was all a vividly conceived dream,30,S,6,medial,conceived,308,348,40,77,79,324,336,324,340,0.8921661437671041
t12.2022.05.19,train,vocal,t12.2022.05.19,154,perhaps it was all a vividly conceived dream,31,IY,6,medial,conceived,324,356,32,81,81,340,344,340,344,0.9996972354054573
t12.2022.05.19,train,vocal,t12.2022.05.19,154,perhaps it was all a vividly conceived dream,32,V,6,medial,conceived,328,364,36,82,83,344,352,344,352,0.9719006336155533
t12.2022.05.19,train,vocal,t12.2022.05.19,154,perhaps it was all a vividly conceived dream,33,D,6,final,conceived,336,376,40,84,86,352,364,352,364,0.8235469705366089
t12.2022.05.19,train,vocal,t12.2022.05.19,154,perhaps it was all a vividly conceived dream,34,SIL,6,sil,conceived,348,380,32,87,87,364,368,364,368,0.9973238970791571
t12.2022.05.19,train,vocal,t12.2022.05.19,154,perhaps it was all a vividly conceived dream,35,D,7,initial,dream,352,388,36,88,89,368,376,368,376,0.8636047684630406
t12.2022.05.19,train,vocal,t12.2022.05.19,154,perhaps it was all a vividly conceived dream,36,R,7,medial,dream,360,392,32,90,90,376,380,376,380,0.9990225081718948
t12.2022.05.19,train,vocal,t12.2022.05.19,154,perhaps it was all a vividly conceived dream,37,IY,7,medial,dream,364,396,32,91,91,380,384,380,384,0.99960511648729
t12.2022.05.19,train,vocal,t12.2022.05.19,154,perhaps it was all a vividly conceived dream,38,M,7,final,dream,368,404,36,92,93,384,392,384,392,0.9489413370479576
t12.2022.05.19,train,vocal,t12.2022.05.19,154,perhaps it was all a vividly conceived dream,39,SIL,7,sil,dream,376,428,52,94,99,392,416,392,416,0.9996350881105734
t12.2022.05.19,train,vocal,t12.2022.05.19,155,snakes are ugly he said again,0,S,0,initial,snakes,12,48,36,3,4,28,36,16,36,0.8719073384865237
t12.2022.05.19,train,vocal,t12.2022.05.19,155,snakes are ugly he said again,1,N,0,medial,snakes,20,56,36,5,6,36,44,36,48,0.9686746973813483
t12.2022.05.19,train,vocal,t12.2022.05.19,155,snakes are ugly he said again,2,EY,0,medial,snakes,36,68,32,9,9,52,56,48,56,0.9965591789557282
t12.2022.05.19,train,vocal,t12.2022.05.19,155,snakes are ugly he said again,3,K,0,medial,snakes,40,72,32,10,10,56,60,56,60,0.9997336703278392
t12.2022.05.19,train,vocal,t12.2022.05.19,155,snakes are ugly he said again,4,S,0,final,snakes,44,80,36,11,12,60,68,60,68,0.9894315553067772
t12.2022.05.19,train,vocal,t12.2022.05.19,155,snakes are ugly he said again,5,SIL,0,sil,snakes,52,92,40,13,15,68,80,68,84,0.8645119402771391
t12.2022.05.19,train,vocal,t12.2022.05.19,155,snakes are ugly he said again,6,AA,1,initial,are,72,104,32,18,18,88,92,84,92,0.9999920042627363
t12.2022.05.19,train,vocal,t12.2022.05.19,155,snakes are ugly he said again,7,R,1,final,are,76,108,32,19,19,92,96,92,96,0.9999800973843953
t12.2022.05.19,train,vocal,t12.2022.05.19,155,snakes are ugly he said again,8,SIL,1,sil,are,80,120,40,20,22,96,108,96,112,0.9994015116591789
t12.2022.05.19,train,vocal,t12.2022.05.19,155,snakes are ugly he said again,9,AH,2,initial,ugly,100,132,32,25,25,116,120,112,120,0.9997584233326867
t12.2022.05.19,train,vocal,t12.2022.05.19,155,snakes are ugly he said again,10,G,2,medial,ugly,104,140,36,26,27,120,128,120,128,0.8529899953060941
t12.2022.05.19,train,vocal,t12.2022.05.19,155,snakes are ugly he said again,11,L,2,medial,ugly,112,148,36,28,29,128,136,128,136,0.992557770721008
t12.2022.05.19,train,vocal,t12.2022.05.19,155,snakes are ugly he said again,12,IY,2,final,ugly,120,160,40,30,32,136,148,136,148,0.7129108313318029
t12.2022.05.19,train,vocal,t12.2022.05.19,155,snakes are ugly he said again,13,SIL,2,sil,ugly,132,172,40,33,35,148,160,148,160,0.9995495413812755
t12.2022.05.19,train,vocal,t12.2022.05.19,155,snakes are ugly he said again,14,HH,3,initial,he,144,180,36,36,37,160,168,160,172,0.8459778238632643
t12.2022.05.19,train,vocal,t12.2022.05.19,155,snakes are ugly he said again,15,IY,3,final,he,156,188,32,39,39,172,176,172,176,0.9999984463674777
t12.2022.05.19,train,vocal,t12.2022.05.19,155,snakes are ugly he said again,16,SIL,3,sil,he,160,200,40,40,42,176,188,176,188,0.8976796388379901
t12.2022.05.19,train,vocal,t12.2022.05.19,155,snakes are ugly he said again,17,S,4,initial,said,172,208,36,43,44,188,196,188,200,0.8882968398459941
t12.2022.05.19,train,vocal,t12.2022.05.19,155,snakes are ugly he said again,18,EH,4,medial,said,184,220,36,46,47,200,208,200,208,0.9978656395212513
t12.2022.05.19,train,vocal,t12.2022.05.19,155,snakes are ugly he said again,19,D,4,final,said,192,228,36,48,49,208,216,208,216,0.9017789316223603
t12.2022.05.19,train,vocal,t12.2022.05.19,155,snakes are ugly he said again,20,SIL,4,sil,said,200,236,36,50,51,216,224,216,228,0.9999245798533136
t12.2022.05.19,train,vocal,t12.2022.05.19,155,snakes are ugly he said again,21,AH,5,initial,again,216,248,32,54,54,232,236,228,236,0.9999990181889825
t12.2022.05.19,train,vocal,t12.2022.05.19,155,snakes are ugly he said again,22,G,5,medial,again,220,260,40,55,57,236,248,236,248,0.843866299027256
t12.2022.05.19,train,vocal,t12.2022.05.19,155,snakes are ugly he said again,23,EH,5,medial,again,232,268,36,58,59,248,256,248,256,0.9094329476532672
t12.2022.05.19,train,vocal,t12.2022.05.19,155,snakes are ugly he said again,24,N,5,final,again,240,272,32,60,60,256,260,256,260,0.9999987029343362
t12.2022.05.19,train,vocal,t12.2022.05.19,155,snakes are ugly he said again,25,SIL,5,sil,again,244,288,44,61,64,260,276,260,276,0.9918663067124183
t12.2022.05.19,train,vocal,t12.2022.05.19,156,the great black leopards,0,DH,0,initial,the,48,80,32,12,12,64,68,16,68,0.9999620374285092
t12.2022.05.19,train,vocal,t12.2022.05.19,156,the great black leopards,1,AH,0,final,the,52,84,32,13,13,68,72,68,76,0.9999649183245117
t12.2022.05.19,train,vocal,t12.2022.05.19,156,the great black leopards,2,SIL,0,sil,the,60,100,40,15,17,76,88,76,88,0.992707102652035
t12.2022.05.19,train,vocal,t12.2022.05.19,156,the great black leopards,3,G,1,initial,great,72,104,32,18,18,88,92,88,92,0.999724645196456
t12.2022.05.19,train,vocal,t12.2022.05.19,156,the great black leopards,4,R,1,medial,great,76,112,36,19,20,92,100,92,100,0.9989947612802632
t12.2022.05.19,train,vocal,t12.2022.05.19,156,the great black leopards,5,EY,1,medial,great,84,116,32,21,21,100,104,100,104,0.9997731666849919
t12.2022.05.19,train,vocal,t12.2022.05.19,156,the great black leopards,6,T,1,final,great,88,124,36,22,23,104,112,104,112,0.971725638665362
t12.2022.05.19,train,vocal,t12.2022.05.19,156,the great black leopards,7,SIL,1,sil,great,96,140,44,24,27,112,128,112,128,0.9993677188516574
t12.2022.05.19,train,vocal,t12.2022.05.19,156,the great black leopards,8,B,2,initial,black,112,144,32,28,28,128,132,128,132,0.9978632873528827
t12.2022.05.19,train,vocal,t12.2022.05.19,156,the great black leopards,9,L,2,medial,black,116,152,36,29,30,132,140,132,144,0.9948269194682491
t12.2022.05.19,train,vocal,t12.2022.05.19,156,the great black leopards,10,AE,2,medial,black,128,160,32,32,32,144,148,144,148,0.9992152775014214
t12.2022.05.19,train,vocal,t12.2022.05.19,156,the great black leopards,11,K,2,final,black,132,164,32,33,33,148,152,148,156,0.9996886748799333
t12.2022.05.19,train,vocal,t12.2022.05.19,156,the great black leopards,12,SIL,2,sil,black,140,188,48,35,39,156,176,156,176,0.9988938976501031
t12.2022.05.19,train,vocal,t12.2022.05.19,156,the great black leopards,13,L,3,initial,leopards,160,196,36,40,41,176,184,176,188,0.9644076650085242
t12.2022.05.19,train,vocal,t12.2022.05.19,156,the great black leopards,14,EH,3,medial,leopards,172,204,32,43,43,188,192,188,192,0.9987958897793847
t12.2022.05.19,train,vocal,t12.2022.05.19,156,the great black leopards,15,P,3,medial,leopards,176,212,36,44,45,192,200,192,204,0.9978629250393705
t12.2022.05.19,train,vocal,t12.2022.05.19,156,the great black leopards,16,ER,3,medial,leopards,192,224,32,48,48,208,212,204,212,0.9997320159930695
t12.2022.05.19,train,vocal,t12.2022.05.19,156,the great black leopards,17,D,3,medial,leopards,196,228,32,49,49,212,216,212,216,0.9998719938976192
t12.2022.05.19,train,vocal,t12.2022.05.19,156,the great black leopards,18,Z,3,final,leopards,200,236,36,50,51,216,224,216,224,0.8895290198062168
t12.2022.05.19,train,vocal,t12.2022.05.19,156,the great black leopards,19,SIL,3,sil,leopards,208,272,64,52,60,224,260,224,260,0.9984658065381811
t12.2022.05.19,train,vocal,t12.2022.05.19,157,increasing tempo of new product development,0,IH,0,initial,increasing,24,56,32,6,6,40,44,16,44,0.9919739375492658
t12.2022.05.19,train,vocal,t12.2022.05.19,157,increasing tempo of new product development,1,N,0,medial,increasing,28,60,32,7,7,44,48,44,48,0.999661413207708
t12.2022.05.19,train,vocal,t12.2022.05.19,157,increasing tempo of new product development,2,K,0,medial,increasing,32,68,36,8,9,48,56,48,56,0.9979688328180203
t12.2022.05.19,train,vocal,t12.2022.05.19,157,increasing tempo of new product development,3,R,0,medial,increasing,40,76,36,10,11,56,64,56,64,0.9905306374982759
t12.2022.05.19,train,vocal,t12.2022.05.19,157,increasing tempo of new product development,4,IY,0,medial,increasing,48,80,32,12,12,64,68,64,68,0.9995883424592694
t12.2022.05.19,train,vocal,t12.2022.05.19,157,increasing tempo of new product development,5,S,0,medial,increasing,52,88,36,13,14,68,76,68,76,0.8387316500254316
t12.2022.05.19,train,vocal,t12.2022.05.19,157,increasing tempo of new product development,6,IH,0,medial,increasing,60,100,40,15,17,76,88,76,88,0.9320028764511504
t12.2022.05.19,train,vocal,t12.2022.05.19,157,increasing tempo of new product development,7,NG,0,final,increasing,72,104,32,18,18,88,92,88,92,0.9999533450381874
t12.2022.05.19,train,vocal,t12.2022.05.19,157,increasing tempo of new product development,8,SIL,0,sil,increasing,76,124,48,19,23,92,112,92,112,0.9415560344118337
t12.2022.05.19,train,vocal,t12.2022.05.19,157,increasing tempo of new product development,9,T,1,initial,tempo,96,128,32,24,24,112,116,112,120,0.9992467054045773
t12.2022.05.19,train,vocal,t12.2022.05.19,157,increasing tempo of new product development,10,EH,1,medial,tempo,108,140,32,27,27,124,128,120,128,0.9991108301413015
t12.2022.05.19,train,vocal,t12.2022.05.19,157,increasing tempo of new product development,11,M,1,medial,tempo,112,144,32,28,28,128,132,128,132,0.9971780178923252
t12.2022.05.19,train,vocal,t12.2022.05.19,157,increasing tempo of new product development,12,P,1,medial,tempo,116,152,36,29,30,132,140,132,148,0.9937575637467082
t12.2022.05.19,train,vocal,t12.2022.05.19,157,increasing tempo of new product development,13,OW,1,final,tempo,136,168,32,34,34,152,156,148,160,0.9992642647825521
t12.2022.05.19,train,vocal,t12.2022.05.19,157,increasing tempo of new product development,14,SIL,1,sil,tempo,144,200,56,36,42,160,188,160,196,0.9535447173729353
t12.2022.05.19,train,vocal,t12.2022.05.19,157,increasing tempo of new product development,15,AH,2,initial,of,184,216,32,46,46,200,204,196,204,0.9999488175377594
t12.2022.05.19,train,vocal,t12.2022.05.19,157,increasing tempo of new product development,16,V,2,final,of,188,220,32,47,47,204,208,204,208,0.9999986134157132
t12.2022.05.19,train,vocal,t12.2022.05.19,157,increasing tempo of new product development,17,SIL,2,sil,of,192,236,44,48,51,208,224,208,224,0.9949875776495689
t12.2022.05.19,train,vocal,t12.2022.05.19,157,increasing tempo of new product development,18,N,3,initial,new,208,240,32,52,52,224,228,224,232,0.9999930512747537
t12.2022.05.19,train,vocal,t12.2022.05.19,157,increasing tempo of new product development,19,UW,3,final,new,216,248,32,54,54,232,236,232,236,0.9984714506713931
t12.2022.05.19,train,vocal,t12.2022.05.19,157,increasing tempo of new product development,20,SIL,3,sil,new,220,284,64,55,63,236,272,236,272,0.9405686610372714
t12.2022.05.19,train,vocal,t12.2022.05.19,157,increasing tempo of new product development,21,P,4,initial,product,256,288,32,64,64,272,276,272,276,0.9998491179302671
t12.2022.05.19,train,vocal,t12.2022.05.19,157,increasing tempo of new product development,22,R,4,medial,product,260,296,36,65,66,276,284,276,284,0.9820484494547972
t12.2022.05.19,train,vocal,t12.2022.05.19,157,increasing tempo of new product development,23,AA,4,medial,product,268,300,32,67,67,284,288,284,288,0.9968598896760122
t12.2022.05.19,train,vocal,t12.2022.05.19,157,increasing tempo of new product development,24,D,4,medial,product,272,304,32,68,68,288,292,288,296,0.9989835199364111
t12.2022.05.19,train,vocal,t12.2022.05.19,157,increasing tempo of new product development,25,AH,4,medial,product,284,316,32,71,71,300,304,296,304,0.9906690607462709
t12.2022.05.19,train,vocal,t12.2022.05.19,157,increasing tempo of new product development,26,K,4,medial,product,288,320,32,72,72,304,308,304,308,0.9997476983206154
t12.2022.05.19,train,vocal,t12.2022.05.19,157,increasing tempo of new product development,27,T,4,final,product,292,332,40,73,75,308,320,308,320,0.8996950190899476
t12.2022.05.19,train,vocal,t12.2022.05.19,157,increasing tempo of new product development,28,SIL,4,sil,product,304,348,44,76,79,320,336,320,336,0.9999331069457981
t12.2022.05.19,train,vocal,t12.2022.05.19,157,increasing tempo of new product development,29,D,5,initial,development,320,352,32,80,80,336,340,336,344,0.9996891430129611
t12.2022.05.19,train,vocal,t12.2022.05.19,157,increasing tempo of new product development,30,IH,5,medial,development,328,360,32,82,82,344,348,344,348,0.9999556643518556
t12.2022.05.19,train,vocal,t12.2022.05.19,157,increasing tempo of new product development,31,V,5,medial,development,332,368,36,83,84,348,356,348,360,0.9892267815577677
t12.2022.05.19,train,vocal,t12.2022.05.19,157,increasing tempo of new product development,32,EH,5,medial,development,348,380,32,87,87,364,368,360,368,0.9960824472250478
t12.2022.05.19,train,vocal,t12.2022.05.19,157,increasing tempo of new product development,33,L,5,medial,development,352,388,36,88,89,368,376,368,376,0.9926049845849436
t12.2022.05.19,train,vocal,t12.2022.05.19,157,increasing tempo of new product development,34,AH,5,medial,development,360,396,36,90,91,376,384,376,384,0.8024043246385331
t12.2022.05.19,train,vocal,t12.2022.05.19,157,increasing tempo of new product development,35,P,5,medial,development,368,404,36,92,93,384,392,384,392,0.9556401340796281
t12.2022.05.19,train,vocal,t12.2022.05.19,157,increasing tempo of new product development,36,M,5,medial,development,376,412,36,94,95,392,400,392,400,0.9209600068281465
t12.2022.05.19,train,vocal,t12.2022.05.19,157,increasing tempo of new product development,37,AH,5,medial,development,384,416,32,96,96,400,404,400,404,0.9999982511617909
t12.2022.05.19,train,vocal,t12.2022.05.19,157,increasing tempo of new product development,38,N,5,medial,development,388,420,32,97,97,404,408,404,408,0.9996657756816129
t12.2022.05.19,train,vocal,t12.2022.05.19,157,increasing tempo of new product development,39,T,5,final,development,392,424,32,98,98,408,412,408,412,0.9998540477845372
t12.2022.05.19,train,vocal,t12.2022.05.19,157,increasing tempo of new product development,40,SIL,5,sil,development,396,436,40,99,101,412,424,412,424,0.8672240354125123
t12.2022.05.19,train,vocal,t12.2022.05.19,158,use deductible insurance wherever feasible,0,Y,0,initial,use,28,64,36,7,8,44,52,16,52,0.971222356553461
t12.2022.05.19,train,vocal,t12.2022.05.19,158,use deductible insurance wherever feasible,1,UW,0,medial,use,36,68,32,9,9,52,56,52,56,0.9998699499166489
t12.2022.05.19,train,vocal,t12.2022.05.19,158,use deductible insurance wherever feasible,2,S,0,final,use,40,72,32,10,10,56,60,56,60,0.9998981365959706
t12.2022.05.19,train,vocal,t12.2022.05.19,158,use deductible insurance wherever feasible,3,SIL,0,sil,use,44,88,44,11,14,60,76,60,76,0.9793962408220487
t12.2022.05.19,train,vocal,t12.2022.05.19,158,use deductible insurance wherever feasible,4,D,1,initial,deductible,60,92,32,15,15,76,80,76,84,0.9999630569032535
t12.2022.05.19,train,vocal,t12.2022.05.19,158,use deductible insurance wherever feasible,5,IH,1,medial,deductible,68,100,32,17,17,84,88,84,88,0.9979581593813635
t12.2022.05.19,train,vocal,t12.2022.05.19,158,use deductible insurance wherever feasible,6,D,1,medial,deductible,72,104,32,18,18,88,92,88,96,0.9999003946888901
t12.2022.05.19,train,vocal,t12.2022.05.19,158,use deductible insurance wherever feasible,7,AH,1,medial,deductible,84,116,32,21,21,100,104,96,104,0.9894790242435471
t12.2022.05.19,train,vocal,t12.2022.05.19,158,use deductible insurance wherever feasible,8,K,1,medial,deductible,88,120,32,22,22,104,108,104,108,0.9983282947218585
t12.2022.05.19,train,vocal,t12.2022.05.19,158,use deductible insurance wherever feasible,9,T,1,medial,deductible,92,124,32,23,23,108,112,108,112,0.9898341944271065
t12.2022.05.19,train,vocal,t12.2022.05.19,158,use deductible insurance wherever feasible,10,AH,1,medial,deductible,96,132,36,24,25,112,120,112,120,0.9686486310163881
t12.2022.05.19,train,vocal,t12.2022.05.19,158,use deductible insurance wherever feasible,11,B,1,medial,deductible,104,144,40,26,28,120,132,120,132,0.7786129253037654
t12.2022.05.19,train,vocal,t12.2022.05.19,158,use deductible insurance wherever feasible,12,AH,1,medial,deductible,116,148,32,29,29,132,136,132,136,0.9999312183039937
t12.2022.05.19,train,vocal,t12.2022.05.19,158,use deductible insurance wherever feasible,13,L,1,final,deductible,120,156,36,30,31,136,144,136,144,0.8187061263684978
t12.2022.05.19,train,vocal,t12.2022.05.19,158,use deductible insurance wherever feasible,14,SIL,1,sil,deductible,128,164,36,32,33,144,152,144,156,0.9908266968745534
t12.2022.05.19,train,vocal,t12.2022.05.19,158,use deductible insurance wherever feasible,15,IH,2,initial,insurance,144,176,32,36,36,160,164,156,164,0.9979829659973438
t12.2022.05.19,train,vocal,t12.2022.05.19,158,use deductible insurance wherever feasible,16,N,2,medial,insurance,148,180,32,37,37,164,168,164,168,0.9997987847340615
t12.2022.05.19,train,vocal,t12.2022.05.19,158,use deductible insurance wherever feasible,17,SH,2,medial,insurance,152,188,36,38,39,168,176,168,176,0.999221595573107
t12.2022.05.19,train,vocal,t12.2022.05.19,158,use deductible insurance wherever feasible,18,UH,2,medial,insurance,160,196,36,40,41,176,184,176,184,0.9877090312912677
t12.2022.05.19,train,vocal,t12.2022.05.19,158,use deductible insurance wherever feasible,19,R,2,medial,insurance,168,204,36,42,43,184,192,184,192,0.9903403662966415
t12.2022.05.19,train,vocal,t12.2022.05.19,158,use deductible insurance wherever feasible,20,AH,2,medial,insurance,176,212,36,44,45,192,200,192,200,0.9829715237126087
t12.2022.05.19,train,vocal,t12.2022.05.19,158,use deductible insurance wherever feasible,21,N,2,medial,insurance,184,216,32,46,46,200,204,200,204,0.9994915968026858
t12.2022.05.19,train,vocal,t12.2022.05.19,158,use deductible insurance wherever feasible,22,S,2,final,insurance,188,228,40,47,49,204,216,204,216,0.9129954721383591
t12.2022.05.19,train,vocal,t12.2022.05.19,158,use deductible insurance wherever feasible,23,SIL,2,sil,insurance,200,240,40,50,52,216,228,216,228,0.868311857528202
t12.2022.05.19,train,vocal,t12.2022.05.19,158,use deductible insurance wherever feasible,24,W,3,initial,wherever,212,248,36,53,54,228,236,228,240,0.9887485946777574
t12.2022.05.19,train,vocal,t12.2022.05.19,158,use deductible insurance wherever feasible,25,EH,3,medial,wherever,224,256,32,56,56,240,244,240,244,0.9985033895251172
t12.2022.05.19,train,vocal,t12.2022.05.19,158,use deductible insurance wherever feasible,26,R,3,medial,wherever,228,264,36,57,58,244,252,244,256,0.9501804374202141
t12.2022.05.19,train,vocal,t12.2022.05.19,158,use deductible insurance wherever feasible,27,EH,3,medial,wherever,244,280,36,61,62,260,268,256,268,0.8456530119435535
t12.2022.05.19,train,vocal,t12.2022.05.19,158,use deductible insurance wherever feasible,28,V,3,medial,wherever,252,284,32,63,63,268,272,268,272,0.9999160288814634
t12.2022.05.19,train,vocal,t12.2022.05.19,158,use deductible insurance wherever feasible,29,ER,3,final,wherever,256,296,40,64,66,272,284,272,284,0.9729389368473048
t12.2022.05.19,train,vocal,t12.2022.05.19,158,use deductible insurance wherever feasible,30,SIL,3,sil,wherever,268,312,44,67,70,284,300,284,300,0.9233779686661329
t12.2022.05.19,train,vocal,t12.2022.05.19,158,use deductible insurance wherever feasible,31,F,4,initial,feasible,284,316,32,71,71,300,304,300,308,0.998522762688085
t12.2022.05.19,train,vocal,t12.2022.05.19,158,use deductible insurance wherever feasible,32,IY,4,medial,feasible,292,324,32,73,73,308,312,308,312,0.9973418405090161
t12.2022.05.19,train,vocal,t12.2022.05.19,158,use deductible insurance wherever feasible,33,Z,4,medial,feasible,296,328,32,74,74,312,316,312,316,0.999434251502618
t12.2022.05.19,train,vocal,t12.2022.05.19,158,use deductible insurance wherever feasible,34,AH,4,medial,feasible,300,336,36,75,76,316,324,316,324,0.8508455347385185
t12.2022.05.19,train,vocal,t12.2022.05.19,158,use deductible insurance wherever feasible,35,B,4,medial,feasible,308,348,40,77,79,324,336,324,336,0.8748166322847428
t12.2022.05.19,train,vocal,t12.2022.05.19,158,use deductible insurance wherever feasible,36,AH,4,medial,feasible,320,352,32,80,80,336,340,336,340,0.9996975907598402
t12.2022.05.19,train,vocal,t12.2022.05.19,158,use deductible insurance wherever feasible,37,L,4,final,feasible,324,360,36,81,82,340,348,340,348,0.8731983091224232
t12.2022.05.19,train,vocal,t12.2022.05.19,158,use deductible insurance wherever feasible,38,SIL,4,sil,feasible,332,372,40,83,85,348,360,348,360,0.9999905881285817
t12.2022.05.19,train,vocal,t12.2022.05.19,159,left mine many a time only she never knew it,0,L,0,initial,left,60,96,36,15,16,76,84,16,88,0.9980492296503063
t12.2022.05.19,train,vocal,t12.2022.05.19,159,left mine many a time only she never knew it,1,EH,0,medial,left,72,104,32,18,18,88,92,88,92,0.9971717035214857
t12.2022.05.19,train,vocal,t12.2022.05.19,159,left mine many a time only she never knew it,2,F,0,medial,left,76,108,32,19,19,92,96,92,96,0.9994129732396542
t12.2022.05.19,train,vocal,t12.2022.05.19,159,left mine many a time only she never knew it,3,T,0,final,left,80,116,36,20,21,96,104,96,104,0.9939885051039068
t12.2022.05.19,train,vocal,t12.2022.05.19,159,left mine many a time only she never knew it,4,SIL,0,sil,left,88,148,60,22,29,104,136,104,136,0.9792856866016706
t12.2022.05.19,train,vocal,t12.2022.05.19,159,left mine many a time only she never knew it,5,M,1,initial,mine,120,152,32,30,30,136,140,136,144,0.9999922049626967
t12.2022.05.19,train,vocal,t12.2022.05.19,159,left mine many a time only she never knew it,6,AY,1,medial,mine,128,160,32,32,32,144,148,144,148,0.9999296108476377
t12.2022.05.19,train,vocal,t12.2022.05.19,159,left mine many a time only she never knew it,7,N,1,final,mine,132,164,32,33,33,148,152,148,152,0.9997344697911551
t12.2022.05.19,train,vocal,t12.2022.05.19,159,left mine many a time only she never knew it,8,SIL,1,sil,mine,136,180,44,34,37,152,168,152,168,0.8681017983343804
t12.2022.05.19,train,vocal,t12.2022.05.19,159,left mine many a time only she never knew it,9,M,2,initial,many,152,184,32,38,38,168,172,168,176,0.9996869774667287
t12.2022.05.19,train,vocal,t12.2022.05.19,159,left mine many a time only she never knew it,10,EH,2,medial,many,160,196,36,40,41,176,184,176,184,0.7971416267477006
t12.2022.05.19,train,vocal,t12.2022.05.19,159,left mine many a time only she never knew it,11,N,2,medial,many,168,200,32,42,42,184,188,184,188,0.9999276490201259
t12.2022.05.19,train,vocal,t12.2022.05.19,159,left mine many a time only she never knew it,12,IY,2,final,many,172,212,40,43,45,188,200,188,200,0.9927918877725214
t12.2022.05.19,train,vocal,t12.2022.05.19,159,left mine many a time only she never knew it,13,SIL,2,sil,many,184,244,60,46,53,200,232,200,240,0.9937372266472873
t12.2022.05.19,train,vocal,t12.2022.05.19,159,left mine many a time only she never knew it,14,AH,3,single,a,228,260,32,57,57,244,248,240,248,0.9999509819803819
t12.2022.05.19,train,vocal,t12.2022.05.19,159,left mine many a time only she never knew it,15,SIL,3,sil,a,232,280,48,58,62,248,268,248,268,0.8993192807083853
t12.2022.05.19,train,vocal,t12.2022.05.19,159,left mine many a time only she never knew it,16,T,4,initial,time,252,284,32,63,63,268,272,268,276,0.9999980674246273
t12.2022.05.19,train,vocal,t12.2022.05.19,159,left mine many a time only she never knew it,17,AY,4,medial,time,264,296,32,66,66,280,284,276,284,0.9999955137502496
t12.2022.05.19,train,vocal,t12.2022.05.19,159,left mine many a time only she never knew it,18,M,4,final,time,268,304,36,67,68,284,292,284,292,0.8153058616820412
t12.2022.05.19,train,vocal,t12.2022.05.19,159,left mine many a time only she never knew it,19,SIL,4,sil,time,276,316,40,69,71,292,304,292,312,0.9999011288286778
t12.2022.05.19,train,vocal,t12.2022.05.19,159,left mine many a time only she never knew it,20,OW,5,initial,only,300,332,32,75,75,316,320,312,320,0.9999235541151323
t12.2022.05.19,train,vocal,t12.2022.05.19,159,left mine many a time only she never knew it,21,N,5,medial,only,304,340,36,76,77,320,328,320,328,0.9941900788785214
t12.2022.05.19,train,vocal,t12.2022.05.19,159,left mine many a time only she never knew it,22,L,5,medial,only,312,348,36,78,79,328,336,328,336,0.9803420517985005
t12.2022.05.19,train,vocal,t12.2022.05.19,159,left mine many a time only she never knew it,23,IY,5,final,only,320,356,36,80,81,336,344,336,344,0.7583475753881277
t12.2022.05.19,train,vocal,t12.2022.05.19,159,left mine many a time only she never knew it,24,SIL,5,sil,only,328,364,36,82,83,344,352,344,352,0.9604091078771446
t12.2022.05.19,train,vocal,t12.2022.05.19,159,left mine many a time only she never knew it,25,SH,6,initial,she,336,368,32,84,84,352,356,352,360,0.9998840207755948
t12.2022.05.19,train,vocal,t12.2022.05.19,159,left mine many a time only she never knew it,26,IY,6,final,she,344,376,32,86,86,360,364,360,368,0.9999180122706313
t12.2022.05.19,train,vocal,t12.2022.05.19,159,left mine many a time only she never knew it,27,SIL,6,sil,she,352,392,40,88,90,368,380,368,380,0.9995680865795361
t12.2022.05.19,train,vocal,t12.2022.05.19,159,left mine many a time only she never knew it,28,N,7,initial,never,364,400,36,91,92,380,388,380,388,0.7975032727555915
t12.2022.05.19,train,vocal,t12.2022.05.19,159,left mine many a time only she never knew it,29,EH,7,medial,never,372,408,36,93,94,388,396,388,396,0.8864338650059282
t12.2022.05.19,train,vocal,t12.2022.05.19,159,left mine many a time only she never knew it,30,V,7,medial,never,380,412,32,95,95,396,400,396,400,0.9999959642460186
t12.2022.05.19,train,vocal,t12.2022.05.19,159,left mine many a time only she never knew it,31,ER,7,final,never,384,424,40,96,98,400,412,400,412,0.8979512206641146
t12.2022.05.19,train,vocal,t12.2022.05.19,159,left mine many a time only she never knew it,32,SIL,7,sil,never,396,444,48,99,103,412,432,412,432,0.9999678755514709
t12.2022.05.19,train,vocal,t12.2022.05.19,159,left mine many a time only she never knew it,33,N,8,initial,knew,416,452,36,104,105,432,440,432,444,0.9997487835828576
t12.2022.05.19,train,vocal,t12.2022.05.19,159,left mine many a time only she never knew it,34,UW,8,final,knew,428,460,32,107,107,444,448,444,452,0.999664701873001
t12.2022.05.19,train,vocal,t12.2022.05.19,159,left mine many a time only she never knew it,35,SIL,8,sil,knew,436,480,44,109,112,452,468,452,472,0.999971533461287
t12.2022.05.19,train,vocal,t12.2022.05.19,159,left mine many a time only she never knew it,36,IH,9,initial,it,456,492,36,114,115,472,480,472,480,0.8676689855379377
t12.2022.05.19,train,vocal,t12.2022.05.19,159,left mine many a time only she never knew it,37,T,9,final,it,464,496,32,116,116,480,484,480,484,0.9999981860016866
t12.2022.05.19,train,vocal,t12.2022.05.19,159,left mine many a time only she never knew it,38,SIL,9,sil,it,468,512,44,117,120,484,500,484,500,0.9921391338613215
t12.2022.05.19,train,vocal,t12.2022.05.19,160,may i go and get cassandra momma,0,M,0,initial,may,20,52,32,5,5,36,40,16,44,0.9995910647557706
t12.2022.05.19,train,vocal,t12.2022.05.19,160,may i go and get cassandra momma,1,EY,0,final,may,32,64,32,8,8,48,52,44,56,0.9987481191123645
t12.2022.05.19,train,vocal,t12.2022.05.19,160,may i go and get cassandra momma,2,SIL,0,sil,may,40,80,40,10,12,56,68,56,76,0.8511077071610925
t12.2022.05.19,train,vocal,t12.2022.05.19,160,may i go and get cassandra momma,3,AY,1,single,i,64,96,32,16,16,80,84,76,84,0.9999468692720734
t12.2022.05.19,train,vocal,t12.2022.05.19,160,may i go and get cassandra momma,4,SIL,1,sil,i,68,128,60,17,24,84,116,84,116,0.9402081347265456
t12.2022.05.19,train,vocal,t12.2022.05.19,160,may i go and get cassandra momma,5,G,2,initial,go,100,132,32,25,25,116,120,116,124,0.9999947451567921
t12.2022.05.19,train,vocal,t12.2022.05.19,160,may i go and get cassandra momma,6,OW,2,final,go,108,140,32,27,27,124,128,124,128,0.999999270606797
t12.2022.05.19,train,vocal,t12.2022.05.19,160,may i go and get cassandra momma,7,SIL,2,sil,go,112,152,40,28,30,128,140,128,148,0.930451976260294
t12.2022.05.19,train,vocal,t12.2022.05.19,160,may i go and get cassandra momma,8,AH,3,initial,and,136,168,32,34,34,152,156,148,156,0.9999884859776432
t12.2022.05.19,train,vocal,t12.2022.05.19,160,may i go and get cassandra momma,9,N,3,medial,and,140,172,32,35,35,156,160,156,160,0.9999946030856951
t12.2022.05.19,train,vocal,t12.2022.05.19,160,may i go and get cassandra momma,10,D,3,final,and,144,180,36,36,37,160,168,160,168,0.9929495427410513
t12.2022.05.19,train,vocal,t12.2022.05.19,160,may i go and get cassandra momma,11,SIL,3,sil,and,152,192,40,38,40,168,180,168,180,0.9601578948189573
t12.2022.05.19,train,vocal,t12.2022.05.19,160,may i go and get cassandra momma,12,G,4,initial,get,164,196,32,41,41,180,184,180,188,0.9999887855957965
t12.2022.05.19,train,vocal,t12.2022.05.19,160,may i go and get cassandra momma,13,EH,4,medial,get,172,204,32,43,43,188,192,188,192,0.9999919808080936
t12.2022.05.19,train,vocal,t12.2022.05.19,160,may i go and get cassandra momma,14,T,4,final,get,176,208,32,44,44,192,196,192,196,0.9999369274168856
t12.2022.05.19,train,vocal,t12.2022.05.19,160,may i go and get cassandra momma,15,SIL,4,sil,get,180,236,56,45,51,196,224,196,224,0.9634133761657905
t12.2022.05.19,train,vocal,t12.2022.05.19,160,may i go and get cassandra momma,16,K,5,initial,cassandra,208,240,32,52,52,224,228,224,228,0.9992561566534827
t12.2022.05.19,train,vocal,t12.2022.05.19,160,may i go and get cassandra momma,17,AH,5,medial,cassandra,212,248,36,53,54,228,236,228,236,0.7713820047874989
t12.2022.05.19,train,vocal,t12.2022.05.19,160,may i go and get cassandra momma,18,S,5,medial,cassandra,220,252,32,55,55,236,240,236,244,0.9984025170302948
t12.2022.05.19,train,vocal,t12.2022.05.19,160,may i go and get cassandra momma,19,AE,5,medial,cassandra,232,264,32,58,58,248,252,244,252,0.9886877355927913
t12.2022.05.19,train,vocal,t12.2022.05.19,160,may i go and get cassandra momma,20,N,5,medial,cassandra,236,268,32,59,59,252,256,252,256,0.9989675066309761
t12.2022.05.19,train,vocal,t12.2022.05.19,160,may i go and get cassandra momma,21,D,5,medial,cassandra,240,272,32,60,60,256,260,256,260,0.9988193840888053
t12.2022.05.19,train,vocal,t12.2022.05.19,160,may i go and get cassandra momma,22,R,5,medial,cassandra,244,280,36,61,62,260,268,260,268,0.9942252459855709
t12.2022.05.19,train,vocal,t12.2022.05.19,160,may i go and get cassandra momma,23,AH,5,final,cassandra,252,284,32,63,63,268,272,268,276,0.9993063978567647
t12.2022.05.19,train,vocal,t12.2022.05.19,160,may i go and get cassandra momma,24,SIL,5,sil,cassandra,260,304,44,65,68,276,292,276,292,0.8566677469287026
t12.2022.05.19,train,vocal,t12.2022.05.19,160,may i go and get cassandra momma,25,M,6,initial,momma,276,308,32,69,69,292,296,292,300,0.9999754138174431
t12.2022.05.19,train,vocal,t12.2022.05.19,160,may i go and get cassandra momma,26,AA,6,medial,momma,288,324,36,72,73,304,312,300,312,0.9947072663819334
t12.2022.05.19,train,vocal,t12.2022.05.19,160,may i go and get cassandra momma,27,M,6,medial,momma,296,336,40,74,76,312,324,312,324,0.9965124181348486
t12.2022.05.19,train,vocal,t12.2022.05.19,160,may i go and get cassandra momma,28,AH,6,final,momma,308,348,40,77,79,324,336,324,336,0.7520970680116797
t12.2022.05.19,train,vocal,t12.2022.05.19,160,may i go and get cassandra momma,29,SIL,6,sil,momma,320,356,36,80,81,336,344,336,344,0.9998634740273586
t12.2022.05.19,train,vocal,t12.2022.05.19,161,what targets have we successfully knocked out,0,W,0,initial,what,32,68,36,8,9,48,56,16,56,0.9518282616430993
t12.2022.05.19,train,vocal,t12.2022.05.19,161,what targets have we successfully knocked out,1,AH,0,medial,what,40,72,32,10,10,56,60,56,60,0.9999976836836987
t12.2022.05.19,train,vocal,t12.2022.05.19,161,what targets have we successfully knocked out,2,T,0,final,what,44,80,36,11,12,60,68,60,68,0.9752047223079748
t12.2022.05.19,train,vocal,t12.2022.05.19,161,what targets have we successfully knocked out,3,SIL,0,sil,what,52,88,36,13,14,68,76,68,76,0.9952352644824324
t12.2022.05.19,train,vocal,t12.2022.05.19,161,what targets have we successfully knocked out,4,T,1,initial,targets,60,92,32,15,15,76,80,76,84,0.9988051665914986
t12.2022.05.19,train,vocal,t12.2022.05.19,161,what targets have we successfully knocked out,5,AA,1,medial,targets,68,100,32,17,17,84,88,84,88,0.9981610524373041
t12.2022.05.19,train,vocal,t12.2022.05.19,161,what targets have we successfully knocked out,6,R,1,medial,targets,72,108,36,18,19,88,96,88,96,0.6749870981959055
t12.2022.05.19,train,vocal,t12.2022.05.19,161,what targets have we successfully knocked out,7,G,1,medial,targets,80,112,32,20,20,96,100,96,100,0.9949707791872421
t12.2022.05.19,train,vocal,t12.2022.05.19,161,what targets have we successfully knocked out,8,AH,1,medial,targets,84,120,36,21,22,100,108,100,108,0.9873692474398957
t12.2022.05.19,train,vocal,t12.2022.05.19,161,what targets have we successfully knocked out,9,T,1,medial,targets,92,124,32,23,23,108,112,108,112,0.9987185567066726
t12.2022.05.19,train,vocal,t12.2022.05.19,161,what targets have we successfully knocked out,10,S,1,final,targets,96,132,36,24,25,112,120,112,120,0.9106339415438989
t12.2022.05.19,train,vocal,t12.2022.05.19,161,what targets have we successfully knocked out,11,SIL,1,sil,targets,104,140,36,26,27,120,128,120,128,0.9549256198496434
t12.2022.05.19,train,vocal,t12.2022.05.19,161,what targets have we successfully knocked out,12,HH,2,initial,have,112,148,36,28,29,128,136,128,140,0.9985885293145134
t12.2022.05.19,train,vocal,t12.2022.05.19,161,what targets have we successfully knocked out,13,AE,2,medial,have,124,156,32,31,31,140,144,140,144,0.9999709252918437
t12.2022.05.19,train,vocal,t12.2022.05.19,161,what targets have we successfully knocked out,14,V,2,final,have,128,160,32,32,32,144,148,144,148,0.9999520134810317
t12.2022.05.19,train,vocal,t12.2022.05.19,161,what targets have we successfully knocked out,15,SIL,2,sil,have,132,172,40,33,35,148,160,148,160,0.9989437230846794
t12.2022.05.19,train,vocal,t12.2022.05.19,161,what targets have we successfully knocked out,16,W,3,initial,we,144,180,36,36,37,160,168,160,172,0.9610162050081269
t12.2022.05.19,train,vocal,t12.2022.05.19,161,what targets have we successfully knocked out,17,IY,3,final,we,156,188,32,39,39,172,176,172,176,0.999972422155655
t12.2022.05.19,train,vocal,t12.2022.05.19,161,what targets have we successfully knocked out,18,SIL,3,sil,we,160,216,56,40,46,176,204,176,204,0.9692155479321961
t12.2022.05.19,train,vocal,t12.2022.05.19,161,what targets have we successfully knocked out,19,S,4,initial,successfully,188,220,32,47,47,204,208,204,212,0.999577128345524
t12.2022.05.19,train,vocal,t12.2022.05.19,161,what targets have we successfully knocked out,20,AH,4,medial,successfully,196,228,32,49,49,212,216,212,216,0.999665467139556
t12.2022.05.19,train,vocal,t12.2022.05.19,161,what targets have we successfully knocked out,21,K,4,medial,successfully,200,232,32,50,50,216,220,216,220,0.9936363606746478
t12.2022.05.19,train,vocal,t12.2022.05.19,161,what targets have we successfully knocked out,22,S,4,medial,successfully,204,240,36,51,52,220,228,220,228,0.8063574800298492
t12.2022.05.19,train,vocal,t12.2022.05.19,161,what targets have we successfully knocked out,23,EH,4,medial,successfully,212,244,32,53,53,228,232,228,232,0.9987945385699348
t12.2022.05.19,train,vocal,t12.2022.05.19,161,what targets have we successfully knocked out,24,S,4,medial,successfully,216,248,32,54,54,232,236,232,236,0.9752286432693777
t12.2022.05.19,train,vocal,t12.2022.05.19,161,what targets have we successfully knocked out,25,F,4,medial,successfully,220,256,36,55,56,236,244,236,244,0.793967073111695
t12.2022.05.19,train,vocal,t12.2022.05.19,161,what targets have we successfully knocked out,26,AH,4,medial,successfully,228,268,40,57,59,244,256,244,256,0.816395725295564
t12.2022.05.19,train,vocal,t12.2022.05.19,161,what targets have we successfully knocked out,27,L,4,medial,successfully,240,272,32,60,60,256,260,256,260,0.9996929279858996
t12.2022.05.19,train,vocal,t12.2022.05.19,161,what targets have we successfully knocked out,28,IY,4,final,successfully,244,280,36,61,62,260,268,260,268,0.9745326047079828
t12.2022.05.19,train,vocal,t12.2022.05.19,161,what targets have we successfully knocked out,29,SIL,4,sil,successfully,252,288,36,63,64,268,276,268,276,0.9795035006671846
t12.2022.05.19,train,vocal,t12.2022.05.19,161,what targets have we successfully knocked out,30,N,5,initial,knocked,260,292,32,65,65,276,280,276,284,0.999936960615738
t12.2022.05.19,train,vocal,t12.2022.05.19,161,what targets have we successfully knocked out,31,AA,5,medial,knocked,272,304,32,68,68,288,292,284,292,0.9945383742982409
t12.2022.05.19,train,vocal,t12.2022.05.19,161,what targets have we successfully knocked out,32,K,5,medial,knocked,276,308,32,69,69,292,296,292,296,0.9922880864165905
t12.2022.05.19,train,vocal,t12.2022.05.19,161,what targets have we successfully knocked out,33,T,5,final,knocked,280,316,36,70,71,296,304,296,304,0.9957013854309366
t12.2022.05.19,train,vocal,t12.2022.05.19,161,what targets have we successfully knocked out,34,SIL,5,sil,knocked,288,344,56,72,78,304,332,304,340,0.9978960624040198
t12.2022.05.19,train,vocal,t12.2022.05.19,161,what targets have we successfully knocked out,35,AW,6,initial,out,328,360,32,82,82,344,348,340,348,0.9998109744440945
t12.2022.05.19,train,vocal,t12.2022.05.19,161,what targets have we successfully knocked out,36,T,6,final,out,332,368,36,83,84,348,356,348,356,0.9953008543218284
t12.2022.05.19,train,vocal,t12.2022.05.19,161,what targets have we successfully knocked out,37,SIL,6,sil,out,340,376,36,85,86,356,364,356,364,0.9999484206415508
t12.2022.05.19,train,vocal,t12.2022.05.19,162,avoid traveling in rush hour,0,AH,0,initial,avoid,44,76,32,11,11,60,64,16,64,0.9999318209612582
t12.2022.05.19,train,vocal,t12.2022.05.19,162,avoid traveling in rush hour,1,V,0,medial,avoid,48,88,40,12,14,64,76,64,76,0.9322142864855739
t12.2022.05.19,train,vocal,t12.2022.05.19,162,avoid traveling in rush hour,2,OY,0,medial,avoid,60,96,36,15,16,76,84,76,84,0.9962167510089464
t12.2022.05.19,train,vocal,t12.2022.05.19,162,avoid traveling in rush hour,3,D,0,final,avoid,68,104,36,17,18,84,92,84,92,0.9993885942682839
t12.2022.05.19,train,vocal,t12.2022.05.19,162,avoid traveling in rush hour,4,SIL,0,sil,avoid,76,116,40,19,21,92,104,92,104,0.9495884540175034
t12.2022.05.19,train,vocal,t12.2022.05.19,162,avoid traveling in rush hour,5,T,1,initial,traveling,88,120,32,22,22,104,108,104,108,0.9972617886078112
t12.2022.05.19,train,vocal,t12.2022.05.19,162,avoid traveling in rush hour,6,R,1,medial,traveling,92,128,36,23,24,108,116,108,116,0.9706191250613216
t12.2022.05.19,train,vocal,t12.2022.05.19,162,avoid traveling in rush hour,7,AE,1,medial,traveling,100,136,36,25,26,116,124,116,124,0.7573716958975819
t12.2022.05.19,train,vocal,t12.2022.05.19,162,avoid traveling in rush hour,8,V,1,medial,traveling,108,140,32,27,27,124,128,124,128,0.9997720109291856
t12.2022.05.19,train,vocal,t12.2022.05.19,162,avoid traveling in rush hour,9,AH,1,medial,traveling,112,148,36,28,29,128,136,128,136,0.9764351056313487
t12.2022.05.19,train,vocal,t12.2022.05.19,162,avoid traveling in rush hour,10,L,1,medial,traveling,120,156,36,30,31,136,144,136,144,0.9850754439841808
t12.2022.05.19,train,vocal,t12.2022.05.19,162,avoid traveling in rush hour,11,IH,1,medial,traveling,128,160,32,32,32,144,148,144,148,0.9999377356263391
t12.2022.05.19,train,vocal,t12.2022.05.19,162,avoid traveling in rush hour,12,NG,1,final,traveling,132,168,36,33,34,148,156,148,156,0.9365716313341339
t12.2022.05.19,train,vocal,t12.2022.05.19,162,avoid traveling in rush hour,13,SIL,1,sil,traveling,140,176,36,35,36,156,164,156,168,0.996407703211063
t12.2022.05.19,train,vocal,t12.2022.05.19,162,avoid traveling in rush hour,14,IH,2,initial,in,156,188,32,39,39,172,176,168,176,0.9999986740492681
t12.2022.05.19,train,vocal,t12.2022.05.19,162,avoid traveling in rush hour,15,N,2,final,in,160,192,32,40,40,176,180,176,180,0.9997986311785361
t12.2022.05.19,train,vocal,t12.2022.05.19,162,avoid traveling in rush hour,16,SIL,2,sil,in,164,216,52,41,46,180,204,180,204,0.9449609633509414
t12.2022.05.19,train,vocal,t12.2022.05.19,162,avoid traveling in rush hour,17,R,3,initial,rush,188,220,32,47,47,204,208,204,212,0.9996428631427694
t12.2022.05.19,train,vocal,t12.2022.05.19,162,avoid traveling in rush hour,18,AH,3,medial,rush,200,232,32,50,50,216,220,212,220,0.9993024935471556
t12.2022.05.19,train,vocal,t12.2022.05.19,162,avoid traveling in rush hour,19,SH,3,final,rush,204,240,36,51,52,220,228,220,228,0.9536449257108551
t12.2022.05.19,train,vocal,t12.2022.05.19,162,avoid traveling in rush hour,20,SIL,3,sil,rush,212,252,40,53,55,228,240,228,244,0.990961509817497
t12.2022.05.19,train,vocal,t12.2022.05.19,162,avoid traveling in rush hour,21,AW,4,initial,hour,232,264,32,58,58,248,252,244,252,0.9998391286002938
t12.2022.05.19,train,vocal,t12.2022.05.19,162,avoid traveling in rush hour,22,ER,4,final,hour,236,268,32,59,59,252,256,252,256,0.9997566455676078
t12.2022.05.19,train,vocal,t12.2022.05.19,162,avoid traveling in rush hour,23,SIL,4,sil,hour,240,308,68,60,69,256,296,256,296,0.9659537447802702
t12.2022.05.19,train,vocal,t12.2022.05.19,163,so what's this all about,0,S,0,initial,so,12,48,36,3,4,28,36,16,40,0.899070589902275
t12.2022.05.19,train,vocal,t12.2022.05.19,163,so what's this all about,1,OW,0,final,so,24,56,32,6,6,40,44,40,48,0.9999792596022583
t12.2022.05.19,train,vocal,t12.2022.05.19,163,so what's this all about,2,SIL,0,sil,so,32,68,36,8,9,48,56,48,56,0.9972486769769613
t12.2022.05.19,train,vocal,t12.2022.05.19,163,so what's this all about,3,W,1,initial,what's,40,76,36,10,11,56,64,56,68,0.9999498014458978
t12.2022.05.19,train,vocal,t12.2022.05.19,163,so what's this all about,4,AH,1,medial,what's,52,84,32,13,13,68,72,68,72,0.9999980934246684
t12.2022.05.19,train,vocal,t12.2022.05.19,163,so what's this all about,5,T,1,medial,what's,56,88,32,14,14,72,76,72,76,0.9990281882299644
t12.2022.05.19,train,vocal,t12.2022.05.19,163,so what's this all about,6,S,1,final,what's,60,96,36,15,16,76,84,76,84,0.8193752525220919
t12.2022.05.19,train,vocal,t12.2022.05.19,163,so what's this all about,7,SIL,1,sil,what's,68,100,32,17,17,84,88,84,88,0.9998128471786328
t12.2022.05.19,train,vocal,t12.2022.05.19,163,so what's this all about,8,DH,2,initial,this,72,104,32,18,18,88,92,88,96,0.9999696340154844
t12.2022.05.19,train,vocal,t12.2022.05.19,163,so what's this all about,9,IH,2,medial,this,80,112,32,20,20,96,100,96,100,0.9999834681312263
t12.2022.05.19,train,vocal,t12.2022.05.19,163,so what's this all about,10,S,2,final,this,84,116,32,21,21,100,104,100,104,0.9999934697567534
t12.2022.05.19,train,vocal,t12.2022.05.19,163,so what's this all about,11,SIL,2,sil,this,88,128,40,22,24,104,116,104,120,0.8301869888189839
t12.2022.05.19,train,vocal,t12.2022.05.19,163,so what's this all about,12,AO,3,initial,all,108,144,36,27,28,124,132,120,132,0.9856643831548579
t12.2022.05.19,train,vocal,t12.2022.05.19,163,so what's this all about,13,L,3,final,all,116,148,32,29,29,132,136,132,136,0.9999847613651429
t12.2022.05.19,train,vocal,t12.2022.05.19,163,so what's this all about,14,SIL,3,sil,all,120,176,56,30,36,136,164,136,168,0.9858361961212232
t12.2022.05.19,train,vocal,t12.2022.05.19,163,so what's this all about,15,AH,4,initial,about,156,188,32,39,39,172,176,168,176,0.999969117690776
t12.2022.05.19,train,vocal,t12.2022.05.19,163,so what's this all about,16,B,4,medial,about,160,204,44,40,43,176,192,176,192,0.8787489743752248
t12.2022.05.19,train,vocal,t12.2022.05.19,163,so what's this all about,17,AW,4,medial,about,176,212,36,44,45,192,200,192,200,0.9587419033010472
t12.2022.05.19,train,vocal,t12.2022.05.19,163,so what's this all about,18,T,4,final,about,184,216,32,46,46,200,204,200,204,0.9999740702601001
t12.2022.05.19,train,vocal,t12.2022.05.19,163,so what's this all about,19,SIL,4,sil,about,188,228,40,47,49,204,216,204,216,0.9932642801360533
t12.2022.05.19,train,vocal,t12.2022.05.19,164,the third crawling man forced himself erect,0,DH,0,initial,the,20,56,36,5,6,36,44,16,44,0.9646951207507097
t12.2022.05.19,train,vocal,t12.2022.05.19,164,the third crawling man forced himself erect,1,AH,0,final,the,28,60,32,7,7,44,48,44,52,0.9999593253646806
t12.2022.05.19,train,vocal,t12.2022.05.19,164,the third crawling man forced himself erect,2,SIL,0,sil,the,36,84,48,9,13,52,72,52,72,0.9878500008411448
t12.2022.05.19,train,vocal,t12.2022.05.19,164,the third crawling man forced himself erect,3,TH,1,initial,third,56,88,32,14,14,72,76,72,80,0.9999602228227435
t12.2022.05.19,train,vocal,t12.2022.05.19,164,the third crawling man forced himself erect,4,ER,1,medial,third,64,100,36,16,17,80,88,80,88,0.8179470113193456
t12.2022.05.19,train,vocal,t12.2022.05.19,164,the third crawling man forced himself erect,5,D,1,final,third,72,108,36,18,19,88,96,88,96,0.9716521855228725
t12.2022.05.19,train,vocal,t12.2022.05.19,164,the third crawling man forced himself erect,6,SIL,1,sil,third,80,120,40,20,22,96,108,96,108,0.9282920762165947
t12.2022.05.19,train,vocal,t12.2022.05.19,164,the third crawling man forced himself erect,7,K,2,initial,crawling,92,124,32,23,23,108,112,108,112,0.998813030064152
t12.2022.05.19,train,vocal,t12.2022.05.19,164,the third crawling man forced himself erect,8,R,2,medial,crawling,96,132,36,24,25,112,120,112,120,0.9728296442917782
t12.2022.05.19,train,vocal,t12.2022.05.19,164,the third crawling man forced himself erect,9,AO,2,medial,crawling,104,136,32,26,26,120,124,120,124,0.9999043904939676
t12.2022.05.19,train,vocal,t12.2022.05.19,164,the third crawling man forced himself erect,10,L,2,medial,crawling,108,144,36,27,28,124,132,124,132,0.9780044255046991
t12.2022.05.19,train,vocal,t12.2022.05.19,164,the third crawling man forced himself erect,11,IH,2,medial,crawling,116,152,36,29,30,132,140,132,140,0.995972706945599
t12.2022.05.19,train,vocal,t12.2022.05.19,164,the third crawling man forced himself erect,12,NG,2,final,crawling,124,160,36,31,32,140,148,140,148,0.876044994440796
t12.2022.05.19,train,vocal,t12.2022.05.19,164,the third crawling man forced himself erect,13,SIL,2,sil,crawling,132,168,36,33,34,148,156,148,156,0.9294160275459827
t12.2022.05.19,train,vocal,t12.2022.05.19,164,the third crawling man forced himself erect,14,M,3,initial,man,140,172,32,35,35,156,160,156,164,0.9996623805295097
t12.2022.05.19,train,vocal,t12.2022.05.19,164,the third crawling man forced himself erect,15,AE,3,medial,man,152,184,32,38,38,168,172,164,172,0.9990413751963639
t12.2022.05.19,train,vocal,t12.2022.05.19,164,the third crawling man forced himself erect,16,N,3,final,man,156,192,36,39,40,172,180,172,180,0.8425139179544195
t12.2022.05.19,train,vocal,t12.2022.05.19,164,the third crawling man forced himself erect,17,SIL,3,sil,man,164,216,52,41,46,180,204,180,204,0.9580725560192612
t12.2022.05.19,train,vocal,t12.2022.05.19,164,the third crawling man forced himself erect,18,F,4,initial,forced,188,220,32,47,47,204,208,204,212,0.9999412863866454
t12.2022.05.19,train,vocal,t12.2022.05.19,164,the third crawling man forced himself erect,19,AO,4,medial,forced,196,232,36,49,50,212,220,212,220,0.9717464846502162
t12.2022.05.19,train,vocal,t12.2022.05.19,164,the third crawling man forced himself erect,20,R,4,medial,forced,204,236,32,51,51,220,224,220,224,0.9956454822803962
t12.2022.05.19,train,vocal,t12.2022.05.19,164,the third crawling man forced himself erect,21,S,4,medial,forced,208,240,32,52,52,224,228,224,228,0.972974912478855
t12.2022.05.19,train,vocal,t12.2022.05.19,164,the third crawling man forced himself erect,22,T,4,final,forced,212,244,32,53,53,228,232,228,232,0.9893942609789426
t12.2022.05.19,train,vocal,t12.2022.05.19,164,the third crawling man forced himself erect,23,SIL,4,sil,forced,216,252,36,54,55,232,240,232,240,0.8545751827723425
t12.2022.05.19,train,vocal,t12.2022.05.19,164,the third crawling man forced himself erect,24,HH,5,initial,himself,224,260,36,56,57,240,248,240,248,0.9007276662000443
t12.2022.05.19,train,vocal,t12.2022.05.19,164,the third crawling man forced himself erect,25,IH,5,medial,himself,232,264,32,58,58,248,252,248,252,0.9999818450807939
t12.2022.05.19,train,vocal,t12.2022.05.19,164,the third crawling man forced himself erect,26,M,5,medial,himself,236,268,32,59,59,252,256,252,256,0.9994260085271349
t12.2022.05.19,train,vocal,t12.2022.05.19,164,the third crawling man forced himself erect,27,S,5,medial,himself,240,280,40,60,62,256,268,256,272,0.9193284917916378
t12.2022.05.19,train,vocal,t12.2022.05.19,164,the third crawling man forced himself erect,28,EH,5,medial,himself,256,288,32,64,64,272,276,272,276,0.9992522863417644
t12.2022.05.19,train,vocal,t12.2022.05.19,164,the third crawling man forced himself erect,29,L,5,medial,himself,260,292,32,65,65,276,280,276,280,0.9999965262316922
t12.2022.05.19,train,vocal,t12.2022.05.19,164,the third crawling man forced himself erect,30,F,5,final,himself,264,296,32,66,66,280,284,280,284,0.9994251845120674
t12.2022.05.19,train,vocal,t12.2022.05.19,164,the third crawling man forced himself erect,31,SIL,5,sil,himself,268,308,40,67,69,284,296,284,300,0.819295514972922
t12.2022.05.19,train,vocal,t12.2022.05.19,164,the third crawling man forced himself erect,32,IH,6,initial,erect,288,320,32,72,72,304,308,300,308,0.9997604471424424
t12.2022.05.19,train,vocal,t12.2022.05.19,164,the third crawling man forced himself erect,33,R,6,medial,erect,292,332,40,73,75,308,320,308,320,0.8718824915505445
t12.2022.05.19,train,vocal,t12.2022.05.19,164,the third crawling man forced himself erect,34,EH,6,medial,erect,304,340,36,76,77,320,328,320,328,0.7042289148733619
t12.2022.05.19,train,vocal,t12.2022.05.19,164,the third crawling man forced himself erect,35,K,6,medial,erect,312,344,32,78,78,328,332,328,332,0.9997563013599702
t12.2022.05.19,train,vocal,t12.2022.05.19,164,the third crawling man forced himself erect,36,T,6,final,erect,316,352,36,79,80,332,340,332,340,0.9993944778052
t12.2022.05.19,train,vocal,t12.2022.05.19,164,the third crawling man forced himself erect,37,SIL,6,sil,erect,324,364,40,81,83,340,352,340,352,0.9833531126480333
t12.2022.05.19,train,vocal,t12.2022.05.19,165,and nathan did he see them too,0,AH,0,initial,and,24,56,32,6,6,40,44,16,44,0.9999289084535646
t12.2022.05.19,train,vocal,t12.2022.05.19,165,and nathan did he see them too,1,N,0,medial,and,28,60,32,7,7,44,48,44,48,0.9999027316771422
t12.2022.05.19,train,vocal,t12.2022.05.19,165,and nathan did he see them too,2,D,0,final,and,32,68,36,8,9,48,56,48,56,0.9528382614750106
t12.2022.05.19,train,vocal,t12.2022.05.19,165,and nathan did he see them too,3,SIL,0,sil,and,40,80,40,10,12,56,68,56,68,0.8336992935408571
t12.2022.05.19,train,vocal,t12.2022.05.19,165,and nathan did he see them too,4,N,1,initial,nathan,52,84,32,13,13,68,72,68,76,0.9986759476352863
t12.2022.05.19,train,vocal,t12.2022.05.19,165,and nathan did he see them too,5,EY,1,medial,nathan,60,92,32,15,15,76,80,76,80,0.9990808452018686
t12.2022.05.19,train,vocal,t12.2022.05.19,165,and nathan did he see them too,6,TH,1,medial,nathan,64,96,32,16,16,80,84,80,84,0.9973082640104516
t12.2022.05.19,train,vocal,t12.2022.05.19,165,and nathan did he see them too,7,AH,1,medial,nathan,68,104,36,17,18,84,92,84,92,0.9947104364836566
t12.2022.05.19,train,vocal,t12.2022.05.19,165,and nathan did he see them too,8,N,1,final,nathan,76,108,32,19,19,92,96,92,96,0.9999488516518108
t12.2022.05.19,train,vocal,t12.2022.05.19,165,and nathan did he see them too,9,SIL,1,sil,nathan,80,128,48,20,24,96,116,96,116,0.9874133435279677
t12.2022.05.19,train,vocal,t12.2022.05.19,165,and nathan did he see them too,10,D,2,initial,did,100,132,32,25,25,116,120,116,124,0.999933663797801
t12.2022.05.19,train,vocal,t12.2022.05.19,165,and nathan did he see them too,11,IH,2,medial,did,108,140,32,27,27,124,128,124,128,0.9999850145464927
t12.2022.05.19,train,vocal,t12.2022.05.19,165,and nathan did he see them too,12,D,2,final,did,112,144,32,28,28,128,132,128,136,0.9999869654920909
t12.2022.05.19,train,vocal,t12.2022.05.19,165,and nathan did he see them too,13,SIL,2,sil,did,120,164,44,30,33,136,152,136,152,0.9977579534589025
t12.2022.05.19,train,vocal,t12.2022.05.19,165,and nathan did he see them too,14,HH,3,initial,he,136,172,36,34,35,152,160,152,164,0.8625329250846505
t12.2022.05.19,train,vocal,t12.2022.05.19,165,and nathan did he see them too,15,IY,3,final,he,148,180,32,37,37,164,168,164,168,0.999568873188674
t12.2022.05.19,train,vocal,t12.2022.05.19,165,and nathan did he see them too,16,SIL,3,sil,he,152,204,52,38,43,168,192,168,192,0.9969464840566363
t12.2022.05.19,train,vocal,t12.2022.05.19,165,and nathan did he see them too,17,S,4,initial,see,176,212,36,44,45,192,200,192,204,0.946383547292999
t12.2022.05.19,train,vocal,t12.2022.05.19,165,and nathan did he see them too,18,IY,4,final,see,188,220,32,47,47,204,208,204,208,0.9999687027808654
t12.2022.05.19,train,vocal,t12.2022.05.19,165,and nathan did he see them too,19,SIL,4,sil,see,192,240,48,48,52,208,228,208,228,0.9701341479449285
t12.2022.05.19,train,vocal,t12.2022.05.19,165,and nathan did he see them too,20,DH,5,initial,them,212,244,32,53,53,228,232,228,236,0.9999908892946981
t12.2022.05.19,train,vocal,t12.2022.05.19,165,and nathan did he see them too,21,EH,5,medial,them,220,252,32,55,55,236,240,236,240,0.9999947257487037
t12.2022.05.19,train,vocal,t12.2022.05.19,165,and nathan did he see them too,22,M,5,final,them,224,260,36,56,57,240,248,240,248,0.7697202376798443
t12.2022.05.19,train,vocal,t12.2022.05.19,165,and nathan did he see them too,23,SIL,5,sil,them,232,280,48,58,62,248,268,248,268,0.9961497596855269
t12.2022.05.19,train,vocal,t12.2022.05.19,165,and nathan did he see them too,24,T,6,initial,too,252,284,32,63,63,268,272,268,272,0.9998475677425984
t12.2022.05.19,train,vocal,t12.2022.05.19,165,and nathan did he see them too,25,UW,6,final,too,256,292,36,64,65,272,280,272,280,0.9423060935657024
t12.2022.05.19,train,vocal,t12.2022.05.19,165,and nathan did he see them too,26,SIL,6,sil,too,264,300,36,66,67,280,288,280,288,0.999436602560587
t12.2022.05.19,train,vocal,t12.2022.05.19,166,whatever you tell him he will dive,0,W,0,initial,whatever,16,52,36,4,5,32,40,16,40,0.8044033249674061
t12.2022.05.19,train,vocal,t12.2022.05.19,166,whatever you tell him he will dive,1,AH,0,medial,whatever,24,60,36,6,7,40,48,40,48,0.8193095191360964
t12.2022.05.19,train,vocal,t12.2022.05.19,166,whatever you tell him he will dive,2,T,0,medial,whatever,32,64,32,8,8,48,52,48,56,0.9998090686512864
t12.2022.05.19,train,vocal,t12.2022.05.19,166,whatever you tell him he will dive,3,EH,0,medial,whatever,44,76,32,11,11,60,64,56,64,0.9999632986138363
t12.2022.05.19,train,vocal,t12.2022.05.19,166,whatever you tell him he will dive,4,V,0,medial,whatever,48,80,32,12,12,64,68,64,68,0.9998856143063797
t12.2022.05.19,train,vocal,t12.2022.05.19,166,whatever you tell him he will dive,5,ER,0,final,whatever,52,92,40,13,15,68,80,68,80,0.9989919306971479
t12.2022.05.19,train,vocal,t12.2022.05.19,166,whatever you tell him he will dive,6,SIL,0,sil,whatever,64,104,40,16,18,80,92,80,92,0.967198040642006
t12.2022.05.19,train,vocal,t12.2022.05.19,166,whatever you tell him he will dive,7,Y,1,initial,you,76,112,36,19,20,92,100,92,104,0.9999653953776677
t12.2022.05.19,train,vocal,t12.2022.05.19,166,whatever you tell him he will dive,8,UW,1,final,you,88,120,32,22,22,104,108,104,112,0.9999985408049058
t12.2022.05.19,train,vocal,t12.2022.05.19,166,whatever you tell him he will dive,9,SIL,1,sil,you,96,164,68,24,33,112,152,112,152,0.9999460910050513
t12.2022.05.19,train,vocal,t12.2022.05.19,166,whatever you tell him he will dive,10,T,2,initial,tell,136,172,36,34,35,152,160,152,164,0.9963151267714103
t12.2022.05.19,train,vocal,t12.2022.05.19,166,whatever you tell him he will dive,11,EH,2,medial,tell,148,180,32,37,37,164,168,164,168,0.9991556249915704
t12.2022.05.19,train,vocal,t12.2022.05.19,166,whatever you tell him he will dive,12,L,2,final,tell,152,188,36,38,39,168,176,168,176,0.9122578158476614
t12.2022.05.19,train,vocal,t12.2022.05.19,166,whatever you tell him he will dive,13,SIL,2,sil,tell,160,204,44,40,43,176,192,176,192,0.9995241979306143
t12.2022.05.19,train,vocal,t12.2022.05.19,166,whatever you tell him he will dive,14,HH,3,initial,him,176,212,36,44,45,192,200,192,204,0.9978688009976475
t12.2022.05.19,train,vocal,t12.2022.05.19,166,whatever you tell him he will dive,15,IH,3,medial,him,188,220,32,47,47,204,208,204,208,0.9998616853886971
t12.2022.05.19,train,vocal,t12.2022.05.19,166,whatever you tell him he will dive,16,M,3,final,him,192,224,32,48,48,208,212,208,212,0.9999105611656482
t12.2022.05.19,train,vocal,t12.2022.05.19,166,whatever you tell him he will dive,17,SIL,3,sil,him,196,252,56,49,55,212,240,212,240,0.9510930687507415
t12.2022.05.19,train,vocal,t12.2022.05.19,166,whatever you tell him he will dive,18,HH,4,initial,he,224,256,32,56,56,240,244,240,248,0.9999586725181616
t12.2022.05.19,train,vocal,t12.2022.05.19,166,whatever you tell him he will dive,19,IY,4,final,he,232,264,32,58,58,248,252,248,252,0.9999986981224411
t12.2022.05.19,train,vocal,t12.2022.05.19,166,whatever you tell him he will dive,20,SIL,4,sil,he,236,280,44,59,62,252,268,252,268,0.9728021770051356
t12.2022.05.19,train,vocal,t12.2022.05.19,166,whatever you tell him he will dive,21,W,5,initial,will,252,284,32,63,63,268,272,268,276,0.999483639558484
t12.2022.05.19,train,vocal,t12.2022.05.19,166,whatever you tell him he will dive,22,IH,5,medial,will,260,292,32,65,65,276,280,276,280,0.9991835032564075
t12.2022.05.19,train,vocal,t12.2022.05.19,166,whatever you tell him he will dive,23,L,5,final,will,264,300,36,66,67,280,288,280,288,0.9969837717153638
t12.2022.05.19,train,vocal,t12.2022.05.19,166,whatever you tell him he will dive,24,SIL,5,sil,will,272,320,48,68,72,288,308,288,308,0.9987292115471972
t12.2022.05.19,train,vocal,t12.2022.05.19,166,whatever you tell him he will dive,25,D,6,initial,dive,292,324,32,73,73,308,312,308,320,0.9999159681482787
t12.2022.05.19,train,vocal,t12.2022.05.19,166,whatever you tell him he will dive,26,AY,6,medial,dive,308,340,32,77,77,324,328,320,328,0.997944863207549
t12.2022.05.19,train,vocal,t12.2022.05.19,166,whatever you tell him he will dive,27,V,6,final,dive,312,344,32,78,78,328,332,328,332,0.999621663836165
t12.2022.05.19,train,vocal,t12.2022.05.19,166,whatever you tell him he will dive,28,SIL,6,sil,dive,316,364,48,79,83,332,352,332,352,0.9495034306858517
t12.2022.05.19,train,vocal,t12.2022.05.19,167,strength began to zip up and down his chest,0,S,0,initial,strength,16,48,32,4,4,32,36,16,36,0.9913344394514155
t12.2022.05.19,train,vocal,t12.2022.05.19,167,strength began to zip up and down his chest,1,T,0,medial,strength,20,52,32,5,5,36,40,36,40,0.9967652143164524
t12.2022.05.19,train,vocal,t12.2022.05.19,167,strength began to zip up and down his chest,2,R,0,medial,strength,24,56,32,6,6,40,44,40,44,0.9977185971731205
t12.2022.05.19,train,vocal,t12.2022.05.19,167,strength began to zip up and down his chest,3,EH,0,medial,strength,28,60,32,7,7,44,48,44,48,0.9995410447698053
t12.2022.05.19,train,vocal,t12.2022.05.19,167,strength began to zip up and down his chest,4,NG,0,medial,strength,32,64,32,8,8,48,52,48,52,0.9978668501786309
t12.2022.05.19,train,vocal,t12.2022.05.19,167,strength began to zip up and down his chest,5,K,0,medial,strength,36,68,32,9,9,52,56,52,56,0.957507857176699
t12.2022.05.19,train,vocal,t12.2022.05.19,167,strength began to zip up and down his chest,6,TH,0,final,strength,40,76,36,10,11,56,64,56,64,0.981816913905406
t12.2022.05.19,train,vocal,t12.2022.05.19,167,strength began to zip up and down his chest,7,SIL,0,sil,strength,48,84,36,12,13,64,72,64,72,0.8826390851946064
t12.2022.05.19,train,vocal,t12.2022.05.19,167,strength began to zip up and down his chest,8,B,1,initial,began,56,88,32,14,14,72,76,72,80,0.9997984954713128
t12.2022.05.19,train,vocal,t12.2022.05.19,167,strength began to zip up and down his chest,9,IH,1,medial,began,64,96,32,16,16,80,84,80,84,0.990445655545337
t12.2022.05.19,train,vocal,t12.2022.05.19,167,strength began to zip up and down his chest,10,G,1,medial,began,68,100,32,17,17,84,88,84,88,0.9953435253500995
t12.2022.05.19,train,vocal,t12.2022.05.19,167,strength began to zip up and down his chest,11,AE,1,medial,began,72,108,36,18,19,88,96,88,96,0.9849657842112426
t12.2022.05.19,train,vocal,t12.2022.05.19,167,strength began to zip up and down his chest,12,N,1,final,began,80,116,36,20,21,96,104,96,104,0.986715913198388
t12.2022.05.19,train,vocal,t12.2022.05.19,167,strength began to zip up and down his chest,13,SIL,1,sil,began,88,128,40,22,24,104,116,104,116,0.9989319553262686
t12.2022.05.19,train,vocal,t12.2022.05.19,167,strength began to zip up and down his chest,14,T,2,initial,to,100,132,32,25,25,116,120,116,124,0.9999839847446389
t12.2022.05.19,train,vocal,t12.2022.05.19,167,strength began to zip up and down his chest,15,UW,2,final,to,108,140,32,27,27,124,128,124,128,0.9999960872889996
t12.2022.05.19,train,vocal,t12.2022.05.19,167,strength began to zip up and down his chest,16,SIL,2,sil,to,112,152,40,28,30,128,140,128,140,0.9975354757495348
t12.2022.05.19,train,vocal,t12.2022.05.19,167,strength began to zip up and down his chest,17,Z,3,initial,zip,124,156,32,31,31,140,144,140,148,0.9994703627230263
t12.2022.05.19,train,vocal,t12.2022.05.19,167,strength began to zip up and down his chest,18,IH,3,medial,zip,136,168,32,34,34,152,156,148,156,0.9991902405675859
t12.2022.05.19,train,vocal,t12.2022.05.19,167,strength began to zip up and down his chest,19,P,3,final,zip,140,176,36,35,36,156,164,156,168,0.8330127366540918
t12.2022.05.19,train,vocal,t12.2022.05.19,167,strength began to zip up and down his chest,20,SIL,3,sil,zip,152,204,52,38,43,168,192,168,200,0.9968538429379837
t12.2022.05.19,train,vocal,t12.2022.05.19,167,strength began to zip up and down his chest,21,AH,4,initial,up,188,220,32,47,47,204,208,200,208,0.999425187825805
t12.2022.05.19,train,vocal,t12.2022.05.19,167,strength began to zip up and down his chest,22,P,4,final,up,192,224,32,48,48,208,212,208,212,0.9999963806280657
t12.2022.05.19,train,vocal,t12.2022.05.19,167,strength began to zip up and down his chest,23,SIL,4,sil,up,196,236,40,49,51,212,224,212,228,0.8367825196845633
t12.2022.05.19,train,vocal,t12.2022.05.19,167,strength began to zip up and down his chest,24,AH,5,initial,and,216,248,32,54,54,232,236,228,236,0.9999628321701197
t12.2022.05.19,train,vocal,t12.2022.05.19,167,strength began to zip up and down his chest,25,N,5,medial,and,220,252,32,55,55,236,240,236,240,0.999763250525303
t12.2022.05.19,train,vocal,t12.2022.05.19,167,strength began to zip up and down his chest,26,D,5,final,and,224,260,36,56,57,240,248,240,248,0.9656302102336212
t12.2022.05.19,train,vocal,t12.2022.05.19,167,strength began to zip up and down his chest,27,SIL,5,sil,and,232,268,36,58,59,248,256,248,256,0.8770130797650644
t12.2022.05.19,train,vocal,t12.2022.05.19,167,strength began to zip up and down his chest,28,D,6,initial,down,240,272,32,60,60,256,260,256,264,0.9999838421510023
t12.2022.05.19,train,vocal,t12.2022.05.19,167,strength began to zip up and down his chest,29,AW,6,medial,down,248,284,36,62,63,264,272,264,272,0.7955667932141498
t12.2022.05.19,train,vocal,t12.2022.05.19,167,strength began to zip up and down his chest,30,N,6,final,down,256,292,36,64,65,272,280,272,280,0.9423965268855108
t12.2022.05.19,train,vocal,t12.2022.05.19,167,strength began to zip up and down his chest,31,SIL,6,sil,down,264,340,76,66,77,280,328,280,332,0.975780281657702
t12.2022.05.19,train,vocal,t12.2022.05.19,167,strength began to zip up and down his chest,32,HH,7,initial,his,316,352,36,79,80,332,340,332,344,0.9480595264009242
t12.2022.05.19,train,vocal,t12.2022.05.19,167,strength began to zip up and down his chest,33,IH,7,medial,his,328,360,32,82,82,344,348,344,348,0.9995502475059691
t12.2022.05.19,train,vocal,t12.2022.05.19,167,strength began to zip up and down his chest,34,Z,7,final,his,332,364,32,83,83,348,352,348,352,0.9991846523979167
t12.2022.05.19,train,vocal,t12.2022.05.19,167,strength began to zip up and down his chest,35,SIL,7,sil,his,336,384,48,84,88,352,372,352,372,0.9998920283077097
t12.2022.05.19,train,vocal,t12.2022.05.19,167,strength began to zip up and down his chest,36,CH,8,initial,chest,356,388,32,89,89,372,376,372,380,0.9997015931717588
t12.2022.05.19,train,vocal,t12.2022.05.19,167,strength began to zip up and down his chest,37,EH,8,medial,chest,368,400,32,92,92,384,388,380,388,0.9981707194002924
t12.2022.05.19,train,vocal,t12.2022.05.19,167,strength began to zip up and down his chest,38,S,8,medial,chest,372,404,32,93,93,388,392,388,392,0.999164051458122
t12.2022.05.19,train,vocal,t12.2022.05.19,167,strength began to zip up and down his chest,39,T,8,final,chest,376,408,32,94,94,392,396,392,396,0.9940067276779257
t12.2022.05.19,train,vocal,t12.2022.05.19,167,strength began to zip up and down his chest,40,SIL,8,sil,chest,380,424,44,95,98,396,412,396,412,0.9760591576677974
t12.2022.05.19,train,vocal,t12.2022.05.19,168,toss a die until an ace appears,0,T,0,initial,toss,52,84,32,13,13,68,72,16,76,0.9928072471258788
t12.2022.05.19,train,vocal,t12.2022.05.19,168,toss a die until an ace appears,1,AO,0,medial,toss,60,96,36,15,16,76,84,76,84,0.9773921267343275
t12.2022.05.19,train,vocal,t12.2022.05.19,168,toss a die until an ace appears,2,S,0,final,toss,68,104,36,17,18,84,92,84,92,0.8922134592307343
t12.2022.05.19,train,vocal,t12.2022.05.19,168,toss a die until an ace appears,3,SIL,0,sil,toss,76,112,36,19,20,92,100,92,104,0.9960871994926199
t12.2022.05.19,train,vocal,t12.2022.05.19,168,toss a die until an ace appears,4,AH,1,single,a,92,124,32,23,23,108,112,104,112,0.9999943316927526
t12.2022.05.19,train,vocal,t12.2022.05.19,168,toss a die until an ace appears,5,SIL,1,sil,a,96,144,48,24,28,112,132,112,132,0.9644401352413976
t12.2022.05.19,train,vocal,t12.2022.05.19,168,toss a die until an ace appears,6,D,2,initial,die,116,152,36,29,30,132,140,132,144,0.8363619906285663
t12.2022.05.19,train,vocal,t12.2022.05.19,168,toss a die until an ace appears,7,AY,2,final,die,128,160,32,32,32,144,148,144,152,0.9988533537308972
t12.2022.05.19,train,vocal,t12.2022.05.19,168,toss a die until an ace appears,8,SIL,2,sil,die,140,200,60,35,42,156,188,152,192,0.975041753718602
t12.2022.05.19,train,vocal,t12.2022.05.19,168,toss a die until an ace appears,9,AH,3,initial,until,180,212,32,45,45,196,200,192,200,0.999943924930476
t12.2022.05.19,train,vocal,t12.2022.05.19,168,toss a die until an ace appears,10,N,3,medial,until,184,220,36,46,47,200,208,200,208,0.998360638335435
t12.2022.05.19,train,vocal,t12.2022.05.19,168,toss a die until an ace appears,11,T,3,medial,until,192,232,40,48,50,208,220,208,224,0.9979085698762278
t12.2022.05.19,train,vocal,t12.2022.05.19,168,toss a die until an ace appears,12,IH,3,medial,until,208,240,32,52,52,224,228,224,228,0.9969378997475435
t12.2022.05.19,train,vocal,t12.2022.05.19,168,toss a die until an ace appears,13,L,3,final,until,212,256,44,53,56,228,244,228,244,0.8858971188077348
t12.2022.05.19,train,vocal,t12.2022.05.19,168,toss a die until an ace appears,14,SIL,3,sil,until,228,268,40,57,59,244,256,244,260,0.9680192625004662
t12.2022.05.19,train,vocal,t12.2022.05.19,168,toss a die until an ace appears,15,AE,4,initial,an,248,280,32,62,62,264,268,260,268,0.9999705175864054
t12.2022.05.19,train,vocal,t12.2022.05.19,168,toss a die until an ace appears,16,N,4,final,an,252,288,36,63,64,268,276,268,276,0.8070883487368369
t12.2022.05.19,train,vocal,t12.2022.05.19,168,toss a die until an ace appears,17,SIL,4,sil,an,260,308,48,65,69,276,296,276,304,0.9995613743572672
t12.2022.05.19,train,vocal,t12.2022.05.19,168,toss a die until an ace appears,18,EY,5,initial,ace,296,328,32,74,74,312,316,304,316,0.999744525746585
t12.2022.05.19,train,vocal,t12.2022.05.19,168,toss a die until an ace appears,19,S,5,final,ace,300,332,32,75,75,316,320,316,324,0.9966916254850146
t12.2022.05.19,train,vocal,t12.2022.05.19,168,toss a die until an ace appears,20,SIL,5,sil,ace,312,360,48,78,82,328,348,324,352,0.9952064236622966
t12.2022.05.19,train,vocal,t12.2022.05.19,168,toss a die until an ace appears,21,AH,6,initial,appears,340,376,36,85,86,356,364,352,368,0.8996691785296105
t12.2022.05.19,train,vocal,t12.2022.05.19,168,toss a die until an ace appears,22,P,6,medial,appears,352,388,36,88,89,368,376,368,380,0.9977641686669494
t12.2022.05.19,train,vocal,t12.2022.05.19,168,toss a die until an ace appears,23,IH,6,medial,appears,368,400,32,92,92,384,388,380,388,0.9998831804499168
t12.2022.05.19,train,vocal,t12.2022.05.19,168,toss a die until an ace appears,24,R,6,medial,appears,372,408,36,93,94,388,396,388,396,0.9183737432888341
t12.2022.05.19,train,vocal,t12.2022.05.19,168,toss a die until an ace appears,25,Z,6,final,appears,380,416,36,95,96,396,404,396,404,0.9466537660625969
t12.2022.05.19,train,vocal,t12.2022.05.19,168,toss a die until an ace appears,26,SIL,6,sil,appears,388,424,36,97,98,404,412,404,412,0.9999143937226884
t12.2022.05.19,train,vocal,t12.2022.05.19,169,suppose you tell me the real reason he drawled,0,S,0,initial,suppose,44,80,36,11,12,60,68,16,72,0.9988261189498802
t12.2022.05.19,train,vocal,t12.2022.05.19,169,suppose you tell me the real reason he drawled,1,AH,0,medial,suppose,56,88,32,14,14,72,76,72,76,0.9996145827518819
t12.2022.05.19,train,vocal,t12.2022.05.19,169,suppose you tell me the real reason he drawled,2,P,0,medial,suppose,60,100,40,15,17,76,88,76,92,0.9109832628450398
t12.2022.05.19,train,vocal,t12.2022.05.19,169,suppose you tell me the real reason he drawled,3,OW,0,medial,suppose,76,108,32,19,19,92,96,92,96,0.9996781989272826
t12.2022.05.19,train,vocal,t12.2022.05.19,169,suppose you tell me the real reason he drawled,4,Z,0,final,suppose,80,120,40,20,22,96,108,96,108,0.9201099015861401
t12.2022.05.19,train,vocal,t12.2022.05.19,169,suppose you tell me the real reason he drawled,5,SIL,0,sil,suppose,92,128,36,23,24,108,116,108,116,0.9963099575882721
t12.2022.05.19,train,vocal,t12.2022.05.19,169,suppose you tell me the real reason he drawled,6,Y,1,initial,you,100,136,36,25,26,116,124,116,128,0.9055747950696227
t12.2022.05.19,train,vocal,t12.2022.05.19,169,suppose you tell me the real reason he drawled,7,UW,1,final,you,112,144,32,28,28,128,132,128,132,0.9999845524019331
t12.2022.05.19,train,vocal,t12.2022.05.19,169,suppose you tell me the real reason he drawled,8,SIL,1,sil,you,116,192,76,29,40,132,180,132,180,0.9699257235691952
t12.2022.05.19,train,vocal,t12.2022.05.19,169,suppose you tell me the real reason he drawled,9,T,2,initial,tell,164,196,32,41,41,180,184,180,188,0.9999688233540178
t12.2022.05.19,train,vocal,t12.2022.05.19,169,suppose you tell me the real reason he drawled,10,EH,2,medial,tell,172,204,32,43,43,188,192,188,192,0.9998159028952914
t12.2022.05.19,train,vocal,t12.2022.05.19,169,suppose you tell me the real reason he drawled,11,L,2,final,tell,176,208,32,44,44,192,196,192,196,0.9992343986882851
t12.2022.05.19,train,vocal,t12.2022.05.19,169,suppose you tell me the real reason he drawled,12,SIL,2,sil,tell,180,220,40,45,47,196,208,196,208,0.9387709310608816
t12.2022.05.19,train,vocal,t12.2022.05.19,169,suppose you tell me the real reason he drawled,13,M,3,initial,me,192,224,32,48,48,208,212,208,216,0.9999965715309255
t12.2022.05.19,train,vocal,t12.2022.05.19,169,suppose you tell me the real reason he drawled,14,IY,3,final,me,200,232,32,50,50,216,220,216,224,0.9996796124921113
t12.2022.05.19,train,vocal,t12.2022.05.19,169,suppose you tell me the real reason he drawled,15,SIL,3,sil,me,208,256,48,52,56,224,244,224,244,0.9996116748485866
t12.2022.05.19,train,vocal,t12.2022.05.19,169,suppose you tell me the real reason he drawled,16,DH,4,initial,the,228,260,32,57,57,244,248,244,248,0.9999961921910785
t12.2022.05.19,train,vocal,t12.2022.05.19,169,suppose you tell me the real reason he drawled,17,AH,4,final,the,232,268,36,58,59,248,256,248,256,0.7398531047069199
t12.2022.05.19,train,vocal,t12.2022.05.19,169,suppose you tell me the real reason he drawled,18,SIL,4,sil,the,240,284,44,60,63,256,272,256,272,0.9920880415080886
t12.2022.05.19,train,vocal,t12.2022.05.19,169,suppose you tell me the real reason he drawled,19,R,5,initial,real,256,288,32,64,64,272,276,272,280,0.9986666795213163
t12.2022.05.19,train,vocal,t12.2022.05.19,169,suppose you tell me the real reason he drawled,20,IY,5,medial,real,264,296,32,66,66,280,284,280,284,0.9999221700621025
t12.2022.05.19,train,vocal,t12.2022.05.19,169,suppose you tell me the real reason he drawled,21,L,5,final,real,268,308,40,67,69,284,296,284,296,0.9800041838836832
t12.2022.05.19,train,vocal,t12.2022.05.19,169,suppose you tell me the real reason he drawled,22,SIL,5,sil,real,280,332,52,70,75,296,320,296,320,0.989817599837069
t12.2022.05.19,train,vocal,t12.2022.05.19,169,suppose you tell me the real reason he drawled,23,R,6,initial,reason,304,336,32,76,76,320,324,320,328,0.9999182397061165
t12.2022.05.19,train,vocal,t12.2022.05.19,169,suppose you tell me the real reason he drawled,24,IY,6,medial,reason,312,344,32,78,78,328,332,328,332,0.9994035663038228
t12.2022.05.19,train,vocal,t12.2022.05.19,169,suppose you tell me the real reason he drawled,25,Z,6,medial,reason,316,348,32,79,79,332,336,332,340,0.9988965997227786
t12.2022.05.19,train,vocal,t12.2022.05.19,169,suppose you tell me the real reason he drawled,26,AH,6,medial,reason,328,364,36,82,83,344,352,340,352,0.9868640032043844
t12.2022.05.19,train,vocal,t12.2022.05.19,169,suppose you tell me the real reason he drawled,27,N,6,final,reason,336,372,36,84,85,352,360,352,360,0.7322240362403927
t12.2022.05.19,train,vocal,t12.2022.05.19,169,suppose you tell me the real reason he drawled,28,SIL,6,sil,reason,344,396,52,86,91,360,384,360,384,0.9285489678720813
t12.2022.05.19,train,vocal,t12.2022.05.19,169,suppose you tell me the real reason he drawled,29,HH,7,initial,he,368,400,32,92,92,384,388,384,392,0.9999960193666391
t12.2022.05.19,train,vocal,t12.2022.05.19,169,suppose you tell me the real reason he drawled,30,IY,7,final,he,376,408,32,94,94,392,396,392,396,0.9999932674853955
t12.2022.05.19,train,vocal,t12.2022.05.19,169,suppose you tell me the real reason he drawled,31,SIL,7,sil,he,380,424,44,95,98,396,412,396,412,0.977792153148376
t12.2022.05.19,train,vocal,t12.2022.05.19,169,suppose you tell me the real reason he drawled,32,D,8,initial,drawled,396,428,32,99,99,412,416,412,416,0.9995025528716376
t12.2022.05.19,train,vocal,t12.2022.05.19,169,suppose you tell me the real reason he drawled,33,R,8,medial,drawled,400,436,36,100,101,416,424,416,428,0.9924903403398448
t12.2022.05.19,train,vocal,t12.2022.05.19,169,suppose you tell me the real reason he drawled,34,AO,8,medial,drawled,412,444,32,103,103,428,432,428,432,0.9974983482120376
t12.2022.05.19,train,vocal,t12.2022.05.19,169,suppose you tell me the real reason he drawled,35,L,8,medial,drawled,416,456,40,104,106,432,444,432,444,0.7926438933164913
t12.2022.05.19,train,vocal,t12.2022.05.19,169,suppose you tell me the real reason he drawled,36,D,8,final,drawled,428,464,36,107,108,444,452,444,452,0.9883770207339738
t12.2022.05.19,train,vocal,t12.2022.05.19,169,suppose you tell me the real reason he drawled,37,SIL,8,sil,drawled,436,480,44,109,112,452,468,452,468,0.9998247114836974
t12.2022.05.19,train,vocal,t12.2022.05.19,170,now the hope was gone,0,N,0,initial,now,40,76,36,10,11,56,64,16,68,0.9901672232317614
t12.2022.05.19,train,vocal,t12.2022.05.19,170,now the hope was gone,1,AW,0,final,now,52,88,36,13,14,68,76,68,76,0.9611143220612794
t12.2022.05.19,train,vocal,t12.2022.05.19,170,now the hope was gone,2,SIL,0,sil,now,60,104,44,15,18,76,92,76,92,0.9966048188014206
t12.2022.05.19,train,vocal,t12.2022.05.19,170,now the hope was gone,3,DH,1,initial,the,76,108,32,19,19,92,96,92,100,0.9999926885452451
t12.2022.05.19,train,vocal,t12.2022.05.19,170,now the hope was gone,4,AH,1,final,the,84,116,32,21,21,100,104,100,108,0.9999807863699774
t12.2022.05.19,train,vocal,t12.2022.05.19,170,now the hope was gone,5,SIL,1,sil,the,92,132,40,23,25,108,120,108,120,0.9137999946584517
t12.2022.05.19,train,vocal,t12.2022.05.19,170,now the hope was gone,6,HH,2,initial,hope,104,140,36,26,27,120,128,120,132,0.7986290719096969
t12.2022.05.19,train,vocal,t12.2022.05.19,170,now the hope was gone,7,OW,2,medial,hope,116,148,32,29,29,132,136,132,136,0.9998979256151358
t12.2022.05.19,train,vocal,t12.2022.05.19,170,now the hope was gone,8,P,2,final,hope,120,160,40,30,32,136,148,136,148,0.9665283307898994
t12.2022.05.19,train,vocal,t12.2022.05.19,170,now the hope was gone,9,SIL,2,sil,hope,132,184,52,33,38,148,172,148,172,0.9992408178153042
t12.2022.05.19,train,vocal,t12.2022.05.19,170,now the hope was gone,10,W,3,initial,was,156,188,32,39,39,172,176,172,180,0.9999780850261281
t12.2022.05.19,train,vocal,t12.2022.05.19,170,now the hope was gone,11,AA,3,medial,was,164,196,32,41,41,180,184,180,184,0.9999998042771622
t12.2022.05.19,train,vocal,t12.2022.05.19,170,now the hope was gone,12,Z,3,final,was,168,200,32,42,42,184,188,184,188,0.9999996181211659
t12.2022.05.19,train,vocal,t12.2022.05.19,170,now the hope was gone,13,SIL,3,sil,was,172,220,48,43,47,188,208,188,208,0.99957440455646
t12.2022.05.19,train,vocal,t12.2022.05.19,170,now the hope was gone,14,G,4,initial,gone,192,224,32,48,48,208,212,208,216,0.999753909554393
t12.2022.05.19,train,vocal,t12.2022.05.19,170,now the hope was gone,15,AO,4,medial,gone,200,232,32,50,50,216,220,216,220,0.9995120370261115
t12.2022.05.19,train,vocal,t12.2022.05.19,170,now the hope was gone,16,N,4,final,gone,204,236,32,51,51,220,224,220,224,0.9463748223221928
t12.2022.05.19,train,vocal,t12.2022.05.19,170,now the hope was gone,17,SIL,4,sil,gone,208,260,52,52,57,224,248,224,248,0.9747695349130038
t12.2022.05.19,train,vocal,t12.2022.05.19,171,when all else fails use force,0,W,0,initial,when,48,84,36,12,13,64,72,16,72,0.8012267366550585
t12.2022.05.19,train,vocal,t12.2022.05.19,171,when all else fails use force,1,EH,0,medial,when,56,88,32,14,14,72,76,72,76,0.9999214223140962
t12.2022.05.19,train,vocal,t12.2022.05.19,171,when all else fails use force,2,N,0,final,when,60,96,36,15,16,76,84,76,84,0.9950454183855284
t12.2022.05.19,train,vocal,t12.2022.05.19,171,when all else fails use force,3,SIL,0,sil,when,68,108,40,17,19,84,96,84,100,0.9114785660404108
t12.2022.05.19,train,vocal,t12.2022.05.19,171,when all else fails use force,4,AO,1,initial,all,88,124,36,22,23,104,112,100,112,0.8696787040614851
t12.2022.05.19,train,vocal,t12.2022.05.19,171,when all else fails use force,5,L,1,final,all,96,128,32,24,24,112,116,112,116,0.9997415592565577
t12.2022.05.19,train,vocal,t12.2022.05.19,171,when all else fails use force,6,SIL,1,sil,all,100,140,40,25,27,116,128,116,136,0.9994701305289472
t12.2022.05.19,train,vocal,t12.2022.05.19,171,when all else fails use force,7,EH,2,initial,else,124,156,32,31,31,140,144,136,144,0.9999841241469573
t12.2022.05.19,train,vocal,t12.2022.05.19,171,when all else fails use force,8,L,2,medial,else,128,160,32,32,32,144,148,144,148,0.99999867662542
t12.2022.05.19,train,vocal,t12.2022.05.19,171,when all else fails use force,9,S,2,final,else,132,168,36,33,34,148,156,148,156,0.9230182704639525
t12.2022.05.19,train,vocal,t12.2022.05.19,171,when all else fails use force,10,SIL,2,sil,else,140,192,52,35,40,156,180,156,180,0.9113599949522406
t12.2022.05.19,train,vocal,t12.2022.05.19,171,when all else fails use force,11,F,3,initial,fails,164,196,32,41,41,180,184,180,188,0.9974828217769298
t12.2022.05.19,train,vocal,t12.2022.05.19,171,when all else fails use force,12,EY,3,medial,fails,176,208,32,44,44,192,196,188,196,0.9994516504618668
t12.2022.05.19,train,vocal,t12.2022.05.19,171,when all else fails use force,13,L,3,medial,fails,180,216,36,45,46,196,204,196,204,0.9986379441463422
t12.2022.05.19,train,vocal,t12.2022.05.19,171,when all else fails use force,14,Z,3,final,fails,188,224,36,47,48,204,212,204,212,0.9991455173360662
t12.2022.05.19,train,vocal,t12.2022.05.19,171,when all else fails use force,15,SIL,3,sil,fails,196,272,76,49,60,212,260,212,260,0.9401114752941427
t12.2022.05.19,train,vocal,t12.2022.05.19,171,when all else fails use force,16,Y,4,initial,use,244,284,40,61,63,260,272,260,272,0.9852000388356225
t12.2022.05.19,train,vocal,t12.2022.05.19,171,when all else fails use force,17,UW,4,medial,use,256,288,32,64,64,272,276,272,276,0.999989874202106
t12.2022.05.19,train,vocal,t12.2022.05.19,171,when all else fails use force,18,S,4,final,use,260,292,32,65,65,276,280,276,280,0.9997862213393356
t12.2022.05.19,train,vocal,t12.2022.05.19,171,when all else fails use force,19,SIL,4,sil,use,264,316,52,66,71,280,304,280,304,0.9661118859341284
t12.2022.05.19,train,vocal,t12.2022.05.19,171,when all else fails use force,20,F,5,initial,force,288,320,32,72,72,304,308,304,312,0.9997808149217398
t12.2022.05.19,train,vocal,t12.2022.05.19,171,when all else fails use force,21,AO,5,medial,force,300,332,32,75,75,316,320,312,320,0.9998332442664365
t12.2022.05.19,train,vocal,t12.2022.05.19,171,when all else fails use force,22,R,5,medial,force,304,336,32,76,76,320,324,320,324,0.9998142292771273
t12.2022.05.19,train,vocal,t12.2022.05.19,171,when all else fails use force,23,S,5,final,force,308,344,36,77,78,324,332,324,332,0.8472723663411991
t12.2022.05.19,train,vocal,t12.2022.05.19,171,when all else fails use force,24,SIL,5,sil,force,316,360,44,79,82,332,348,332,348,0.9996654361815183
t12.2022.05.19,train,vocal,t12.2022.05.19,172,contrast trim provides other touches of color,0,K,0,initial,contrast,32,64,32,8,8,48,52,16,56,0.999610612670559
t12.2022.05.19,train,vocal,t12.2022.05.19,172,contrast trim provides other touches of color,1,AA,0,medial,contrast,40,72,32,10,10,56,60,56,60,0.9960157954405563
t12.2022.05.19,train,vocal,t12.2022.05.19,172,contrast trim provides other touches of color,2,N,0,medial,contrast,44,76,32,11,11,60,64,60,64,0.9999405086293703
t12.2022.05.19,train,vocal,t12.2022.05.19,172,contrast trim provides other touches of color,3,T,0,medial,contrast,48,84,36,12,13,64,72,64,72,0.8949915570622562
t12.2022.05.19,train,vocal,t12.2022.05.19,172,contrast trim provides other touches of color,4,R,0,medial,contrast,56,96,40,14,16,72,84,72,84,0.998150306470149
t12.2022.05.19,train,vocal,t12.2022.05.19,172,contrast trim provides other touches of color,5,AE,0,medial,contrast,68,104,36,17,18,84,92,84,92,0.9023688585797307
t12.2022.05.19,train,vocal,t12.2022.05.19,172,contrast trim provides other touches of color,6,S,0,medial,contrast,76,108,32,19,19,92,96,92,96,0.9997398157088927
t12.2022.05.19,train,vocal,t12.2022.05.19,172,contrast trim provides other touches of color,7,T,0,final,contrast,80,120,40,20,22,96,108,96,108,0.9740926666684119
t12.2022.05.19,train,vocal,t12.2022.05.19,172,contrast trim provides other touches of color,8,SIL,0,sil,contrast,92,128,36,23,24,108,116,108,116,0.984687249262566
t12.2022.05.19,train,vocal,t12.2022.05.19,172,contrast trim provides other touches of color,9,T,1,initial,trim,100,132,32,25,25,116,120,116,120,0.9994997538488237
t12.2022.05.19,train,vocal,t12.2022.05.19,172,contrast trim provides other touches of color,10,R,1,medial,trim,104,136,32,26,26,120,124,120,124,0.9993369282284764
t12.2022.05.19,train,vocal,t12.2022.05.19,172,contrast trim provides other touches of color,11,IH,1,medial,trim,108,140,32,27,27,124,128,124,128,0.9896539608333679
t12.2022.05.19,train,vocal,t12.2022.05.19,172,contrast trim provides other touches of color,12,M,1,final,trim,112,148,36,28,29,128,136,128,136,0.9065086512196519
t12.2022.05.19,train,vocal,t12.2022.05.19,172,contrast trim provides other touches of color,13,SIL,1,sil,trim,120,172,52,30,35,136,160,136,160,0.9998882442300534
t12.2022.05.19,train,vocal,t12.2022.05.19,172,contrast trim provides other touches of color,14,P,2,initial,provides,144,176,32,36,36,160,164,160,164,0.9997850014898725
t12.2022.05.19,train,vocal,t12.2022.05.19,172,contrast trim provides other touches of color,15,R,2,medial,provides,148,184,36,37,38,164,172,164,172,0.9962833209633417
t12.2022.05.19,train,vocal,t12.2022.05.19,172,contrast trim provides other touches of color,16,AH,2,medial,provides,156,188,32,39,39,172,176,172,176,0.999749150245313
t12.2022.05.19,train,vocal,t12.2022.05.19,172,contrast trim provides other touches of color,17,V,2,medial,provides,160,196,36,40,41,176,184,176,184,0.7910470805897445
t12.2022.05.19,train,vocal,t12.2022.05.19,172,contrast trim provides other touches of color,18,AY,2,medial,provides,168,204,36,42,43,184,192,184,192,0.9173935704424052
t12.2022.05.19,train,vocal,t12.2022.05.19,172,contrast trim provides other touches of color,19,D,2,medial,provides,176,212,36,44,45,192,200,192,200,0.9281305716638211
t12.2022.05.19,train,vocal,t12.2022.05.19,172,contrast trim provides other touches of color,20,Z,2,final,provides,184,220,36,46,47,200,208,200,208,0.990747904044204
t12.2022.05.19,train,vocal,t12.2022.05.19,172,contrast trim provides other touches of color,21,SIL,2,sil,provides,192,224,32,48,48,208,212,208,216,0.9996412318453682
t12.2022.05.19,train,vocal,t12.2022.05.19,172,contrast trim provides other touches of color,22,AH,3,initial,other,204,236,32,51,51,220,224,216,224,0.9995537315512238
t12.2022.05.19,train,vocal,t12.2022.05.19,172,contrast trim provides other touches of color,23,DH,3,medial,other,208,240,32,52,52,224,228,224,228,0.9999962228957036
t12.2022.05.19,train,vocal,t12.2022.05.19,172,contrast trim provides other touches of color,24,ER,3,final,other,212,252,40,53,55,228,240,228,240,0.9939983296329155
t12.2022.05.19,train,vocal,t12.2022.05.19,172,contrast trim provides other touches of color,25,SIL,3,sil,other,224,264,40,56,58,240,252,240,252,0.9944571942272359
t12.2022.05.19,train,vocal,t12.2022.05.19,172,contrast trim provides other touches of color,26,T,4,initial,touches,236,268,32,59,59,252,256,252,260,0.9989119259743996
t12.2022.05.19,train,vocal,t12.2022.05.19,172,contrast trim provides other touches of color,27,AH,4,medial,touches,248,280,32,62,62,264,268,260,268,0.999336967812859
t12.2022.05.19,train,vocal,t12.2022.05.19,172,contrast trim provides other touches of color,28,CH,4,medial,touches,252,288,36,63,64,268,276,268,280,0.9988443061851122
t12.2022.05.19,train,vocal,t12.2022.05.19,172,contrast trim provides other touches of color,29,AH,4,medial,touches,264,300,36,66,67,280,288,280,288,0.9620282652872764
t12.2022.05.19,train,vocal,t12.2022.05.19,172,contrast trim provides other touches of color,30,Z,4,final,touches,272,308,36,68,69,288,296,288,296,0.9952120258794128
t12.2022.05.19,train,vocal,t12.2022.05.19,172,contrast trim provides other touches of color,31,SIL,4,sil,touches,280,328,48,70,74,296,316,296,324,0.9961485573200836
t12.2022.05.19,train,vocal,t12.2022.05.19,172,contrast trim provides other touches of color,32,AH,5,initial,of,312,344,32,78,78,328,332,324,332,0.9999982958479068
t12.2022.05.19,train,vocal,t12.2022.05.19,172,contrast trim provides other touches of color,33,V,5,final,of,316,352,36,79,80,332,340,332,340,0.7681375009698227
t12.2022.05.19,train,vocal,t12.2022.05.19,172,contrast trim provides other touches of color,34,SIL,5,sil,of,324,368,44,81,84,340,356,340,356,0.9968251274662019
t12.2022.05.19,train,vocal,t12.2022.05.19,172,contrast trim provides other touches of color,35,K,6,initial,color,340,372,32,85,85,356,360,356,364,0.9997268588189241
t12.2022.05.19,train,vocal,t12.2022.05.19,172,contrast trim provides other touches of color,36,AH,6,medial,color,352,384,32,88,88,368,372,364,372,0.9979809395703599
t12.2022.05.19,train,vocal,t12.2022.05.19,172,contrast trim provides other touches of color,37,L,6,medial,color,356,392,36,89,90,372,380,372,380,0.9867557015130721
t12.2022.05.19,train,vocal,t12.2022.05.19,172,contrast trim provides other touches of color,38,ER,6,final,color,364,400,36,91,92,380,388,380,388,0.9773449579718061
t12.2022.05.19,train,vocal,t12.2022.05.19,172,contrast trim provides other touches of color,39,SIL,6,sil,color,372,412,40,93,95,388,400,388,400,0.9940534652463372
t12.2022.05.19,train,vocal,t12.2022.05.19,173,aw shut up he said,0,AO,0,single,aw,32,64,32,8,8,48,52,16,56,0.9988018170163256
t12.2022.05.19,train,vocal,t12.2022.05.19,173,aw shut up he said,1,SIL,0,sil,aw,40,108,68,10,19,56,96,56,96,0.9960954088073116
t12.2022.05.19,train,vocal,t12.2022.05.19,173,aw shut up he said,2,SH,1,initial,shut,80,112,32,20,20,96,100,96,104,0.9997240948679884
t12.2022.05.19,train,vocal,t12.2022.05.19,173,aw shut up he said,3,AH,1,medial,shut,88,120,32,22,22,104,108,104,108,0.9996322205450102
t12.2022.05.19,train,vocal,t12.2022.05.19,173,aw shut up he said,4,T,1,final,shut,92,128,36,23,24,108,116,108,116,0.9335256639859288
t12.2022.05.19,train,vocal,t12.2022.05.19,173,aw shut up he said,5,SIL,1,sil,shut,100,136,36,25,26,116,124,116,128,0.9989093991988796
t12.2022.05.19,train,vocal,t12.2022.05.19,173,aw shut up he said,6,AH,2,initial,up,116,148,32,29,29,132,136,128,136,0.9999670038077806
t12.2022.05.19,train,vocal,t12.2022.05.19,173,aw shut up he said,7,P,2,final,up,120,152,32,30,30,136,140,136,140,0.999911826181076
t12.2022.05.19,train,vocal,t12.2022.05.19,173,aw shut up he said,8,SIL,2,sil,up,124,184,60,31,38,140,172,140,172,0.9547957138658961
t12.2022.05.19,train,vocal,t12.2022.05.19,173,aw shut up he said,9,HH,3,initial,he,156,192,36,39,40,172,180,172,184,0.7602186827170433
t12.2022.05.19,train,vocal,t12.2022.05.19,173,aw shut up he said,10,IY,3,final,he,168,200,32,42,42,184,188,184,192,0.9999966385290248
t12.2022.05.19,train,vocal,t12.2022.05.19,173,aw shut up he said,11,SIL,3,sil,he,176,212,36,44,45,192,200,192,200,0.9998665513964695
t12.2022.05.19,train,vocal,t12.2022.05.19,173,aw shut up he said,12,S,4,initial,said,184,220,36,46,47,200,208,200,212,0.8562467781466591
t12.2022.05.19,train,vocal,t12.2022.05.19,173,aw shut up he said,13,EH,4,medial,said,196,228,32,49,49,212,216,212,216,0.9999994341731082
t12.2022.05.19,train,vocal,t12.2022.05.19,173,aw shut up he said,14,D,4,final,said,200,236,36,50,51,216,224,216,224,0.9863846384744315
t12.2022.05.19,train,vocal,t12.2022.05.19,173,aw shut up he said,15,SIL,4,sil,said,208,248,40,52,54,224,236,224,236,0.9999932619619121
t12.2022.05.19,train,vocal,t12.2022.05.19,174,i hope you guys have enjoyed this post,0,AY,0,single,i,36,72,36,9,10,52,60,16,60,0.9948991204657964
t12.2022.05.19,train,vocal,t12.2022.05.19,174,i hope you guys have enjoyed this post,1,SIL,0,sil,i,44,92,48,11,15,60,80,60,80,0.9677658226792516
t12.2022.05.19,train,vocal,t12.2022.05.19,174,i hope you guys have enjoyed this post,2,HH,1,initial,hope,64,100,36,16,17,80,88,80,92,0.9997464228383603
t12.2022.05.19,train,vocal,t12.2022.05.19,174,i hope you guys have enjoyed this post,3,OW,1,medial,hope,76,108,32,19,19,92,96,92,96,0.9999948987975823
t12.2022.05.19,train,vocal,t12.2022.05.19,174,i hope you guys have enjoyed this post,4,P,1,final,hope,80,116,36,20,21,96,104,96,104,0.9999154280649811
t12.2022.05.19,train,vocal,t12.2022.05.19,174,i hope you guys have enjoyed this post,5,SIL,1,sil,hope,88,128,40,22,24,104,116,104,116,0.9845867285339747
t12.2022.05.19,train,vocal,t12.2022.05.19,174,i hope you guys have enjoyed this post,6,Y,2,initial,you,100,136,36,25,26,116,124,116,124,0.9928228805756729
t12.2022.05.19,train,vocal,t12.2022.05.19,174,i hope you guys have enjoyed this post,7,UW,2,final,you,108,140,32,27,27,124,128,124,132,0.9999990514501722
t12.2022.05.19,train,vocal,t12.2022.05.19,174,i hope you guys have enjoyed this post,8,SIL,2,sil,you,116,160,44,29,32,132,148,132,148,0.9986918188205122
t12.2022.05.19,train,vocal,t12.2022.05.19,174,i hope you guys have enjoyed this post,9,G,3,initial,guys,132,164,32,33,33,148,152,148,156,0.9997836564563433
t12.2022.05.19,train,vocal,t12.2022.05.19,174,i hope you guys have enjoyed this post,10,AY,3,medial,guys,144,176,32,36,36,160,164,156,164,0.998126996380384
t12.2022.05.19,train,vocal,t12.2022.05.19,174,i hope you guys have enjoyed this post,11,Z,3,final,guys,148,184,36,37,38,164,172,164,172,0.964823489141247
t12.2022.05.19,train,vocal,t12.2022.05.19,174,i hope you guys have enjoyed this post,12,SIL,3,sil,guys,156,208,52,39,44,172,196,172,196,0.9993542069567822
t12.2022.05.19,train,vocal,t12.2022.05.19,174,i hope you guys have enjoyed this post,13,HH,4,initial,have,180,216,36,45,46,196,204,196,204,0.9999617135010226
t12.2022.05.19,train,vocal,t12.2022.05.19,174,i hope you guys have enjoyed this post,14,AE,4,medial,have,188,224,36,47,48,204,212,204,212,0.9462566413855291
t12.2022.05.19,train,vocal,t12.2022.05.19,174,i hope you guys have enjoyed this post,15,V,4,final,have,196,228,32,49,49,212,216,212,216,0.9999529568753214
t12.2022.05.19,train,vocal,t12.2022.05.19,174,i hope you guys have enjoyed this post,16,SIL,4,sil,have,200,240,40,50,52,216,228,216,232,0.9997588287279724
t12.2022.05.19,train,vocal,t12.2022.05.19,174,i hope you guys have enjoyed this post,17,EH,5,initial,enjoyed,220,252,32,55,55,236,240,232,240,0.9999306896407366
t12.2022.05.19,train,vocal,t12.2022.05.19,174,i hope you guys have enjoyed this post,18,N,5,medial,enjoyed,224,256,32,56,56,240,244,240,244,0.9999792834475074
t12.2022.05.19,train,vocal,t12.2022.05.19,174,i hope you guys have enjoyed this post,19,JH,5,medial,enjoyed,228,264,36,57,58,244,252,244,252,0.9997847700301321
t12.2022.05.19,train,vocal,t12.2022.05.19,174,i hope you guys have enjoyed this post,20,OY,5,medial,enjoyed,236,276,40,59,61,252,264,252,264,0.9740849135300774
t12.2022.05.19,train,vocal,t12.2022.05.19,174,i hope you guys have enjoyed this post,21,D,5,final,enjoyed,248,284,36,62,63,264,272,264,272,0.9986329314614619
t12.2022.05.19,train,vocal,t12.2022.05.19,174,i hope you guys have enjoyed this post,22,SIL,5,sil,enjoyed,256,296,40,64,66,272,284,272,284,0.9537703242718149
t12.2022.05.19,train,vocal,t12.2022.05.19,174,i hope you guys have enjoyed this post,23,DH,6,initial,this,268,300,32,67,67,284,288,284,292,0.9999926773824133
t12.2022.05.19,train,vocal,t12.2022.05.19,174,i hope you guys have enjoyed this post,24,IH,6,medial,this,276,308,32,69,69,292,296,292,296,0.999999570028265
t12.2022.05.19,train,vocal,t12.2022.05.19,174,i hope you guys have enjoyed this post,25,S,6,final,this,280,312,32,70,70,296,300,296,300,0.9999989971861591
t12.2022.05.19,train,vocal,t12.2022.05.19,174,i hope you guys have enjoyed this post,26,SIL,6,sil,this,284,340,56,71,77,300,328,300,328,0.9929190551176327
t12.2022.05.19,train,vocal,t12.2022.05.19,174,i hope you guys have enjoyed this post,27,P,7,initial,post,312,344,32,78,78,328,332,328,336,0.9962205282836406
t12.2022.05.19,train,vocal,t12.2022.05.19,174,i hope you guys have enjoyed this post,28,OW,7,medial,post,324,356,32,81,81,340,344,336,344,0.9987458061680373
t12.2022.05.19,train,vocal,t12.2022.05.19,174,i hope you guys have enjoyed this post,29,S,7,medial,post,328,360,32,82,82,344,348,344,348,0.9982962310768129
t12.2022.05.19,train,vocal,t12.2022.05.19,174,i hope you guys have enjoyed this post,30,T,7,final,post,332,368,36,83,84,348,356,348,356,0.8509148305761149
t12.2022.05.19,train,vocal,t12.2022.05.19,174,i hope you guys have enjoyed this post,31,SIL,7,sil,post,340,384,44,85,88,356,372,356,372,0.9616993107321278
t12.2022.05.19,train,vocal,t12.2022.05.19,175,how ya gonna keep 'em down on the farm,0,HH,0,initial,,16,52,36,4,5,32,40,16,40,0.9994635730345482
t12.2022.05.19,train,vocal,t12.2022.05.19,175,how ya gonna keep 'em down on the farm,1,AW,0,final,,24,56,32,6,6,40,44,40,48,0.9997006123065866
t12.2022.05.19,train,vocal,t12.2022.05.19,175,how ya gonna keep 'em down on the farm,2,SIL,0,sil,,32,68,36,8,9,48,56,48,56,0.9864520746492615
t12.2022.05.19,train,vocal,t12.2022.05.19,175,how ya gonna keep 'em down on the farm,3,Y,1,initial,,40,72,32,10,10,56,60,56,60,0.9998517063059915
t12.2022.05.19,train,vocal,t12.2022.05.19,175,how ya gonna keep 'em down on the farm,4,AA,1,final,,44,76,32,11,11,60,64,60,64,0.9980518080063459
t12.2022.05.19,train,vocal,t12.2022.05.19,175,how ya gonna keep 'em down on the farm,5,SIL,1,sil,,48,88,40,12,14,64,76,64,76,0.8620488903829369
t12.2022.05.19,train,vocal,t12.2022.05.19,175,how ya gonna keep 'em down on the farm,6,G,2,initial,,60,92,32,15,15,76,80,76,80,0.9952389753035973
t12.2022.05.19,train,vocal,t12.2022.05.19,175,how ya gonna keep 'em down on the farm,7,AA,2,medial,,64,100,36,16,17,80,88,80,88,0.813865733878779
t12.2022.05.19,train,vocal,t12.2022.05.19,175,how ya gonna keep 'em down on the farm,8,N,2,medial,,72,104,32,18,18,88,92,88,92,0.9987479267556484
t12.2022.05.19,train,vocal,t12.2022.05.19,175,how ya gonna keep 'em down on the farm,9,AH,2,final,,76,112,36,19,20,92,100,92,100,0.9934692028877417
t12.2022.05.19,train,vocal,t12.2022.05.19,175,how ya gonna keep 'em down on the farm,10,SIL,2,sil,,84,124,40,21,23,100,112,100,112,0.998577184458402
t12.2022.05.19,train,vocal,t12.2022.05.19,175,how ya gonna keep 'em down on the farm,11,K,3,initial,,96,132,36,24,25,112,120,112,124,0.8887308170801804
t12.2022.05.19,train,vocal,t12.2022.05.19,175,how ya gonna keep 'em down on the farm,12,IY,3,medial,,108,140,32,27,27,124,128,124,128,0.9915755188830839
t12.2022.05.19,train,vocal,t12.2022.05.19,175,how ya gonna keep 'em down on the farm,13,P,3,final,,112,144,32,28,28,128,132,128,132,0.9888397462370562
t12.2022.05.19,train,vocal,t12.2022.05.19,175,how ya gonna keep 'em down on the farm,14,SIL,3,sil,,116,148,32,29,29,132,136,132,140,0.9922888904738425
t12.2022.05.19,train,vocal,t12.2022.05.19,175,how ya gonna keep 'em down on the farm,15,SIL,4,sil,,124,160,36,31,32,140,148,140,148,0.9684039024575983
t12.2022.05.19,train,vocal,t12.2022.05.19,175,how ya gonna keep 'em down on the farm,16,EH,5,initial,,132,168,36,33,34,148,156,148,156,0.8079089570593958
t12.2022.05.19,train,vocal,t12.2022.05.19,175,how ya gonna keep 'em down on the farm,17,M,5,final,,140,176,36,35,36,156,164,156,164,0.8675456854182804
t12.2022.05.19,train,vocal,t12.2022.05.19,175,how ya gonna keep 'em down on the farm,18,SIL,5,sil,,148,196,48,37,41,164,184,164,184,0.9985768684853147
t12.2022.05.19,train,vocal,t12.2022.05.19,175,how ya gonna keep 'em down on the farm,19,D,6,initial,,168,200,32,42,42,184,188,184,192,0.9999789011842106
t12.2022.05.19,train,vocal,t12.2022.05.19,175,how ya gonna keep 'em down on the farm,20,AW,6,medial,,176,208,32,44,44,192,196,192,196,0.9999925492065169
t12.2022.05.19,train,vocal,t12.2022.05.19,175,how ya gonna keep 'em down on the farm,21,N,6,final,,180,212,32,45,45,196,200,196,200,0.9991992942428759
t12.2022.05.19,train,vocal,t12.2022.05.19,175,how ya gonna keep 'em down on the farm,22,SIL,6,sil,,184,244,60,46,53,200,232,200,240,0.9502680708034388
t12.2022.05.19,train,vocal,t12.2022.05.19,175,how ya gonna keep 'em down on the farm,23,AA,7,initial,,232,264,32,58,58,248,252,240,252,0.9999997535705906
t12.2022.05.19,train,vocal,t12.2022.05.19,175,how ya gonna keep 'em down on the farm,24,N,7,final,,236,268,32,59,59,252,256,252,256,0.9999892002915591
t12.2022.05.19,train,vocal,t12.2022.05.19,175,how ya gonna keep 'em down on the farm,25,SIL,7,sil,,240,284,44,60,63,256,272,256,272,0.9849348643305913
t12.2022.05.19,train,vocal,t12.2022.05.19,175,how ya gonna keep 'em down on the farm,26,DH,8,initial,,256,292,36,64,65,272,280,272,280,0.9987487633591199
t12.2022.05.19,train,vocal,t12.2022.05.19,175,how ya gonna keep 'em down on the farm,27,AH,8,final,,264,300,36,66,67,280,288,280,288,0.8722733795652416
t12.2022.05.19,train,vocal,t12.2022.05.19,175,how ya gonna keep 'em down on the farm,28,SIL,8,sil,,272,316,44,68,71,288,304,288,304,0.8127549986195677
t12.2022.05.19,train,vocal,t12.2022.05.19,175,how ya gonna keep 'em down on the farm,29,F,9,initial,,288,320,32,72,72,304,308,304,312,0.9996905487213754
t12.2022.05.19,train,vocal,t12.2022.05.19,175,how ya gonna keep 'em down on the farm,30,AA,9,medial,,296,328,32,74,74,312,316,312,316,0.9989872659839022
t12.2022.05.19,train,vocal,t12.2022.05.19,175,how ya gonna keep 'em down on the farm,31,R,9,medial,,300,332,32,75,75,316,320,316,320,0.9996005351175999
t12.2022.05.19,train,vocal,t12.2022.05.19,175,how ya gonna keep 'em down on the farm,32,M,9,final,,304,336,32,76,76,320,324,320,324,0.9997825556689728
t12.2022.05.19,train,vocal,t12.2022.05.19,175,how ya gonna keep 'em down on the farm,33,SIL,9,sil,,308,344,36,77,78,324,332,324,332,0.8592205986436948
t12.2022.05.19,train,vocal,t12.2022.05.19,176,summertime supper outside is a natural,0,S,0,initial,summertime,20,60,40,5,7,36,48,16,52,0.9018643608769078
t12.2022.05.19,train,vocal,t12.2022.05.19,176,summertime supper outside is a natural,1,AH,0,medial,summertime,36,72,36,9,10,52,60,52,60,0.9941980438156912
t12.2022.05.19,train,vocal,t12.2022.05.19,176,summertime supper outside is a natural,2,M,0,medial,summertime,44,76,32,11,11,60,64,60,64,0.9999608792508365
t12.2022.05.19,train,vocal,t12.2022.05.19,176,summertime supper outside is a natural,3,ER,0,medial,summertime,48,84,36,12,13,64,72,64,72,0.882903561189748
t12.2022.05.19,train,vocal,t12.2022.05.19,176,summertime supper outside is a natural,4,T,0,medial,summertime,56,88,32,14,14,72,76,72,76,0.9992648266132182
t12.2022.05.19,train,vocal,t12.2022.05.19,176,summertime supper outside is a natural,5,AY,0,medial,summertime,60,96,36,15,16,76,84,76,84,0.9114461743035462
t12.2022.05.19,train,vocal,t12.2022.05.19,176,summertime supper outside is a natural,6,M,0,final,summertime,68,100,32,17,17,84,88,84,88,0.9999965064935423
t12.2022.05.19,train,vocal,t12.2022.05.19,176,summertime supper outside is a natural,7,SIL,0,sil,summertime,72,140,68,18,27,88,128,88,136,0.9346148072643412
t12.2022.05.19,train,vocal,t12.2022.05.19,176,summertime supper outside is a natural,8,S,1,initial,supper,128,164,36,32,33,144,152,136,156,0.9266575639579452
t12.2022.05.19,train,vocal,t12.2022.05.19,176,summertime supper outside is a natural,9,AH,1,medial,supper,140,172,32,35,35,156,160,156,160,0.9860701128445907
t12.2022.05.19,train,vocal,t12.2022.05.19,176,summertime supper outside is a natural,10,P,1,medial,supper,144,180,36,36,37,160,168,160,168,0.9187491283272267
t12.2022.05.19,train,vocal,t12.2022.05.19,176,summertime supper outside is a natural,11,ER,1,final,supper,152,188,36,38,39,168,176,168,176,0.9995782439504439
t12.2022.05.19,train,vocal,t12.2022.05.19,176,summertime supper outside is a natural,12,SIL,1,sil,supper,160,196,36,40,41,176,184,176,192,0.9594129664401011
t12.2022.05.19,train,vocal,t12.2022.05.19,176,summertime supper outside is a natural,13,AW,2,initial,outside,180,212,32,45,45,196,200,192,200,0.999371340106213
t12.2022.05.19,train,vocal,t12.2022.05.19,176,summertime supper outside is a natural,14,T,2,medial,outside,184,216,32,46,46,200,204,200,204,0.9990040005116012
t12.2022.05.19,train,vocal,t12.2022.05.19,176,summertime supper outside is a natural,15,S,2,medial,outside,188,224,36,47,48,204,212,204,212,0.9973520593657605
t12.2022.05.19,train,vocal,t12.2022.05.19,176,summertime supper outside is a natural,16,AY,2,medial,outside,196,232,36,49,50,212,220,212,220,0.9990325827492212
t12.2022.05.19,train,vocal,t12.2022.05.19,176,summertime supper outside is a natural,17,D,2,final,outside,204,240,36,51,52,220,228,220,228,0.9797682683651545
t12.2022.05.19,train,vocal,t12.2022.05.19,176,summertime supper outside is a natural,18,SIL,2,sil,outside,212,248,36,53,54,228,236,228,240,0.9982562951085051
t12.2022.05.19,train,vocal,t12.2022.05.19,176,summertime supper outside is a natural,19,IH,3,initial,is,228,260,32,57,57,244,248,240,248,0.9999603604194478
t12.2022.05.19,train,vocal,t12.2022.05.19,176,summertime supper outside is a natural,20,Z,3,final,is,232,264,32,58,58,248,252,248,252,0.9999989928048684
t12.2022.05.19,train,vocal,t12.2022.05.19,176,summertime supper outside is a natural,21,SIL,3,sil,is,236,280,44,59,62,252,268,252,272,0.9935648949755047
t12.2022.05.19,train,vocal,t12.2022.05.19,176,summertime supper outside is a natural,22,AH,4,single,a,260,292,32,65,65,276,280,272,280,0.9999990023168093
t12.2022.05.19,train,vocal,t12.2022.05.19,176,summertime supper outside is a natural,23,SIL,4,sil,a,264,308,44,66,69,280,296,280,296,0.8566847415002126
t12.2022.05.19,train,vocal,t12.2022.05.19,176,summertime supper outside is a natural,24,N,5,initial,natural,280,312,32,70,70,296,300,296,304,0.9998328561084106
t12.2022.05.19,train,vocal,t12.2022.05.19,176,summertime supper outside is a natural,25,AE,5,medial,natural,288,320,32,72,72,304,308,304,308,0.9992908233515598
t12.2022.05.19,train,vocal,t12.2022.05.19,176,summertime supper outside is a natural,26,CH,5,medial,natural,292,324,32,73,73,308,312,308,312,0.9996893926186163
t12.2022.05.19,train,vocal,t12.2022.05.19,176,summertime supper outside is a natural,27,ER,5,medial,natural,296,336,40,74,76,312,324,312,324,0.7883810604380669
t12.2022.05.19,train,vocal,t12.2022.05.19,176,summertime supper outside is a natural,28,AH,5,medial,natural,308,344,36,77,78,324,332,324,332,0.9982953530598919
t12.2022.05.19,train,vocal,t12.2022.05.19,176,summertime supper outside is a natural,29,L,5,final,natural,316,352,36,79,80,332,340,332,340,0.9451734778967309
t12.2022.05.19,train,vocal,t12.2022.05.19,176,summertime supper outside is a natural,30,SIL,5,sil,natural,324,384,60,81,88,340,372,340,372,0.9999943332271095
t12.2022.05.19,train,vocal,t12.2022.05.19,177,so how do you avoid these problems,0,S,0,initial,so,20,60,40,5,7,36,48,16,48,0.7876861129011514
t12.2022.05.19,train,vocal,t12.2022.05.19,177,so how do you avoid these problems,1,OW,0,final,so,32,64,32,8,8,48,52,48,56,0.9999669174806455
t12.2022.05.19,train,vocal,t12.2022.05.19,177,so how do you avoid these problems,2,SIL,0,sil,so,40,88,48,10,14,56,76,56,76,0.9821877389687774
t12.2022.05.19,train,vocal,t12.2022.05.19,177,so how do you avoid these problems,3,HH,1,initial,how,60,92,32,15,15,76,80,76,84,0.9999462844604899
t12.2022.05.19,train,vocal,t12.2022.05.19,177,so how do you avoid these problems,4,AW,1,final,how,68,100,32,17,17,84,88,84,92,0.9995420628846762
t12.2022.05.19,train,vocal,t12.2022.05.19,177,so how do you avoid these problems,5,SIL,1,sil,how,76,124,48,19,23,92,112,92,112,0.9993947055647763
t12.2022.05.19,train,vocal,t12.2022.05.19,177,so how do you avoid these problems,6,D,2,initial,do,96,128,32,24,24,112,116,112,120,0.9999965739792916
t12.2022.05.19,train,vocal,t12.2022.05.19,177,so how do you avoid these problems,7,UW,2,final,do,104,136,32,26,26,120,124,120,128,0.9999901836165416
t12.2022.05.19,train,vocal,t12.2022.05.19,177,so how do you avoid these problems,8,SIL,2,sil,do,112,176,64,28,36,128,164,128,164,0.9824417724575645
t12.2022.05.19,train,vocal,t12.2022.05.19,177,so how do you avoid these problems,9,Y,3,initial,you,148,184,36,37,38,164,172,164,172,0.99924725069183
t12.2022.05.19,train,vocal,t12.2022.05.19,177,so how do you avoid these problems,10,UW,3,final,you,156,192,36,39,40,172,180,172,180,0.9081262041696111
t12.2022.05.19,train,vocal,t12.2022.05.19,177,so how do you avoid these problems,11,SIL,3,sil,you,164,204,40,41,43,180,192,180,196,0.9995140402865085
t12.2022.05.19,train,vocal,t12.2022.05.19,177,so how do you avoid these problems,12,AH,4,initial,avoid,180,216,36,45,46,196,204,196,204,0.9772055338326119
t12.2022.05.19,train,vocal,t12.2022.05.19,177,so how do you avoid these problems,13,V,4,medial,avoid,188,224,36,47,48,204,212,204,212,0.9940777719284987
t12.2022.05.19,train,vocal,t12.2022.05.19,177,so how do you avoid these problems,14,OY,4,medial,avoid,196,236,40,49,51,212,224,212,224,0.7792105205878785
t12.2022.05.19,train,vocal,t12.2022.05.19,177,so how do you avoid these problems,15,D,4,final,avoid,208,248,40,52,54,224,236,224,236,0.9995344633205123
t12.2022.05.19,train,vocal,t12.2022.05.19,177,so how do you avoid these problems,16,SIL,4,sil,avoid,220,256,36,55,56,236,244,236,244,0.9998486285334953
t12.2022.05.19,train,vocal,t12.2022.05.19,177,so how do you avoid these problems,17,DH,5,initial,these,228,260,32,57,57,244,248,244,252,0.9999505626785357
t12.2022.05.19,train,vocal,t12.2022.05.19,177,so how do you avoid these problems,18,IY,5,medial,these,236,268,32,59,59,252,256,252,256,0.9999184388750715
t12.2022.05.19,train,vocal,t12.2022.05.19,177,so how do you avoid these problems,19,Z,5,final,these,240,272,32,60,60,256,260,256,260,0.9998926056441508
t12.2022.05.19,train,vocal,t12.2022.05.19,177,so how do you avoid these problems,20,SIL,5,sil,these,244,284,40,61,63,260,272,260,272,0.8400085782382868
t12.2022.05.19,train,vocal,t12.2022.05.19,177,so how do you avoid these problems,21,P,6,initial,problems,256,288,32,64,64,272,276,272,276,0.9999850538909869
t12.2022.05.19,train,vocal,t12.2022.05.19,177,so how do you avoid these problems,22,R,6,medial,problems,260,296,36,65,66,276,284,276,284,0.9896055000252559
t12.2022.05.19,train,vocal,t12.2022.05.19,177,so how do you avoid these problems,23,AA,6,medial,problems,268,300,32,67,67,284,288,284,288,0.9996220427324919
t12.2022.05.19,train,vocal,t12.2022.05.19,177,so how do you avoid these problems,24,B,6,medial,problems,272,304,32,68,68,288,292,288,292,0.9999386594931569
t12.2022.05.19,train,vocal,t12.2022.05.19,177,so how do you avoid these problems,25,L,6,medial,problems,276,312,36,69,70,292,300,292,300,0.9949996138990933
t12.2022.05.19,train,vocal,t12.2022.05.19,177,so how do you avoid these problems,26,AH,6,medial,problems,284,320,36,71,72,300,308,300,308,0.9865387202138252
t12.2022.05.19,train,vocal,t12.2022.05.19,177,so how do you avoid these problems,27,M,6,medial,problems,292,324,32,73,73,308,312,308,312,0.9997838423946854
t12.2022.05.19,train,vocal,t12.2022.05.19,177,so how do you avoid these problems,28,Z,6,final,problems,296,332,36,74,75,312,320,312,320,0.9975716610574956
t12.2022.05.19,train,vocal,t12.2022.05.19,177,so how do you avoid these problems,29,SIL,6,sil,problems,304,360,56,76,82,320,348,320,348,0.9983855403392831
t12.2022.05.19,train,vocal,t12.2022.05.19,178,to honor him is to honor ourselves,0,T,0,initial,to,12,44,32,3,3,28,32,16,36,0.999426948064595
t12.2022.05.19,train,vocal,t12.2022.05.19,178,to honor him is to honor ourselves,1,UW,0,final,to,20,52,32,5,5,36,40,36,44,0.9996279662472591
t12.2022.05.19,train,vocal,t12.2022.05.19,178,to honor him is to honor ourselves,2,SIL,0,sil,to,28,64,36,7,8,44,52,44,56,0.9996165635686883
t12.2022.05.19,train,vocal,t12.2022.05.19,178,to honor him is to honor ourselves,3,AA,1,initial,honor,44,76,32,11,11,60,64,56,64,0.9997220910333554
t12.2022.05.19,train,vocal,t12.2022.05.19,178,to honor him is to honor ourselves,4,N,1,medial,honor,48,84,36,12,13,64,72,64,72,0.9890317598930485
t12.2022.05.19,train,vocal,t12.2022.05.19,178,to honor him is to honor ourselves,5,ER,1,final,honor,56,92,36,14,15,72,80,72,80,0.9762895445897026
t12.2022.05.19,train,vocal,t12.2022.05.19,178,to honor him is to honor ourselves,6,SIL,1,sil,honor,64,104,40,16,18,80,92,80,92,0.9277403723329493
t12.2022.05.19,train,vocal,t12.2022.05.19,178,to honor him is to honor ourselves,7,HH,2,initial,him,76,108,32,19,19,92,96,92,100,0.9998937075960024
t12.2022.05.19,train,vocal,t12.2022.05.19,178,to honor him is to honor ourselves,8,IH,2,medial,him,84,116,32,21,21,100,104,100,104,0.9996751905350817
t12.2022.05.19,train,vocal,t12.2022.05.19,178,to honor him is to honor ourselves,9,M,2,final,him,88,124,36,22,23,104,112,104,112,0.8083820701747177
t12.2022.05.19,train,vocal,t12.2022.05.19,178,to honor him is to honor ourselves,10,SIL,2,sil,him,96,148,52,24,29,112,136,112,144,0.9818859748519361
t12.2022.05.19,train,vocal,t12.2022.05.19,178,to honor him is to honor ourselves,11,IH,3,initial,is,132,164,32,33,33,148,152,144,152,0.9999435015020863
t12.2022.05.19,train,vocal,t12.2022.05.19,178,to honor him is to honor ourselves,12,Z,3,final,is,136,168,32,34,34,152,156,152,156,0.9999693966169874
t12.2022.05.19,train,vocal,t12.2022.05.19,178,to honor him is to honor ourselves,13,SIL,3,sil,is,140,188,48,35,39,156,176,156,176,0.999258267517168
t12.2022.05.19,train,vocal,t12.2022.05.19,178,to honor him is to honor ourselves,14,T,4,initial,to,160,192,32,40,40,176,180,176,180,0.9999996862185859
t12.2022.05.19,train,vocal,t12.2022.05.19,178,to honor him is to honor ourselves,15,UW,4,final,to,164,200,36,41,42,180,188,180,188,0.7991727083154364
t12.2022.05.19,train,vocal,t12.2022.05.19,178,to honor him is to honor ourselves,16,SIL,4,sil,to,172,212,40,43,45,188,200,188,204,0.9953894991168669
t12.2022.05.19,train,vocal,t12.2022.05.19,178,to honor him is to honor ourselves,17,AA,5,initial,honor,192,224,32,48,48,208,212,204,212,0.9984687968193694
t12.2022.05.19,train,vocal,t12.2022.05.19,178,to honor him is to honor ourselves,18,N,5,medial,honor,196,232,36,49,50,212,220,212,224,0.9947602145008948
t12.2022.05.19,train,vocal,t12.2022.05.19,178,to honor him is to honor ourselves,19,ER,5,final,honor,208,244,36,52,53,224,232,224,232,0.8907389207746381
t12.2022.05.19,train,vocal,t12.2022.05.19,178,to honor him is to honor ourselves,20,SIL,5,sil,honor,216,276,60,54,61,232,264,232,272,0.9999965005748309
t12.2022.05.19,train,vocal,t12.2022.05.19,178,to honor him is to honor ourselves,21,AW,6,initial,ourselves,260,292,32,65,65,276,280,272,280,0.9999610307689096
t12.2022.05.19,train,vocal,t12.2022.05.19,178,to honor him is to honor ourselves,22,ER,6,medial,ourselves,264,300,36,66,67,280,288,280,288,0.8598138221427674
t12.2022.05.19,train,vocal,t12.2022.05.19,178,to honor him is to honor ourselves,23,S,6,medial,ourselves,272,308,36,68,69,288,296,288,300,0.8923577924787631
t12.2022.05.19,train,vocal,t12.2022.05.19,178,to honor him is to honor ourselves,24,EH,6,medial,ourselves,288,320,32,72,72,304,308,300,308,0.9991115709217846
t12.2022.05.19,train,vocal,t12.2022.05.19,178,to honor him is to honor ourselves,25,L,6,medial,ourselves,292,328,36,73,74,308,316,308,316,0.990290260335166
t12.2022.05.19,train,vocal,t12.2022.05.19,178,to honor him is to honor ourselves,26,V,6,medial,ourselves,300,332,32,75,75,316,320,316,320,0.9772447313335402
t12.2022.05.19,train,vocal,t12.2022.05.19,178,to honor him is to honor ourselves,27,Z,6,final,ourselves,304,336,32,76,76,320,324,320,324,0.9993995840832398
t12.2022.05.19,train,vocal,t12.2022.05.19,178,to honor him is to honor ourselves,28,SIL,6,sil,ourselves,308,348,40,77,79,324,336,324,336,0.9716416051811616
t12.2022.05.19,train,vocal,t12.2022.05.19,179,y'all wanna walk  walk he said,0,Y,0,initial,y'all,40,76,36,10,11,56,64,16,68,0.8411122842869165
t12.2022.05.19,train,vocal,t12.2022.05.19,179,y'all wanna walk  walk he said,1,AO,0,medial,y'all,52,84,32,13,13,68,72,68,72,0.9955069416449466
t12.2022.05.19,train,vocal,t12.2022.05.19,179,y'all wanna walk  walk he said,2,L,0,final,y'all,56,92,36,14,15,72,80,72,80,0.8717858371603919
t12.2022.05.19,train,vocal,t12.2022.05.19,179,y'all wanna walk  walk he said,3,SIL,0,sil,y'all,64,104,40,16,18,80,92,80,92,0.9742218944854902
t12.2022.05.19,train,vocal,t12.2022.05.19,179,y'all wanna walk  walk he said,4,W,1,initial,wanna,76,108,32,19,19,92,96,92,100,0.9999576172275204
t12.2022.05.19,train,vocal,t12.2022.05.19,179,y'all wanna walk  walk he said,5,AA,1,medial,wanna,84,116,32,21,21,100,104,100,104,0.9997134268392849
t12.2022.05.19,train,vocal,t12.2022.05.19,179,y'all wanna walk  walk he said,6,N,1,medial,wanna,88,120,32,22,22,104,108,104,108,0.994270261224213
t12.2022.05.19,train,vocal,t12.2022.05.19,179,y'all wanna walk  walk he said,7,AH,1,final,wanna,92,128,36,23,24,108,116,108,116,0.9937755708774545
t12.2022.05.19,train,vocal,t12.2022.05.19,179,y'all wanna walk  walk he said,8,SIL,1,sil,wanna,100,140,40,25,27,116,128,116,128,0.9473367707898884
t12.2022.05.19,train,vocal,t12.2022.05.19,179,y'all wanna walk  walk he said,9,W,2,initial,walk,112,148,36,28,29,128,136,128,140,0.9709472039449436
t12.2022.05.19,train,vocal,t12.2022.05.19,179,y'all wanna walk  walk he said,10,AO,2,medial,walk,124,156,32,31,31,140,144,140,144,0.9993588738149852
t12.2022.05.19,train,vocal,t12.2022.05.19,179,y'all wanna walk  walk he said,11,K,2,final,walk,128,164,36,32,33,144,152,144,152,0.9950580796821683
t12.2022.05.19,train,vocal,t12.2022.05.19,179,y'all wanna walk  walk he said,12,SIL,2,sil,walk,136,192,56,34,40,152,180,152,180,0.9924193351177187
t12.2022.05.19,train,vocal,t12.2022.05.19,179,y'all wanna walk  walk he said,13,W,3,initial,walk,164,196,32,41,41,180,184,180,188,0.9999248448560065
t12.2022.05.19,train,vocal,t12.2022.05.19,179,y'all wanna walk  walk he said,14,AO,3,medial,walk,176,208,32,44,44,192,196,188,196,0.9999567046920669
t12.2022.05.19,train,vocal,t12.2022.05.19,179,y'all wanna walk  walk he said,15,K,3,final,walk,180,216,36,45,46,196,204,196,204,0.9302688681057814
t12.2022.05.19,train,vocal,t12.2022.05.19,179,y'all wanna walk  walk he said,16,SIL,3,sil,walk,188,232,44,47,50,204,220,204,220,0.9992832900440525
t12.2022.05.19,train,vocal,t12.2022.05.19,179,y'all wanna walk  walk he said,17,HH,4,initial,he,204,240,36,51,52,220,228,220,232,0.9998172778598969
t12.2022.05.19,train,vocal,t12.2022.05.19,179,y'all wanna walk  walk he said,18,IY,4,final,he,216,248,32,54,54,232,236,232,240,0.9999877786532914
t12.2022.05.19,train,vocal,t12.2022.05.19,179,y'all wanna walk  walk he said,19,SIL,4,sil,he,224,276,52,56,61,240,264,240,264,0.9917729142463486
t12.2022.05.19,train,vocal,t12.2022.05.19,179,y'all wanna walk  walk he said,20,S,5,initial,said,248,284,36,62,63,264,272,264,276,0.877456666140731
t12.2022.05.19,train,vocal,t12.2022.05.19,179,y'all wanna walk  walk he said,21,EH,5,medial,said,260,296,36,65,66,276,284,276,284,0.9982333910545604
t12.2022.05.19,train,vocal,t12.2022.05.19,179,y'all wanna walk  walk he said,22,D,5,final,said,268,304,36,67,68,284,292,284,292,0.9705850062828696
t12.2022.05.19,train,vocal,t12.2022.05.19,179,y'all wanna walk  walk he said,23,SIL,5,sil,said,276,312,36,69,70,292,300,292,300,0.999975908995493
